Date/Time,Electricity:Facility [J](Hourly),Electricity:Building [J](Hourly),Electricity:HVAC [J](Hourly),Electricity:Plant [J](Hourly),Cooling:Electricity [J](Hourly),Heating:Electricity [J](Hourly),InteriorLights:Electricity [J](Hourly),NaturalGas:Facility [J](Hourly),NaturalGas:Plant [J](Hourly),TOTAL BUILDING INSIDE FACE SOLAR RADIATION HEAT GAIN ENERGY [J](Hourly),TOTAL BUILDING INSIDE FACE NET SURFACE THERMAL RADIATION HEAT GAIN ENERGY [J](Hourly) 
 01/01  01:00:00,2846544.5956399357,1710000.0,1136544.5956399357,0.0,0.0,0.0,1350000.0,0.0,0.0,0.0,-4.3655745685100555e-9 
 01/01  02:00:00,2846544.5956399357,1710000.0,1136544.5956399357,0.0,0.0,0.0,1350000.0,0.0,0.0,0.0,5.238689482212067e-10 
 01/01  03:00:00,2846544.5956399357,1710000.0,1136544.5956399357,0.0,0.0,0.0,1350000.0,0.0,0.0,0.0,-4.0745362639427185e-10 
 01/01  04:00:00,2846544.5956399357,1710000.0,1136544.5956399357,0.0,0.0,0.0,1350000.0,0.0,0.0,0.0,5.820766091346741e-11 
 01/01  05:00:00,2846544.5956399357,1710000.0,1136544.5956399357,0.0,0.0,0.0,1350000.0,0.0,0.0,0.0,-1.862645149230957e-9 
 01/01  06:00:00,2846544.5956399357,1710000.0,1136544.5956399357,0.0,0.0,0.0,1350000.0,0.0,0.0,0.0,1.6007106751203537e-9 
 01/01  07:00:00,13550863.230528694,1710000.0,1136544.5956399357,10704318.634888757,9466317.297286663,0.0,1350000.0,29526159.89274686,29526159.89274686,0.0,-6.402842700481415e-10 
 01/01  08:00:00,14119788.071322838,1710000.0,1136544.5956399357,11273243.4756829,9984052.217136271,0.0,1350000.0,23766864.549551815,23766864.549551815,1285900.8836988434,-1.7462298274040222e-10 
 01/01  09:00:00,42781100.10160958,29416680.0,1136544.5956399357,12227875.50596965,10848355.766664362,0.0,22216680.0,5392325.263538688,5392325.263538688,6940997.8258881755,-5.820766091346741e-10 
 01/01  10:00:00,50557700.44060028,35762400.0,1305944.1142436082,13489356.326356675,12101781.53203299,0.0,19562400.0,631002.0203457787,631002.0203457787,10712775.628159016,-2.444721758365631e-9 
 01/01  11:00:00,47521215.3055744,30384000.0,1611139.768845688,15526075.53672871,14139798.08818489,0.0,14184000.0,0.0,0.0,17521361.43223917,-2.6775524020195007e-9 
 01/01  12:00:00,44908685.55368662,27140580.0,1674106.0193588592,16093999.534327766,14701641.431872549,0.0,10940580.0,0.0,0.0,19561041.61445111,-3.259629011154175e-9 
 01/01  13:00:00,41472817.43576935,24701760.0,1490521.0574165701,15280536.37835278,13880121.311589222,0.0,8501760.0,0.0,0.0,20194083.513535425,-2.7939677238464355e-9 
 01/01  14:00:00,43533448.887063555,25764480.0,1759043.5718610547,16009925.315202493,14603050.12218423,0.0,9564480.0,0.0,0.0,16595597.149741745,-4.540197551250458e-9 
 01/01  15:00:00,42816868.28209492,25027200.0,1845764.0395320428,15943904.242562871,14564283.360942446,0.0,10627200.0,0.0,0.0,17104578.473458078,-3.4924596548080444e-9 
 01/01  16:00:00,42223380.80987634,25894800.0,1657574.977187078,14671005.832689254,13356335.400954645,0.0,13294800.0,0.0,0.0,13498668.382655807,-3.958120942115784e-9 
 01/01  17:00:00,41359688.34582734,26740800.0,1415968.7355079872,13202919.610319357,11909100.669265985,0.0,17740800.0,0.0,0.0,9253428.183130987,-4.656612873077393e-10 
 01/01  18:00:00,49810993.285461195,36000000.0,1354488.1273820696,12456505.158079129,11173370.309032388,0.0,27000000.0,0.0,0.0,917752.4543559623,-2.0954757928848267e-9 
 01/01  19:00:00,33681129.50299156,21600000.0,1136897.26340251,10944232.239589045,9634925.149906855,0.0,16200000.0,5473111.843446556,5473111.843446556,0.0,-4.190951585769653e-9 
 01/01  20:00:00,22566199.755496856,10800000.0,1136544.5956399357,10629655.159856921,9392628.870719079,0.0,5400000.0,3838121.255769934,3838121.255769934,0.0,-5.820766091346741e-10 
 01/01  21:00:00,6896544.595639936,5760000.0,1136544.5956399357,0.0,0.0,0.0,5400000.0,0.0,0.0,0.0,-4.656612873077393e-10 
 01/01  22:00:00,2846544.5956399357,1710000.0,1136544.5956399357,0.0,0.0,0.0,1350000.0,0.0,0.0,0.0,-1.6298145055770874e-9 
 01/01  23:00:00,2846544.5956399357,1710000.0,1136544.5956399357,0.0,0.0,0.0,1350000.0,0.0,0.0,0.0,-8.731149137020111e-10 
 01/01  24:00:00,2846544.5956399357,1710000.0,1136544.5956399357,0.0,0.0,0.0,1350000.0,0.0,0.0,0.0,-2.3283064365386963e-9 
 01/02  01:00:00,2846544.5956399357,1710000.0,1136544.5956399357,0.0,0.0,0.0,1350000.0,0.0,0.0,0.0,1.6880221664905548e-9 
 01/02  02:00:00,2846544.5956399357,1710000.0,1136544.5956399357,0.0,0.0,0.0,1350000.0,0.0,0.0,0.0,1.8044374883174896e-9 
 01/02  03:00:00,2846544.5956399357,1710000.0,1136544.5956399357,0.0,0.0,0.0,1350000.0,0.0,0.0,0.0,6.984919309616089e-10 
 01/02  04:00:00,2846544.5956399357,1710000.0,1136544.5956399357,0.0,0.0,0.0,1350000.0,0.0,0.0,0.0,-1.3387762010097504e-9 
 01/02  05:00:00,2846544.5956399357,1710000.0,1136544.5956399357,0.0,0.0,0.0,1350000.0,0.0,0.0,0.0,-1.1059455573558807e-9 
 01/02  06:00:00,2846544.5956399357,1710000.0,1136544.5956399357,0.0,0.0,0.0,1350000.0,0.0,0.0,0.0,-3.550667315721512e-9 
 01/02  07:00:00,12339669.978934603,1710000.0,1136544.5956399357,9493125.383294668,8384201.208424222,0.0,1350000.0,30219786.981608015,30219786.981608015,120302.78100591252,-2.1827872842550278e-9 
 01/02  08:00:00,13372960.716230182,1686240.0,1136544.5956399357,10550176.120590247,9346925.382610383,0.0,1326240.0,23595930.914988257,23595930.914988257,3134690.785862457,-9.313225746154785e-10 
 01/02  09:00:00,37898762.40044003,24932520.0,1147634.2316732942,11818608.168766739,10482763.670168879,0.0,17732520.0,4812568.356270278,4812568.356270278,15014402.2661013,-4.307366907596588e-9 
 01/02  10:00:00,45235981.00364809,30126240.0,1445048.5220976972,13664692.481550394,12280322.652961375,0.0,13926240.0,209264.70655923852,209264.70655923852,22993479.751993783,-2.0954757928848267e-9 
 01/02  11:00:00,43809970.303428166,26827200.0,1785623.9192952458,15197146.384132918,13831211.726816818,0.0,10627200.0,0.0,0.0,22540737.27255569,-3.4924596548080444e-9 
 01/02  12:00:00,43232136.27671921,26295840.0,1870738.495624004,15065557.781095218,13793469.0739047,0.0,10095840.0,0.0,0.0,23030796.836672224,-6.402842700481415e-9 
 01/02  13:00:00,39937986.9474134,24701760.0,1629993.0145816433,13606233.93283176,12421554.428080855,0.0,8501760.0,0.0,0.0,20443586.31270275,-5.005858838558197e-9 
 01/02  14:00:00,43936917.87048178,28165320.0,1882970.145545733,13888627.724936051,12774104.658184003,0.0,11965320.0,0.0,0.0,14599842.867598038,-2.7939677238464355e-9 
 01/02  15:00:00,42279898.23197482,26805600.0,1852494.7879258601,13621803.444048952,12525844.257893886,0.0,12405600.0,0.0,0.0,13082320.416186294,-4.889443516731262e-9 
 01/02  16:00:00,38153750.159218706,23227200.0,1740184.3099832379,13186365.849235468,12085344.369004078,0.0,10627200.0,0.0,0.0,18967001.86479556,-4.190951585769653e-9 
 01/02  17:00:00,34148269.15775162,20516400.0,1495409.4898951394,12136459.667856477,11026152.107774587,0.0,11516400.0,0.0,0.0,17432724.38889192,-2.7939677238464355e-9 
 01/02  18:00:00,46824394.81919617,33210000.0,1483348.9605158488,12131045.858680326,11011370.571544733,0.0,24210000.0,0.0,0.0,10130322.104522584,-3.259629011154175e-9 
 01/02  19:00:00,32793445.23688195,21600000.0,1142925.1560422138,10050520.080839736,8873169.21809857,0.0,16200000.0,5005610.4399340805,5005610.4399340805,0.0,-1.5133991837501526e-9 
 01/02  20:00:00,21571023.14111639,10800000.0,1136544.5956399357,9634478.545476453,8514562.986780616,0.0,5400000.0,4031556.890979129,4031556.890979129,0.0,5.820766091346741e-10 
 01/02  21:00:00,6896544.595639936,5760000.0,1136544.5956399357,0.0,0.0,0.0,5400000.0,0.0,0.0,0.0,1.1641532182693481e-10 
 01/02  22:00:00,2846544.5956399357,1710000.0,1136544.5956399357,0.0,0.0,0.0,1350000.0,0.0,0.0,0.0,-1.1641532182693481e-10 
 01/02  23:00:00,2846544.5956399357,1710000.0,1136544.5956399357,0.0,0.0,0.0,1350000.0,0.0,0.0,0.0,-1.9208528101444244e-9 
 01/02  24:00:00,2846544.5956399357,1710000.0,1136544.5956399357,0.0,0.0,0.0,1350000.0,0.0,0.0,0.0,2.3283064365386963e-10 
 01/03  01:00:00,2846544.5956399357,1710000.0,1136544.5956399357,0.0,0.0,0.0,1350000.0,0.0,0.0,0.0,5.238689482212067e-10 
 01/03  02:00:00,2846544.5956399357,1710000.0,1136544.5956399357,0.0,0.0,0.0,1350000.0,0.0,0.0,0.0,1.979060471057892e-9 
 01/03  03:00:00,2846544.5956399357,1710000.0,1136544.5956399357,0.0,0.0,0.0,1350000.0,0.0,0.0,0.0,8.149072527885437e-10 
 01/03  04:00:00,2846544.5956399357,1710000.0,1136544.5956399357,0.0,0.0,0.0,1350000.0,0.0,0.0,0.0,-2.3283064365386963e-9 
 01/03  05:00:00,2846544.5956399357,1710000.0,1136544.5956399357,0.0,0.0,0.0,1350000.0,0.0,0.0,0.0,-4.0745362639427185e-10 
 01/03  06:00:00,2846544.5956399357,1710000.0,1136544.5956399357,0.0,0.0,0.0,1350000.0,0.0,0.0,0.0,6.984919309616089e-10 
 01/03  07:00:00,12909040.960901817,1710000.0,1136544.5956399357,10062496.365261883,8896267.977962453,0.0,1350000.0,30952857.51499135,30952857.51499135,50347.617590523354,-4.511093720793724e-9 
 01/03  08:00:00,13866208.695373932,1710000.0,1136544.5956399357,11019664.099733995,9766637.466703804,0.0,1350000.0,23922266.328488827,23922266.328488827,2345935.9210642753,-1.3387762010097504e-9 
 01/03  09:00:00,38882358.66035703,25732800.0,1142474.0786324267,12007084.5817246,10656263.032409325,0.0,18532800.0,5156228.422814435,5156228.422814435,13098447.23353313,-2.6775524020195007e-9 
 01/03  10:00:00,45083244.10734603,30126240.0,1459646.8717400897,13497357.235605944,12136609.658592956,0.0,13926240.0,250533.08457035714,250533.08457035714,23049997.5148838,-1.5133991837501526e-9 
 01/03  11:00:00,43511359.350294575,26827200.0,1801968.3800959229,14882190.970198654,13555783.042116344,0.0,10627200.0,0.0,0.0,24427143.46166271,-2.0954757928848267e-9 
 01/03  12:00:00,42920744.89816569,26295840.0,1892118.486988868,14732786.411176823,13498042.087518511,0.0,10095840.0,0.0,0.0,22735536.06647984,-2.561137080192566e-9 
 01/03  13:00:00,39678543.98762544,24701760.0,1628002.7069306257,13348781.280694816,12183983.824073005,0.0,8501760.0,0.0,0.0,21066023.642110653,-3.841705620288849e-9 
 01/03  14:00:00,41842052.96764907,25764480.0,1942685.7136572837,14134887.253991783,13003072.234887498,0.0,9564480.0,0.0,0.0,20210581.871490557,-7.2177499532699585e-9 
 01/03  15:00:00,41449707.60002497,25027200.0,1975256.1206496598,14447251.479375314,13300085.356588311,0.0,10627200.0,0.0,0.0,18668049.969245087,-4.889443516731262e-9 
 01/03  16:00:00,40456274.699715406,25005600.0,1707961.9597844207,13742712.73993098,12573289.802651646,0.0,12405600.0,0.0,0.0,13255184.605012933,-5.122274160385132e-9 
 01/03  17:00:00,36809505.02412117,22294800.0,1478333.0306468871,13036371.993474286,11819601.399633601,0.0,13294800.0,0.0,0.0,15055879.488950826,-3.026798367500305e-9 
 01/03  18:00:00,49243907.70779834,35049600.0,1436458.4753875218,12757849.232410815,11539290.124594685,0.0,26049600.0,0.0,0.0,5402140.48393959,-3.4924596548080444e-9 
 01/03  19:00:00,33565476.467744395,21600000.0,1139728.359236821,10825748.108507568,9550459.461465616,0.0,16200000.0,5269024.206159133,5269024.206159133,0.0,-4.190951585769653e-9 
 01/03  20:00:00,22439628.686084777,10800000.0,1136544.5956399357,10503084.09044484,9280547.715082983,0.0,5400000.0,4016479.0741329473,4016479.0741329473,0.0,-3.3760443329811096e-9 
 01/03  21:00:00,6896544.595639936,5760000.0,1136544.5956399357,0.0,0.0,0.0,5400000.0,0.0,0.0,0.0,-3.259629011154175e-9 
 01/03  22:00:00,2846544.5956399357,1710000.0,1136544.5956399357,0.0,0.0,0.0,1350000.0,0.0,0.0,0.0,1.1641532182693481e-10 
 01/03  23:00:00,2846544.5956399357,1710000.0,1136544.5956399357,0.0,0.0,0.0,1350000.0,0.0,0.0,0.0,-3.4924596548080444e-10 
 01/03  24:00:00,2846544.5956399357,1710000.0,1136544.5956399357,0.0,0.0,0.0,1350000.0,0.0,0.0,0.0,-2.5029294192790985e-9 
 01/04  01:00:00,2846544.5956399357,1710000.0,1136544.5956399357,0.0,0.0,0.0,1350000.0,0.0,0.0,0.0,-4.598405212163925e-9 
 01/04  02:00:00,2846544.5956399357,1710000.0,1136544.5956399357,0.0,0.0,0.0,1350000.0,0.0,0.0,0.0,1.6880221664905548e-9 
 01/04  03:00:00,2846544.5956399357,1710000.0,1136544.5956399357,0.0,0.0,0.0,1350000.0,0.0,0.0,0.0,-4.0745362639427185e-10 
 01/04  04:00:00,2846544.5956399357,1710000.0,1136544.5956399357,0.0,0.0,0.0,1350000.0,0.0,0.0,0.0,-4.889443516731262e-9 
 01/04  05:00:00,2846544.5956399357,1710000.0,1136544.5956399357,0.0,0.0,0.0,1350000.0,0.0,0.0,0.0,-2.561137080192566e-9 
 01/04  06:00:00,2846544.5956399357,1710000.0,1136544.5956399357,0.0,0.0,0.0,1350000.0,0.0,0.0,0.0,-6.111804395914078e-10 
 01/04  07:00:00,13236565.687875269,1710000.0,1136544.5956399357,10390021.092235334,9207461.603131376,0.0,1350000.0,28590005.11079969,28590005.11079969,265391.7848388741,-5.820766091346741e-10 
 01/04  08:00:00,13979672.262944743,1710000.0,1136544.5956399357,11133127.667304806,9889432.487397162,0.0,1350000.0,21907655.361869574,21907655.361869574,2720215.96686369,-2.153683453798294e-9 
 01/04  09:00:00,39560877.98457371,26960760.0,1140089.6948685246,11460028.289705187,10190701.48571778,0.0,19760760.0,5473433.496679469,5473433.496679469,10915179.99882581,-3.4924596548080444e-9 
 01/04  10:00:00,44417880.158445954,30126240.0,1509229.3575997178,12782410.80084624,11549355.727346651,0.0,13926240.0,181160.79727099507,181160.79727099507,20947124.196797367,1.1641532182693481e-10 
 01/04  11:00:00,45351767.93769286,29494800.0,1881062.2627967335,13975905.674896123,12794005.560322601,0.0,13294800.0,0.0,0.0,20008026.32819129,-1.862645149230957e-9 
 01/04  12:00:00,42270854.86957091,26295840.0,1910304.809660115,14064710.0599108,12913764.458495203,0.0,10095840.0,0.0,0.0,23201729.606755972,-2.0954757928848267e-9 
 01/04  13:00:00,39454716.015498355,24701760.0,1635603.5058236392,13117352.509674719,11980917.919661945,0.0,8501760.0,0.0,0.0,21999499.46546644,-4.0745362639427185e-9 
 01/04  14:00:00,41997196.94138237,25764480.0,1959694.6469690392,14273022.294413332,13133211.74023071,0.0,9564480.0,0.0,0.0,20085381.20714704,-4.6566128730773926e-9 
 01/04  15:00:00,41528065.234171346,25027200.0,2035754.4766366617,14465110.757534683,13334395.226897415,0.0,10627200.0,0.0,0.0,20720816.075937044,-3.958120942115784e-9 
 01/04  16:00:00,38851674.574406914,23227200.0,1867811.0816495055,13756663.49275741,12648414.318258632,0.0,10627200.0,0.0,0.0,20598488.579537373,-9.313225746154785e-10 
 01/04  17:00:00,35766569.85700794,22294800.0,1515236.2099111849,11956533.647096753,10884358.056320041,0.0,13294800.0,0.0,0.0,14760015.06198512,-3.259629011154175e-9 
 01/04  18:00:00,46333798.74616272,33210000.0,1498709.2271370902,11625089.51902563,10575324.414590076,0.0,24210000.0,0.0,0.0,10955585.367261542,-3.4924596548080444e-9 
 01/04  19:00:00,31993834.195929136,21600000.0,1143631.4023212949,9250202.793607842,8161807.553268105,0.0,16200000.0,4886417.781188101,4886417.781188101,0.0,-2.7939677238464355e-9 
 01/04  20:00:00,20913080.90401169,10800000.0,1136544.5956399357,8976536.308371753,7938145.944747092,0.0,5400000.0,3906398.028199527,3906398.028199527,0.0,-1.862645149230957e-9 
 01/04  21:00:00,6896544.595639936,5760000.0,1136544.5956399357,0.0,0.0,0.0,5400000.0,0.0,0.0,0.0,3.4924596548080444e-10 
 01/04  22:00:00,2846544.5956399357,1710000.0,1136544.5956399357,0.0,0.0,0.0,1350000.0,0.0,0.0,0.0,-1.1641532182693481e-10 
 01/04  23:00:00,2846544.5956399357,1710000.0,1136544.5956399357,0.0,0.0,0.0,1350000.0,0.0,0.0,0.0,-9.313225746154785e-10 
 01/04  24:00:00,2846544.5956399357,1710000.0,1136544.5956399357,0.0,0.0,0.0,1350000.0,0.0,0.0,0.0,-3.899913281202316e-9 
 01/05  01:00:00,6086544.595639936,4950000.0,1136544.5956399357,0.0,0.0,0.0,1350000.0,0.0,0.0,0.0,0.0 
 01/05  02:00:00,6086544.595639936,4950000.0,1136544.5956399357,0.0,0.0,0.0,1350000.0,0.0,0.0,0.0,-3.3178366720676422e-9 
 01/05  03:00:00,6086544.595639936,4950000.0,1136544.5956399357,0.0,0.0,0.0,1350000.0,0.0,0.0,0.0,-5.820766091346741e-10 
 01/05  04:00:00,6086544.595639936,4950000.0,1136544.5956399357,0.0,0.0,0.0,1350000.0,0.0,0.0,0.0,-7.566995918750763e-10 
 01/05  05:00:00,6086544.595639936,4950000.0,1136544.5956399357,0.0,0.0,0.0,1350000.0,0.0,0.0,0.0,-5.820766091346741e-10 
 01/05  06:00:00,6086544.595639936,4950000.0,1136544.5956399357,0.0,0.0,0.0,1350000.0,0.0,0.0,0.0,-2.5029294192790985e-9 
 01/05  07:00:00,6086544.595639936,4950000.0,1136544.5956399357,0.0,0.0,0.0,1350000.0,0.0,0.0,1598472.6453198807,-3.550667315721512e-9 
 01/05  08:00:00,5994564.595639936,4858020.0,1136544.5956399357,0.0,0.0,0.0,1258020.0,0.0,0.0,9778203.5159698,-3.6088749766349792e-9 
 01/05  09:00:00,5721684.595639936,4585140.0,1136544.595639936,0.0,0.0,0.0,985140.0,0.0,0.0,21363729.928510703,-9.313225746154785e-10 
 01/05  10:00:00,5469504.595639936,4332960.0,1136544.5956399357,0.0,0.0,0.0,732960.0,0.0,0.0,22485905.57154746,-4.016328603029251e-9 
 01/05  11:00:00,5401284.595639936,4264740.0,1136544.5956399357,0.0,0.0,0.0,664740.0,0.0,0.0,20784173.603717983,-2.0954757928848267e-9 
 01/05  12:00:00,5267904.595639936,4131360.0,1136544.5956399357,0.0,0.0,0.0,531360.0,0.0,0.0,21303690.414851006,-3.4924596548080444e-10 
 01/05  13:00:00,5267904.595639936,4131360.0,1136544.5956399357,0.0,0.0,0.0,531360.0,0.0,0.0,22066986.73616872,-1.1641532182693481e-9 
 01/05  14:00:00,5267904.595639936,4131360.0,1136544.5956399357,0.0,0.0,0.0,531360.0,0.0,0.0,20238939.095332496,-3.841705620288849e-9 
 01/05  15:00:00,5267904.595639936,4131360.0,1136544.5956399357,0.0,0.0,0.0,531360.0,0.0,0.0,20859409.50205967,-3.026798367500305e-9 
 01/05  16:00:00,5267904.595639936,4131360.0,1136544.5956399357,0.0,0.0,0.0,531360.0,0.0,0.0,21960070.108331166,-5.3551048040390015e-9 
 01/05  17:00:00,5312364.595639936,4175820.0,1136544.5956399357,0.0,0.0,0.0,575820.0,0.0,0.0,17490900.836878277,-3.958120942115784e-9 
 01/05  18:00:00,6015264.595639936,4878720.0,1136544.5956399357,0.0,0.0,0.0,1278720.0,0.0,0.0,5331627.633841285,-1.0477378964424133e-9 
 01/05  19:00:00,6086544.595639936,4950000.0,1136544.5956399357,0.0,0.0,0.0,1350000.0,0.0,0.0,0.0,-5.3551048040390015e-9 
 01/05  20:00:00,6086544.595639936,4950000.0,1136544.5956399357,0.0,0.0,0.0,1350000.0,0.0,0.0,0.0,-4.423782229423523e-9 
 01/05  21:00:00,6086544.595639936,4950000.0,1136544.5956399357,0.0,0.0,0.0,1350000.0,0.0,0.0,0.0,-6.984919309616089e-10 
 01/05  22:00:00,6086544.595639936,4950000.0,1136544.5956399357,0.0,0.0,0.0,1350000.0,0.0,0.0,0.0,-4.190951585769653e-9 
 01/05  23:00:00,6086544.595639936,4950000.0,1136544.5956399357,0.0,0.0,0.0,1350000.0,0.0,0.0,0.0,1.5133991837501526e-9 
 01/05  24:00:00,6086544.595639936,4950000.0,1136544.5956399357,0.0,0.0,0.0,1350000.0,0.0,0.0,0.0,1.862645149230957e-9 
 01/06  01:00:00,6086544.595639936,4950000.0,1136544.5956399357,0.0,0.0,0.0,1350000.0,0.0,0.0,0.0,-5.820766091346741e-10 
 01/06  02:00:00,6086544.595639936,4950000.0,1136544.5956399357,0.0,0.0,0.0,1350000.0,0.0,0.0,0.0,-4.190951585769653e-9 
 01/06  03:00:00,6086544.595639936,4950000.0,1136544.5956399357,0.0,0.0,0.0,1350000.0,0.0,0.0,0.0,-2.5029294192790985e-9 
 01/06  04:00:00,6086544.595639936,4950000.0,1136544.5956399357,0.0,0.0,0.0,1350000.0,0.0,0.0,0.0,-9.313225746154785e-10 
 01/06  05:00:00,6086544.595639936,4950000.0,1136544.5956399357,0.0,0.0,0.0,1350000.0,0.0,0.0,0.0,-6.984919309616089e-10 
 01/06  06:00:00,6086544.595639936,4950000.0,1136544.5956399357,0.0,0.0,0.0,1350000.0,0.0,0.0,0.0,1.6298145055770874e-9 
 01/06  07:00:00,6086544.595639936,4950000.0,1136544.5956399357,0.0,0.0,0.0,1350000.0,0.0,0.0,0.0,-2.852175384759903e-9 
 01/06  08:00:00,6086544.595639936,4950000.0,1136544.5956399357,0.0,0.0,0.0,1350000.0,0.0,0.0,346404.72099937045,1.3387762010097504e-9 
 01/06  09:00:00,6062784.595639936,4926240.0,1136544.5956399357,0.0,0.0,0.0,1326240.0,0.0,0.0,3566458.8296851506,-1.0477378964424133e-9 
 01/06  10:00:00,5766144.595639936,4629600.0,1136544.5956399357,0.0,0.0,0.0,1029600.0,0.0,0.0,11027600.912569953,-2.3283064365386963e-9 
 01/06  11:00:00,5582184.595639936,4445640.0,1136544.5956399357,0.0,0.0,0.0,845640.0,0.0,0.0,15083655.248460045,-9.89530235528946e-10 
 01/06  12:00:00,5267904.595639936,4131360.0,1136544.5956399357,0.0,0.0,0.0,531360.0,0.0,0.0,21071033.54962573,-4.889443516731262e-9 
 01/06  13:00:00,5267904.595639936,4131360.0,1136544.5956399357,0.0,0.0,0.0,531360.0,0.0,0.0,19927196.872170284,-3.026798367500305e-9 
 01/06  14:00:00,5267904.595639936,4131360.0,1136544.5956399357,0.0,0.0,0.0,531360.0,0.0,0.0,20135095.146044184,-3.14321368932724e-9 
 01/06  15:00:00,5267904.595639936,4131360.0,1136544.5956399357,0.0,0.0,0.0,531360.0,0.0,0.0,19890540.42754191,-3.841705620288849e-9 
 01/06  16:00:00,5267904.595639936,4131360.0,1136544.5956399357,0.0,0.0,0.0,531360.0,0.0,0.0,17272447.526552938,-3.3760443329811096e-9 
 01/06  17:00:00,5647344.595639936,4510800.0,1136544.5956399357,0.0,0.0,0.0,910800.0,0.0,0.0,8312157.613656854,-5.820766091346741e-10 
 01/06  18:00:00,6086544.595639936,4950000.0,1136544.5956399357,0.0,0.0,0.0,1350000.0,0.0,0.0,2829472.3117994657,-5.122274160385132e-9 
 01/06  19:00:00,6086544.595639936,4950000.0,1136544.5956399357,0.0,0.0,0.0,1350000.0,0.0,0.0,0.0,-3.026798367500305e-9 
 01/06  20:00:00,6086544.595639936,4950000.0,1136544.5956399357,0.0,0.0,0.0,1350000.0,0.0,0.0,0.0,-4.540197551250458e-9 
 01/06  21:00:00,6086544.595639936,4950000.0,1136544.5956399357,0.0,0.0,0.0,1350000.0,0.0,0.0,0.0,-2.6775524020195007e-9 
 01/06  22:00:00,6086544.595639936,4950000.0,1136544.5956399357,0.0,0.0,0.0,1350000.0,0.0,0.0,0.0,-1.1641532182693481e-10 
 01/06  23:00:00,6086544.595639936,4950000.0,1136544.5956399357,0.0,0.0,0.0,1350000.0,0.0,0.0,0.0,2.6775524020195007e-9 
 01/06  24:00:00,6086544.595639936,4950000.0,1136544.5956399357,0.0,0.0,0.0,1350000.0,0.0,0.0,0.0,-4.71482053399086e-9 
 01/07  01:00:00,2846544.5956399357,1710000.0,1136544.5956399357,0.0,0.0,0.0,1350000.0,0.0,0.0,0.0,2.270098775625229e-9 
 01/07  02:00:00,2846544.5956399357,1710000.0,1136544.5956399357,0.0,0.0,0.0,1350000.0,0.0,0.0,0.0,-1.1059455573558807e-9 
 01/07  03:00:00,2846544.5956399357,1710000.0,1136544.5956399357,0.0,0.0,0.0,1350000.0,0.0,0.0,0.0,1.6880221664905548e-9 
 01/07  04:00:00,2846544.5956399357,1710000.0,1136544.5956399357,0.0,0.0,0.0,1350000.0,0.0,0.0,0.0,-2.6775524020195007e-9 
 01/07  05:00:00,2846544.5956399357,1710000.0,1136544.5956399357,0.0,0.0,0.0,1350000.0,0.0,0.0,0.0,-8.731149137020111e-10 
 01/07  06:00:00,2846544.5956399357,1710000.0,1136544.5956399357,0.0,0.0,0.0,1350000.0,0.0,0.0,0.0,-3.4924596548080444e-10 
 01/07  07:00:00,15118796.893994259,1710000.0,1136544.5956399357,12272252.298354324,10695657.544240756,0.0,1350000.0,26897379.608446244,26897379.608446244,50344.02412267684,1.3969838619232178e-9 
 01/07  08:00:00,14726333.86288713,1710000.0,1136544.5956399357,11879789.267247196,10451845.190631831,0.0,1350000.0,21816056.572752662,21816056.572752662,2165627.3863495286,-7.566995918750763e-10 
 01/07  09:00:00,40585753.29653009,27388440.0,1136785.9839203514,12060527.312609738,10700840.387381556,0.0,20188440.0,5656919.106464143,5656919.106464143,10147918.246227816,-2.6775524020195007e-9 
 01/07  10:00:00,47445712.14453022,32718600.0,1398105.3898638827,13329006.754666343,11954274.753787942,0.0,16518600.0,232049.9371350401,232049.9371350401,14877800.573219085,-3.4924596548080444e-9 
 01/07  11:00:00,44566258.68171299,27716400.0,1717972.1378217258,15131886.54389127,13743152.125156801,0.0,11516400.0,0.0,0.0,21621132.52263566,-6.28642737865448e-9 
 01/07  12:00:00,43597991.159637906,26295840.0,1764752.7975494445,15537398.362088462,14116469.627241509,0.0,10095840.0,0.0,0.0,22510471.797267944,-2.0954757928848267e-9 
 01/07  13:00:00,40918763.58718057,24701760.0,1517030.0200248219,14699973.567155749,13268632.01151938,0.0,8501760.0,0.0,0.0,20885197.2500039,-2.0954757928848267e-9 
 01/07  14:00:00,42774304.75970658,25764480.0,1754362.9548747467,15255461.804831833,13893028.690045083,0.0,9564480.0,0.0,0.0,17375090.03628128,-5.820766091346741e-10 
 01/07  15:00:00,41908575.5827223,25027200.0,1792901.1954776696,15088474.38724463,13779807.793139067,0.0,10627200.0,0.0,0.0,16272783.668956472,-5.820766091346741e-9 
 01/07  16:00:00,42098595.272011146,26370000.0,1632919.8239358168,14095675.44807533,12829557.626156196,0.0,13770000.0,0.0,0.0,13055864.10459906,-5.587935447692871e-9 
 01/07  17:00:00,47491208.173427954,33210000.0,1417153.7784768126,12864054.394951139,11604501.849175066,0.0,24210000.0,0.0,0.0,5039771.596142034,-1.6298145055770874e-9 
 01/07  18:00:00,49742200.78207944,36000000.0,1363107.8095199184,12379092.972559528,11110728.97122234,0.0,27000000.0,0.0,0.0,2506114.091783045,-1.862645149230957e-9 
 01/07  19:00:00,33746636.12669192,21600000.0,1136890.2108762595,11009745.915815663,9692868.501593258,0.0,16200000.0,5506694.669993013,5506694.669993013,0.0,-2.9103830456733704e-9 
 01/07  20:00:00,22721733.330201425,10800000.0,1136544.5956399357,10785188.734561488,9525103.088838179,0.0,5400000.0,4094219.593053683,4094219.593053683,0.0,-2.6775524020195007e-9 
 01/07  21:00:00,6896544.595639936,5760000.0,1136544.5956399357,0.0,0.0,0.0,5400000.0,0.0,0.0,0.0,-2.3283064365386963e-10 
 01/07  22:00:00,2846544.5956399357,1710000.0,1136544.5956399357,0.0,0.0,0.0,1350000.0,0.0,0.0,0.0,-2.7939677238464355e-9 
 01/07  23:00:00,2846544.5956399357,1710000.0,1136544.5956399357,0.0,0.0,0.0,1350000.0,0.0,0.0,0.0,9.313225746154785e-10 
 01/07  24:00:00,2846544.5956399357,1710000.0,1136544.5956399357,0.0,0.0,0.0,1350000.0,0.0,0.0,0.0,1.1641532182693481e-10 
 01/08  01:00:00,2846544.5956399357,1710000.0,1136544.5956399357,0.0,0.0,0.0,1350000.0,0.0,0.0,0.0,-9.89530235528946e-10 
 01/08  02:00:00,2846544.5956399357,1710000.0,1136544.5956399357,0.0,0.0,0.0,1350000.0,0.0,0.0,0.0,8.731149137020111e-10 
 01/08  03:00:00,2846544.5956399357,1710000.0,1136544.5956399357,0.0,0.0,0.0,1350000.0,0.0,0.0,0.0,1.5133991837501526e-9 
 01/08  04:00:00,2846544.5956399357,1710000.0,1136544.5956399357,0.0,0.0,0.0,1350000.0,0.0,0.0,0.0,-4.249159246683121e-9 
 01/08  05:00:00,2846544.5956399357,1710000.0,1136544.5956399357,0.0,0.0,0.0,1350000.0,0.0,0.0,0.0,3.841705620288849e-9 
 01/08  06:00:00,2846544.5956399357,1710000.0,1136544.5956399357,0.0,0.0,0.0,1350000.0,0.0,0.0,0.0,2.3283064365386963e-10 
 01/08  07:00:00,13960453.828316724,1710000.0,1136544.5956399357,11113909.23267679,9848147.361676224,0.0,1350000.0,27708506.179954775,27708506.179954775,50343.36427081241,-3.4924596548080444e-10 
 01/08  08:00:00,14533506.350542618,1710000.0,1136544.5956399357,11686961.754902681,10378645.125742529,0.0,1350000.0,21594390.165195484,21594390.165195484,2096904.9769111578,1.1641532182693481e-10 
 01/08  09:00:00,39705699.712197244,26960760.0,1138780.2547347066,11606159.457462532,10315440.788429685,0.0,19760760.0,5595357.185678326,5595357.185678326,10934641.142621681,-1.5133991837501526e-9 
 01/08  10:00:00,44336709.12866749,30126240.0,1442759.2602561414,12767709.868411347,11494946.295968305,0.0,13926240.0,278033.1284671572,278033.1284671572,18416117.060534403,-3.3760443329811096e-9 
 01/08  11:00:00,45516178.06706315,29494800.0,1784094.1899479688,14237283.87711518,12970605.11938833,0.0,13294800.0,0.0,0.0,19934742.394490045,-3.259629011154175e-9 
 01/08  12:00:00,42958756.19485068,26295840.0,1788515.2688316298,14874400.926019056,13562923.816376058,0.0,10095840.0,0.0,0.0,21657065.927227903,2.3283064365386963e-10 
 01/08  13:00:00,40472978.104502834,24701760.0,1550375.6241054966,14220842.48039734,12891645.974517986,0.0,8501760.0,0.0,0.0,21428545.814240642,-3.6088749766349792e-9 
 01/08  14:00:00,43764519.74920523,25764480.0,1913132.9917365569,16086906.757468674,14713037.171836466,0.0,9564480.0,0.0,0.0,20402938.14663233,-3.259629011154175e-9 
 01/08  15:00:00,43253257.60174834,25027200.0,2012847.967572894,16213209.634175448,14874133.162947252,0.0,10627200.0,0.0,0.0,20114738.934457682,-4.190951585769653e-9 
 01/08  16:00:00,40374069.617058575,23227200.0,1843468.315891804,15303401.30116677,14012621.296978354,0.0,10627200.0,0.0,0.0,19708849.849572346,-9.313225746154785e-10 
 01/08  17:00:00,35422343.49829987,20516400.0,1525399.4534628682,13380544.044837002,12133784.462906994,0.0,11516400.0,0.0,0.0,17433335.598774582,2.7939677238464355e-9 
 01/08  18:00:00,47265006.21449825,32734800.0,1518691.2216671216,13011514.992831124,11786159.13665057,0.0,23734800.0,0.0,0.0,12337205.01988037,-6.28642737865448e-9 
 01/08  19:00:00,32970786.282905314,21600000.0,1144832.415557128,10225953.867348185,9009331.99581078,0.0,16200000.0,4765180.551564256,4765180.551564256,0.0,-4.0745362639427185e-9 
 01/08  20:00:00,21948252.67776647,10800000.0,1136544.5956399357,10011708.082126532,8842211.134391658,0.0,5400000.0,4012334.9568701256,4012334.9568701256,0.0,1.1641532182693481e-10 
 01/08  21:00:00,6896544.595639936,5760000.0,1136544.5956399357,0.0,0.0,0.0,5400000.0,0.0,0.0,0.0,-1.862645149230957e-9 
 01/08  22:00:00,2846544.5956399357,1710000.0,1136544.5956399357,0.0,0.0,0.0,1350000.0,0.0,0.0,0.0,8.149072527885437e-10 
 01/08  23:00:00,2846544.5956399357,1710000.0,1136544.5956399357,0.0,0.0,0.0,1350000.0,0.0,0.0,0.0,-8.731149137020111e-10 
 01/08  24:00:00,2846544.5956399357,1710000.0,1136544.5956399357,0.0,0.0,0.0,1350000.0,0.0,0.0,0.0,1.1641532182693481e-10 
 01/09  01:00:00,2846544.5956399357,1710000.0,1136544.5956399357,0.0,0.0,0.0,1350000.0,0.0,0.0,0.0,3.6670826375484467e-9 
 01/09  02:00:00,2846544.5956399357,1710000.0,1136544.5956399357,0.0,0.0,0.0,1350000.0,0.0,0.0,0.0,-1.280568540096283e-9 
 01/09  03:00:00,2846544.5956399357,1710000.0,1136544.5956399357,0.0,0.0,0.0,1350000.0,0.0,0.0,0.0,-1.9208528101444244e-9 
 01/09  04:00:00,2846544.5956399357,1710000.0,1136544.5956399357,0.0,0.0,0.0,1350000.0,0.0,0.0,0.0,1.862645149230957e-9 
 01/09  05:00:00,2846544.5956399357,1710000.0,1136544.5956399357,0.0,0.0,0.0,1350000.0,0.0,0.0,0.0,-6.402842700481415e-10 
 01/09  06:00:00,2846544.5956399357,1710000.0,1136544.5956399357,0.0,0.0,0.0,1350000.0,0.0,0.0,0.0,-1.5133991837501526e-9 
 01/09  07:00:00,12733993.3956064,1710000.0,1136544.5956399357,9887448.799966466,8744194.637179743,0.0,1350000.0,29932692.662696805,29932692.662696805,225175.47281649552,-3.812601789832115e-9 
 01/09  08:00:00,13518609.379366228,1686240.0,1136544.5956399357,10695824.783726292,9482739.41717677,0.0,1326240.0,22781340.709584244,22781340.709584244,4194055.271256754,-1.8044374883174896e-9 
 01/09  09:00:00,37086038.888781875,24504840.0,1154542.3846186965,11426656.504163176,10146187.761569317,0.0,17304840.0,4427741.551638303,4427741.551638303,16890082.178549103,-3.6088749766349792e-9 
 01/09  10:00:00,45514397.28971377,30577680.0,1489081.8440157706,13447635.445697993,12110249.829654157,0.0,14377680.0,141140.61151385514,141140.61151385514,24058356.311236836,-3.4924596548080444e-10 
 01/09  11:00:00,43839080.19991066,26827200.0,1817772.5285631067,15194107.671347557,13844264.250137636,0.0,10627200.0,0.0,0.0,24580448.42666611,-5.122274160385132e-9 
 01/09  12:00:00,44049867.6107582,26295840.0,1908077.5035436284,15845950.107214574,14501520.592505377,0.0,10095840.0,0.0,0.0,23941061.812293768,-6.752088665962219e-9 
 01/09  13:00:00,41321219.65711312,24701760.0,1677857.7965917957,14941601.860521328,13628454.821438173,0.0,8501760.0,0.0,0.0,22087889.872139994,-3.6088749766349792e-9 
 01/09  14:00:00,43688676.999252096,25764480.0,2023426.5394607815,15900770.459791305,14614434.334013304,0.0,9564480.0,0.0,0.0,20181868.749112207,-2.561137080192566e-9 
 01/09  15:00:00,42809835.707675315,25027200.0,2053080.4995005794,15729555.208174739,14473646.563985366,0.0,10627200.0,0.0,0.0,19547763.398239236,-3.725290298461914e-9 
 01/09  16:00:00,40039365.96259979,23227200.0,1830336.5752720234,14981829.387327768,13725879.217977602,0.0,10627200.0,0.0,0.0,18205926.645996757,-2.561137080192566e-9 
 01/09  17:00:00,40546589.763101704,25851600.0,1470742.6132730164,13224247.149828691,11973372.65895816,0.0,16851600.0,0.0,0.0,8935725.550656617,-1.3969838619232178e-9 
 01/09  18:00:00,50103511.96532327,36000000.0,1400224.3152824722,12703287.650040796,11433228.211998139,0.0,27000000.0,0.0,0.0,2482747.5061375457,-2.3283064365386963e-9 
 01/09  19:00:00,33595230.52228308,21600000.0,1138211.7570173268,10857018.765265748,9554879.926364671,0.0,16200000.0,5534901.520439533,5534901.520439533,0.0,-2.3283064365386963e-9 
 01/09  20:00:00,22308399.645195454,10800000.0,1136544.5956399357,10371855.049555521,9158257.277320093,0.0,5400000.0,4312991.576934454,4312991.576934454,0.0,5.820766091346741e-10 
 01/09  21:00:00,6896544.595639936,5760000.0,1136544.5956399357,0.0,0.0,0.0,5400000.0,0.0,0.0,0.0,8.149072527885437e-10 
 01/09  22:00:00,2846544.5956399357,1710000.0,1136544.5956399357,0.0,0.0,0.0,1350000.0,0.0,0.0,0.0,-3.4924596548080444e-10 
 01/09  23:00:00,2846544.5956399357,1710000.0,1136544.5956399357,0.0,0.0,0.0,1350000.0,0.0,0.0,0.0,-3.6088749766349792e-9 
 01/09  24:00:00,2846544.5956399357,1710000.0,1136544.5956399357,0.0,0.0,0.0,1350000.0,0.0,0.0,0.0,-2.270098775625229e-9 
 01/10  01:00:00,2846544.5956399357,1710000.0,1136544.5956399357,0.0,0.0,0.0,1350000.0,0.0,0.0,0.0,-1.57160684466362e-9 
 01/10  02:00:00,2846544.5956399357,1710000.0,1136544.5956399357,0.0,0.0,0.0,1350000.0,0.0,0.0,0.0,-1.2223608791828156e-9 
 01/10  03:00:00,2846544.5956399357,1710000.0,1136544.5956399357,0.0,0.0,0.0,1350000.0,0.0,0.0,0.0,-1.8044374883174896e-9 
 01/10  04:00:00,2846544.5956399357,1710000.0,1136544.5956399357,0.0,0.0,0.0,1350000.0,0.0,0.0,0.0,9.313225746154785e-10 
 01/10  05:00:00,2846544.5956399357,1710000.0,1136544.5956399357,0.0,0.0,0.0,1350000.0,0.0,0.0,0.0,-3.346940502524376e-9 
 01/10  06:00:00,2846544.5956399357,1710000.0,1136544.5956399357,0.0,0.0,0.0,1350000.0,0.0,0.0,0.0,9.313225746154785e-10 
 01/10  07:00:00,11893803.988407876,1710000.0,1136544.5956399357,9047259.39276794,7995125.258251351,0.0,1350000.0,31814262.21868413,31814262.21868413,189658.9958724623,-5.209585651755333e-9 
 01/10  08:00:00,12695517.86202827,1686240.0,1136544.5956399357,9872733.266388334,8750389.165038137,0.0,1326240.0,24093960.633035004,24093960.633035004,4152875.718601281,-3.4924596548080444e-10 
 01/10  09:00:00,36568287.582178995,24504840.0,1154768.4317009004,10908679.150478093,9686830.91743128,0.0,17304840.0,4383187.681811631,4383187.681811631,17205092.269238487,3.4924596548080444e-10 
 01/10  10:00:00,44238764.51686671,30126240.0,1428691.604917853,12683832.911948856,11397862.757391702,0.0,13926240.0,174010.3613702813,174010.3613702813,23735564.722321276,-3.725290298461914e-9 
 01/10  11:00:00,44248323.17791775,27716400.0,1786768.7083849087,14745154.469532836,13433191.361839471,0.0,11516400.0,0.0,0.0,25348968.581417993,-5.587935447692871e-9 
 01/10  12:00:00,43462210.13999095,26295840.0,1883211.3863406475,15283158.753650304,13997344.83422187,0.0,10095840.0,0.0,0.0,23375959.09746603,-5.704350769519806e-9 
 01/10  13:00:00,40993019.53220028,24701760.0,1677291.745099625,14613967.78710065,13350086.240797149,0.0,8501760.0,0.0,0.0,20748338.951973215,-1.7462298274040222e-9 
 01/10  14:00:00,43539744.60924969,25764480.0,2088932.9171863608,15686331.692063324,14465398.636736386,0.0,9564480.0,0.0,0.0,19811320.592264593,-4.6566128730773926e-9 
 01/10  15:00:00,42375427.5668046,25027200.0,2055286.3503349223,15292941.21646968,14111289.090655323,0.0,10627200.0,0.0,0.0,16627738.797647882,0.0 
 01/10  16:00:00,39325164.51001727,23227200.0,1866344.7051174345,14231619.804899834,13093207.733582005,0.0,10627200.0,0.0,0.0,18775885.632312324,2.3283064365386963e-10 
 01/10  17:00:00,40329540.92570244,26802000.0,1472078.1021038862,12055462.823598545,10958874.562132694,0.0,17802000.0,0.0,0.0,7388264.259241555,4.656612873077393e-10 
 01/10  18:00:00,47292880.12361712,34574400.0,1432936.3259118346,11285543.797705293,10234710.48389771,0.0,25574400.0,0.0,0.0,6513076.204261258,-3.259629011154175e-9 
 01/10  19:00:00,32008610.629505314,21600000.0,1138820.3268015736,9269790.302703736,8175808.285365306,0.0,16200000.0,5446681.811506232,5446681.811506232,0.0,-4.0745362639427185e-9 
 01/10  20:00:00,20932368.75007642,10800000.0,1136544.5956399357,8995824.154436486,7942865.398107305,0.0,5400000.0,4274219.514666032,4274219.514666032,0.0,-3.4924596548080444e-9 
 01/10  21:00:00,6896544.595639936,5760000.0,1136544.5956399357,0.0,0.0,0.0,5400000.0,0.0,0.0,0.0,-1.6298145055770874e-9 
 01/10  22:00:00,2846544.5956399357,1710000.0,1136544.5956399357,0.0,0.0,0.0,1350000.0,0.0,0.0,0.0,-4.307366907596588e-9 
 01/10  23:00:00,2846544.5956399357,1710000.0,1136544.5956399357,0.0,0.0,0.0,1350000.0,0.0,0.0,0.0,-1.4551915228366852e-9 
 01/10  24:00:00,2846544.5956399357,1710000.0,1136544.5956399357,0.0,0.0,0.0,1350000.0,0.0,0.0,0.0,-2.6193447411060333e-9 
 01/11  01:00:00,2846544.5956399357,1710000.0,1136544.5956399357,0.0,0.0,0.0,1350000.0,0.0,0.0,0.0,-3.6670826375484467e-9 
 01/11  02:00:00,2846544.5956399357,1710000.0,1136544.5956399357,0.0,0.0,0.0,1350000.0,0.0,0.0,0.0,-2.9103830456733704e-10 
 01/11  03:00:00,2846544.5956399357,1710000.0,1136544.5956399357,0.0,0.0,0.0,1350000.0,0.0,0.0,0.0,-8.731149137020111e-10 
 01/11  04:00:00,2846544.5956399357,1710000.0,1136544.5956399357,0.0,0.0,0.0,1350000.0,0.0,0.0,0.0,-4.94765117764473e-10 
 01/11  05:00:00,2846544.5956399357,1710000.0,1136544.5956399357,0.0,0.0,0.0,1350000.0,0.0,0.0,0.0,-3.1723175197839737e-9 
 01/11  06:00:00,2846544.5956399357,1710000.0,1136544.5956399357,0.0,0.0,0.0,1350000.0,0.0,0.0,0.0,-9.313225746154785e-10 
 01/11  07:00:00,11521824.214753063,1710000.0,1136544.5956399357,8675279.619113127,7658408.467397186,0.0,1350000.0,33132600.65162276,33132600.65162276,0.0,2.3283064365386963e-9 
 01/11  08:00:00,12652265.891903387,1686240.0,1136544.5956399357,9829481.296263453,8702918.07113111,0.0,1326240.0,25214866.728861973,25214866.728861973,3050045.960442612,-4.773028194904327e-9 
 01/11  09:00:00,37648094.064466946,25305120.0,1144606.75983396,11198367.30463298,9931460.350556893,0.0,18105120.0,4983631.319306275,4983631.319306275,14597434.559014164,-6.402842700481415e-9 
 01/11  10:00:00,45805616.585942246,31422420.0,1377528.036377729,13005668.549564522,11645112.990316082,0.0,15222420.0,422055.39114445297,422055.39114445297,17961359.345766433,-2.561137080192566e-9 
 01/11  11:00:00,45366807.02747298,28605600.0,1747448.1188254764,15013758.90864751,13642666.482200002,0.0,12405600.0,0.0,0.0,25380618.789530195,-3.14321368932724e-9 
 01/11  12:00:00,43284090.24866196,26295840.0,1823985.7991714333,15164264.449490523,13857183.972609343,0.0,10095840.0,0.0,0.0,23588475.416119035,-1.862645149230957e-9 
 01/11  13:00:00,40256529.65247164,24701760.0,1629225.0847266158,13925544.567745024,12702847.915143538,0.0,8501760.0,0.0,0.0,20680195.601554602,-1.1641532182693481e-9 
 01/11  14:00:00,42228091.20120476,25764480.0,1957685.5226301851,14505925.678574577,13351567.929511273,0.0,9564480.0,0.0,0.0,18717647.2931612,-2.0954757928848267e-9 
 01/11  15:00:00,41465876.09254688,25027200.0,2008916.2958122704,14429759.796734609,13304914.638353186,0.0,10627200.0,0.0,0.0,18465038.42839476,-6.984919309616089e-10 
 01/11  16:00:00,39298444.871423714,24116400.0,1733933.7378783105,13448111.133545399,12323881.351508105,0.0,11516400.0,0.0,0.0,14395767.739851685,-3.958120942115784e-9 
 01/11  17:00:00,37799906.9745834,24073200.0,1466610.1736929219,12260096.800890477,11123553.889238045,0.0,15073200.0,0.0,0.0,11704625.220497712,-6.05359673500061e-9 
 01/11  18:00:00,48738886.43004371,35524800.0,1388550.318282555,11825536.11176116,10677979.8650424,0.0,26524800.0,0.0,0.0,1456260.0548072604,-2.0954757928848267e-9 
 01/11  19:00:00,32718711.00292173,21600000.0,1138228.6327346785,9980482.370187052,8802410.810482329,0.0,16200000.0,5415078.382821151,5415078.382821151,0.0,-1.0477378964424133e-9 
 01/11  20:00:00,21209036.439540707,10800000.0,1136544.5956399357,9272491.84390077,8190223.253183542,0.0,5400000.0,4346383.669984115,4346383.669984115,0.0,5.820766091346741e-10 
 01/11  21:00:00,6896544.595639936,5760000.0,1136544.5956399357,0.0,0.0,0.0,5400000.0,0.0,0.0,0.0,-4.190951585769653e-9 
 01/11  22:00:00,2846544.5956399357,1710000.0,1136544.5956399357,0.0,0.0,0.0,1350000.0,0.0,0.0,0.0,-9.313225746154785e-10 
 01/11  23:00:00,2846544.5956399357,1710000.0,1136544.5956399357,0.0,0.0,0.0,1350000.0,0.0,0.0,0.0,-1.6298145055770874e-9 
 01/11  24:00:00,2846544.5956399357,1710000.0,1136544.5956399357,0.0,0.0,0.0,1350000.0,0.0,0.0,0.0,-1.1641532182693481e-10 
 01/12  01:00:00,6086544.595639936,4950000.0,1136544.5956399357,0.0,0.0,0.0,1350000.0,0.0,0.0,0.0,-3.899913281202316e-9 
 01/12  02:00:00,6086544.595639936,4950000.0,1136544.5956399357,0.0,0.0,0.0,1350000.0,0.0,0.0,0.0,2.852175384759903e-9 
 01/12  03:00:00,6086544.595639936,4950000.0,1136544.5956399357,0.0,0.0,0.0,1350000.0,0.0,0.0,0.0,1.8044374883174896e-9 
 01/12  04:00:00,6086544.595639936,4950000.0,1136544.5956399357,0.0,0.0,0.0,1350000.0,0.0,0.0,0.0,-1.979060471057892e-9 
 01/12  05:00:00,6086544.595639936,4950000.0,1136544.5956399357,0.0,0.0,0.0,1350000.0,0.0,0.0,0.0,-1.280568540096283e-9 
 01/12  06:00:00,6086544.595639936,4950000.0,1136544.5956399357,0.0,0.0,0.0,1350000.0,0.0,0.0,0.0,-7.566995918750763e-10 
 01/12  07:00:00,6086544.595639936,4950000.0,1136544.5956399357,0.0,0.0,0.0,1350000.0,0.0,0.0,95403.26265463323,-4.656612873077393e-10 
 01/12  08:00:00,6062784.595639936,4926240.0,1136544.5956399357,0.0,0.0,0.0,1326240.0,0.0,0.0,4024727.529763304,2.9103830456733704e-10 
 01/12  09:00:00,5789904.595639936,4653360.0,1136544.595639936,0.0,0.0,0.0,1053360.0,0.0,0.0,20559875.093691826,-1.3387762010097504e-9 
 01/12  10:00:00,5881884.595639936,4745340.0,1136544.5956399357,0.0,0.0,0.0,1145340.0,0.0,0.0,33295157.265338767,-4.656612873077393e-10 
 01/12  11:00:00,5586464.701916853,4448700.0,1137764.701916853,0.0,0.0,0.0,848700.0,0.0,0.0,27590750.0938511,-5.587935447692871e-9 
 01/12  12:00:00,5451603.30870039,4312260.0,1139343.3087003897,0.0,0.0,0.0,712260.0,0.0,0.0,22983909.778110206,-1.1641532182693481e-10 
 01/12  13:00:00,5267904.595639936,4131360.0,1136544.5956399357,0.0,0.0,0.0,531360.0,0.0,0.0,19141479.64177629,-3.3760443329811096e-9 
 01/12  14:00:00,5267904.595639936,4131360.0,1136544.5956399357,0.0,0.0,0.0,531360.0,0.0,0.0,20380001.261479788,-5.587935447692871e-9 
 01/12  15:00:00,5267904.595639936,4131360.0,1136544.5956399357,0.0,0.0,0.0,531360.0,0.0,0.0,19232056.611482494,-3.026798367500305e-9 
 01/12  16:00:00,5267904.595639936,4131360.0,1136544.5956399357,0.0,0.0,0.0,531360.0,0.0,0.0,20549757.863728005,-3.026798367500305e-9 
 01/12  17:00:00,5401284.595639936,4264740.0,1136544.5956399357,0.0,0.0,0.0,664740.0,0.0,0.0,14278712.120403823,-1.862645149230957e-9 
 01/12  18:00:00,5810604.595639936,4674060.0,1136544.5956399357,0.0,0.0,0.0,1074060.0,0.0,0.0,14846739.341517791,-3.259629011154175e-9 
 01/12  19:00:00,6086544.595639936,4950000.0,1136544.5956399357,0.0,0.0,0.0,1350000.0,0.0,0.0,0.0,-3.841705620288849e-9 
 01/12  20:00:00,6086544.595639936,4950000.0,1136544.5956399357,0.0,0.0,0.0,1350000.0,0.0,0.0,0.0,-1.1641532182693481e-9 
 01/12  21:00:00,6086544.595639936,4950000.0,1136544.5956399357,0.0,0.0,0.0,1350000.0,0.0,0.0,0.0,-1.0477378964424133e-9 
 01/12  22:00:00,6086544.595639936,4950000.0,1136544.5956399357,0.0,0.0,0.0,1350000.0,0.0,0.0,0.0,-1.1641532182693481e-10 
 01/12  23:00:00,6086544.595639936,4950000.0,1136544.5956399357,0.0,0.0,0.0,1350000.0,0.0,0.0,0.0,-3.725290298461914e-9 
 01/12  24:00:00,6086544.595639936,4950000.0,1136544.5956399357,0.0,0.0,0.0,1350000.0,0.0,0.0,0.0,-1.9208528101444244e-9 
 01/13  01:00:00,6086544.595639936,4950000.0,1136544.5956399357,0.0,0.0,0.0,1350000.0,0.0,0.0,0.0,6.984919309616089e-10 
 01/13  02:00:00,6086544.595639936,4950000.0,1136544.5956399357,0.0,0.0,0.0,1350000.0,0.0,0.0,0.0,-1.7462298274040222e-10 
 01/13  03:00:00,6086544.595639936,4950000.0,1136544.5956399357,0.0,0.0,0.0,1350000.0,0.0,0.0,0.0,-1.5133991837501526e-9 
 01/13  04:00:00,6086544.595639936,4950000.0,1136544.5956399357,0.0,0.0,0.0,1350000.0,0.0,0.0,0.0,-3.3178366720676422e-9 
 01/13  05:00:00,6086544.595639936,4950000.0,1136544.5956399357,0.0,0.0,0.0,1350000.0,0.0,0.0,0.0,-2.735760062932968e-9 
 01/13  06:00:00,6086544.595639936,4950000.0,1136544.5956399357,0.0,0.0,0.0,1350000.0,0.0,0.0,0.0,-2.9103830456733704e-10 
 01/13  07:00:00,6086544.595639936,4950000.0,1136544.5956399357,0.0,0.0,0.0,1350000.0,0.0,0.0,254272.21250563342,-1.1641532182693481e-9 
 01/13  08:00:00,6062784.595639936,4926240.0,1136544.5956399357,0.0,0.0,0.0,1326240.0,0.0,0.0,5313644.714033738,-6.111804395914078e-10 
 01/13  09:00:00,5766144.595639936,4629600.0,1136544.595639936,0.0,0.0,0.0,1029600.0,0.0,0.0,20710944.951847546,-2.3283064365386963e-9 
 01/13  10:00:00,5540784.595639936,4404240.0,1136544.5956399357,0.0,0.0,0.0,804240.0,0.0,0.0,25679073.358189367,2.153683453798294e-9 
 01/13  11:00:00,5540784.595639936,4404240.0,1136544.5956399357,0.0,0.0,0.0,804240.0,0.0,0.0,26838165.295377824,1.1641532182693481e-10 
 01/13  12:00:00,5448804.595639936,4312260.0,1136544.5956399357,0.0,0.0,0.0,712260.0,0.0,0.0,23671330.99180667,-2.3283064365386963e-10 
 01/13  13:00:00,5267904.595639936,4131360.0,1136544.5956399357,0.0,0.0,0.0,531360.0,0.0,0.0,20121316.1716384,-1.862645149230957e-9 
 01/13  14:00:00,5267904.595639936,4131360.0,1136544.5956399357,0.0,0.0,0.0,531360.0,0.0,0.0,17764638.98478645,-2.2118911147117615e-9 
 01/13  15:00:00,5267904.595639936,4131360.0,1136544.5956399357,0.0,0.0,0.0,531360.0,0.0,0.0,16419514.213570874,-1.3969838619232178e-9 
 01/13  16:00:00,5312364.595639936,4175820.0,1136544.5956399357,0.0,0.0,0.0,575820.0,0.0,0.0,14698208.405434657,-4.190951585769653e-9 
 01/13  17:00:00,5534664.595639936,4398120.0,1136544.5956399357,0.0,0.0,0.0,798120.0,0.0,0.0,9631007.06619312,-4.889443516731262e-9 
 01/13  18:00:00,6062784.595639936,4926240.0,1136544.5956399357,0.0,0.0,0.0,1326240.0,0.0,0.0,1391448.9105920428,-3.4924596548080444e-9 
 01/13  19:00:00,6086544.595639936,4950000.0,1136544.5956399357,0.0,0.0,0.0,1350000.0,0.0,0.0,0.0,-2.2118911147117615e-9 
 01/13  20:00:00,6086544.595639936,4950000.0,1136544.5956399357,0.0,0.0,0.0,1350000.0,0.0,0.0,0.0,-1.862645149230957e-9 
 01/13  21:00:00,6086544.595639936,4950000.0,1136544.5956399357,0.0,0.0,0.0,1350000.0,0.0,0.0,0.0,-3.725290298461914e-9 
 01/13  22:00:00,6086544.595639936,4950000.0,1136544.5956399357,0.0,0.0,0.0,1350000.0,0.0,0.0,0.0,-1.6298145055770874e-9 
 01/13  23:00:00,6086544.595639936,4950000.0,1136544.5956399357,0.0,0.0,0.0,1350000.0,0.0,0.0,0.0,4.656612873077393e-10 
 01/13  24:00:00,6086544.595639936,4950000.0,1136544.5956399357,0.0,0.0,0.0,1350000.0,0.0,0.0,0.0,-2.2118911147117615e-9 
 01/14  01:00:00,2846544.5956399357,1710000.0,1136544.5956399357,0.0,0.0,0.0,1350000.0,0.0,0.0,0.0,-6.461050361394882e-9 
 01/14  02:00:00,2846544.5956399357,1710000.0,1136544.5956399357,0.0,0.0,0.0,1350000.0,0.0,0.0,0.0,-4.656612873077393e-10 
 01/14  03:00:00,2846544.5956399357,1710000.0,1136544.5956399357,0.0,0.0,0.0,1350000.0,0.0,0.0,0.0,-1.6880221664905548e-9 
 01/14  04:00:00,2846544.5956399357,1710000.0,1136544.5956399357,0.0,0.0,0.0,1350000.0,0.0,0.0,0.0,-2.0372681319713593e-9 
 01/14  05:00:00,2846544.5956399357,1710000.0,1136544.5956399357,0.0,0.0,0.0,1350000.0,0.0,0.0,0.0,-3.92901711165905e-9 
 01/14  06:00:00,2846544.5956399357,1710000.0,1136544.5956399357,0.0,0.0,0.0,1350000.0,0.0,0.0,0.0,6.693881005048752e-10 
 01/14  07:00:00,9302054.631653419,1710000.0,1136544.5956399357,6455510.036013484,5684388.768921188,0.0,1350000.0,38732323.915724635,38732323.915724635,0.0,-1.1932570487260818e-9 
 01/14  08:00:00,10407481.150000919,1710000.0,1136544.5956399357,7560936.554360982,6709116.467480321,0.0,1350000.0,28266485.79639951,28266485.79639951,2750606.827071711,-2.6775524020195007e-9 
 01/14  09:00:00,36034680.72378789,25732800.0,1147405.059746569,9154475.664041324,8137476.516247075,0.0,18532800.0,3981372.089640905,3981372.089640905,16192655.035617698,2.3283064365386963e-10 
 01/14  10:00:00,47662968.7166145,34859520.0,1394387.7321138938,11409060.984500611,10239024.117373457,0.0,18659520.0,292557.6640278363,292557.6640278363,26872438.24073517,-1.7462298274040222e-9 
 01/14  11:00:00,51941949.619462006,35841600.0,1847765.9766987017,14252583.642763304,13020486.67007339,0.0,19641600.0,0.0,0.0,27288290.274998114,-3.14321368932724e-9 
 01/14  12:00:00,48249048.19967694,31422420.0,1986674.3792335503,14839953.820443388,13678263.787555212,0.0,15222420.0,0.0,0.0,24135005.347173482,-4.6566128730773926e-9 
 01/14  13:00:00,39818422.54341132,24701760.0,1796642.4787322641,13320020.064679053,12301491.73325824,0.0,8501760.0,0.0,0.0,22226517.605215654,-9.313225746154785e-10 
 01/14  14:00:00,41549893.55686836,25764480.0,2211424.484836698,13573989.072031664,12678456.251755651,0.0,9564480.0,0.0,0.0,18778558.853224292,-3.4924596548080444e-9 
 01/14  15:00:00,40379010.14827433,25027200.0,2242602.2691933513,13109207.879080981,12274817.185596012,0.0,10627200.0,0.0,0.0,18861978.637259133,-6.752088665962219e-9 
 01/14  16:00:00,37662505.48642676,23227200.0,2021332.7388558567,12413972.747570906,11572195.847582908,0.0,10627200.0,0.0,0.0,16792567.97655145,-5.820766091346741e-9 
 01/14  17:00:00,36771839.92443158,24073200.0,1596632.627011558,11102007.297420023,10202403.84908016,0.0,15073200.0,0.0,0.0,11575357.524749542,-2.3283064365386963e-9 
 01/14  18:00:00,47510411.28357636,35524800.0,1447408.7235506896,10538202.560025668,9583256.968732893,0.0,26524800.0,0.0,0.0,1890233.1152723173,-3.4924596548080444e-9 
 01/14  19:00:00,31216541.977498993,21600000.0,1139726.0069873047,8476815.97051169,7461947.434299583,0.0,16200000.0,5624248.950707344,5624248.950707344,0.0,-4.190951585769653e-9 
 01/14  20:00:00,19812339.569043897,10800000.0,1136544.5956399357,7875794.973403962,6933444.683039045,0.0,5400000.0,5023229.330340092,5023229.330340092,0.0,-6.6356733441352844e-9 
 01/14  21:00:00,6896544.595639936,5760000.0,1136544.5956399357,0.0,0.0,0.0,5400000.0,0.0,0.0,0.0,-2.0954757928848267e-9 
 01/14  22:00:00,2846544.5956399357,1710000.0,1136544.5956399357,0.0,0.0,0.0,1350000.0,0.0,0.0,0.0,-8.149072527885437e-10 
 01/14  23:00:00,2846544.5956399357,1710000.0,1136544.5956399357,0.0,0.0,0.0,1350000.0,0.0,0.0,0.0,-2.561137080192566e-9 
 01/14  24:00:00,2846544.5956399357,1710000.0,1136544.5956399357,0.0,0.0,0.0,1350000.0,0.0,0.0,0.0,1.1641532182693481e-9 
 01/15  01:00:00,2846544.5956399357,1710000.0,1136544.5956399357,0.0,0.0,0.0,1350000.0,0.0,0.0,0.0,-2.444721758365631e-9 
 01/15  02:00:00,2846544.5956399357,1710000.0,1136544.5956399357,0.0,0.0,0.0,1350000.0,0.0,0.0,0.0,-6.402842700481415e-10 
 01/15  03:00:00,2846544.5956399357,1710000.0,1136544.5956399357,0.0,0.0,0.0,1350000.0,0.0,0.0,0.0,-3.899913281202316e-9 
 01/15  04:00:00,2846544.5956399357,1710000.0,1136544.5956399357,0.0,0.0,0.0,1350000.0,0.0,0.0,0.0,2.6193447411060333e-10 
 01/15  05:00:00,2846544.5956399357,1710000.0,1136544.5956399357,0.0,0.0,0.0,1350000.0,0.0,0.0,0.0,-3.7834979593753815e-10 
 01/15  06:00:00,2846544.5956399357,1710000.0,1136544.5956399357,0.0,0.0,0.0,1350000.0,0.0,0.0,0.0,1.1350493878126144e-9 
 01/15  07:00:00,9094023.555539947,1710000.0,1136544.5956399357,6247478.95990001,5505476.124084158,0.0,1350000.0,39173805.953566514,39173805.953566514,0.0,1.8044374883174896e-9 
 01/15  08:00:00,10077335.210357264,1686240.0,1136544.5956399357,7254550.61471733,6434552.447648791,0.0,1326240.0,27983182.563976638,27983182.563976638,3927610.528790866,2.9103830456733704e-10 
 01/15  09:00:00,35650794.1455729,25732800.0,1160805.8310904983,8757188.314482406,7789483.906578184,0.0,18532800.0,3128054.5860265982,3128054.5860265982,20012764.233805493,-9.313225746154785e-10 
 01/15  10:00:00,44423338.5060145,32325300.0,1377805.1508114543,10720233.355203051,9622671.912428897,0.0,16125300.0,200686.2477509422,200686.2477509422,26564088.069623217,-4.6566128730773926e-9 
 01/15  11:00:00,44876923.52134036,29556000.0,1771390.6583216202,13549532.863018744,12362062.113780998,0.0,13356000.0,0.0,0.0,26601728.25918782,-4.540197551250458e-9 
 01/15  12:00:00,42714755.49320015,26295840.0,1897696.5792333602,14521218.9139668,13336572.091615256,0.0,10095840.0,0.0,0.0,23553106.93615015,-3.725290298461914e-9 
 01/15  13:00:00,39933491.23842563,24701760.0,1683852.9478113656,13547878.290614264,12425927.848732613,0.0,8501760.0,0.0,0.0,20287734.338741563,-4.889443516731262e-9 
 01/15  14:00:00,42137564.19293568,25764480.0,2139518.3307376057,14233565.862198075,13206714.125593582,0.0,9564480.0,0.0,0.0,20337805.19289223,-3.026798367500305e-9 
 01/15  15:00:00,40973584.32689929,25027200.0,2200315.1428872384,13746069.184012046,12795604.952789733,0.0,10627200.0,0.0,0.0,21133178.394428376,-2.0954757928848267e-9 
 01/15  16:00:00,37771098.32764839,23227200.0,1999787.4971757387,12544110.830472646,11650317.354185157,0.0,10627200.0,0.0,0.0,18903307.49480193,-3.4924596548080444e-9 
 01/15  17:00:00,38734269.71630986,26740800.0,1547082.1547965982,10446387.561513266,9574168.004136808,0.0,17740800.0,0.0,0.0,9098359.099682026,-4.6566128730773926e-9 
 01/15  18:00:00,46906582.9301759,36000000.0,1414314.5435915254,9492268.38658437,8622169.097315725,0.0,27000000.0,0.0,0.0,1899455.137897658,-6.51925802230835e-9 
 01/15  19:00:00,30539520.3958922,21600000.0,1138303.7338575625,7801216.662034635,6863128.180923771,0.0,16200000.0,5939922.914186313,5939922.914186313,0.0,-2.7939677238464355e-9 
 01/15  20:00:00,19742487.870937474,10800000.0,1136544.5956399357,7805943.275297536,6873176.235322938,0.0,5400000.0,5155277.607875783,5155277.607875783,0.0,-4.889443516731262e-9 
 01/15  21:00:00,6896544.595639936,5760000.0,1136544.5956399357,0.0,0.0,0.0,5400000.0,0.0,0.0,0.0,-3.6088749766349792e-9 
 01/15  22:00:00,2846544.5956399357,1710000.0,1136544.5956399357,0.0,0.0,0.0,1350000.0,0.0,0.0,0.0,2.6775524020195007e-9 
 01/15  23:00:00,2846544.5956399357,1710000.0,1136544.5956399357,0.0,0.0,0.0,1350000.0,0.0,0.0,0.0,-4.3655745685100555e-9 
 01/15  24:00:00,2846544.5956399357,1710000.0,1136544.5956399357,0.0,0.0,0.0,1350000.0,0.0,0.0,0.0,-6.984919309616089e-10 
 01/16  01:00:00,2846544.5956399357,1710000.0,1136544.5956399357,0.0,0.0,0.0,1350000.0,0.0,0.0,0.0,-1.3969838619232178e-9 
 01/16  02:00:00,2846544.5956399357,1710000.0,1136544.5956399357,0.0,0.0,0.0,1350000.0,0.0,0.0,0.0,-1.1059455573558807e-9 
 01/16  03:00:00,2846544.5956399357,1710000.0,1136544.5956399357,0.0,0.0,0.0,1350000.0,0.0,0.0,0.0,3.7834979593753815e-10 
 01/16  04:00:00,2846544.5956399357,1710000.0,1136544.5956399357,0.0,0.0,0.0,1350000.0,0.0,0.0,0.0,1.4842953532934189e-9 
 01/16  05:00:00,2846544.5956399357,1710000.0,1136544.5956399357,0.0,0.0,0.0,1350000.0,0.0,0.0,0.0,1.8917489796876907e-9 
 01/16  06:00:00,2846544.5956399357,1710000.0,1136544.5956399357,0.0,0.0,0.0,1350000.0,0.0,0.0,0.0,-4.6566128730773926e-9 
 01/16  07:00:00,9479792.227244103,1710000.0,1136544.5956399357,6633247.631604166,5847562.272203311,0.0,1350000.0,38372717.98456309,38372717.98456309,40244.89095488642,-2.5029294192790985e-9 
 01/16  08:00:00,10643218.040451936,1686240.0,1136544.5956399357,7820433.444812001,6931442.986059242,0.0,1326240.0,27589841.153069727,27589841.153069727,3678406.2479988607,-5.238689482212067e-10 
 01/16  09:00:00,35408373.676304735,24504840.0,1150182.3822716065,9753351.294033129,8659487.783635495,0.0,17304840.0,3745842.010837991,3745842.010837991,17392704.86888947,-5.238689482212067e-9 
 01/16  10:00:00,44732415.436932206,31480560.0,1355621.25624246,11896234.180689739,10642969.989128416,0.0,15280560.0,441635.1313795557,441635.1313795557,24476550.62986683,-3.958120942115784e-9 
 01/16  11:00:00,48260947.233785436,31809600.0,1764337.1475201286,14687010.086265309,13351424.718694484,0.0,15609600.0,0.0,0.0,26698472.60450019,-5.238689482212067e-9 
 01/16  12:00:00,44178933.18680956,27140580.0,1836959.1061690806,15201394.080640486,13901094.493288372,0.0,10940580.0,0.0,0.0,23710426.86350415,-3.3760443329811096e-9 
 01/16  13:00:00,40708103.59708071,24701760.0,1660994.9793381016,14345348.617742606,13104274.802668856,0.0,8501760.0,0.0,0.0,20564434.796338588,-3.841705620288849e-9 
 01/16  14:00:00,42667839.05974145,25764480.0,2075437.3319815823,14827921.727759872,13695345.06225896,0.0,9564480.0,0.0,0.0,19428181.386312038,-6.05359673500061e-9 
 01/16  15:00:00,41375088.80448918,25027200.0,2088608.7923507253,14259280.012138452,13199272.49227921,0.0,10627200.0,0.0,0.0,18273663.82842108,-5.3551048040390015e-9 
 01/16  16:00:00,39282604.608330145,25005600.0,1775914.3465597688,12501090.261770379,11512488.192230605,0.0,12405600.0,0.0,0.0,12991120.339556469,-3.958120942115784e-9 
 01/16  17:00:00,32753802.61341569,20516400.0,1504292.9318632707,10733109.681552416,9793392.375320753,0.0,11516400.0,0.0,0.0,16808682.051079407,-4.423782229423523e-9 
 01/16  18:00:00,44661886.74617243,33685200.0,1404639.6893477272,9572047.0568247,8684331.204625016,0.0,24685200.0,0.0,0.0,5178323.85955088,-4.190951585769653e-9 
 01/16  19:00:00,30501931.17872682,21600000.0,1138080.6730385819,7763850.505688237,6839845.940635097,0.0,16200000.0,5867062.393313861,5867062.393313861,0.0,-2.6775524020195007e-9 
 01/16  20:00:00,19396465.732453182,10800000.0,1136544.5956399357,7459921.136813243,6578145.900724156,0.0,5400000.0,4879896.53647715,4879896.53647715,0.0,-2.3283064365386963e-9 
 01/16  21:00:00,6896544.595639936,5760000.0,1136544.5956399357,0.0,0.0,0.0,5400000.0,0.0,0.0,0.0,-1.0477378964424133e-9 
 01/16  22:00:00,2846544.5956399357,1710000.0,1136544.5956399357,0.0,0.0,0.0,1350000.0,0.0,0.0,0.0,-3.4924596548080444e-10 
 01/16  23:00:00,2846544.5956399357,1710000.0,1136544.5956399357,0.0,0.0,0.0,1350000.0,0.0,0.0,0.0,5.820766091346741e-10 
 01/16  24:00:00,2846544.5956399357,1710000.0,1136544.5956399357,0.0,0.0,0.0,1350000.0,0.0,0.0,0.0,3.550667315721512e-9 
 01/17  01:00:00,2846544.5956399357,1710000.0,1136544.5956399357,0.0,0.0,0.0,1350000.0,0.0,0.0,0.0,-2.852175384759903e-9 
 01/17  02:00:00,2846544.5956399357,1710000.0,1136544.5956399357,0.0,0.0,0.0,1350000.0,0.0,0.0,0.0,-3.4924596548080444e-10 
 01/17  03:00:00,2846544.5956399357,1710000.0,1136544.5956399357,0.0,0.0,0.0,1350000.0,0.0,0.0,0.0,1.076841726899147e-9 
 01/17  04:00:00,2846544.5956399357,1710000.0,1136544.5956399357,0.0,0.0,0.0,1350000.0,0.0,0.0,0.0,-1.3969838619232178e-9 
 01/17  05:00:00,2846544.5956399357,1710000.0,1136544.5956399357,0.0,0.0,0.0,1350000.0,0.0,0.0,0.0,2.3283064365386963e-10 
 01/17  06:00:00,2846544.5956399357,1710000.0,1136544.5956399357,0.0,0.0,0.0,1350000.0,0.0,0.0,0.0,-5.296897143125534e-9 
 01/17  07:00:00,10041974.95065669,1710000.0,1136544.5956399357,7195430.355016757,6344496.461189417,0.0,1350000.0,38298924.16111152,38298924.16111152,40244.6300484214,-2.3283064365386963e-10 
 01/17  08:00:00,10842322.294340115,1686240.0,1136544.5956399357,8019537.69870018,7112149.36086468,0.0,1326240.0,26964605.46871205,26964605.46871205,3885318.898087523,-3.434251993894577e-9 
 01/17  09:00:00,35094838.431672156,24504840.0,1157447.9869145069,9432550.444757644,8385893.524279477,0.0,17304840.0,4199708.900855602,4199708.900855602,19033584.706696294,9.313225746154785e-10 
 01/17  10:00:00,43476311.06752722,31029120.0,1375929.3029358564,11071261.764591357,9934820.06112054,0.0,14829120.0,231392.29979496007,231392.29979496007,25007124.42426607,-4.423782229423523e-9 
 01/17  11:00:00,43906923.420454815,28605600.0,1742845.0448487327,13558478.375606082,12352110.179596877,0.0,12405600.0,0.0,0.0,26073544.318367578,-5.587935447692871e-9 
 01/17  12:00:00,42293129.29220534,26295840.0,1832493.8462420276,14164795.445963314,12973490.702488994,0.0,10095840.0,0.0,0.0,23669838.849694975,-3.14321368932724e-9 
 01/17  13:00:00,39827321.51467943,24701760.0,1643924.697672089,13481636.817007348,12314347.76695329,0.0,8501760.0,0.0,0.0,21160209.21792777,6.984919309616089e-10 
 01/17  14:00:00,42350014.54645501,25764480.0,2041498.4942475536,14544036.052207457,13410048.783513457,0.0,9564480.0,0.0,0.0,20636810.62318939,-3.259629011154175e-9 
 01/17  15:00:00,41722494.98010556,25027200.0,2070626.5704473187,14624668.409658235,13500623.48807622,0.0,10627200.0,0.0,0.0,19431391.95932746,-3.958120942115784e-9 
 01/17  16:00:00,38092211.23760623,23227200.0,1796805.2993390986,13068205.938267127,12014744.091443904,0.0,10627200.0,0.0,0.0,16444317.578124631,-4.190951585769653e-9 
 01/17  17:00:00,33364767.03183393,20516400.0,1542352.4843443283,11306014.547489602,10323949.370578868,0.0,11516400.0,0.0,0.0,18727119.94938136,-1.862645149230957e-9 
 01/17  18:00:00,44909975.51761441,33685200.0,1437417.4308859939,9787358.08672841,8901343.211181704,0.0,24685200.0,0.0,0.0,5537731.202026858,-1.1641532182693481e-9 
 01/17  19:00:00,30160839.239084475,21600000.0,1139339.0880490928,7421500.1510353815,6539623.015423716,0.0,16200000.0,5338214.037196853,5338214.037196853,0.0,-3.6088749766349792e-9 
 01/17  20:00:00,18746365.04291576,10800000.0,1136544.5956399357,6809820.447275824,6002991.220429872,0.0,5400000.0,4644743.290631801,4644743.290631801,0.0,-2.561137080192566e-9 
 01/17  21:00:00,6896544.595639936,5760000.0,1136544.5956399357,0.0,0.0,0.0,5400000.0,0.0,0.0,0.0,5.820766091346741e-10 
 01/17  22:00:00,2846544.5956399357,1710000.0,1136544.5956399357,0.0,0.0,0.0,1350000.0,0.0,0.0,0.0,-3.841705620288849e-9 
 01/17  23:00:00,2846544.5956399357,1710000.0,1136544.5956399357,0.0,0.0,0.0,1350000.0,0.0,0.0,0.0,-2.153683453798294e-9 
 01/17  24:00:00,2846544.5956399357,1710000.0,1136544.5956399357,0.0,0.0,0.0,1350000.0,0.0,0.0,0.0,-1.280568540096283e-9 
 01/18  01:00:00,2846544.5956399357,1710000.0,1136544.5956399357,0.0,0.0,0.0,1350000.0,0.0,0.0,0.0,-3.6088749766349792e-9 
 01/18  02:00:00,2846544.5956399357,1710000.0,1136544.5956399357,0.0,0.0,0.0,1350000.0,0.0,0.0,0.0,-1.5133991837501526e-9 
 01/18  03:00:00,2846544.5956399357,1710000.0,1136544.5956399357,0.0,0.0,0.0,1350000.0,0.0,0.0,0.0,-2.270098775625229e-9 
 01/18  04:00:00,2846544.5956399357,1710000.0,1136544.5956399357,0.0,0.0,0.0,1350000.0,0.0,0.0,0.0,-3.434251993894577e-9 
 01/18  05:00:00,2846544.5956399357,1710000.0,1136544.5956399357,0.0,0.0,0.0,1350000.0,0.0,0.0,0.0,1.57160684466362e-9 
 01/18  06:00:00,2846544.5956399357,1710000.0,1136544.5956399357,0.0,0.0,0.0,1350000.0,0.0,0.0,0.0,1.3387762010097504e-9 
 01/18  07:00:00,9295780.040459486,1710000.0,1136544.5956399357,6449235.444819549,5683928.791461413,0.0,1350000.0,37527745.004658625,37527745.004658625,0.0,-2.3283064365386963e-10 
 01/18  08:00:00,10166584.429212498,1710000.0,1136544.5956399357,7320039.833572563,6484657.674387841,0.0,1350000.0,27806918.143973354,27806918.143973354,2475722.184535172,-4.3655745685100555e-9 
 01/18  09:00:00,35579479.22589592,25732800.0,1141192.7297872647,8705486.496108655,7725938.425696688,0.0,18532800.0,4382981.113553429,4382981.113553429,14123243.83521063,2.7939677238464355e-9 
 01/18  10:00:00,42352820.242671795,30577680.0,1328277.1977297661,10446863.044942029,9338607.750706602,0.0,14377680.0,598561.8131205739,598561.8131205739,23461069.670303497,8.149072527885437e-10 
 01/18  11:00:00,41204303.935149565,26827200.0,1627589.444496639,12749514.490652928,11555929.58173304,0.0,10627200.0,0.0,0.0,23028881.085427143,-1.979060471057892e-9 
 01/18  12:00:00,41786994.36401562,26295840.0,1754670.0460607074,13736484.317954907,12541851.522996131,0.0,10095840.0,0.0,0.0,23619523.32132462,-2.7939677238464355e-9 
 01/18  13:00:00,39354407.97854195,24701760.0,1598660.1155965268,13053987.86294542,11915186.471568154,0.0,8501760.0,0.0,0.0,20673937.38320297,-3.725290298461914e-9 
 01/18  14:00:00,41604851.553028986,25764480.0,1983205.952860865,13857165.600168124,12797321.172879238,0.0,9564480.0,0.0,0.0,18773473.870305836,-1.862645149230957e-9 
 01/18  15:00:00,40808663.69240855,25027200.0,2111093.8194053625,13670369.873003187,12687811.876492796,0.0,10627200.0,0.0,0.0,21774926.80406829,-5.820766091346741e-9 
 01/18  16:00:00,37994795.82220085,23227200.0,2003357.60302492,12764238.219175931,11846559.477897927,0.0,10627200.0,0.0,0.0,21642861.478187487,-5.3551048040390015e-9 
 01/18  17:00:00,36268835.75757621,24073200.0,1586788.0602076259,10608847.697368588,9742016.613348309,0.0,15073200.0,0.0,0.0,11959677.685443066,-1.862645149230957e-9 
 01/18  18:00:00,45124691.590482466,34099200.0,1476679.2199289831,9548812.370553486,8717667.730586141,0.0,25099200.0,0.0,0.0,6363538.124721203,-2.3283064365386963e-9 
 01/18  19:00:00,29934874.307223756,21600000.0,1141040.4767911779,7193833.830432576,6334847.070357893,0.0,16200000.0,5430278.872058278,5430278.872058278,0.0,-1.6298145055770874e-9 
 01/18  20:00:00,18714786.266448785,10800000.0,1136544.5956399357,6778241.670808849,5966925.215639186,0.0,5400000.0,4744263.413107909,4744263.413107909,0.0,-3.4924596548080444e-10 
 01/18  21:00:00,6896544.595639936,5760000.0,1136544.5956399357,0.0,0.0,0.0,5400000.0,0.0,0.0,0.0,2.2118911147117615e-9 
 01/18  22:00:00,2846544.5956399357,1710000.0,1136544.5956399357,0.0,0.0,0.0,1350000.0,0.0,0.0,0.0,2.3283064365386963e-10 
 01/18  23:00:00,2846544.5956399357,1710000.0,1136544.5956399357,0.0,0.0,0.0,1350000.0,0.0,0.0,0.0,-1.1641532182693481e-10 
 01/18  24:00:00,2846544.5956399357,1710000.0,1136544.5956399357,0.0,0.0,0.0,1350000.0,0.0,0.0,0.0,1.1641532182693481e-10 
 01/19  01:00:00,6086544.595639936,4950000.0,1136544.5956399357,0.0,0.0,0.0,1350000.0,0.0,0.0,0.0,-1.57160684466362e-9 
 01/19  02:00:00,6086544.595639936,4950000.0,1136544.5956399357,0.0,0.0,0.0,1350000.0,0.0,0.0,0.0,1.57160684466362e-9 
 01/19  03:00:00,6086544.595639936,4950000.0,1136544.5956399357,0.0,0.0,0.0,1350000.0,0.0,0.0,0.0,4.423782229423523e-9 
 01/19  04:00:00,6086544.595639936,4950000.0,1136544.5956399357,0.0,0.0,0.0,1350000.0,0.0,0.0,0.0,-1.6298145055770874e-9 
 01/19  05:00:00,6086544.595639936,4950000.0,1136544.5956399357,0.0,0.0,0.0,1350000.0,0.0,0.0,0.0,1.1641532182693481e-10 
 01/19  06:00:00,6086544.595639936,4950000.0,1136544.5956399357,0.0,0.0,0.0,1350000.0,0.0,0.0,0.0,2.561137080192566e-9 
 01/19  07:00:00,6086544.595639936,4950000.0,1136544.5956399357,0.0,0.0,0.0,1350000.0,0.0,0.0,50340.33988627352,-3.8708094507455826e-9 
 01/19  08:00:00,6086544.595639936,4950000.0,1136544.5956399357,0.0,0.0,0.0,1350000.0,0.0,0.0,2436989.8170219082,1.8335413187742233e-9 
 01/19  09:00:00,5766144.595639936,4629600.0,1136544.5956399357,0.0,0.0,0.0,1029600.0,0.0,0.0,14508712.396274598,-9.89530235528946e-10 
 01/19  10:00:00,5718624.595639936,4582080.0,1136544.595639936,0.0,0.0,0.0,982080.0,0.0,0.0,26727452.08405307,-1.1641532182693481e-9 
 01/19  11:00:00,5629704.595639936,4493160.0,1136544.5956399357,0.0,0.0,0.0,893160.0,0.0,0.0,27397109.977410145,-2.6193447411060333e-9 
 01/19  12:00:00,5356824.595639936,4220280.0,1136544.5956399357,0.0,0.0,0.0,620280.0,0.0,0.0,24101813.699498158,-2.444721758365631e-9 
 01/19  13:00:00,5267904.595639936,4131360.0,1136544.5956399357,0.0,0.0,0.0,531360.0,0.0,0.0,22453304.26994098,-1.1641532182693481e-10 
 01/19  14:00:00,5267904.595639936,4131360.0,1136544.5956399357,0.0,0.0,0.0,531360.0,0.0,0.0,21118483.283901792,1.862645149230957e-9 
 01/19  15:00:00,5267904.595639936,4131360.0,1136544.5956399357,0.0,0.0,0.0,531360.0,0.0,0.0,21499498.62045444,-4.889443516731262e-9 
 01/19  16:00:00,5267904.595639936,4131360.0,1136544.5956399357,0.0,0.0,0.0,531360.0,0.0,0.0,17642667.45113453,-4.423782229423523e-9 
 01/19  17:00:00,5445744.595639936,4309200.0,1136544.5956399357,0.0,0.0,0.0,709200.0,0.0,0.0,13210543.477868052,-3.958120942115784e-9 
 01/19  18:00:00,6015264.595639936,4878720.0,1136544.5956399357,0.0,0.0,0.0,1278720.0,0.0,0.0,5823289.684276253,-3.026798367500305e-9 
 01/19  19:00:00,6086544.595639936,4950000.0,1136544.5956399357,0.0,0.0,0.0,1350000.0,0.0,0.0,0.0,-1.280568540096283e-9 
 01/19  20:00:00,6086544.595639936,4950000.0,1136544.5956399357,0.0,0.0,0.0,1350000.0,0.0,0.0,0.0,-4.0745362639427185e-9 
 01/19  21:00:00,6086544.595639936,4950000.0,1136544.5956399357,0.0,0.0,0.0,1350000.0,0.0,0.0,0.0,-4.6566128730773926e-9 
 01/19  22:00:00,6086544.595639936,4950000.0,1136544.5956399357,0.0,0.0,0.0,1350000.0,0.0,0.0,0.0,-2.6775524020195007e-9 
 01/19  23:00:00,6086544.595639936,4950000.0,1136544.5956399357,0.0,0.0,0.0,1350000.0,0.0,0.0,0.0,-4.307366907596588e-9 
 01/19  24:00:00,6086544.595639936,4950000.0,1136544.5956399357,0.0,0.0,0.0,1350000.0,0.0,0.0,0.0,-1.5133991837501526e-9 
 01/20  01:00:00,6086544.595639936,4950000.0,1136544.5956399357,0.0,0.0,0.0,1350000.0,0.0,0.0,0.0,3.6670826375484467e-9 
 01/20  02:00:00,6086544.595639936,4950000.0,1136544.5956399357,0.0,0.0,0.0,1350000.0,0.0,0.0,0.0,-1.7462298274040222e-10 
 01/20  03:00:00,6086544.595639936,4950000.0,1136544.5956399357,0.0,0.0,0.0,1350000.0,0.0,0.0,0.0,-3.6088749766349792e-9 
 01/20  04:00:00,6086544.595639936,4950000.0,1136544.5956399357,0.0,0.0,0.0,1350000.0,0.0,0.0,0.0,-1.1641532182693481e-10 
 01/20  05:00:00,6086544.595639936,4950000.0,1136544.5956399357,0.0,0.0,0.0,1350000.0,0.0,0.0,0.0,-2.3283064365386963e-10 
 01/20  06:00:00,6086544.595639936,4950000.0,1136544.5956399357,0.0,0.0,0.0,1350000.0,0.0,0.0,0.0,1.3969838619232178e-9 
 01/20  07:00:00,6086544.595639936,4950000.0,1136544.5956399357,0.0,0.0,0.0,1350000.0,0.0,0.0,456466.6770302426,1.076841726899147e-9 
 01/20  08:00:00,6086544.595639936,4950000.0,1136544.5956399357,0.0,0.0,0.0,1350000.0,0.0,0.0,6992811.065647166,-1.076841726899147e-9 
 01/20  09:00:00,5858124.595639936,4721580.0,1136544.5956399357,0.0,0.0,0.0,1121580.0,0.0,0.0,24785160.03598144,4.656612873077393e-10 
 01/20  10:00:00,5697924.595639936,4561380.0,1136544.5956399357,0.0,0.0,0.0,961380.0,0.0,0.0,26967874.74335042,-3.958120942115784e-9 
 01/20  11:00:00,5721684.595639936,4585140.0,1136544.5956399357,0.0,0.0,0.0,985140.0,0.0,0.0,28420107.26508133,-2.6193447411060333e-9 
 01/20  12:00:00,5357044.099672911,4220280.0,1136764.0996729103,0.0,0.0,0.0,620280.0,0.0,0.0,23737308.60551749,-3.958120942115784e-9 
 01/20  13:00:00,5425044.595639936,4288500.0,1136544.5956399357,0.0,0.0,0.0,688500.0,0.0,0.0,18753076.82468556,-7.916241884231567e-9 
 01/20  14:00:00,5267904.595639936,4131360.0,1136544.5956399357,0.0,0.0,0.0,531360.0,0.0,0.0,18742853.579799157,-5.820766091346741e-9 
 01/20  15:00:00,5267904.595639936,4131360.0,1136544.5956399357,0.0,0.0,0.0,531360.0,0.0,0.0,21659513.583526786,-7.2177499532699585e-9 
 01/20  16:00:00,5267904.595639936,4131360.0,1136544.5956399357,0.0,0.0,0.0,531360.0,0.0,0.0,21727344.79035526,-5.820766091346741e-9 
 01/20  17:00:00,5312364.595639936,4175820.0,1136544.5956399357,0.0,0.0,0.0,575820.0,0.0,0.0,17733157.117835134,-3.958120942115784e-9 
 01/20  18:00:00,6015264.595639936,4878720.0,1136544.5956399357,0.0,0.0,0.0,1278720.0,0.0,0.0,3684269.497222205,-6.51925802230835e-9 
 01/20  19:00:00,6086544.595639936,4950000.0,1136544.5956399357,0.0,0.0,0.0,1350000.0,0.0,0.0,0.0,-2.3283064365386963e-9 
 01/20  20:00:00,6086544.595639936,4950000.0,1136544.5956399357,0.0,0.0,0.0,1350000.0,0.0,0.0,0.0,-2.3283064365386963e-9 
 01/20  21:00:00,6086544.595639936,4950000.0,1136544.5956399357,0.0,0.0,0.0,1350000.0,0.0,0.0,0.0,0.0 
 01/20  22:00:00,6086544.595639936,4950000.0,1136544.5956399357,0.0,0.0,0.0,1350000.0,0.0,0.0,0.0,-2.3283064365386963e-10 
 01/20  23:00:00,6086544.595639936,4950000.0,1136544.5956399357,0.0,0.0,0.0,1350000.0,0.0,0.0,0.0,-1.280568540096283e-9 
 01/20  24:00:00,6086544.595639936,4950000.0,1136544.5956399357,0.0,0.0,0.0,1350000.0,0.0,0.0,0.0,-2.0954757928848267e-9 
 01/21  01:00:00,2846544.5956399357,1710000.0,1136544.5956399357,0.0,0.0,0.0,1350000.0,0.0,0.0,0.0,-7.566995918750763e-10 
 01/21  02:00:00,2846544.5956399357,1710000.0,1136544.5956399357,0.0,0.0,0.0,1350000.0,0.0,0.0,0.0,-1.1641532182693481e-10 
 01/21  03:00:00,2846544.5956399357,1710000.0,1136544.5956399357,0.0,0.0,0.0,1350000.0,0.0,0.0,0.0,-6.402842700481415e-10 
 01/21  04:00:00,2846544.5956399357,1710000.0,1136544.5956399357,0.0,0.0,0.0,1350000.0,0.0,0.0,0.0,1.6589183360338211e-9 
 01/21  05:00:00,2846544.5956399357,1710000.0,1136544.5956399357,0.0,0.0,0.0,1350000.0,0.0,0.0,0.0,-1.076841726899147e-9 
 01/21  06:00:00,2846544.5956399357,1710000.0,1136544.5956399357,0.0,0.0,0.0,1350000.0,0.0,0.0,0.0,5.820766091346741e-11 
 01/21  07:00:00,8930635.249005202,1710000.0,1136544.5956399357,6084090.653365267,5369095.735062151,0.0,1350000.0,38487675.32324281,38487675.32324281,499392.63749582204,1.1641532182693481e-9 
 01/21  08:00:00,9719021.610028766,1710000.0,1136544.5956399357,6872477.0143888295,6110258.139317478,0.0,1350000.0,26365560.116998352,26365560.116998352,7209885.282815628,-2.0372681319713593e-9 
 01/21  09:00:00,37313387.10061231,28188720.0,1183306.8163087566,7941360.284303559,7087681.769754698,0.0,20988720.0,2935114.026885062,2935114.026885062,25509200.142844714,-3.725290298461914e-9 
 01/21  10:00:00,49793323.104971886,38354760.0,1540426.7376459986,9898136.36732589,9000396.224140674,0.0,22154760.0,118779.74181292181,118779.74181292181,29984159.06220563,-3.4924596548080444e-9 
 01/21  11:00:00,51750197.399165265,37742400.0,1974134.7391865586,12033662.659978706,11145647.418117793,0.0,21542400.0,0.0,0.0,27668525.96134776,-4.190951585769653e-9 
 01/21  12:00:00,47675716.88536533,33170040.0,2100565.2093907674,12405111.675974557,11585713.704682237,0.0,16970040.0,0.0,0.0,23472775.397468638,-6.752088665962219e-9 
 01/21  13:00:00,39016588.203749925,25413120.0,1893168.1613031558,11710300.04244677,10925598.766705856,0.0,9213120.0,0.0,0.0,19855861.896914408,-1.862645149230957e-9 
 01/21  14:00:00,40859067.391979285,25764480.0,2302240.5395329017,12792346.852446381,12017895.526017176,0.0,9564480.0,0.0,0.0,20692894.664201617,-6.984919309616089e-9 
 01/21  15:00:00,40612809.04062465,25027200.0,2368126.495689572,13217482.544935077,12421627.420829182,0.0,10627200.0,0.0,0.0,21337937.153688353,4.656612873077393e-10 
 01/21  16:00:00,37910007.22351234,23227200.0,2149517.278614784,12533289.944897555,11729089.536792176,0.0,10627200.0,0.0,0.0,20251244.862488817,-5.3551048040390015e-9 
 01/21  17:00:00,35776734.64303943,23184000.0,1685571.7998222497,10907162.84321718,10083375.953704463,0.0,14184000.0,0.0,0.0,12356398.424851732,-2.7939677238464355e-9 
 01/21  18:00:00,44596380.55483854,33210000.0,1527016.0396791236,9859364.515159417,9039315.359799337,0.0,24210000.0,0.0,0.0,6572901.390671874,-1.3969838619232178e-9 
 01/21  19:00:00,29952665.57021131,21600000.0,1146218.795066299,7206446.775145011,6375426.967588099,0.0,16200000.0,4681922.197163046,4681922.197163046,0.0,-4.6566128730773926e-9 
 01/21  20:00:00,18751757.132688425,10800000.0,1136544.5956399357,6815212.537048487,6001720.610058802,0.0,5400000.0,4265479.08804094,4265479.08804094,0.0,-2.2118911147117615e-9 
 01/21  21:00:00,6896544.595639936,5760000.0,1136544.5956399357,0.0,0.0,0.0,5400000.0,0.0,0.0,0.0,-3.026798367500305e-9 
 01/21  22:00:00,2846544.5956399357,1710000.0,1136544.5956399357,0.0,0.0,0.0,1350000.0,0.0,0.0,0.0,-2.6775524020195007e-9 
 01/21  23:00:00,2846544.5956399357,1710000.0,1136544.5956399357,0.0,0.0,0.0,1350000.0,0.0,0.0,0.0,-5.820766091346741e-11 
 01/21  24:00:00,2846544.5956399357,1710000.0,1136544.5956399357,0.0,0.0,0.0,1350000.0,0.0,0.0,0.0,6.402842700481415e-10 
 01/22  01:00:00,2846544.5956399357,1710000.0,1136544.5956399357,0.0,0.0,0.0,1350000.0,0.0,0.0,0.0,2.3283064365386963e-10 
 01/22  02:00:00,2846544.5956399357,1710000.0,1136544.5956399357,0.0,0.0,0.0,1350000.0,0.0,0.0,0.0,-1.1641532182693481e-9 
 01/22  03:00:00,2846544.5956399357,1710000.0,1136544.5956399357,0.0,0.0,0.0,1350000.0,0.0,0.0,0.0,-1.6589183360338211e-9 
 01/22  04:00:00,2846544.5956399357,1710000.0,1136544.5956399357,0.0,0.0,0.0,1350000.0,0.0,0.0,0.0,-8.731149137020111e-11 
 01/22  05:00:00,2846544.5956399357,1710000.0,1136544.5956399357,0.0,0.0,0.0,1350000.0,0.0,0.0,0.0,-2.561137080192566e-9 
 01/22  06:00:00,2846544.5956399357,1710000.0,1136544.5956399357,0.0,0.0,0.0,1350000.0,0.0,0.0,0.0,-1.3969838619232178e-9 
 01/22  07:00:00,9865239.20624518,1710000.0,1136544.5956399357,7018694.610605244,6188677.217652992,0.0,1350000.0,38256116.05977505,38256116.05977505,298543.21942574414,1.076841726899147e-9 
 01/22  08:00:00,10971695.722904067,1686240.0,1136544.5956399357,8148911.127264133,7229976.826467393,0.0,1326240.0,26256446.78851726,26256446.78851726,5233607.462176252,-1.2223608791828156e-9 
 01/22  09:00:00,35732738.97739316,24932520.0,1156507.673655768,9643711.30373739,8576716.007209763,0.0,17732520.0,4282775.9614199875,4282775.9614199875,18131570.484771624,-1.5133991837501526e-9 
 01/22  10:00:00,43497902.13016148,30577680.0,1391706.3602572675,11528515.769904213,10357744.827892032,0.0,14377680.0,326603.19705333246,326603.19705333246,20290152.52620693,-1.862645149230957e-9 
 01/22  11:00:00,45541428.97850986,29494800.0,1777954.4181050619,14268674.5604048,13010819.873305755,0.0,13294800.0,0.0,0.0,25559050.764909506,8.149072527885437e-10 
 01/22  12:00:00,43358980.331427485,26295840.0,1861066.9354660553,15202073.395961434,13927139.446520898,0.0,10095840.0,0.0,0.0,23682137.06846127,-3.14321368932724e-9 
 01/22  13:00:00,41326759.26493788,24701760.0,1697370.6692125427,14927628.595725339,13650498.090630254,0.0,8501760.0,0.0,0.0,20958372.89447884,-4.0745362639427185e-9 
 01/22  14:00:00,44223873.82627195,25764480.0,2104940.6015022816,16354453.22476967,15077684.104392076,0.0,9564480.0,0.0,0.0,18960977.992979072,-4.889443516731262e-9 
 01/22  15:00:00,45945239.715814926,27694800.0,2045198.0531463055,16205241.66266862,14928897.397561388,0.0,13294800.0,0.0,0.0,14042888.016659187,-9.313225746154785e-10 
 01/22  16:00:00,46671219.261287495,29988000.0,1794489.9496257314,14888729.311661756,13654486.656788034,0.0,17388000.0,0.0,0.0,10659352.505492862,-3.958120942115784e-9 
 01/22  17:00:00,42134891.6097479,27691200.0,1472754.2846116538,12970937.32513625,11773822.568008758,0.0,18691200.0,0.0,0.0,7800819.338333671,-4.190951585769653e-9 
 01/22  18:00:00,44439190.49380808,30895200.0,1462650.1979775485,12081340.295830533,10938024.228823721,0.0,21895200.0,0.0,0.0,12475820.141263064,-6.28642737865448e-9 
 01/22  19:00:00,32323532.329288974,21600000.0,1142381.9837748087,9581150.345514167,8452282.69873759,0.0,16200000.0,5070792.390408041,5070792.390408041,0.0,-8.149072527885437e-10 
 01/22  20:00:00,20898815.933467552,10800000.0,1136544.5956399357,8962271.337827614,7918944.157182249,0.0,5400000.0,4271014.775111833,4271014.775111833,0.0,-4.656612873077393e-10 
 01/22  21:00:00,6896544.595639936,5760000.0,1136544.5956399357,0.0,0.0,0.0,5400000.0,0.0,0.0,0.0,-2.9103830456733704e-9 
 01/22  22:00:00,2846544.5956399357,1710000.0,1136544.5956399357,0.0,0.0,0.0,1350000.0,0.0,0.0,0.0,-1.7462298274040222e-9 
 01/22  23:00:00,2846544.5956399357,1710000.0,1136544.5956399357,0.0,0.0,0.0,1350000.0,0.0,0.0,0.0,-8.149072527885437e-10 
 01/22  24:00:00,2846544.5956399357,1710000.0,1136544.5956399357,0.0,0.0,0.0,1350000.0,0.0,0.0,0.0,1.862645149230957e-9 
 01/23  01:00:00,2846544.5956399357,1710000.0,1136544.5956399357,0.0,0.0,0.0,1350000.0,0.0,0.0,0.0,2.9103830456733704e-10 
 01/23  02:00:00,2846544.5956399357,1710000.0,1136544.5956399357,0.0,0.0,0.0,1350000.0,0.0,0.0,0.0,3.4924596548080444e-9 
 01/23  03:00:00,2846544.5956399357,1710000.0,1136544.5956399357,0.0,0.0,0.0,1350000.0,0.0,0.0,0.0,1.9208528101444244e-9 
 01/23  04:00:00,2846544.5956399357,1710000.0,1136544.5956399357,0.0,0.0,0.0,1350000.0,0.0,0.0,0.0,2.3283064365386963e-10 
 01/23  05:00:00,2846544.5956399357,1710000.0,1136544.5956399357,0.0,0.0,0.0,1350000.0,0.0,0.0,0.0,2.9685907065868378e-9 
 01/23  06:00:00,2846544.5956399357,1710000.0,1136544.5956399357,0.0,0.0,0.0,1350000.0,0.0,0.0,0.0,1.7462298274040222e-9 
 01/23  07:00:00,11826069.439059984,1710000.0,1136544.5956399357,8979524.843420047,7927661.507799009,0.0,1350000.0,35445789.96613473,35445789.96613473,40244.03439340385,-2.9685907065868378e-9 
 01/23  08:00:00,13030352.26662087,1686240.0,1136544.5956399357,10207567.670980934,9043947.115204709,0.0,1326240.0,25261060.823262915,25261060.823262915,3829699.031214169,-2.444721758365631e-9 
 01/23  09:00:00,38241078.22532681,25305120.0,1156587.0634454545,11779371.161881346,10457168.419646064,0.0,18105120.0,4238843.672915697,4238843.672915697,18441794.590813056,-2.7939677238464355e-9 
 01/23  10:00:00,45834178.12777569,31029120.0,1431492.1667142627,13373565.96106143,12007730.566385083,0.0,14829120.0,154713.71450493005,154713.71450493005,24994842.24631482,-4.0745362639427185e-9 
 01/23  11:00:00,44715211.86251202,27716400.0,1809702.8148723254,15189109.047639702,13840761.125233894,0.0,11516400.0,0.0,0.0,24758717.380138,-5.587935447692871e-9 
 01/23  12:00:00,42779058.01756641,26295840.0,1879122.174140349,14604095.843426066,13399592.14346413,0.0,10095840.0,0.0,0.0,23804948.45965188,-5.005858838558197e-9 
 01/23  13:00:00,39607004.52054282,24701760.0,1701100.9480169367,13204143.572525889,12115426.396664748,0.0,8501760.0,0.0,0.0,21650071.494377244,-1.5133991837501526e-9 
 01/23  14:00:00,41263991.318556994,25764480.0,2035880.4681161726,13463630.85044082,12469288.059215117,0.0,9564480.0,0.0,0.0,18097742.69306933,-1.862645149230957e-9 
 01/23  15:00:00,40644610.76176441,25027200.0,2131093.2419080376,13486317.519856367,12527654.308657177,0.0,10627200.0,0.0,0.0,19891803.098008934,-2.7939677238464355e-9 
 01/23  16:00:00,37560253.284602694,23227200.0,1907980.1738204889,12425073.110782204,11505260.171565562,0.0,10627200.0,0.0,0.0,18536209.49711907,0.0 
 01/23  17:00:00,33017560.56070449,20516400.0,1594136.6509136893,10907023.909790797,10013354.636393255,0.0,11516400.0,0.0,0.0,17253442.186095897,3.4924596548080444e-9 
 01/23  18:00:00,44624595.40355852,33685200.0,1430499.4721865477,9508895.931371968,8659405.197691442,0.0,24685200.0,0.0,0.0,1935375.6980833705,-9.313225746154785e-10 
 01/23  19:00:00,30322861.760741163,21600000.0,1139669.7440210795,7583192.016720082,6688959.225890792,0.0,16200000.0,5332050.756077619,5332050.756077619,0.0,6.984919309616089e-10 
 01/23  20:00:00,19169762.781513277,10800000.0,1136544.5956399357,7233218.185873341,6376981.51211279,0.0,5400000.0,4370220.3433529595,4370220.3433529595,0.0,-2.9103830456733704e-9 
 01/23  21:00:00,6896544.595639936,5760000.0,1136544.5956399357,0.0,0.0,0.0,5400000.0,0.0,0.0,0.0,-3.4924596548080444e-10 
 01/23  22:00:00,2846544.5956399357,1710000.0,1136544.5956399357,0.0,0.0,0.0,1350000.0,0.0,0.0,0.0,-2.3283064365386963e-10 
 01/23  23:00:00,2846544.5956399357,1710000.0,1136544.5956399357,0.0,0.0,0.0,1350000.0,0.0,0.0,0.0,-9.89530235528946e-10 
 01/23  24:00:00,2846544.5956399357,1710000.0,1136544.5956399357,0.0,0.0,0.0,1350000.0,0.0,0.0,0.0,-8.731149137020111e-10 
 01/24  01:00:00,2846544.5956399357,1710000.0,1136544.5956399357,0.0,0.0,0.0,1350000.0,0.0,0.0,0.0,-1.2223608791828156e-9 
 01/24  02:00:00,2846544.5956399357,1710000.0,1136544.5956399357,0.0,0.0,0.0,1350000.0,0.0,0.0,0.0,-2.153683453798294e-9 
 01/24  03:00:00,2846544.5956399357,1710000.0,1136544.5956399357,0.0,0.0,0.0,1350000.0,0.0,0.0,0.0,1.8335413187742233e-9 
 01/24  04:00:00,2846544.5956399357,1710000.0,1136544.5956399357,0.0,0.0,0.0,1350000.0,0.0,0.0,0.0,2.3283064365386963e-10 
 01/24  05:00:00,2846544.5956399357,1710000.0,1136544.5956399357,0.0,0.0,0.0,1350000.0,0.0,0.0,0.0,-4.94765117764473e-10 
 01/24  06:00:00,2846544.5956399357,1710000.0,1136544.5956399357,0.0,0.0,0.0,1350000.0,0.0,0.0,0.0,2.9103830456733704e-10 
 01/24  07:00:00,10475045.343916085,1710000.0,1136544.5956399357,7628500.748276148,6729974.308954543,0.0,1350000.0,36114455.35110604,36114455.35110604,180197.865345235,-1.775333657860756e-9 
 01/24  08:00:00,11577717.708986277,1686240.0,1136544.5956399357,8754933.113346342,7759336.687469972,0.0,1326240.0,25883046.603492104,25883046.603492104,3236237.474455353,-3.259629011154175e-9 
 01/24  09:00:00,37021517.53449413,25732800.0,1143498.5931561356,10145218.941338,9008986.514979081,0.0,18532800.0,5057651.0416526,5057651.0416526,14201972.469996918,-3.14321368932724e-9 
 01/24  10:00:00,43952283.24194313,30577680.0,1390233.3078499264,11984369.934093202,10751232.422649778,0.0,14377680.0,342688.916771817,342688.916771817,23005143.38095911,-3.6088749766349792e-9 
 01/24  11:00:00,42933865.965243354,26827200.0,1719867.8799716013,14386798.085271759,13077183.344561368,0.0,10627200.0,0.0,0.0,24423453.023179114,-3.841705620288849e-9 
 01/24  12:00:00,43440060.18654543,26295840.0,1843622.9997403976,15300597.186805036,13991401.10500915,0.0,10095840.0,0.0,0.0,23701432.090795934,-3.958120942115784e-9 
 01/24  13:00:00,40921176.34898707,24701760.0,1678988.6197466338,14540427.729240434,13281816.137271533,0.0,8501760.0,0.0,0.0,21439060.202076565,-5.238689482212067e-9 
 01/24  14:00:00,43355836.64628081,25764480.0,2098820.5563274417,15492536.089953369,14291686.062267536,0.0,9564480.0,0.0,0.0,20216263.353011776,-8.149072527885437e-9 
 01/24  15:00:00,42297831.60963938,25027200.0,2108638.457951303,15161993.151688077,14005158.799322288,0.0,10627200.0,0.0,0.0,18436544.070850495,-2.561137080192566e-9 
 01/24  16:00:00,38803053.60575518,23227200.0,1803742.0350887075,13772111.570666475,12650234.681453574,0.0,10627200.0,0.0,0.0,15829537.730197065,-2.7939677238464355e-9 
 01/24  17:00:00,34925392.23754342,21405600.0,1498335.324841556,12021456.912701868,10931935.69015453,0.0,12405600.0,0.0,0.0,15107802.78801608,-4.656612873077393e-10 
 01/24  18:00:00,45084752.71917549,32259600.0,1452217.9058136477,11372934.813361842,10314595.611402137,0.0,23259600.0,0.0,0.0,9778695.6211205,-6.752088665962219e-9 
 01/24  19:00:00,31977742.252898,21600000.0,1140607.2036348751,9237135.049263122,8141790.264413634,0.0,16200000.0,5167246.017123338,5167246.017123338,0.0,1.5133991837501526e-9 
 01/24  20:00:00,20770142.40985456,10800000.0,1136544.5956399357,8833597.814214624,7792247.599517994,0.0,5400000.0,4322216.148436107,4322216.148436107,0.0,-1.1641532182693481e-9 
 01/24  21:00:00,6896544.595639936,5760000.0,1136544.5956399357,0.0,0.0,0.0,5400000.0,0.0,0.0,0.0,-2.3283064365386963e-9 
 01/24  22:00:00,2846544.5956399357,1710000.0,1136544.5956399357,0.0,0.0,0.0,1350000.0,0.0,0.0,0.0,-2.0954757928848267e-9 
 01/24  23:00:00,2846544.5956399357,1710000.0,1136544.5956399357,0.0,0.0,0.0,1350000.0,0.0,0.0,0.0,-1.4551915228366852e-9 
 01/24  24:00:00,2846544.5956399357,1710000.0,1136544.5956399357,0.0,0.0,0.0,1350000.0,0.0,0.0,0.0,-2.561137080192566e-9 
 01/25  01:00:00,2846544.5956399357,1710000.0,1136544.5956399357,0.0,0.0,0.0,1350000.0,0.0,0.0,0.0,-2.0372681319713593e-9 
 01/25  02:00:00,2846544.5956399357,1710000.0,1136544.5956399357,0.0,0.0,0.0,1350000.0,0.0,0.0,0.0,-5.820766091346741e-11 
 01/25  03:00:00,2846544.5956399357,1710000.0,1136544.5956399357,0.0,0.0,0.0,1350000.0,0.0,0.0,0.0,-2.2118911147117615e-9 
 01/25  04:00:00,2846544.5956399357,1710000.0,1136544.5956399357,0.0,0.0,0.0,1350000.0,0.0,0.0,0.0,-3.754394128918648e-9 
 01/25  05:00:00,2846544.5956399357,1710000.0,1136544.5956399357,0.0,0.0,0.0,1350000.0,0.0,0.0,0.0,-2.2118911147117615e-9 
 01/25  06:00:00,2846544.5956399357,1710000.0,1136544.5956399357,0.0,0.0,0.0,1350000.0,0.0,0.0,0.0,8.149072527885437e-10 
 01/25  07:00:00,11096944.550861595,1710000.0,1136544.5956399357,8250399.95522166,7279880.028376248,0.0,1350000.0,35875220.37868542,35875220.37868542,0.0,3.4924596548080444e-10 
 01/25  08:00:00,12190189.516623838,1710000.0,1136544.5956399357,9343644.920983901,8277257.242712952,0.0,1350000.0,26093309.06779875,26093309.06779875,2049725.6039937064,2.9685907065868378e-9 
 01/25  09:00:00,38858071.497255996,26960760.0,1140148.3937222164,10757163.103533775,9547921.807519576,0.0,19760760.0,5248906.09949369,5248906.09949369,12565289.377508022,-3.14321368932724e-9 
 01/25  10:00:00,45193635.85732514,31029120.0,1393941.1301273832,12770574.727197751,11454012.594367253,0.0,14829120.0,353659.15606710914,353659.15606710914,23748493.592137497,-1.3969838619232178e-9 
 01/25  11:00:00,47792036.88913232,30445200.0,1802906.6783135254,15543930.210818797,14162154.048907474,0.0,14245200.0,0.0,0.0,26339523.614954993,-3.725290298461914e-9 
 01/25  12:00:00,44617613.811501876,26295840.0,1902261.9563134052,16419511.85518847,15039981.444222484,0.0,10095840.0,0.0,0.0,23962012.976831585,-3.026798367500305e-9 
 01/25  13:00:00,42393726.922092736,24701760.0,1761156.178774712,15930810.74331802,14590292.317817703,0.0,8501760.0,0.0,0.0,22312454.21748736,-5.122274160385132e-9 
 01/25  14:00:00,44919286.70486378,25764480.0,2199694.171599732,16955112.53326404,15667788.439431386,0.0,9564480.0,0.0,0.0,19466581.148587026,-4.423782229423523e-9 
 01/25  15:00:00,43541084.76494318,25027200.0,2157943.6298468756,16355941.1350963,15118476.612558242,0.0,10627200.0,0.0,0.0,17121227.783176582,-3.026798367500305e-9 
 01/25  16:00:00,39755403.43495994,23227200.0,1878016.7217002804,14650186.713259652,13483193.737611752,0.0,10627200.0,0.0,0.0,15571229.849655855,-6.28642737865448e-9 
 01/25  17:00:00,38042339.9130387,24073200.0,1515170.2542455085,12453969.658793194,11337913.456305802,0.0,15073200.0,0.0,0.0,11653915.431109311,-2.0954757928848267e-9 
 01/25  18:00:00,47783977.451197244,35049600.0,1403896.1524385253,11330481.29875872,10250676.607680663,0.0,26049600.0,0.0,0.0,3091712.4085083744,-3.958120942115784e-9 
 01/25  19:00:00,32064944.84716384,21600000.0,1137942.170878959,9327002.67628488,8210530.00929424,0.0,16200000.0,5384311.067659887,5384311.067659887,0.0,-2.7939677238464355e-9 
 01/25  20:00:00,20831552.37847036,10800000.0,1136544.5956399357,8895007.782830426,7848090.531480163,0.0,5400000.0,4388731.476476146,4388731.476476146,0.0,-8.149072527885437e-10 
 01/25  21:00:00,6896544.595639936,5760000.0,1136544.5956399357,0.0,0.0,0.0,5400000.0,0.0,0.0,0.0,-2.3283064365386963e-10 
 01/25  22:00:00,2846544.5956399357,1710000.0,1136544.5956399357,0.0,0.0,0.0,1350000.0,0.0,0.0,0.0,-6.984919309616089e-10 
 01/25  23:00:00,2846544.5956399357,1710000.0,1136544.5956399357,0.0,0.0,0.0,1350000.0,0.0,0.0,0.0,-1.2223608791828156e-9 
 01/25  24:00:00,2846544.5956399357,1710000.0,1136544.5956399357,0.0,0.0,0.0,1350000.0,0.0,0.0,0.0,-3.026798367500305e-9 
 01/26  01:00:00,6086544.595639936,4950000.0,1136544.5956399357,0.0,0.0,0.0,1350000.0,0.0,0.0,0.0,1.7462298274040222e-9 
 01/26  02:00:00,6086544.595639936,4950000.0,1136544.5956399357,0.0,0.0,0.0,1350000.0,0.0,0.0,0.0,-1.2223608791828156e-9 
 01/26  03:00:00,6086544.595639936,4950000.0,1136544.5956399357,0.0,0.0,0.0,1350000.0,0.0,0.0,0.0,1.4551915228366852e-9 
 01/26  04:00:00,6086544.595639936,4950000.0,1136544.5956399357,0.0,0.0,0.0,1350000.0,0.0,0.0,0.0,-3.3760443329811096e-9 
 01/26  05:00:00,6086544.595639936,4950000.0,1136544.5956399357,0.0,0.0,0.0,1350000.0,0.0,0.0,0.0,-2.5029294192790985e-9 
 01/26  06:00:00,6086544.595639936,4950000.0,1136544.5956399357,0.0,0.0,0.0,1350000.0,0.0,0.0,0.0,3.026798367500305e-9 
 01/26  07:00:00,6086544.595639936,4950000.0,1136544.5956399357,0.0,0.0,0.0,1350000.0,0.0,0.0,75362.60240003075,-1.1059455573558807e-9 
 01/26  08:00:00,6086544.595639936,4950000.0,1136544.5956399357,0.0,0.0,0.0,1350000.0,0.0,0.0,3219565.846516018,-2.2118911147117615e-9 
 01/26  09:00:00,5721684.595639936,4585140.0,1136544.5956399357,0.0,0.0,0.0,985140.0,0.0,0.0,15674002.926195256,-3.434251993894577e-9 
 01/26  10:00:00,5469504.595639936,4332960.0,1136544.5956399357,0.0,0.0,0.0,732960.0,0.0,0.0,22975693.587767206,1.1641532182693481e-9 
 01/26  11:00:00,5312364.595639936,4175820.0,1136544.5956399357,0.0,0.0,0.0,575820.0,0.0,0.0,25466679.11522483,-4.3655745685100555e-9 
 01/26  12:00:00,5267904.595639936,4131360.0,1136544.5956399357,0.0,0.0,0.0,531360.0,0.0,0.0,23570296.39629055,-3.4924596548080444e-10 
 01/26  13:00:00,5267904.595639936,4131360.0,1136544.5956399357,0.0,0.0,0.0,531360.0,0.0,0.0,21291204.833474442,-2.9103830456733704e-9 
 01/26  14:00:00,5267904.595639936,4131360.0,1136544.5956399357,0.0,0.0,0.0,531360.0,0.0,0.0,19760200.89019311,-4.423782229423523e-9 
 01/26  15:00:00,5267904.595639936,4131360.0,1136544.5956399357,0.0,0.0,0.0,531360.0,0.0,0.0,17312997.82103694,-2.561137080192566e-9 
 01/26  16:00:00,5267904.595639936,4131360.0,1136544.5956399357,0.0,0.0,0.0,531360.0,0.0,0.0,20641379.05813813,-9.313225746154785e-10 
 01/26  17:00:00,5445744.595639936,4309200.0,1136544.5956399357,0.0,0.0,0.0,709200.0,0.0,0.0,13145686.767120417,-2.0954757928848267e-9 
 01/26  18:00:00,5855064.595639936,4718520.0,1136544.5956399357,0.0,0.0,0.0,1118520.0,0.0,0.0,10169671.890706483,-6.51925802230835e-9 
 01/26  19:00:00,6086544.595639936,4950000.0,1136544.5956399357,0.0,0.0,0.0,1350000.0,0.0,0.0,0.0,-5.471520125865936e-9 
 01/26  20:00:00,6086544.595639936,4950000.0,1136544.5956399357,0.0,0.0,0.0,1350000.0,0.0,0.0,0.0,-2.444721758365631e-9 
 01/26  21:00:00,6086544.595639936,4950000.0,1136544.5956399357,0.0,0.0,0.0,1350000.0,0.0,0.0,0.0,-3.725290298461914e-9 
 01/26  22:00:00,6086544.595639936,4950000.0,1136544.5956399357,0.0,0.0,0.0,1350000.0,0.0,0.0,0.0,1.1641532182693481e-10 
 01/26  23:00:00,6086544.595639936,4950000.0,1136544.5956399357,0.0,0.0,0.0,1350000.0,0.0,0.0,0.0,0.0 
 01/26  24:00:00,6086544.595639936,4950000.0,1136544.5956399357,0.0,0.0,0.0,1350000.0,0.0,0.0,0.0,9.313225746154785e-10 
 01/27  01:00:00,6086544.595639936,4950000.0,1136544.5956399357,0.0,0.0,0.0,1350000.0,0.0,0.0,0.0,-1.979060471057892e-9 
 01/27  02:00:00,6086544.595639936,4950000.0,1136544.5956399357,0.0,0.0,0.0,1350000.0,0.0,0.0,0.0,2.3283064365386963e-10 
 01/27  03:00:00,6086544.595639936,4950000.0,1136544.5956399357,0.0,0.0,0.0,1350000.0,0.0,0.0,0.0,-1.9208528101444244e-9 
 01/27  04:00:00,6086544.595639936,4950000.0,1136544.5956399357,0.0,0.0,0.0,1350000.0,0.0,0.0,0.0,-9.313225746154785e-10 
 01/27  05:00:00,6086544.595639936,4950000.0,1136544.5956399357,0.0,0.0,0.0,1350000.0,0.0,0.0,0.0,-6.984919309616089e-10 
 01/27  06:00:00,6086544.595639936,4950000.0,1136544.5956399357,0.0,0.0,0.0,1350000.0,0.0,0.0,0.0,-5.820766091346741e-10 
 01/27  07:00:00,6086544.595639936,4950000.0,1136544.5956399357,0.0,0.0,0.0,1350000.0,0.0,0.0,1808374.7250891158,-1.4551915228366852e-9 
 01/27  08:00:00,6062784.595639936,4926240.0,1136544.5956399357,0.0,0.0,0.0,1326240.0,0.0,0.0,11115356.278658653,-3.4924596548080444e-9 
 01/27  09:00:00,5789904.595639936,4653360.0,1136544.595639936,0.0,0.0,0.0,1053360.0,0.0,0.0,23827343.7305776,2.7939677238464355e-9 
 01/27  10:00:00,5517024.595639936,4380480.0,1136544.5956399357,0.0,0.0,0.0,780480.0,0.0,0.0,25005318.78911174,-1.4551915228366852e-9 
 01/27  11:00:00,5312364.595639936,4175820.0,1136544.5956399357,0.0,0.0,0.0,575820.0,0.0,0.0,25459183.2451836,-6.752088665962219e-9 
 01/27  12:00:00,5267904.595639936,4131360.0,1136544.5956399357,0.0,0.0,0.0,531360.0,0.0,0.0,23477000.15418134,-4.773028194904327e-9 
 01/27  13:00:00,5267904.595639936,4131360.0,1136544.5956399357,0.0,0.0,0.0,531360.0,0.0,0.0,21146474.248032726,-1.979060471057892e-9 
 01/27  14:00:00,5267904.595639936,4131360.0,1136544.5956399357,0.0,0.0,0.0,531360.0,0.0,0.0,20654423.083819594,-2.3283064365386963e-10 
 01/27  15:00:00,5267904.595639936,4131360.0,1136544.5956399357,0.0,0.0,0.0,531360.0,0.0,0.0,20524544.552811474,-6.51925802230835e-9 
 01/27  16:00:00,5267904.595639936,4131360.0,1136544.5956399357,0.0,0.0,0.0,531360.0,0.0,0.0,23860402.350191265,-2.561137080192566e-9 
 01/27  17:00:00,5267904.595639936,4131360.0,1136544.5956399357,0.0,0.0,0.0,531360.0,0.0,0.0,19650942.250001237,-3.4924596548080444e-9 
 01/27  18:00:00,5786844.595639936,4650300.0,1136544.5956399357,0.0,0.0,0.0,1050300.0,0.0,0.0,12618309.839413844,-3.725290298461914e-9 
 01/27  19:00:00,6086544.595639936,4950000.0,1136544.5956399357,0.0,0.0,0.0,1350000.0,0.0,0.0,0.0,-3.841705620288849e-9 
 01/27  20:00:00,6086544.595639936,4950000.0,1136544.5956399357,0.0,0.0,0.0,1350000.0,0.0,0.0,0.0,-3.841705620288849e-9 
 01/27  21:00:00,6086544.595639936,4950000.0,1136544.5956399357,0.0,0.0,0.0,1350000.0,0.0,0.0,0.0,-1.280568540096283e-9 
 01/27  22:00:00,6086544.595639936,4950000.0,1136544.5956399357,0.0,0.0,0.0,1350000.0,0.0,0.0,0.0,-9.313225746154785e-10 
 01/27  23:00:00,6086544.595639936,4950000.0,1136544.5956399357,0.0,0.0,0.0,1350000.0,0.0,0.0,0.0,1.1641532182693481e-10 
 01/27  24:00:00,6086544.595639936,4950000.0,1136544.5956399357,0.0,0.0,0.0,1350000.0,0.0,0.0,0.0,-3.6088749766349792e-9 
 01/28  01:00:00,2846544.5956399357,1710000.0,1136544.5956399357,0.0,0.0,0.0,1350000.0,0.0,0.0,0.0,5.820766091346741e-10 
 01/28  02:00:00,2846544.5956399357,1710000.0,1136544.5956399357,0.0,0.0,0.0,1350000.0,0.0,0.0,0.0,8.149072527885437e-10 
 01/28  03:00:00,2846544.5956399357,1710000.0,1136544.5956399357,0.0,0.0,0.0,1350000.0,0.0,0.0,0.0,-1.8044374883174896e-9 
 01/28  04:00:00,2846544.5956399357,1710000.0,1136544.5956399357,0.0,0.0,0.0,1350000.0,0.0,0.0,0.0,-1.7462298274040222e-10 
 01/28  05:00:00,2846544.5956399357,1710000.0,1136544.5956399357,0.0,0.0,0.0,1350000.0,0.0,0.0,0.0,-3.026798367500305e-9 
 01/28  06:00:00,2846544.5956399357,1710000.0,1136544.5956399357,0.0,0.0,0.0,1350000.0,0.0,0.0,0.0,-3.521563485264778e-9 
 01/28  07:00:00,10581876.9473726,1710000.0,1136544.5956399357,7735332.351732664,6785779.267967097,0.0,1350000.0,35791053.48728355,35791053.48728355,135770.66957440402,-1.8917489796876907e-9 
 01/28  08:00:00,11326003.856034348,1686240.0,1136544.5956399357,8503219.260394411,7539724.267530779,0.0,1326240.0,25397436.255629793,25397436.255629793,4806662.1898951065,9.89530235528946e-10 
 01/28  09:00:00,36381208.74959582,25732800.0,1165328.4798105368,9483080.269785285,8442430.789647486,0.0,18532800.0,3797679.447084214,3797679.447084214,20379997.522450514,-4.540197551250458e-9 
 01/28  10:00:00,43906052.3386582,31480560.0,1432602.1150543941,10992890.223603798,9906374.854840524,0.0,15280560.0,161014.9002120375,161014.9002120375,26004916.579665806,-2.9103830456733704e-9 
 01/28  11:00:00,46324222.975305095,31334400.0,1851699.8920037472,13138123.083301352,12034286.299572507,0.0,15134400.0,0.0,0.0,26761552.054616906,-1.7462298274040222e-9 
 01/28  12:00:00,42511754.53475285,27140580.0,1894903.019285627,13476271.51546723,12401401.2368676,0.0,10940580.0,0.0,0.0,23818992.483616613,-3.958120942115784e-9 
 01/28  13:00:00,39053337.32952507,24701760.0,1672021.4400900637,12679555.889435004,11630470.82297249,0.0,8501760.0,0.0,0.0,20505910.827614646,-3.958120942115784e-9 
 01/28  14:00:00,41787425.97116868,25764480.0,2080896.634167769,13942049.337000908,12908861.219508136,0.0,9564480.0,0.0,0.0,19835081.337195903,-2.561137080192566e-9 
 01/28  15:00:00,41434522.59768214,25027200.0,2160949.4853643384,14246373.112317806,13212985.780746656,0.0,10627200.0,0.0,0.0,20859445.783951964,-2.561137080192566e-9 
 01/28  16:00:00,38480598.93881713,23227200.0,1924905.4048835388,13328493.533933591,12312889.948701859,0.0,10627200.0,0.0,0.0,18268468.45104577,-3.259629011154175e-9 
 01/28  17:00:00,37240439.1726251,24073200.0,1539708.7555830714,11627530.417042028,10619088.93085948,0.0,15073200.0,0.0,0.0,11891611.273965959,-1.3969838619232178e-9 
 01/28  18:00:00,43672714.90340917,31370400.0,1489493.7106346916,10812821.192774486,9849990.850809608,0.0,22370400.0,0.0,0.0,10801225.334194949,-3.026798367500305e-9 
 01/28  19:00:00,31046182.2534635,21600000.0,1143563.25411935,8302618.999344148,7328967.283843163,0.0,16200000.0,4983939.505970001,4983939.505970001,0.0,-2.7939677238464355e-9 
 01/28  20:00:00,19953228.661415413,10800000.0,1136544.5956399357,8016684.065775476,7077464.390186899,0.0,5400000.0,4138218.2028421545,4138218.2028421545,0.0,-3.14321368932724e-9 
 01/28  21:00:00,6896544.595639936,5760000.0,1136544.5956399357,0.0,0.0,0.0,5400000.0,0.0,0.0,0.0,-1.1641532182693481e-9 
 01/28  22:00:00,2846544.5956399357,1710000.0,1136544.5956399357,0.0,0.0,0.0,1350000.0,0.0,0.0,0.0,-1.7462298274040222e-9 
 01/28  23:00:00,2846544.5956399357,1710000.0,1136544.5956399357,0.0,0.0,0.0,1350000.0,0.0,0.0,0.0,-2.735760062932968e-9 
 01/28  24:00:00,2846544.5956399357,1710000.0,1136544.5956399357,0.0,0.0,0.0,1350000.0,0.0,0.0,0.0,-1.3969838619232178e-9 
 01/29  01:00:00,2846544.5956399357,1710000.0,1136544.5956399357,0.0,0.0,0.0,1350000.0,0.0,0.0,0.0,-1.7462298274040222e-10 
 01/29  02:00:00,2846544.5956399357,1710000.0,1136544.5956399357,0.0,0.0,0.0,1350000.0,0.0,0.0,0.0,1.2223608791828156e-9 
 01/29  03:00:00,2846544.5956399357,1710000.0,1136544.5956399357,0.0,0.0,0.0,1350000.0,0.0,0.0,0.0,1.1641532182693481e-9 
 01/29  04:00:00,2846544.5956399357,1710000.0,1136544.5956399357,0.0,0.0,0.0,1350000.0,0.0,0.0,0.0,-1.6298145055770874e-9 
 01/29  05:00:00,2846544.5956399357,1710000.0,1136544.5956399357,0.0,0.0,0.0,1350000.0,0.0,0.0,0.0,8.731149137020111e-11 
 01/29  06:00:00,2846544.5956399357,1710000.0,1136544.5956399357,0.0,0.0,0.0,1350000.0,0.0,0.0,0.0,6.984919309616089e-10 
 01/29  07:00:00,11067663.006005092,1710000.0,1136544.5956399357,8221118.410365155,7255666.802325212,0.0,1350000.0,35024249.68637854,35024249.68637854,0.0,-3.3178366720676422e-9 
 01/29  08:00:00,12022593.77818959,1686240.0,1136544.5956399357,9199809.182549654,8153206.805920396,0.0,1326240.0,25328654.567832403,25328654.567832403,3345366.305964187,-3.0850060284137726e-9 
 01/29  09:00:00,35930254.58061014,24504840.0,1150952.0659186756,10274462.51469146,9124210.369033523,0.0,17304840.0,4581425.0916026635,4581425.0916026635,16883877.189301267,-2.9103830456733704e-9 
 01/29  10:00:00,43455870.057218224,30126240.0,1401285.2911624222,11928344.7660558,10709105.862316413,0.0,13926240.0,224634.28115442698,224634.28115442698,22252581.718523268,-2.9103830456733704e-9 
 01/29  11:00:00,42371604.1024217,26827200.0,1752559.8862637747,13791844.216157928,12563909.514056966,0.0,10627200.0,0.0,0.0,24402734.620439842,-2.2118911147117615e-9 
 01/29  12:00:00,42407840.147001624,26295840.0,1856970.3432038308,14255029.8037978,13066592.901169445,0.0,10095840.0,0.0,0.0,23766328.431648813,-5.122274160385132e-9 
 01/29  13:00:00,39851425.564014,24701760.0,1649459.078920925,13500206.485093076,12341407.672238775,0.0,8501760.0,0.0,0.0,21348977.98266442,-6.752088665962219e-9 
 01/29  14:00:00,42677717.45625976,25764480.0,2082797.983324278,14830439.472935485,13693718.27090663,0.0,9564480.0,0.0,0.0,21586996.339939088,-3.725290298461914e-9 
 01/29  15:00:00,42302556.84687172,25027200.0,2172059.482122332,15103297.364749383,13980149.81643411,0.0,10627200.0,0.0,0.0,21537716.465420984,-2.3283064365386963e-9 
 01/29  16:00:00,39560819.80617176,23227200.0,2017286.6634594176,14316333.142712343,13232812.999365997,0.0,10627200.0,0.0,0.0,21507846.89971712,-4.6566128730773926e-9 
 01/29  17:00:00,34874442.564250775,20516400.0,1661307.4996647777,12696735.064585999,11641138.62449175,0.0,11516400.0,0.0,0.0,18669663.727863796,-2.3283064365386963e-10 
 01/29  18:00:00,46557670.70741465,33685200.0,1499273.4930864098,11373197.214328237,10364753.08558605,0.0,24685200.0,0.0,0.0,4939795.525534268,-2.7939677238464355e-9 
 01/29  19:00:00,31455099.852746703,21600000.0,1144706.0959260825,8710393.756820623,7685759.530805865,0.0,16200000.0,4795839.372091731,4795839.372091731,0.0,-3.259629011154175e-9 
 01/29  20:00:00,20205028.250673633,10800000.0,1136544.5956399357,8268483.655033695,7292867.505371702,0.0,5400000.0,4284806.083961152,4284806.083961152,0.0,-2.2118911147117615e-9 
 01/29  21:00:00,6896544.595639936,5760000.0,1136544.5956399357,0.0,0.0,0.0,5400000.0,0.0,0.0,0.0,2.7939677238464355e-9 
 01/29  22:00:00,2846544.5956399357,1710000.0,1136544.5956399357,0.0,0.0,0.0,1350000.0,0.0,0.0,0.0,2.2118911147117615e-9 
 01/29  23:00:00,2846544.5956399357,1710000.0,1136544.5956399357,0.0,0.0,0.0,1350000.0,0.0,0.0,0.0,1.57160684466362e-9 
 01/29  24:00:00,2846544.5956399357,1710000.0,1136544.5956399357,0.0,0.0,0.0,1350000.0,0.0,0.0,0.0,-8.149072527885437e-10 
 01/30  01:00:00,2846544.5956399357,1710000.0,1136544.5956399357,0.0,0.0,0.0,1350000.0,0.0,0.0,0.0,-9.89530235528946e-10 
 01/30  02:00:00,2846544.5956399357,1710000.0,1136544.5956399357,0.0,0.0,0.0,1350000.0,0.0,0.0,0.0,-1.4551915228366852e-9 
 01/30  03:00:00,2846544.5956399357,1710000.0,1136544.5956399357,0.0,0.0,0.0,1350000.0,0.0,0.0,0.0,6.984919309616089e-10 
 01/30  04:00:00,2846544.5956399357,1710000.0,1136544.5956399357,0.0,0.0,0.0,1350000.0,0.0,0.0,0.0,8.149072527885437e-10 
 01/30  05:00:00,2846544.5956399357,1710000.0,1136544.5956399357,0.0,0.0,0.0,1350000.0,0.0,0.0,0.0,-3.4924596548080444e-9 
 01/30  06:00:00,2846544.5956399357,1710000.0,1136544.5956399357,0.0,0.0,0.0,1350000.0,0.0,0.0,0.0,5.820766091346741e-11 
 01/30  07:00:00,11152777.249056604,1710000.0,1136544.5956399357,8306232.653416667,7335345.310429355,0.0,1350000.0,33086610.200037844,33086610.200037844,175422.17266911874,1.1641532182693481e-10 
 01/30  08:00:00,12245847.517432775,1686240.0,1136544.5956399357,9423062.921792842,8351473.139870806,0.0,1326240.0,24713368.353132036,24713368.353132036,4341925.988189135,-2.3283064365386963e-9 
 01/30  09:00:00,37214529.20111378,25305120.0,1158728.217878336,10750680.983235447,9546573.643648103,0.0,18105120.0,4141742.3669053256,4141742.3669053256,18697853.652143076,-1.280568540096283e-9 
 01/30  10:00:00,45795304.64571133,31480560.0,1450777.6584169744,12863966.987294354,11568850.251727154,0.0,15280560.0,155560.90554883223,155560.90554883223,25979219.10052097,-1.3969838619232178e-9 
 01/30  11:00:00,46826712.78569683,29556000.0,1881993.2275017388,15388719.558195088,14050270.325062677,0.0,13356000.0,0.0,0.0,26671155.525800154,-1.1641532182693481e-9 
 01/30  12:00:00,44573615.693039164,26295840.0,1999072.2934730472,16278703.39956611,14943545.25825296,0.0,10095840.0,0.0,0.0,23898096.206198033,-3.4924596548080444e-9 
 01/30  13:00:00,41996680.42869452,24701760.0,1753199.6277682495,15541720.800926266,14228772.64695696,0.0,8501760.0,0.0,0.0,21224045.345485512,-3.4924596548080444e-9 
 01/30  14:00:00,44542684.551519185,25764480.0,2134688.476119876,16643516.075399308,15351816.37415082,0.0,9564480.0,0.0,0.0,19477298.171624567,-2.0954757928848267e-9 
 01/30  15:00:00,43782755.03881019,25027200.0,2134543.1495848144,16621011.889225384,15336356.115875058,0.0,10627200.0,0.0,0.0,18562634.26350765,-3.725290298461914e-9 
 01/30  16:00:00,40848606.09030722,23227200.0,1971441.3371974516,15649964.75310976,14407956.334473679,0.0,10627200.0,0.0,0.0,20453800.333056647,-6.984919309616089e-9 
 01/30  17:00:00,35886247.218995064,20516400.0,1613774.6595130996,13756072.559481964,12557629.599406263,0.0,11516400.0,0.0,0.0,18300841.10269967,-2.7939677238464355e-9 
 01/30  18:00:00,45610045.72655326,31370400.0,1521946.691516608,12717699.035036657,11559117.865920966,0.0,22370400.0,0.0,0.0,10303893.045406187,-3.259629011154175e-9 
 01/30  19:00:00,32537814.398637366,21600000.0,1146272.794385583,9791541.604251783,8633806.57962992,0.0,16200000.0,4718102.609791884,4718102.609791884,0.0,-5.587935447692871e-9 
 01/30  20:00:00,20962978.21162433,10800000.0,1136544.5956399357,9026433.615984395,7966476.321370115,0.0,5400000.0,4147066.0275372495,4147066.0275372495,0.0,9.313225746154785e-10 
 01/30  21:00:00,6896544.595639936,5760000.0,1136544.5956399357,0.0,0.0,0.0,5400000.0,0.0,0.0,0.0,-4.0745362639427185e-9 
 01/30  22:00:00,2846544.5956399357,1710000.0,1136544.5956399357,0.0,0.0,0.0,1350000.0,0.0,0.0,0.0,3.14321368932724e-9 
 01/30  23:00:00,2846544.5956399357,1710000.0,1136544.5956399357,0.0,0.0,0.0,1350000.0,0.0,0.0,0.0,-3.2014213502407074e-9 
 01/30  24:00:00,2846544.5956399357,1710000.0,1136544.5956399357,0.0,0.0,0.0,1350000.0,0.0,0.0,0.0,1.1641532182693481e-10 
 01/31  01:00:00,2846544.5956399357,1710000.0,1136544.5956399357,0.0,0.0,0.0,1350000.0,0.0,0.0,0.0,-3.4924596548080444e-9 
 01/31  02:00:00,2846544.5956399357,1710000.0,1136544.5956399357,0.0,0.0,0.0,1350000.0,0.0,0.0,0.0,4.190951585769653e-9 
 01/31  03:00:00,2846544.5956399357,1710000.0,1136544.5956399357,0.0,0.0,0.0,1350000.0,0.0,0.0,0.0,-4.307366907596588e-9 
 01/31  04:00:00,2846544.5956399357,1710000.0,1136544.5956399357,0.0,0.0,0.0,1350000.0,0.0,0.0,0.0,-1.7462298274040222e-9 
 01/31  05:00:00,2846544.5956399357,1710000.0,1136544.5956399357,0.0,0.0,0.0,1350000.0,0.0,0.0,0.0,3.8708094507455826e-9 
 01/31  06:00:00,2846544.5956399357,1710000.0,1136544.5956399357,0.0,0.0,0.0,1350000.0,0.0,0.0,0.0,1.6298145055770874e-9 
 01/31  07:00:00,10964468.577839892,1710000.0,1136544.5956399357,8117923.982199957,7163371.429938694,0.0,1350000.0,36160625.33614999,36160625.33614999,40245.69196711804,-4.94765117764473e-9 
 01/31  08:00:00,11862098.260845141,1710000.0,1136544.5956399357,9015553.665205207,7989890.1767797945,0.0,1350000.0,25971125.932480536,25971125.932480536,3063613.5087814564,4.0745362639427185e-10 
 01/31  09:00:00,36289364.91474816,24932520.0,1147315.2057035507,10209529.709044605,9064771.035769632,0.0,17732520.0,4810446.409872864,4810446.409872864,15821877.51627166,-4.773028194904327e-9 
 01/31  10:00:00,43994265.21995994,30577680.0,1387790.0619801087,12028795.157979831,10784039.734872887,0.0,14377680.0,305165.326755255,305165.326755255,23906932.65534441,-3.4924596548080444e-9 
 01/31  11:00:00,43741322.86205969,27716400.0,1724636.105373687,14300286.756686002,12996487.336929424,0.0,11516400.0,0.0,0.0,25668429.56940023,-6.28642737865448e-9 
 01/31  12:00:00,43500815.30869786,26295840.0,1848726.7209710623,15356248.587726794,14040041.348302063,0.0,10095840.0,0.0,0.0,23954540.377275907,2.3283064365386963e-10 
 01/31  13:00:00,41211798.950057924,24701760.0,1678011.3594794706,14832027.590578455,13542388.855128584,0.0,8501760.0,0.0,0.0,21454004.047609657,-3.4924596548080444e-9 
 01/31  14:00:00,43915771.70312574,25764480.0,2123859.683346343,16027432.019779392,14785427.607859612,0.0,9564480.0,0.0,0.0,20677198.13849102,-3.725290298461914e-9 
 01/31  15:00:00,42891754.82277198,25027200.0,2142737.8585648434,15721816.964207133,14527671.369658962,0.0,10627200.0,0.0,0.0,18364290.610985033,-4.190951585769653e-9 
 01/31  16:00:00,39127794.17811668,23227200.0,1852617.402902052,14047976.775214633,12925474.627755484,0.0,10627200.0,0.0,0.0,16208992.801970376,-3.259629011154175e-9 
 01/31  17:00:00,38455775.97890819,24962400.0,1500206.8040301304,11993169.174878059,10914262.491799228,0.0,15962400.0,0.0,0.0,11166940.154899836,-4.423782229423523e-9 
 01/31  18:00:00,47344872.191645056,35049600.0,1396790.0539323809,10898482.137712676,9857670.825916603,0.0,26049600.0,0.0,0.0,3321717.441661559,-6.51925802230835e-9 
 01/31  19:00:00,31627661.740523316,21600000.0,1137472.2077238502,8890189.532799466,7827786.078443432,0.0,16200000.0,5496389.568820339,5496389.568820339,0.0,2.3283064365386963e-10 
 01/31  20:00:00,20420833.888426885,10800000.0,1136544.5956399357,8484289.292786952,7481386.294977223,0.0,5400000.0,4928157.144172276,4928157.144172276,0.0,-6.170012056827545e-9 
 01/31  21:00:00,6896544.595639936,5760000.0,1136544.5956399357,0.0,0.0,0.0,5400000.0,0.0,0.0,0.0,-3.725290298461914e-9 
 01/31  22:00:00,2846544.5956399357,1710000.0,1136544.5956399357,0.0,0.0,0.0,1350000.0,0.0,0.0,0.0,-2.561137080192566e-9 
 01/31  23:00:00,2846544.5956399357,1710000.0,1136544.5956399357,0.0,0.0,0.0,1350000.0,0.0,0.0,0.0,-3.2014213502407074e-9 
 01/31  24:00:00,2846544.5956399357,1710000.0,1136544.5956399357,0.0,0.0,0.0,1350000.0,0.0,0.0,0.0,-2.3865140974521637e-9 
 07/01  01:00:00,1710000.0,1710000.0,0.0,0.0,0.0,0.0,1350000.0,0.0,0.0,0.0,-3.6088749766349792e-9 
 07/01  02:00:00,1710000.0,1710000.0,0.0,0.0,0.0,0.0,1350000.0,0.0,0.0,0.0,-5.878973752260208e-9 
 07/01  03:00:00,1710000.0,1710000.0,0.0,0.0,0.0,0.0,1350000.0,0.0,0.0,0.0,-2.3283064365386963e-9 
 07/01  04:00:00,1710000.0,1710000.0,0.0,0.0,0.0,0.0,1350000.0,0.0,0.0,0.0,-3.4924596548080444e-9 
 07/01  05:00:00,1710000.0,1710000.0,0.0,0.0,0.0,0.0,1350000.0,0.0,0.0,0.0,-6.984919309616089e-10 
 07/01  06:00:00,1710000.0,1710000.0,0.0,0.0,0.0,0.0,1350000.0,0.0,0.0,0.0,-9.89530235528946e-10 
 07/01  07:00:00,18058347.532570288,1710000.0,1136544.5956399357,15211802.93693035,13373025.068369402,0.0,1350000.0,15752621.511224529,15752621.511224529,3533221.508329469,-1.862645149230957e-9 
 07/01  08:00:00,18251260.83002029,1481580.0,1136544.5956399357,15633136.234380355,13832271.643294558,0.0,1121580.0,8542916.194624763,8542916.194624763,19740343.773817573,-2.0954757928848267e-9 
 07/01  09:00:00,40990263.54326928,22476600.0,1196096.8871592376,17317566.656110037,15520019.249715112,0.0,15276600.0,0.0,0.0,29728209.82999305,-1.1641532182693481e-9 
 07/01  10:00:00,57770166.733158715,33170040.0,1621430.0775677604,22978696.65559096,21152753.46585034,0.0,16970040.0,0.0,0.0,23827174.47693853,-5.238689482212067e-9 
 07/01  11:00:00,55124716.01039286,27716400.0,1830254.204461955,25578061.80593091,23701465.21712859,0.0,11516400.0,0.0,0.0,29446580.996219713,-5.238689482212067e-9 
 07/01  12:00:00,53559456.719158314,26295840.0,1771880.4685860346,25491736.25057228,23609366.519435942,0.0,10095840.0,0.0,0.0,27368572.283586916,-3.841705620288849e-9 
 07/01  13:00:00,50703717.06433343,24701760.0,1563871.795320065,24438085.26901336,22538066.458753083,0.0,8501760.0,0.0,0.0,26506435.669782497,-8.149072527885437e-9 
 07/01  14:00:00,54374878.82912217,25764480.0,1796518.2896650382,26813880.53945713,24909284.814018354,0.0,9564480.0,0.0,0.0,26020268.63349122,-3.259629011154175e-9 
 07/01  15:00:00,55087342.19894628,25027200.0,1874507.8310643286,28185634.36788195,26262942.00135511,0.0,10627200.0,0.0,0.0,26875637.980080865,-1.6298145055770874e-9 
 07/01  16:00:00,51872973.3662864,23227200.0,1759619.6618880765,26886153.70439832,24958832.640088573,0.0,10627200.0,0.0,0.0,23286464.604591206,-9.313225746154785e-10 
 07/01  17:00:00,44736043.11322272,19627200.0,1549789.4612537208,23559053.651969,21631732.58765925,0.0,10627200.0,0.0,0.0,21427854.57986333,-4.423782229423523e-9 
 07/01  18:00:00,42459436.89606343,21052800.0,1416762.8539313108,19989874.042132128,18062552.977822382,0.0,12052800.0,0.0,0.0,11362746.896043435,-4.6566128730773926e-9 
 07/01  19:00:00,36741864.383463144,21600000.0,1157796.176677281,13984068.206785869,12079548.225175865,0.0,16200000.0,0.0,0.0,1021323.786352561,-2.0954757928848267e-9 
 07/01  20:00:00,24515741.61241195,10800000.0,1136544.5956399357,12579197.016772011,10760862.602653915,0.0,5400000.0,648894.8959754277,648894.8959754277,0.0,-4.889443516731262e-9 
 07/01  21:00:00,5760000.0,5760000.0,0.0,0.0,0.0,0.0,5400000.0,0.0,0.0,0.0,-9.313225746154785e-10 
 07/01  22:00:00,1710000.0,1710000.0,0.0,0.0,0.0,0.0,1350000.0,0.0,0.0,0.0,3.3760443329811096e-9 
 07/01  23:00:00,1710000.0,1710000.0,0.0,0.0,0.0,0.0,1350000.0,0.0,0.0,0.0,1.6298145055770874e-9 
 07/01  24:00:00,1710000.0,1710000.0,0.0,0.0,0.0,0.0,1350000.0,0.0,0.0,0.0,-2.153683453798294e-9 
 07/02  01:00:00,1710000.0,1710000.0,0.0,0.0,0.0,0.0,1350000.0,0.0,0.0,0.0,-1.2223608791828156e-9 
 07/02  02:00:00,1710000.0,1710000.0,0.0,0.0,0.0,0.0,1350000.0,0.0,0.0,0.0,2.3865140974521637e-9 
 07/02  03:00:00,1710000.0,1710000.0,0.0,0.0,0.0,0.0,1350000.0,0.0,0.0,0.0,2.9103830456733704e-10 
 07/02  04:00:00,1710000.0,1710000.0,0.0,0.0,0.0,0.0,1350000.0,0.0,0.0,0.0,-4.3655745685100555e-9 
 07/02  05:00:00,1710000.0,1710000.0,0.0,0.0,0.0,0.0,1350000.0,0.0,0.0,0.0,-1.280568540096283e-9 
 07/02  06:00:00,1710000.0,1710000.0,0.0,0.0,0.0,0.0,1350000.0,0.0,0.0,53576.53520387532,-1.3387762010097504e-9 
 07/02  07:00:00,16065929.837974183,1710000.0,1136544.5956399357,13219385.242334248,11443295.519615818,0.0,1350000.0,17037192.231655583,17037192.231655583,5821760.496883737,-1.7462298274040222e-9 
 07/02  08:00:00,16866277.886748157,1437120.0,1136544.5956399357,14292613.291108225,12543821.824278884,0.0,1077120.0,7045303.989251665,7045303.989251665,27777235.563029222,-1.280568540096283e-9 
 07/02  09:00:00,40778407.236346975,22476600.0,1258073.4918093719,17043733.744537603,15300331.363958042,0.0,15276600.0,0.0,0.0,36387792.31124741,-4.190951585769653e-9 
 07/02  10:00:00,57216441.28008103,30126240.0,1876360.507562328,25213840.77251871,23399711.44449836,0.0,13926240.0,0.0,0.0,34393792.38098291,-6.402842700481415e-9 
 07/02  11:00:00,56885822.50129484,26827200.0,2025667.5485228947,28032954.952771943,26160012.603289586,0.0,10627200.0,0.0,0.0,29734637.743672863,-2.2118911147117615e-9 
 07/02  12:00:00,56796639.8184834,26295840.0,1865514.8449758058,28635284.973507587,26735887.791070484,0.0,10095840.0,0.0,0.0,25097733.42803788,-2.561137080192566e-9 
 07/02  13:00:00,52704212.22930069,24701760.0,1600772.222288588,26401680.007012103,24493988.090754442,0.0,8501760.0,0.0,0.0,23681696.977903873,-2.561137080192566e-9 
 07/02  14:00:00,55436888.577282175,25764480.0,1860931.2360084995,27811477.341273677,25910190.62091577,0.0,9564480.0,0.0,0.0,24895657.505436003,-4.423782229423523e-9 
 07/02  15:00:00,53641358.54445452,25027200.0,1925142.6123186967,26689015.932135824,24787126.382461004,0.0,10627200.0,0.0,0.0,23994459.615018312,-3.4924596548080444e-9 
 07/02  16:00:00,49078382.66768071,23227200.0,1710960.882061233,24140221.78561947,22221817.195490584,0.0,10627200.0,0.0,0.0,17905038.91598004,-3.026798367500305e-9 
 07/02  17:00:00,49193739.42685431,26863200.0,1460989.945570964,20869549.481283356,18942228.416973606,0.0,17863200.0,0.0,0.0,10642986.280698612,-4.889443516731262e-9 
 07/02  18:00:00,46917160.787649974,25682400.0,1360634.3601881848,19874126.427461788,17946805.36315204,0.0,16682400.0,0.0,0.0,7106662.7793619875,-3.725290298461914e-9 
 07/02  19:00:00,38353331.39192036,21600000.0,1148713.2582805462,15604618.133639816,13677297.069330068,0.0,16200000.0,0.0,0.0,840628.7010327373,-3.725290298461914e-9 
 07/02  20:00:00,27498757.063987065,10800000.0,1136544.5956399357,15562212.468347132,13634891.404037382,0.0,5400000.0,0.0,0.0,0.0,-2.561137080192566e-9 
 07/02  21:00:00,5760000.0,5760000.0,0.0,0.0,0.0,0.0,5400000.0,0.0,0.0,0.0,-1.7462298274040222e-9 
 07/02  22:00:00,1710000.0,1710000.0,0.0,0.0,0.0,0.0,1350000.0,0.0,0.0,0.0,-2.2118911147117615e-9 
 07/02  23:00:00,1710000.0,1710000.0,0.0,0.0,0.0,0.0,1350000.0,0.0,0.0,0.0,-3.3760443329811096e-9 
 07/02  24:00:00,1710000.0,1710000.0,0.0,0.0,0.0,0.0,1350000.0,0.0,0.0,0.0,5.238689482212067e-10 
 07/03  01:00:00,1710000.0,1710000.0,0.0,0.0,0.0,0.0,1350000.0,0.0,0.0,0.0,-2.2118911147117615e-9 
 07/03  02:00:00,1710000.0,1710000.0,0.0,0.0,0.0,0.0,1350000.0,0.0,0.0,0.0,-2.0372681319713593e-9 
 07/03  03:00:00,1710000.0,1710000.0,0.0,0.0,0.0,0.0,1350000.0,0.0,0.0,0.0,-1.4551915228366852e-9 
 07/03  04:00:00,1710000.0,1710000.0,0.0,0.0,0.0,0.0,1350000.0,0.0,0.0,0.0,1.979060471057892e-9 
 07/03  05:00:00,1710000.0,1710000.0,0.0,0.0,0.0,0.0,1350000.0,0.0,0.0,0.0,2.3283064365386963e-9 
 07/03  06:00:00,1710000.0,1710000.0,0.0,0.0,0.0,0.0,1350000.0,0.0,0.0,0.0,-6.984919309616089e-10 
 07/03  07:00:00,18495556.732878562,1710000.0,1136544.5956399357,15649012.137238625,13781130.126288448,0.0,1350000.0,17061536.180229317,17061536.180229317,476771.8837513148,-9.89530235528946e-10 
 07/03  08:00:00,19511100.79208983,1710000.0,1136544.5956399357,16664556.196449893,14826163.761293782,0.0,1350000.0,13725662.308007661,13725662.308007661,5084189.074655968,-2.3865140974521637e-9 
 07/03  09:00:00,43942252.15667594,24932520.0,1145011.4574162092,17864720.69925973,16010705.416113896,0.0,17732520.0,0.0,0.0,20071717.77425388,-1.0477378964424133e-9 
 07/03  10:00:00,55560686.038532704,30126240.0,1566528.2382761906,23867917.800256513,22005705.48859786,0.0,13926240.0,0.0,0.0,32383524.794797536,-5.005858838558197e-9 
 07/03  11:00:00,58415628.84815734,30384000.0,1820499.9915726248,26211128.856584713,24322394.143468834,0.0,14184000.0,0.0,0.0,29360170.08845883,-3.841705620288849e-9 
 07/03  12:00:00,57078936.43729983,29732940.0,1753820.304806261,25592176.13249357,23704415.17223769,0.0,13532940.0,0.0,0.0,24577607.646989547,-2.7939677238464355e-9 
 07/03  13:00:00,49869562.85491189,24701760.0,1507909.8371791372,23659893.017732758,21768798.508513797,0.0,8501760.0,0.0,0.0,23389841.71754165,-3.4924596548080444e-9 
 07/03  14:00:00,53918649.71128258,25764480.0,1746312.8343465629,26407856.87693602,24516311.492226087,0.0,9564480.0,0.0,0.0,24804776.96037086,-3.259629011154175e-9 
 07/03  15:00:00,55152567.217317715,25027200.0,1836815.9756049728,28288551.24171274,26370289.831003956,0.0,10627200.0,0.0,0.0,23426950.702141527,1.6298145055770874e-9 
 07/03  16:00:00,53308658.272358075,23227200.0,1805256.2809915366,28276201.991366535,26348880.92705679,0.0,10627200.0,0.0,0.0,26287888.047638338,-6.51925802230835e-9 
 07/03  17:00:00,46715134.07673182,19627200.0,1578908.21044274,25509025.866289087,23581704.801979337,0.0,10627200.0,0.0,0.0,20974422.723711148,-5.122274160385132e-9 
 07/03  18:00:00,45762323.8635975,21052800.0,1452079.0038307686,23257444.859766733,21330123.795456987,0.0,12052800.0,0.0,0.0,12142766.041376812,-4.190951585769653e-9 
 07/03  19:00:00,40155361.48280976,21600000.0,1169151.0739830812,17386210.40882668,15458889.344516933,0.0,16200000.0,0.0,0.0,1423723.2077196343,-4.6566128730773926e-9 
 07/03  20:00:00,27850572.480382767,10800000.0,1136544.5956399357,15914027.884742834,13986706.820433086,0.0,5400000.0,0.0,0.0,0.0,-3.4924596548080444e-10 
 07/03  21:00:00,5760000.0,5760000.0,0.0,0.0,0.0,0.0,5400000.0,0.0,0.0,0.0,-3.4924596548080444e-10 
 07/03  22:00:00,1710000.0,1710000.0,0.0,0.0,0.0,0.0,1350000.0,0.0,0.0,0.0,-1.1641532182693481e-9 
 07/03  23:00:00,1710000.0,1710000.0,0.0,0.0,0.0,0.0,1350000.0,0.0,0.0,0.0,-1.862645149230957e-9 
 07/03  24:00:00,1710000.0,1710000.0,0.0,0.0,0.0,0.0,1350000.0,0.0,0.0,0.0,-6.984919309616089e-10 
 07/04  01:00:00,1710000.0,1710000.0,0.0,0.0,0.0,0.0,1350000.0,0.0,0.0,0.0,-5.820766091346741e-11 
 07/04  02:00:00,1710000.0,1710000.0,0.0,0.0,0.0,0.0,1350000.0,0.0,0.0,0.0,-1.1059455573558807e-9 
 07/04  03:00:00,1710000.0,1710000.0,0.0,0.0,0.0,0.0,1350000.0,0.0,0.0,0.0,6.984919309616089e-10 
 07/04  04:00:00,1710000.0,1710000.0,0.0,0.0,0.0,0.0,1350000.0,0.0,0.0,0.0,-2.561137080192566e-9 
 07/04  05:00:00,1710000.0,1710000.0,0.0,0.0,0.0,0.0,1350000.0,0.0,0.0,0.0,1.5133991837501526e-9 
 07/04  06:00:00,1710000.0,1710000.0,0.0,0.0,0.0,0.0,1350000.0,0.0,0.0,0.0,3.4924596548080444e-10 
 07/04  07:00:00,16625153.11740473,1710000.0,1136544.5956399357,13778608.521764793,11954478.601722863,0.0,1350000.0,16862567.47353386,16862567.47353386,1980227.4215457444,-4.0745362639427185e-10 
 07/04  08:00:00,16645743.92258903,1618020.0,1136544.5956399357,13891179.326949093,12111136.62226935,0.0,1258020.0,11910972.572139136,11910972.572139136,11168150.67982211,-3.958120942115784e-9 
 07/04  09:00:00,41828739.021433875,26160480.0,1144262.470484722,14523996.550949154,12725698.63488172,0.0,18960480.0,0.0,0.0,19024865.726702455,-3.958120942115784e-9 
 07/04  10:00:00,53689674.59190437,32325300.0,1487364.8473434956,19877009.744560882,18064126.843587987,0.0,16125300.0,0.0,0.0,25727614.583025876,-6.868503987789154e-9 
 07/04  11:00:00,56509933.459349446,32284800.0,1693724.4362625203,22531409.02308692,20669039.294228025,0.0,16084800.0,0.0,0.0,26547947.572971005,-6.6356733441352844e-9 
 07/04  12:00:00,55552866.92538528,31480560.0,1640992.572475973,22431314.35290931,20555176.226784803,0.0,15280560.0,0.0,0.0,23607128.122322887,-1.862645149230957e-9 
 07/04  13:00:00,50722908.857760735,28687680.0,1455643.503269161,20579585.354491573,18696772.973136052,0.0,12487680.0,0.0,0.0,23006045.152195837,-2.7939677238464355e-9 
 07/04  14:00:00,49713592.28244787,25764480.0,1653182.6036638443,22295929.67878402,20422168.47528756,0.0,9564480.0,0.0,0.0,25350358.950276,-1.1641532182693481e-9 
 07/04  15:00:00,49855749.09312569,25027200.0,1684655.8310229452,23143893.262102745,21254177.74419076,0.0,10627200.0,0.0,0.0,22796759.177476376,1.6298145055770874e-9 
 07/04  16:00:00,49802613.091684565,25894800.0,1535245.8698810565,22372567.22180351,20451320.050241217,0.0,13294800.0,0.0,0.0,15288479.092907373,-2.0954757928848267e-9 
 07/04  17:00:00,45801169.253979854,23659200.0,1379100.0127139338,20762869.241265923,18835548.176956177,0.0,14659200.0,0.0,0.0,13128631.158337887,-5.587935447692871e-9 
 07/04  18:00:00,44727888.66681917,23842800.0,1306387.8207645514,19578700.84605462,17651379.781744875,0.0,14842800.0,0.0,0.0,7801123.622830821,-4.6566128730773926e-9 
 07/04  19:00:00,38590788.82238928,21600000.0,1139745.3565851892,15851043.465804096,13923722.401494347,0.0,16200000.0,0.0,0.0,721472.3945923713,-2.7939677238464355e-9 
 07/04  20:00:00,27656160.282098185,10800000.0,1136544.5956399357,15719615.686458249,13791912.743116027,0.0,5400000.0,319498.3362912659,319498.3362912659,0.0,-2.2118911147117615e-9 
 07/04  21:00:00,5760000.0,5760000.0,0.0,0.0,0.0,0.0,5400000.0,0.0,0.0,0.0,-2.0954757928848267e-9 
 07/04  22:00:00,1710000.0,1710000.0,0.0,0.0,0.0,0.0,1350000.0,0.0,0.0,0.0,-1.979060471057892e-9 
 07/04  23:00:00,1710000.0,1710000.0,0.0,0.0,0.0,0.0,1350000.0,0.0,0.0,0.0,7.566995918750763e-10 
 07/04  24:00:00,1710000.0,1710000.0,0.0,0.0,0.0,0.0,1350000.0,0.0,0.0,0.0,-2.9685907065868378e-9 
 07/05  01:00:00,4950000.0,4950000.0,0.0,0.0,0.0,0.0,1350000.0,0.0,0.0,0.0,9.313225746154785e-10 
 07/05  02:00:00,4950000.0,4950000.0,0.0,0.0,0.0,0.0,1350000.0,0.0,0.0,0.0,9.313225746154785e-10 
 07/05  03:00:00,4950000.0,4950000.0,0.0,0.0,0.0,0.0,1350000.0,0.0,0.0,0.0,-1.280568540096283e-9 
 07/05  04:00:00,4950000.0,4950000.0,0.0,0.0,0.0,0.0,1350000.0,0.0,0.0,0.0,-1.979060471057892e-9 
 07/05  05:00:00,4950000.0,4950000.0,0.0,0.0,0.0,0.0,1350000.0,0.0,0.0,0.0,-1.8044374883174896e-9 
 07/05  06:00:00,4950000.0,4950000.0,0.0,0.0,0.0,0.0,1350000.0,0.0,0.0,0.0,-5.820766091346741e-11 
 07/05  07:00:00,4950000.0,4950000.0,0.0,0.0,0.0,0.0,1350000.0,0.0,0.0,3810541.8246723474,-2.6775524020195007e-9 
 07/05  08:00:00,4721580.0,4721580.0,0.0,0.0,0.0,0.0,1121580.0,0.0,0.0,20960510.561658874,5.820766091346741e-10 
 07/05  09:00:00,4448700.0,4448700.0,0.0,0.0,0.0,0.0,848700.0,0.0,0.0,32035715.29144997,-3.725290298461914e-9 
 07/05  10:00:00,4332960.0,4332960.0,0.0,0.0,0.0,0.0,732960.0,0.0,0.0,34237415.3907011,-6.51925802230835e-9 
 07/05  11:00:00,4332960.0,4332960.0,0.0,0.0,0.0,0.0,732960.0,0.0,0.0,28135405.036401056,-1.6298145055770874e-9 
 07/05  12:00:00,4288500.0,4288500.0,0.0,0.0,0.0,0.0,688500.0,0.0,0.0,26243342.610685226,-3.259629011154175e-9 
 07/05  13:00:00,4312260.0,4312260.0,0.0,0.0,0.0,0.0,712260.0,0.0,0.0,23139508.39801824,-2.561137080192566e-9 
 07/05  14:00:00,4131360.0,4131360.0,0.0,0.0,0.0,0.0,531360.0,0.0,0.0,25369314.592635702,-6.05359673500061e-9 
 07/05  15:00:00,4131360.0,4131360.0,0.0,0.0,0.0,0.0,531360.0,0.0,0.0,19497710.895561337,-6.28642737865448e-9 
 07/05  16:00:00,4131360.0,4131360.0,0.0,0.0,0.0,0.0,531360.0,0.0,0.0,16700092.876062792,-3.026798367500305e-9 
 07/05  17:00:00,4380480.0,4380480.0,0.0,0.0,0.0,0.0,780480.0,0.0,0.0,12164361.221560374,-1.6298145055770874e-9 
 07/05  18:00:00,4273920.0,4273920.0,0.0,0.0,0.0,0.0,673920.0,0.0,0.0,9474649.205987338,-6.28642737865448e-9 
 07/05  19:00:00,4905540.0,4905540.0,0.0,0.0,0.0,0.0,1305540.0,0.0,0.0,2087740.7933610377,1.1641532182693481e-10 
 07/05  20:00:00,4950000.0,4950000.0,0.0,0.0,0.0,0.0,1350000.0,0.0,0.0,0.0,-2.9103830456733704e-9 
 07/05  21:00:00,4950000.0,4950000.0,0.0,0.0,0.0,0.0,1350000.0,0.0,0.0,0.0,-3.841705620288849e-9 
 07/05  22:00:00,4950000.0,4950000.0,0.0,0.0,0.0,0.0,1350000.0,0.0,0.0,0.0,9.313225746154785e-10 
 07/05  23:00:00,4950000.0,4950000.0,0.0,0.0,0.0,0.0,1350000.0,0.0,0.0,0.0,-2.3283064365386963e-9 
 07/05  24:00:00,4950000.0,4950000.0,0.0,0.0,0.0,0.0,1350000.0,0.0,0.0,0.0,-3.4924596548080444e-9 
 07/06  01:00:00,4950000.0,4950000.0,0.0,0.0,0.0,0.0,1350000.0,0.0,0.0,0.0,1.6298145055770874e-9 
 07/06  02:00:00,4950000.0,4950000.0,0.0,0.0,0.0,0.0,1350000.0,0.0,0.0,0.0,-1.1641532182693481e-10 
 07/06  03:00:00,4950000.0,4950000.0,0.0,0.0,0.0,0.0,1350000.0,0.0,0.0,0.0,-3.259629011154175e-9 
 07/06  04:00:00,4950000.0,4950000.0,0.0,0.0,0.0,0.0,1350000.0,0.0,0.0,0.0,-2.3283064365386963e-9 
 07/06  05:00:00,4950000.0,4950000.0,0.0,0.0,0.0,0.0,1350000.0,0.0,0.0,0.0,5.820766091346741e-10 
 07/06  06:00:00,4950000.0,4950000.0,0.0,0.0,0.0,0.0,1350000.0,0.0,0.0,0.0,-1.6298145055770874e-9 
 07/06  07:00:00,4950000.0,4950000.0,0.0,0.0,0.0,0.0,1350000.0,0.0,0.0,1936731.4625544725,-1.6880221664905548e-9 
 07/06  08:00:00,4902480.0,4902480.0,0.0,0.0,0.0,0.0,1302480.0,0.0,0.0,10295124.200438295,-1.979060471057892e-9 
 07/06  09:00:00,4721580.0,4721580.0,0.0,0.0,0.0,0.0,1121580.0,0.0,0.0,15856534.875260152,-3.3760443329811096e-9 
 07/06  10:00:00,4493160.0,4493160.0,0.0,0.0,0.0,0.0,893160.0,0.0,0.0,23599343.721776567,-3.3760443329811096e-9 
 07/06  11:00:00,4605840.0,4605840.0,0.0,0.0,0.0,0.0,1005840.0,0.0,0.0,19928950.579199683,-1.862645149230957e-9 
 07/06  12:00:00,4404240.0,4404240.0,0.0,0.0,0.0,0.0,804240.0,0.0,0.0,24890874.069102794,-3.958120942115784e-9 
 07/06  13:00:00,4175820.0,4175820.0,0.0,0.0,0.0,0.0,575820.0,0.0,0.0,25677096.60517764,-3.6088749766349792e-9 
 07/06  14:00:00,4175820.0,4175820.0,0.0,0.0,0.0,0.0,575820.0,0.0,0.0,22054814.483029805,-4.889443516731262e-9 
 07/06  15:00:00,4131360.0,4131360.0,0.0,0.0,0.0,0.0,531360.0,0.0,0.0,24749342.477760833,-3.4924596548080444e-9 
 07/06  16:00:00,4131360.0,4131360.0,0.0,0.0,0.0,0.0,531360.0,0.0,0.0,21479983.244672127,-4.190951585769653e-9 
 07/06  17:00:00,4653360.0,4653360.0,0.0,0.0,0.0,0.0,1053360.0,0.0,0.0,7382225.197567647,-1.862645149230957e-9 
 07/06  18:00:00,4881780.0,4881780.0,0.0,0.0,0.0,0.0,1281780.0,0.0,0.0,3665620.170382545,-1.3969838619232178e-9 
 07/06  19:00:00,4950000.0,4950000.0,0.0,0.0,0.0,0.0,1350000.0,0.0,0.0,263743.48220086226,-3.14321368932724e-9 
 07/06  20:00:00,4950000.0,4950000.0,0.0,0.0,0.0,0.0,1350000.0,0.0,0.0,0.0,-3.841705620288849e-9 
 07/06  21:00:00,4950000.0,4950000.0,0.0,0.0,0.0,0.0,1350000.0,0.0,0.0,0.0,5.820766091346741e-10 
 07/06  22:00:00,4950000.0,4950000.0,0.0,0.0,0.0,0.0,1350000.0,0.0,0.0,0.0,-4.656612873077393e-10 
 07/06  23:00:00,4950000.0,4950000.0,0.0,0.0,0.0,0.0,1350000.0,0.0,0.0,0.0,1.3969838619232178e-9 
 07/06  24:00:00,4950000.0,4950000.0,0.0,0.0,0.0,0.0,1350000.0,0.0,0.0,0.0,-3.3760443329811096e-9 
 07/07  01:00:00,1710000.0,1710000.0,0.0,0.0,0.0,0.0,1350000.0,0.0,0.0,0.0,-2.7939677238464355e-9 
 07/07  02:00:00,1710000.0,1710000.0,0.0,0.0,0.0,0.0,1350000.0,0.0,0.0,0.0,1.1641532182693481e-10 
 07/07  03:00:00,1710000.0,1710000.0,0.0,0.0,0.0,0.0,1350000.0,0.0,0.0,0.0,-3.6088749766349792e-9 
 07/07  04:00:00,1710000.0,1710000.0,0.0,0.0,0.0,0.0,1350000.0,0.0,0.0,0.0,1.6298145055770874e-9 
 07/07  05:00:00,1710000.0,1710000.0,0.0,0.0,0.0,0.0,1350000.0,0.0,0.0,0.0,-4.540197551250458e-9 
 07/07  06:00:00,1710000.0,1710000.0,0.0,0.0,0.0,0.0,1350000.0,0.0,0.0,0.0,-6.984919309616089e-10 
 07/07  07:00:00,15645557.851342339,1710000.0,1136544.5956399357,12799013.255702402,11001806.927103356,0.0,1350000.0,17161908.061280075,17161908.061280075,3159197.4891127995,-3.3178366720676422e-9 
 07/07  08:00:00,15776945.333951637,1505340.0,1136544.5956399357,13135060.738311702,11369458.353455521,0.0,1145340.0,10061565.166671367,10061565.166671367,18708608.985929847,2.735760062932968e-9 
 07/07  09:00:00,38265811.822142035,22476600.0,1187589.2871521027,14601622.534989934,12853549.691865157,0.0,15276600.0,140973.02662308753,140973.02662308753,31143981.96300063,-8.149072527885437e-10 
 07/07  10:00:00,53522050.61114064,31480560.0,1629933.786178005,20411556.82496264,18628673.029094078,0.0,15280560.0,0.0,0.0,28785293.96083647,-3.4924596548080444e-9 
 07/07  11:00:00,56737626.36379112,32284800.0,1769253.534090061,22683572.82970106,20836071.39167261,0.0,16084800.0,0.0,0.0,24704410.327568337,9.313225746154785e-10 
 07/07  12:00:00,56390682.159640215,32325300.0,1682357.0883003694,22383025.071339846,20515356.502727464,0.0,16125300.0,0.0,0.0,23099575.741153076,-1.862645149230957e-9 
 07/07  13:00:00,51965201.81862288,29779200.0,1462726.7466775344,20723275.071945343,18837658.767703928,0.0,13579200.0,0.0,0.0,21144305.65489108,-1.3969838619232178e-9 
 07/07  14:00:00,50857885.7472871,27365040.0,1596399.5332168601,21896446.214070246,20017459.60433135,0.0,11165040.0,0.0,0.0,20437295.213082634,2.3283064365386963e-10 
 07/07  15:00:00,49675971.83806438,25027200.0,1649472.946153204,22999298.89191118,21104461.936426032,0.0,10627200.0,0.0,0.0,23238888.604139753,-2.561137080192566e-9 
 07/07  16:00:00,46820607.31057678,23227200.0,1507184.0323879959,22086223.278188795,20165315.149435837,0.0,10627200.0,0.0,0.0,16614609.844569279,-5.3551048040390015e-9 
 07/07  17:00:00,42028316.28940083,20516400.0,1354168.5510591767,20157747.738341656,18230426.674031906,0.0,11516400.0,0.0,0.0,14271144.49537353,-2.0954757928848267e-9 
 07/07  18:00:00,42218531.02318564,22478400.0,1296246.172458665,18443884.85072697,16516563.786417224,0.0,13478400.0,0.0,0.0,9060728.56338176,-3.725290298461914e-9 
 07/07  19:00:00,36873330.75796732,21600000.0,1137720.0329309742,14135610.72503635,12208159.155110577,0.0,16200000.0,113034.22067433536,113034.22067433536,744076.348748026,1.7462298274040222e-9 
 07/07  20:00:00,25503672.13629045,10800000.0,1136544.5956399357,13567127.54065051,11638697.272463465,0.0,5400000.0,945813.3101854546,945813.3101854546,0.0,-2.561137080192566e-9 
 07/07  21:00:00,5760000.0,5760000.0,0.0,0.0,0.0,0.0,5400000.0,0.0,0.0,0.0,-3.841705620288849e-9 
 07/07  22:00:00,1710000.0,1710000.0,0.0,0.0,0.0,0.0,1350000.0,0.0,0.0,0.0,-5.820766091346741e-10 
 07/07  23:00:00,1710000.0,1710000.0,0.0,0.0,0.0,0.0,1350000.0,0.0,0.0,0.0,-1.1641532182693481e-9 
 07/07  24:00:00,1710000.0,1710000.0,0.0,0.0,0.0,0.0,1350000.0,0.0,0.0,0.0,-4.249159246683121e-9 
 07/08  01:00:00,1710000.0,1710000.0,0.0,0.0,0.0,0.0,1350000.0,0.0,0.0,0.0,-6.984919309616089e-10 
 07/08  02:00:00,1710000.0,1710000.0,0.0,0.0,0.0,0.0,1350000.0,0.0,0.0,0.0,-2.561137080192566e-9 
 07/08  03:00:00,1710000.0,1710000.0,0.0,0.0,0.0,0.0,1350000.0,0.0,0.0,0.0,2.0372681319713593e-9 
 07/08  04:00:00,1710000.0,1710000.0,0.0,0.0,0.0,0.0,1350000.0,0.0,0.0,0.0,-1.1641532182693481e-10 
 07/08  05:00:00,1710000.0,1710000.0,0.0,0.0,0.0,0.0,1350000.0,0.0,0.0,0.0,1.6298145055770874e-9 
 07/08  06:00:00,1710000.0,1710000.0,0.0,0.0,0.0,0.0,1350000.0,0.0,0.0,0.0,1.7462298274040222e-10 
 07/08  07:00:00,15866581.103214798,1710000.0,1136544.5956399357,13020036.50757486,11214620.040548358,0.0,1350000.0,20222425.193686064,20222425.193686064,2226331.729594823,-3.3760443329811096e-9 
 07/08  08:00:00,16009922.920850925,1573560.0,1136544.5956399357,13299818.325210989,11541766.54956682,0.0,1213560.0,12312930.838740367,12312930.838740367,13505134.246982358,-6.984919309616089e-10 
 07/08  09:00:00,40022950.68830502,24504840.0,1155513.6981523396,14362596.990152685,12589940.67245439,0.0,17304840.0,32923.32175767439,32923.32175767439,24633221.75813419,-1.280568540096283e-9 
 07/08  10:00:00,52501403.11218506,31029120.0,1531051.0237659933,19941232.088419065,18137162.50915694,0.0,14829120.0,0.0,0.0,28754851.85856667,-3.3760443329811096e-9 
 07/08  11:00:00,54901021.52063128,30384000.0,1762023.4472707266,22754998.073360555,20900720.809100993,0.0,14184000.0,0.0,0.0,29656672.81012747,-7.450580596923828e-9 
 07/08  12:00:00,53923493.41459741,29674800.0,1727037.604873804,22521655.8097236,20659124.68492589,0.0,13474800.0,0.0,0.0,27226292.559803564,-7.450580596923828e-9 
 07/08  13:00:00,46783425.757758185,24701760.0,1513374.2282057218,20568291.529552456,18699827.486808717,0.0,8501760.0,0.0,0.0,26636994.748431005,-6.51925802230835e-9 
 07/08  14:00:00,49433953.278873295,25764480.0,1716540.5955998953,21952932.683273394,20089947.40607095,0.0,9564480.0,0.0,0.0,26192694.76558531,-9.313225746154785e-10 
 07/08  15:00:00,49580884.15046382,25027200.0,1759655.1538147177,22794028.9966491,20907980.204472557,0.0,10627200.0,0.0,0.0,25025335.762574352,-3.725290298461914e-9 
 07/08  16:00:00,46727972.01990112,23227200.0,1594975.413925405,21905796.605975717,19990592.67622463,0.0,10627200.0,0.0,0.0,19683468.52179953,-3.026798367500305e-9 
 07/08  17:00:00,40901709.59567237,19627200.0,1393147.1079101507,19881362.487762228,17954041.423452478,0.0,10627200.0,0.0,0.0,15406402.338251576,-6.51925802230835e-9 
 07/08  18:00:00,42567297.077882476,22478400.0,1320554.1804161638,18768342.897466317,16841021.833156567,0.0,13478400.0,0.0,0.0,9791854.424167326,-3.958120942115784e-9 
 07/08  19:00:00,37611834.283946544,21600000.0,1141618.817951325,14870215.465995226,12942894.401685476,0.0,16200000.0,0.0,0.0,1642964.9403896583,-2.444721758365631e-9 
 07/08  20:00:00,26333608.884327456,10800000.0,1136544.5956399357,14397064.288687518,12469310.851897277,0.0,5400000.0,365333.7673351059,365333.7673351059,0.0,1.7462298274040222e-9 
 07/08  21:00:00,5760000.0,5760000.0,0.0,0.0,0.0,0.0,5400000.0,0.0,0.0,0.0,1.0477378964424133e-9 
 07/08  22:00:00,1710000.0,1710000.0,0.0,0.0,0.0,0.0,1350000.0,0.0,0.0,0.0,-1.3969838619232178e-9 
 07/08  23:00:00,1710000.0,1710000.0,0.0,0.0,0.0,0.0,1350000.0,0.0,0.0,0.0,-3.026798367500305e-9 
 07/08  24:00:00,1710000.0,1710000.0,0.0,0.0,0.0,0.0,1350000.0,0.0,0.0,0.0,-6.984919309616089e-10 
 07/09  01:00:00,1710000.0,1710000.0,0.0,0.0,0.0,0.0,1350000.0,0.0,0.0,0.0,-7.566995918750763e-10 
 07/09  02:00:00,1710000.0,1710000.0,0.0,0.0,0.0,0.0,1350000.0,0.0,0.0,0.0,-1.3969838619232178e-9 
 07/09  03:00:00,1710000.0,1710000.0,0.0,0.0,0.0,0.0,1350000.0,0.0,0.0,0.0,9.89530235528946e-10 
 07/09  04:00:00,1710000.0,1710000.0,0.0,0.0,0.0,0.0,1350000.0,0.0,0.0,0.0,-7.566995918750763e-10 
 07/09  05:00:00,1710000.0,1710000.0,0.0,0.0,0.0,0.0,1350000.0,0.0,0.0,0.0,1.3969838619232178e-9 
 07/09  06:00:00,1710000.0,1710000.0,0.0,0.0,0.0,0.0,1350000.0,0.0,0.0,0.0,3.2014213502407074e-9 
 07/09  07:00:00,15612522.939681806,1710000.0,1136544.5956399357,12765978.344041873,10974851.490522822,0.0,1350000.0,19998767.245481227,19998767.245481227,3515792.3739642976,-2.3283064365386963e-9 
 07/09  08:00:00,15768358.907501925,1505340.0,1136544.5956399357,13126474.31186199,11372678.694852484,0.0,1145340.0,10685954.345933605,10685954.345933605,18449434.56813007,-5.238689482212067e-10 
 07/09  09:00:00,38391359.516500205,23276880.0,1167047.1657936585,13947432.350706551,12200525.019737545,0.0,16076880.0,110726.4282421942,110726.4282421942,27120316.110321,0.0 
 07/09  10:00:00,52425098.33085867,31029120.0,1566481.693192422,19829496.63766625,18038507.85490074,0.0,14829120.0,0.0,0.0,29292542.83668951,-3.259629011154175e-9 
 07/09  11:00:00,53918915.34072456,29494800.0,1763596.3181638704,22660519.022560686,20813000.482589785,0.0,13294800.0,0.0,0.0,29004275.054955,-3.259629011154175e-9 
 07/09  12:00:00,55873382.42471421,30577680.0,1731956.1390219992,23563746.285692204,21693491.867198635,0.0,14377680.0,0.0,0.0,25669266.025236316,-4.6566128730773926e-9 
 07/09  13:00:00,48259173.07663651,24701760.0,1525650.4821671478,22031762.59446936,20152272.859117556,0.0,8501760.0,0.0,0.0,26122798.452431887,-4.889443516731262e-9 
 07/09  14:00:00,51204962.16798314,25764480.0,1743567.1134570327,23696915.054526098,21825926.805081915,0.0,9564480.0,0.0,0.0,25941647.449131586,2.3283064365386963e-10 
 07/09  15:00:00,51105471.51925992,25027200.0,1846062.3929698057,24232209.12629012,22346027.269220456,0.0,10627200.0,0.0,0.0,26558589.99775473,0.0 
 07/09  16:00:00,47629007.234230325,23227200.0,1679190.2606537298,22722616.973576598,20814441.13844657,0.0,10627200.0,0.0,0.0,20036281.11221594,-3.958120942115784e-9 
 07/09  17:00:00,41333760.48318767,19627200.0,1463990.0785889986,20242570.40459867,18317404.149242885,0.0,10627200.0,0.0,0.0,17396129.018378563,1.1641532182693481e-9 
 07/09  18:00:00,41534023.40546999,21052800.0,1377698.9151604646,19103524.49030953,17176203.42599978,0.0,12052800.0,0.0,0.0,11967266.83123372,-2.0954757928848267e-9 
 07/09  19:00:00,36840092.167107865,21066480.0,1157718.021948647,14615894.145159226,12688573.080849476,0.0,15666480.0,0.0,0.0,2902365.1068059746,-2.0954757928848267e-9 
 07/09  20:00:00,25801437.311071236,10800000.0,1136544.5956399357,13864892.7154313,11936808.777003668,0.0,5400000.0,648525.1138990457,648525.1138990457,0.0,-6.51925802230835e-9 
 07/09  21:00:00,5760000.0,5760000.0,0.0,0.0,0.0,0.0,5400000.0,0.0,0.0,0.0,-1.1641532182693481e-10 
 07/09  22:00:00,1710000.0,1710000.0,0.0,0.0,0.0,0.0,1350000.0,0.0,0.0,0.0,-8.149072527885437e-10 
 07/09  23:00:00,1710000.0,1710000.0,0.0,0.0,0.0,0.0,1350000.0,0.0,0.0,0.0,-3.026798367500305e-9 
 07/09  24:00:00,1710000.0,1710000.0,0.0,0.0,0.0,0.0,1350000.0,0.0,0.0,0.0,0.0 
 07/10  01:00:00,1710000.0,1710000.0,0.0,0.0,0.0,0.0,1350000.0,0.0,0.0,0.0,-4.6566128730773926e-9 
 07/10  02:00:00,1710000.0,1710000.0,0.0,0.0,0.0,0.0,1350000.0,0.0,0.0,0.0,-2.0372681319713593e-9 
 07/10  03:00:00,1710000.0,1710000.0,0.0,0.0,0.0,0.0,1350000.0,0.0,0.0,0.0,-4.423782229423523e-9 
 07/10  04:00:00,1710000.0,1710000.0,0.0,0.0,0.0,0.0,1350000.0,0.0,0.0,0.0,-8.149072527885437e-10 
 07/10  05:00:00,1710000.0,1710000.0,0.0,0.0,0.0,0.0,1350000.0,0.0,0.0,0.0,-3.2014213502407074e-9 
 07/10  06:00:00,1710000.0,1710000.0,0.0,0.0,0.0,0.0,1350000.0,0.0,0.0,13391.084269269693,1.8044374883174896e-9 
 07/10  07:00:00,15631052.202075627,1710000.0,1136544.5956399357,12784507.606435692,11039009.919124141,0.0,1350000.0,16086560.793701524,16086560.793701524,4141755.3265018417,1.4551915228366852e-9 
 07/10  08:00:00,16245316.677459562,1481580.0,1136544.5956399357,13627192.081819627,11879061.734565975,0.0,1121580.0,8296536.31435056,8296536.31435056,20769906.155986734,-5.3551048040390015e-9 
 07/10  09:00:00,39945350.88477274,23276880.0,1198502.4064312335,15469968.478341503,13715299.997948213,0.0,16076880.0,83161.64907191723,83161.64907191723,28326411.09153434,-6.984919309616089e-10 
 07/10  10:00:00,53569513.638221696,30126240.0,1721771.8608855691,21721501.77733612,19935802.17754022,0.0,13926240.0,0.0,0.0,32849159.69133307,-4.6566128730773926e-9 
 07/10  11:00:00,54405074.047931924,28605600.0,1934990.5903912475,23864483.457540683,22027454.896583628,0.0,12405600.0,0.0,0.0,30192466.306081183,-3.3760443329811096e-9 
 07/10  12:00:00,55345389.34260129,30126240.0,1856845.02836901,23362304.314232282,21515315.90061918,0.0,13926240.0,0.0,0.0,26655134.672278605,-2.561137080192566e-9 
 07/10  13:00:00,48627821.94391385,25413120.0,1595424.212247411,21619277.73166643,19757620.57918402,0.0,9213120.0,0.0,0.0,25924787.363597304,-3.958120942115784e-9 
 07/10  14:00:00,51033261.16755082,25764480.0,1795975.183524617,23472805.98402619,21613865.345042832,0.0,9564480.0,0.0,0.0,25731552.592666153,4.656612873077393e-10 
 07/10  15:00:00,52212070.81667444,25027200.0,1892250.70032558,25292620.116348855,23407604.63368891,0.0,10627200.0,0.0,0.0,27798989.670821186,-4.190951585769653e-9 
 07/10  16:00:00,50012194.69348626,23227200.0,1806940.2602453947,24978054.433240853,23069881.639511768,0.0,10627200.0,0.0,0.0,26641379.93099408,-1.6298145055770874e-9 
 07/10  17:00:00,43179077.07424347,19627200.0,1554781.7288557168,21997095.34538775,20079242.046915807,0.0,10627200.0,0.0,0.0,18965416.15914675,-4.190951585769653e-9 
 07/10  18:00:00,42450365.99083526,22003200.0,1418142.9132730947,19029023.07756216,17122609.818553824,0.0,13003200.0,0.0,0.0,10316148.378144434,-2.7939677238464355e-9 
 07/10  19:00:00,36237483.40859659,21600000.0,1157322.7088060107,13480160.699790573,11617395.09930082,0.0,16200000.0,0.0,0.0,1418306.1537506678,4.656612873077393e-10 
 07/10  20:00:00,24431431.799486022,10800000.0,1136544.5956399357,12494887.20384609,10664322.33105437,0.0,5400000.0,864192.5007161477,864192.5007161477,0.0,-2.0954757928848267e-9 
 07/10  21:00:00,5760000.0,5760000.0,0.0,0.0,0.0,0.0,5400000.0,0.0,0.0,0.0,-4.656612873077393e-10 
 07/10  22:00:00,1710000.0,1710000.0,0.0,0.0,0.0,0.0,1350000.0,0.0,0.0,0.0,-4.307366907596588e-9 
 07/10  23:00:00,1710000.0,1710000.0,0.0,0.0,0.0,0.0,1350000.0,0.0,0.0,0.0,-1.7462298274040222e-9 
 07/10  24:00:00,1710000.0,1710000.0,0.0,0.0,0.0,0.0,1350000.0,0.0,0.0,0.0,-3.0850060284137726e-9 
 07/11  01:00:00,1710000.0,1710000.0,0.0,0.0,0.0,0.0,1350000.0,0.0,0.0,0.0,-1.7462298274040222e-10 
 07/11  02:00:00,1710000.0,1710000.0,0.0,0.0,0.0,0.0,1350000.0,0.0,0.0,0.0,-3.026798367500305e-9 
 07/11  03:00:00,1710000.0,1710000.0,0.0,0.0,0.0,0.0,1350000.0,0.0,0.0,0.0,-4.656612873077393e-10 
 07/11  04:00:00,1710000.0,1710000.0,0.0,0.0,0.0,0.0,1350000.0,0.0,0.0,0.0,1.0477378964424133e-9 
 07/11  05:00:00,1710000.0,1710000.0,0.0,0.0,0.0,0.0,1350000.0,0.0,0.0,0.0,-2.2118911147117615e-9 
 07/11  06:00:00,1710000.0,1710000.0,0.0,0.0,0.0,0.0,1350000.0,0.0,0.0,6686.5888988218885,-1.1641532182693481e-9 
 07/11  07:00:00,15878263.114202805,1710000.0,1136544.5956399357,13031718.51856287,11278134.07807977,0.0,1350000.0,15331165.14940291,15331165.14940291,2370525.6000807593,1.2223608791828156e-9 
 07/11  08:00:00,15691881.008191515,1573560.0,1136544.5956399357,12981776.41255158,11284851.372152904,0.0,1213560.0,9819819.472166786,9819819.472166786,14307210.115140025,-2.6193447411060333e-9 
 07/11  09:00:00,40400212.73067616,24504840.0,1185037.3014768022,14710335.429199353,12968757.94422489,0.0,17304840.0,227174.57657736918,227174.57657736918,24836093.79092311,-1.1641532182693481e-9 
 07/11  10:00:00,54019935.220068485,31029120.0,1621902.0908132852,21368913.129255194,19570573.160843316,0.0,14829120.0,0.0,0.0,27607631.84283746,-8.149072527885437e-10 
 07/11  11:00:00,55265313.11832148,27716400.0,1864179.0020159339,25684734.116305545,23816766.385425393,0.0,11516400.0,0.0,0.0,29782335.59585561,-3.026798367500305e-9 
 07/11  12:00:00,54856620.76277527,26295840.0,1818746.4498682425,26742034.312907033,24858449.65712492,0.0,10095840.0,0.0,0.0,26259354.997933626,-1.979060471057892e-9 
 07/11  13:00:00,51412415.38805827,24701760.0,1569824.9058256266,25140830.48223265,23247196.92990116,0.0,8501760.0,0.0,0.0,23255337.767957855,-4.656612873077393e-10 
 07/11  14:00:00,54766672.76671334,25764480.0,1885897.519382059,27116295.24733129,25229727.81416375,0.0,9564480.0,0.0,0.0,27309623.795968853,6.984919309616089e-10 
 07/11  15:00:00,54438872.83812783,25027200.0,1968810.935776877,27442861.90235095,25543571.764273234,0.0,10627200.0,0.0,0.0,24953021.85077527,-1.3969838619232178e-9 
 07/11  16:00:00,49673681.21824898,23227200.0,1730525.0367058646,24715956.18154312,22805929.325720824,0.0,10627200.0,0.0,0.0,17310226.160116572,-4.190951585769653e-9 
 07/11  17:00:00,44980604.70689052,21880800.0,1487001.0634858417,21612803.643404678,19689223.831227504,0.0,12880800.0,0.0,0.0,14292119.276004972,-2.561137080192566e-9 
 07/11  18:00:00,49863434.21241214,28764000.0,1389243.1373295793,19710191.075082563,17782870.010772817,0.0,19764000.0,0.0,0.0,5848990.410742304,-2.7939677238464355e-9 
 07/11  19:00:00,37792792.491129085,21600000.0,1154196.8559538529,15038595.635175234,13111274.570865486,0.0,16200000.0,0.0,0.0,480682.1692658556,-6.984919309616089e-10 
 07/11  20:00:00,26506623.162685044,10800000.0,1136544.5956399357,14570078.56704511,12642461.677736789,0.0,5400000.0,261473.06653021855,261473.06653021855,0.0,2.3283064365386963e-10 
 07/11  21:00:00,5760000.0,5760000.0,0.0,0.0,0.0,0.0,5400000.0,0.0,0.0,0.0,-1.6298145055770874e-9 
 07/11  22:00:00,1710000.0,1710000.0,0.0,0.0,0.0,0.0,1350000.0,0.0,0.0,0.0,-2.3283064365386963e-9 
 07/11  23:00:00,1710000.0,1710000.0,0.0,0.0,0.0,0.0,1350000.0,0.0,0.0,0.0,-1.280568540096283e-9 
 07/11  24:00:00,1710000.0,1710000.0,0.0,0.0,0.0,0.0,1350000.0,0.0,0.0,0.0,-3.14321368932724e-9 
 07/12  01:00:00,4950000.0,4950000.0,0.0,0.0,0.0,0.0,1350000.0,0.0,0.0,0.0,-2.3283064365386963e-10 
 07/12  02:00:00,4950000.0,4950000.0,0.0,0.0,0.0,0.0,1350000.0,0.0,0.0,0.0,-3.6088749766349792e-9 
 07/12  03:00:00,4950000.0,4950000.0,0.0,0.0,0.0,0.0,1350000.0,0.0,0.0,0.0,-8.149072527885437e-10 
 07/12  04:00:00,4950000.0,4950000.0,0.0,0.0,0.0,0.0,1350000.0,0.0,0.0,0.0,-2.9103830456733704e-10 
 07/12  05:00:00,4950000.0,4950000.0,0.0,0.0,0.0,0.0,1350000.0,0.0,0.0,0.0,-6.402842700481415e-10 
 07/12  06:00:00,4950000.0,4950000.0,0.0,0.0,0.0,0.0,1350000.0,0.0,0.0,0.0,-9.313225746154785e-10 
 07/12  07:00:00,4950000.0,4950000.0,0.0,0.0,0.0,0.0,1350000.0,0.0,0.0,3403553.8237892836,-3.4924596548080444e-10 
 07/12  08:00:00,4745340.0,4745340.0,0.0,0.0,0.0,0.0,1145340.0,0.0,0.0,20045908.714566544,-4.249159246683121e-9 
 07/12  09:00:00,4493160.0,4493160.0,0.0,0.0,0.0,0.0,893160.0,0.0,0.0,33583869.26124706,-3.3760443329811096e-9 
 07/12  10:00:00,4380480.0,4380480.0,0.0,0.0,0.0,0.0,780480.0,0.0,0.0,30350366.05444631,-4.307366907596588e-9 
 07/12  11:00:00,4175820.0,4175820.0,0.0,0.0,0.0,0.0,575820.0,0.0,0.0,29775977.159296174,-6.984919309616089e-10 
 07/12  12:00:00,4264740.0,4264740.0,0.0,0.0,0.0,0.0,664740.0,0.0,0.0,26676133.893149234,-1.7462298274040222e-9 
 07/12  13:00:00,4131360.0,4131360.0,0.0,0.0,0.0,0.0,531360.0,0.0,0.0,26145448.279483918,-5.820766091346741e-9 
 07/12  14:00:00,4131360.0,4131360.0,0.0,0.0,0.0,0.0,531360.0,0.0,0.0,26261880.11784851,-3.026798367500305e-9 
 07/12  15:00:00,4131360.0,4131360.0,0.0,0.0,0.0,0.0,531360.0,0.0,0.0,21886793.216970168,-1.862645149230957e-9 
 07/12  16:00:00,4131360.0,4131360.0,0.0,0.0,0.0,0.0,531360.0,0.0,0.0,23059299.995698582,-3.958120942115784e-9 
 07/12  17:00:00,4336020.0,4336020.0,0.0,0.0,0.0,0.0,736020.0,0.0,0.0,12340718.686400494,-6.752088665962219e-9 
 07/12  18:00:00,4410360.0,4410360.0,0.0,0.0,0.0,0.0,810360.0,0.0,0.0,7179289.745640584,-5.587935447692871e-9 
 07/12  19:00:00,4950000.0,4950000.0,0.0,0.0,0.0,0.0,1350000.0,0.0,0.0,573572.606609831,-4.423782229423523e-9 
 07/12  20:00:00,4950000.0,4950000.0,0.0,0.0,0.0,0.0,1350000.0,0.0,0.0,0.0,-4.190951585769653e-9 
 07/12  21:00:00,4950000.0,4950000.0,0.0,0.0,0.0,0.0,1350000.0,0.0,0.0,0.0,-3.6088749766349792e-9 
 07/12  22:00:00,4950000.0,4950000.0,0.0,0.0,0.0,0.0,1350000.0,0.0,0.0,0.0,-6.170012056827545e-9 
 07/12  23:00:00,4950000.0,4950000.0,0.0,0.0,0.0,0.0,1350000.0,0.0,0.0,0.0,-2.3283064365386963e-9 
 07/12  24:00:00,4950000.0,4950000.0,0.0,0.0,0.0,0.0,1350000.0,0.0,0.0,0.0,-3.026798367500305e-9 
 07/13  01:00:00,4950000.0,4950000.0,0.0,0.0,0.0,0.0,1350000.0,0.0,0.0,0.0,-3.14321368932724e-9 
 07/13  02:00:00,4950000.0,4950000.0,0.0,0.0,0.0,0.0,1350000.0,0.0,0.0,0.0,3.3760443329811096e-9 
 07/13  03:00:00,4950000.0,4950000.0,0.0,0.0,0.0,0.0,1350000.0,0.0,0.0,0.0,1.979060471057892e-9 
 07/13  04:00:00,4950000.0,4950000.0,0.0,0.0,0.0,0.0,1350000.0,0.0,0.0,0.0,-8.731149137020111e-10 
 07/13  05:00:00,4950000.0,4950000.0,0.0,0.0,0.0,0.0,1350000.0,0.0,0.0,0.0,-9.89530235528946e-10 
 07/13  06:00:00,4950000.0,4950000.0,0.0,0.0,0.0,0.0,1350000.0,0.0,0.0,0.0,1.280568540096283e-9 
 07/13  07:00:00,4950000.0,4950000.0,0.0,0.0,0.0,0.0,1350000.0,0.0,0.0,1972900.1779891336,-4.0745362639427185e-9 
 07/13  08:00:00,4858020.0,4858020.0,0.0,0.0,0.0,0.0,1258020.0,0.0,0.0,12776205.280845176,-6.9267116487026215e-9 
 07/13  09:00:00,4561380.0,4561380.0,0.0,0.0,0.0,0.0,961380.0,0.0,0.0,26004974.68168337,-4.540197551250458e-9 
 07/13  10:00:00,4356720.0,4356720.0,0.0,0.0,0.0,0.0,756720.0,0.0,0.0,31198464.027831964,-5.122274160385132e-9 
 07/13  11:00:00,4220280.0,4220280.0,0.0,0.0,0.0,0.0,620280.0,0.0,0.0,29662754.466630954,-5.005858838558197e-9 
 07/13  12:00:00,4264740.0,4264740.0,0.0,0.0,0.0,0.0,664740.0,0.0,0.0,23195755.753034122,-1.979060471057892e-9 
 07/13  13:00:00,4131360.0,4131360.0,0.0,0.0,0.0,0.0,531360.0,0.0,0.0,21065037.569431655,-4.190951585769653e-9 
 07/13  14:00:00,4131360.0,4131360.0,0.0,0.0,0.0,0.0,531360.0,0.0,0.0,24914622.59560557,-7.2177499532699585e-9 
 07/13  15:00:00,4131360.0,4131360.0,0.0,0.0,0.0,0.0,531360.0,0.0,0.0,27063895.49047848,-5.587935447692871e-9 
 07/13  16:00:00,4131360.0,4131360.0,0.0,0.0,0.0,0.0,531360.0,0.0,0.0,24556528.945233326,-6.752088665962219e-9 
 07/13  17:00:00,4131360.0,4131360.0,0.0,0.0,0.0,0.0,531360.0,0.0,0.0,22291780.598812707,-3.026798367500305e-9 
 07/13  18:00:00,4202640.0,4202640.0,0.0,0.0,0.0,0.0,602640.0,0.0,0.0,14201714.33796883,-6.752088665962219e-9 
 07/13  19:00:00,4905540.0,4905540.0,0.0,0.0,0.0,0.0,1305540.0,0.0,0.0,3024138.2064043405,-4.423782229423523e-9 
 07/13  20:00:00,4950000.0,4950000.0,0.0,0.0,0.0,0.0,1350000.0,0.0,0.0,0.0,-1.6298145055770874e-9 
 07/13  21:00:00,4950000.0,4950000.0,0.0,0.0,0.0,0.0,1350000.0,0.0,0.0,0.0,-3.026798367500305e-9 
 07/13  22:00:00,4950000.0,4950000.0,0.0,0.0,0.0,0.0,1350000.0,0.0,0.0,0.0,9.313225746154785e-10 
 07/13  23:00:00,4950000.0,4950000.0,0.0,0.0,0.0,0.0,1350000.0,0.0,0.0,0.0,-3.14321368932724e-9 
 07/13  24:00:00,4950000.0,4950000.0,0.0,0.0,0.0,0.0,1350000.0,0.0,0.0,0.0,-4.540197551250458e-9 
 07/14  01:00:00,1710000.0,1710000.0,0.0,0.0,0.0,0.0,1350000.0,0.0,0.0,0.0,-6.984919309616089e-10 
 07/14  02:00:00,1710000.0,1710000.0,0.0,0.0,0.0,0.0,1350000.0,0.0,0.0,0.0,-2.9103830456733704e-9 
 07/14  03:00:00,1710000.0,1710000.0,0.0,0.0,0.0,0.0,1350000.0,0.0,0.0,0.0,-2.3283064365386963e-9 
 07/14  04:00:00,1710000.0,1710000.0,0.0,0.0,0.0,0.0,1350000.0,0.0,0.0,0.0,-1.3969838619232178e-9 
 07/14  05:00:00,1710000.0,1710000.0,0.0,0.0,0.0,0.0,1350000.0,0.0,0.0,0.0,4.656612873077393e-10 
 07/14  06:00:00,1710000.0,1710000.0,0.0,0.0,0.0,0.0,1350000.0,0.0,0.0,20114.49046444328,-1.5133991837501526e-9 
 07/14  07:00:00,15318378.554772317,1710000.0,1136544.5956399357,12471833.95913238,10735733.63021253,0.0,1350000.0,13824608.285078058,13824608.285078058,1851145.694452493,-1.1059455573558807e-9 
 07/14  08:00:00,15934039.937601455,1618020.0,1136544.5956399357,13179475.341961518,11434451.142015986,0.0,1258020.0,9956501.69973138,9956501.69973138,11174443.572904067,1.2223608791828156e-9 
 07/14  09:00:00,40926191.93082464,24932520.0,1188753.3714192954,14804918.55940534,13046083.721873,0.0,17732520.0,273207.4302473547,273207.4302473547,23751039.845038,-2.3283064365386963e-9 
 07/14  10:00:00,54011536.234902784,30577680.0,1739081.9096108342,21694774.325291943,19902441.300251704,0.0,14377680.0,0.0,0.0,34123893.00657595,-2.9103830456733704e-9 
 07/14  11:00:00,56543061.88605847,29494800.0,2006102.0758213643,25042159.810237102,23200119.522745054,0.0,13294800.0,0.0,0.0,30354097.963087637,-3.026798367500305e-9 
 07/14  12:00:00,53136223.82305746,26295840.0,1844439.9326326672,24995943.890424795,23138383.94938524,0.0,10095840.0,0.0,0.0,23760700.080960438,-6.170012056827545e-9 
 07/14  13:00:00,50243736.46928887,24701760.0,1580229.4019588358,23961747.067330044,22079169.79967267,0.0,8501760.0,0.0,0.0,21655044.211938187,9.313225746154785e-10 
 07/14  14:00:00,54610261.949775055,25764480.0,1870555.9431936182,26975226.006581433,25081674.792366646,0.0,9564480.0,0.0,0.0,25253727.867827266,1.3969838619232178e-9 
 07/14  15:00:00,55583355.63829595,25027200.0,2010324.4248839926,28545831.213411953,26633982.647299275,0.0,10627200.0,0.0,0.0,27862283.11632606,-2.7939677238464355e-9 
 07/14  16:00:00,52129939.917368375,23227200.0,1912063.4826429982,26990676.434725374,25073986.005990423,0.0,10627200.0,0.0,0.0,27872329.593460366,-3.026798367500305e-9 
 07/14  17:00:00,44280532.107485734,19627200.0,1626116.3471269198,23027215.76035881,21116275.848379917,0.0,10627200.0,0.0,0.0,21175416.36734884,-3.259629011154175e-9 
 07/14  18:00:00,44126741.85091194,22892400.0,1452997.1198612289,19781344.73105071,17884729.37685983,0.0,13892400.0,0.0,0.0,9292136.720827745,-4.656612873077393e-10 
 07/14  19:00:00,37361173.1921857,21600000.0,1166616.2354608001,14594556.956724908,12681257.476273758,0.0,16200000.0,0.0,0.0,711856.0340263288,-3.026798367500305e-9 
 07/14  20:00:00,26014355.732228756,10800000.0,1136544.5956399357,14077811.13658882,12149842.514837822,0.0,5400000.0,581374.5611681448,581374.5611681448,0.0,-3.841705620288849e-9 
 07/14  21:00:00,5760000.0,5760000.0,0.0,0.0,0.0,0.0,5400000.0,0.0,0.0,0.0,-3.4924596548080444e-10 
 07/14  22:00:00,1710000.0,1710000.0,0.0,0.0,0.0,0.0,1350000.0,0.0,0.0,0.0,0.0 
 07/14  23:00:00,1710000.0,1710000.0,0.0,0.0,0.0,0.0,1350000.0,0.0,0.0,0.0,-1.5133991837501526e-9 
 07/14  24:00:00,1710000.0,1710000.0,0.0,0.0,0.0,0.0,1350000.0,0.0,0.0,0.0,-1.6298145055770874e-9 
 07/15  01:00:00,1710000.0,1710000.0,0.0,0.0,0.0,0.0,1350000.0,0.0,0.0,0.0,-1.7462298274040222e-9 
 07/15  02:00:00,1710000.0,1710000.0,0.0,0.0,0.0,0.0,1350000.0,0.0,0.0,0.0,7.566995918750763e-10 
 07/15  03:00:00,1710000.0,1710000.0,0.0,0.0,0.0,0.0,1350000.0,0.0,0.0,0.0,-1.2223608791828156e-9 
 07/15  04:00:00,1710000.0,1710000.0,0.0,0.0,0.0,0.0,1350000.0,0.0,0.0,0.0,2.6193447411060333e-9 
 07/15  05:00:00,1710000.0,1710000.0,0.0,0.0,0.0,0.0,1350000.0,0.0,0.0,0.0,-9.313225746154785e-10 
 07/15  06:00:00,1710000.0,1710000.0,0.0,0.0,0.0,0.0,1350000.0,0.0,0.0,0.0,-2.3865140974521637e-9 
 07/15  07:00:00,15313690.649512585,1710000.0,1136544.5956399357,12467146.053872649,10749448.39788764,0.0,1350000.0,12104491.836369842,12104491.836369842,5463798.369101001,-3.6088749766349792e-9 
 07/15  08:00:00,16149020.097413663,1481580.0,1136544.5956399357,13530895.501773726,11771498.568938423,0.0,1121580.0,6476378.166919529,6476378.166919529,27345605.01885982,-4.016328603029251e-9 
 07/15  09:00:00,41426132.52173385,24077160.0,1289475.6726130163,16059496.84912083,14324832.5853992,0.0,16877160.0,29163.2862069924,29163.2862069924,38177418.42149472,-3.6088749766349792e-9 
 07/15  10:00:00,55981231.53900706,30577680.0,1953955.5431234539,23449595.995883606,21654394.160818428,0.0,14377680.0,0.0,0.0,37221646.11664169,-1.1641532182693481e-9 
 07/15  11:00:00,57599377.549223,30859200.0,2026319.4376088337,24713858.111614164,22878206.117267363,0.0,14659200.0,0.0,0.0,27354531.517049063,-3.725290298461914e-9 
 07/15  12:00:00,52991234.43808161,27140580.0,1823928.231447329,24026726.206634276,22172491.444858998,0.0,10940580.0,0.0,0.0,24793117.332776897,-1.280568540096283e-9 
 07/15  13:00:00,50697787.74037965,27596160.0,1563096.6488332124,21538531.091546435,19678555.299631454,0.0,11396160.0,0.0,0.0,23544648.049992695,-5.820766091346741e-9 
 07/15  14:00:00,50309492.30024784,25764480.0,1759421.2130804558,22785591.08716739,20926768.43372408,0.0,9564480.0,0.0,0.0,25177790.73722998,-6.05359673500061e-9 
 07/15  15:00:00,49000273.04206695,25027200.0,1729053.0093262391,22244020.032740705,20373488.92119779,0.0,10627200.0,0.0,0.0,21214262.386263147,-3.259629011154175e-9 
 07/15  16:00:00,46764047.869679615,23227200.0,1583561.2993363838,21953286.570343234,20042565.81100802,0.0,10627200.0,0.0,0.0,18565581.888528034,-6.752088665962219e-9 
 07/15  17:00:00,41725832.76786596,19627200.0,1417687.3728006128,20680945.395065352,18753624.330755603,0.0,10627200.0,0.0,0.0,17671992.79379972,-3.259629011154175e-9 
 07/15  18:00:00,42484542.49655318,20102400.0,1379558.4740034493,21002584.022549734,19075262.958239984,0.0,11102400.0,0.0,0.0,16400973.627925646,2.3283064365386963e-10 
 07/15  19:00:00,37628114.49388749,20247840.0,1163940.8728308594,16216333.621056631,14289012.556746885,0.0,14847840.0,0.0,0.0,5032382.672039201,-1.6298145055770874e-9 
 07/15  20:00:00,26573075.550166175,10800000.0,1136544.5956399357,14636530.954526236,12708929.476453139,0.0,5400000.0,252124.86684417998,252124.86684417998,0.0,-1.3969838619232178e-9 
 07/15  21:00:00,5760000.0,5760000.0,0.0,0.0,0.0,0.0,5400000.0,0.0,0.0,0.0,-5.820766091346741e-10 
 07/15  22:00:00,1710000.0,1710000.0,0.0,0.0,0.0,0.0,1350000.0,0.0,0.0,0.0,-5.820766091346741e-9 
 07/15  23:00:00,1710000.0,1710000.0,0.0,0.0,0.0,0.0,1350000.0,0.0,0.0,0.0,3.4924596548080444e-10 
 07/15  24:00:00,1710000.0,1710000.0,0.0,0.0,0.0,0.0,1350000.0,0.0,0.0,0.0,-1.3969838619232178e-9 
 07/16  01:00:00,1710000.0,1710000.0,0.0,0.0,0.0,0.0,1350000.0,0.0,0.0,0.0,-5.180481821298599e-9 
 07/16  02:00:00,1710000.0,1710000.0,0.0,0.0,0.0,0.0,1350000.0,0.0,0.0,0.0,-3.026798367500305e-9 
 07/16  03:00:00,1710000.0,1710000.0,0.0,0.0,0.0,0.0,1350000.0,0.0,0.0,0.0,-2.2118911147117615e-9 
 07/16  04:00:00,1710000.0,1710000.0,0.0,0.0,0.0,0.0,1350000.0,0.0,0.0,0.0,-1.0477378964424133e-9 
 07/16  05:00:00,1710000.0,1710000.0,0.0,0.0,0.0,0.0,1350000.0,0.0,0.0,0.0,-3.3760443329811096e-9 
 07/16  06:00:00,1710000.0,1710000.0,0.0,0.0,0.0,0.0,1350000.0,0.0,0.0,0.0,-2.6193447411060333e-9 
 07/16  07:00:00,16597247.88179364,1710000.0,1136544.5956399357,13750703.286153704,11906409.74710964,0.0,1350000.0,14273597.32304706,14273597.32304706,2987472.8463704465,5.238689482212067e-10 
 07/16  08:00:00,16671293.834782107,1549800.0,1136544.5956399357,13984949.239142172,12193487.67444364,0.0,1189800.0,8351269.611946542,8351269.611946542,18960566.494283956,-3.4924596548080444e-9 
 07/16  09:00:00,40444504.4153584,23276880.0,1224482.85273827,15943141.562620128,14173039.297349215,0.0,16076880.0,31320.525689148322,31320.525689148322,33699167.832372665,-5.704350769519806e-9 
 07/16  10:00:00,54691042.10204798,30126240.0,1769821.4281841454,22794980.67386383,20988639.27113463,0.0,13926240.0,0.0,0.0,32598684.32568818,-2.6775524020195007e-9 
 07/16  11:00:00,54995715.72845844,27716400.0,1966732.4341876416,25312583.294270806,23459938.347265746,0.0,11516400.0,0.0,0.0,29819086.16852631,-2.444721758365631e-9 
 07/16  12:00:00,52987636.0872106,26295840.0,1802528.381592486,24889267.705618117,23026022.044325788,0.0,10095840.0,0.0,0.0,23961575.838364854,-1.7462298274040222e-9 
 07/16  13:00:00,50743858.14236245,25413120.0,1589339.7239906383,23741398.418371815,21859076.116920244,0.0,9213120.0,0.0,0.0,24232465.70743788,-4.190951585769653e-9 
 07/16  14:00:00,53510857.05911361,25764480.0,1836985.7942317098,25909391.264881894,24024940.544641044,0.0,9564480.0,0.0,0.0,25692579.88876652,-3.4924596548080444e-9 
 07/16  15:00:00,54072808.45045981,25027200.0,1952347.3876429861,27093261.06281683,25191520.362644866,0.0,10627200.0,0.0,0.0,27455078.7852654,-5.820766091346741e-9 
 07/16  16:00:00,50708683.75379039,23227200.0,1742974.0995296796,25738509.654260717,23815367.178898495,0.0,10627200.0,0.0,0.0,18791594.650863387,-2.0954757928848267e-9 
 07/16  17:00:00,52654971.85618612,28227600.0,1488157.9223966117,22939213.93378951,21011892.869479764,0.0,19227600.0,0.0,0.0,9704735.764072035,-1.862645149230957e-9 
 07/16  18:00:00,49304437.319518164,26571600.0,1390081.2101578035,21342756.109360367,19415435.045050617,0.0,17571600.0,0.0,0.0,6945568.110648332,-2.0954757928848267e-9 
 07/16  19:00:00,38903913.651756614,21600000.0,1154421.9980021392,16149491.653754478,14222170.58944473,0.0,16200000.0,0.0,0.0,1257342.4238166297,-9.313225746154785e-10 
 07/16  20:00:00,27056450.029193923,10800000.0,1136544.5956399357,15119905.433553986,13192584.369244238,0.0,5400000.0,0.0,0.0,0.0,2.3283064365386963e-10 
 07/16  21:00:00,5760000.0,5760000.0,0.0,0.0,0.0,0.0,5400000.0,0.0,0.0,0.0,-2.3283064365386963e-9 
 07/16  22:00:00,1710000.0,1710000.0,0.0,0.0,0.0,0.0,1350000.0,0.0,0.0,0.0,-1.1641532182693481e-9 
 07/16  23:00:00,1710000.0,1710000.0,0.0,0.0,0.0,0.0,1350000.0,0.0,0.0,0.0,-5.820766091346741e-10 
 07/16  24:00:00,1710000.0,1710000.0,0.0,0.0,0.0,0.0,1350000.0,0.0,0.0,0.0,2.561137080192566e-9 
 07/17  01:00:00,1710000.0,1710000.0,0.0,0.0,0.0,0.0,1350000.0,0.0,0.0,0.0,-1.280568540096283e-9 
 07/17  02:00:00,1710000.0,1710000.0,0.0,0.0,0.0,0.0,1350000.0,0.0,0.0,0.0,-1.6298145055770874e-9 
 07/17  03:00:00,1710000.0,1710000.0,0.0,0.0,0.0,0.0,1350000.0,0.0,0.0,0.0,-9.313225746154785e-10 
 07/17  04:00:00,1710000.0,1710000.0,0.0,0.0,0.0,0.0,1350000.0,0.0,0.0,0.0,-2.0954757928848267e-9 
 07/17  05:00:00,1710000.0,1710000.0,0.0,0.0,0.0,0.0,1350000.0,0.0,0.0,0.0,8.149072527885437e-10 
 07/17  06:00:00,1710000.0,1710000.0,0.0,0.0,0.0,0.0,1350000.0,0.0,0.0,0.0,-1.3387762010097504e-9 
 07/17  07:00:00,15859525.606577132,1710000.0,1136544.5956399357,13012981.010937199,11222467.325602857,0.0,1350000.0,15342014.898506742,15342014.898506742,2734154.023415741,-1.1641532182693481e-10 
 07/17  08:00:00,16249072.842693076,1549800.0,1136544.5956399357,13562728.247053139,11789785.094529133,0.0,1189800.0,9097441.873880109,9097441.873880109,16812923.05153066,8.149072527885437e-10 
 07/17  09:00:00,41752214.85200846,25305120.0,1189375.203255227,15257719.648753235,13487502.051156627,0.0,18105120.0,105004.11565516095,105004.11565516095,25477015.473135814,2.3283064365386963e-10 
 07/17  10:00:00,56233071.154702276,33170040.0,1609176.2153249728,21453854.939377308,19648216.306611195,0.0,16970040.0,0.0,0.0,23954236.536353488,-3.259629011154175e-9 
 07/17  11:00:00,54216544.436318904,27716400.0,1838094.512593665,24662049.92372524,22799536.79757783,0.0,11516400.0,0.0,0.0,29352680.868799377,-3.725290298461914e-9 
 07/17  12:00:00,53639843.685933836,27140580.0,1787816.939790969,24711446.746142868,22842621.428568847,0.0,10940580.0,0.0,0.0,26705180.190177362,-6.28642737865448e-9 
 07/17  13:00:00,49452549.926201716,24701760.0,1563085.0455316883,23187704.880670026,21305176.001925252,0.0,8501760.0,0.0,0.0,26073290.859505896,-2.3283064365386963e-9 
 07/17  14:00:00,52873079.104570925,25764480.0,1791554.2581972769,25317044.846373655,23429050.424318064,0.0,9564480.0,0.0,0.0,26129971.30497096,-1.6298145055770874e-9 
 07/17  15:00:00,52702623.63437499,25027200.0,1789035.5220792685,25886388.11229572,23974848.249215804,0.0,10627200.0,0.0,0.0,22218064.872477468,-5.587935447692871e-9 
 07/17  16:00:00,49979461.835618004,23227200.0,1658022.7316124775,25094239.104005523,23166918.039695773,0.0,10627200.0,0.0,0.0,20738262.23754789,1.1641532182693481e-9 
 07/17  17:00:00,45595120.09826837,21880800.0,1427513.6877480112,22286806.41052036,20359485.346210606,0.0,12880800.0,0.0,0.0,12939191.12217255,-4.889443516731262e-9 
 07/17  18:00:00,42737809.977325626,21052800.0,1358462.460870233,20326547.516455393,18399226.452145647,0.0,12052800.0,0.0,0.0,11925362.478388641,-4.423782229423523e-9 
 07/17  19:00:00,37446128.96549909,21066480.0,1152370.8628122238,15227278.102686869,13299957.038377121,0.0,15666480.0,0.0,0.0,2994512.41345081,-1.0477378964424133e-9 
 07/17  20:00:00,26258083.15210075,10800000.0,1136544.5956399357,14321538.556460809,12393904.791682225,0.0,5400000.0,226862.30383021926,226862.30383021926,0.0,-5.820766091346741e-9 
 07/17  21:00:00,5760000.0,5760000.0,0.0,0.0,0.0,0.0,5400000.0,0.0,0.0,0.0,-8.032657206058502e-9 
 07/17  22:00:00,1710000.0,1710000.0,0.0,0.0,0.0,0.0,1350000.0,0.0,0.0,0.0,1.1641532182693481e-9 
 07/17  23:00:00,1710000.0,1710000.0,0.0,0.0,0.0,0.0,1350000.0,0.0,0.0,0.0,-3.259629011154175e-9 
 07/17  24:00:00,1710000.0,1710000.0,0.0,0.0,0.0,0.0,1350000.0,0.0,0.0,0.0,-1.8044374883174896e-9 
 07/18  01:00:00,1710000.0,1710000.0,0.0,0.0,0.0,0.0,1350000.0,0.0,0.0,0.0,-2.2118911147117615e-9 
 07/18  02:00:00,1710000.0,1710000.0,0.0,0.0,0.0,0.0,1350000.0,0.0,0.0,0.0,-5.180481821298599e-9 
 07/18  03:00:00,1710000.0,1710000.0,0.0,0.0,0.0,0.0,1350000.0,0.0,0.0,0.0,1.1641532182693481e-10 
 07/18  04:00:00,1710000.0,1710000.0,0.0,0.0,0.0,0.0,1350000.0,0.0,0.0,0.0,-1.7462298274040222e-10 
 07/18  05:00:00,1710000.0,1710000.0,0.0,0.0,0.0,0.0,1350000.0,0.0,0.0,0.0,2.0372681319713593e-9 
 07/18  06:00:00,1710000.0,1710000.0,0.0,0.0,0.0,0.0,1350000.0,0.0,0.0,0.0,4.656612873077393e-10 
 07/18  07:00:00,16122601.421343584,1710000.0,1136544.5956399357,13276056.82570365,11462564.934446888,0.0,1350000.0,14107414.186166396,14107414.186166396,4018542.1931632357,1.280568540096283e-9 
 07/18  08:00:00,16184805.847471133,1481580.0,1136544.5956399357,13566681.251831196,11798144.460214151,0.0,1121580.0,7459647.706627909,7459647.706627909,20396950.42946095,-1.4551915228366852e-9 
 07/18  09:00:00,41054862.1596816,24504840.0,1199337.671385835,15350684.488295766,13585470.599636031,0.0,17304840.0,131283.37519487666,131283.37519487666,25997347.85643243,-5.9371814131736755e-9 
 07/18  10:00:00,55559933.68544804,30577680.0,1741405.6362992753,23240848.04914877,21430055.762906525,0.0,14377680.0,0.0,0.0,33179610.02763543,-4.540197551250458e-9 
 07/18  11:00:00,59966540.34650844,30859200.0,1950729.6635848808,27156610.68292357,25282262.22618484,0.0,14659200.0,0.0,0.0,27202814.664268114,-7.334165275096893e-9 
 07/18  12:00:00,56068627.950415105,26295840.0,1839162.7125866758,27933625.237828434,26038526.031844433,0.0,10095840.0,0.0,0.0,24778585.78478644,-3.026798367500305e-9 
 07/18  13:00:00,52773194.33725007,24701760.0,1586697.9835492321,26484736.35370084,24581203.60757078,0.0,8501760.0,0.0,0.0,23135218.294400405,-4.656612873077393e-10 
 07/18  14:00:00,56227969.90732628,25764480.0,1869726.2664696625,28593763.640856624,26689619.808382552,0.0,9564480.0,0.0,0.0,25703573.44851958,-6.51925802230835e-9 
 07/18  15:00:00,55871275.1268398,25027200.0,1992835.0809827095,28851240.045857094,26930853.5592848,0.0,10627200.0,0.0,0.0,26840135.114537742,-5.122274160385132e-9 
 07/18  16:00:00,51123199.85839127,23227200.0,1789679.6839552734,26106320.174435996,24178999.110126246,0.0,10627200.0,0.0,0.0,21251184.7954915,-2.561137080192566e-9 
 07/18  17:00:00,45486932.634298,21880800.0,1486376.7497286405,22119755.884569354,20192434.82025961,0.0,12880800.0,0.0,0.0,13848570.40898091,-2.7939677238464355e-9 
 07/18  18:00:00,47848679.578640625,26096400.0,1370227.7522360955,20382051.826404538,18454730.76209479,0.0,17096400.0,0.0,0.0,7132369.806488153,-6.984919309616089e-10 
 07/18  19:00:00,38800931.47469927,21600000.0,1149436.7813328877,16051494.69336639,14124173.62905664,0.0,16200000.0,0.0,0.0,1026003.2943762781,-6.28642737865448e-9 
 07/18  20:00:00,28026208.860203065,10800000.0,1136544.5956399357,16089664.264563132,14162283.639821045,0.0,5400000.0,52789.4506154289,52789.4506154289,0.0,-2.2118911147117615e-9 
 07/18  21:00:00,5760000.0,5760000.0,0.0,0.0,0.0,0.0,5400000.0,0.0,0.0,0.0,-3.3760443329811096e-9 
 07/18  22:00:00,1710000.0,1710000.0,0.0,0.0,0.0,0.0,1350000.0,0.0,0.0,0.0,-1.280568540096283e-9 
 07/18  23:00:00,1710000.0,1710000.0,0.0,0.0,0.0,0.0,1350000.0,0.0,0.0,0.0,3.3760443329811096e-9 
 07/18  24:00:00,1710000.0,1710000.0,0.0,0.0,0.0,0.0,1350000.0,0.0,0.0,0.0,-1.7462298274040222e-9 
 07/19  01:00:00,4950000.0,4950000.0,0.0,0.0,0.0,0.0,1350000.0,0.0,0.0,0.0,-3.4924596548080444e-9 
 07/19  02:00:00,4950000.0,4950000.0,0.0,0.0,0.0,0.0,1350000.0,0.0,0.0,0.0,-2.3865140974521637e-9 
 07/19  03:00:00,4950000.0,4950000.0,0.0,0.0,0.0,0.0,1350000.0,0.0,0.0,0.0,-1.7462298274040222e-10 
 07/19  04:00:00,4950000.0,4950000.0,0.0,0.0,0.0,0.0,1350000.0,0.0,0.0,0.0,-6.984919309616089e-10 
 07/19  05:00:00,4950000.0,4950000.0,0.0,0.0,0.0,0.0,1350000.0,0.0,0.0,0.0,-1.57160684466362e-9 
 07/19  06:00:00,4950000.0,4950000.0,0.0,0.0,0.0,0.0,1350000.0,0.0,0.0,0.0,-2.270098775625229e-9 
 07/19  07:00:00,4950000.0,4950000.0,0.0,0.0,0.0,0.0,1350000.0,0.0,0.0,4918297.012635616,-7.566995918750763e-10 
 07/19  08:00:00,4721580.0,4721580.0,0.0,0.0,0.0,0.0,1121580.0,0.0,0.0,23382970.12142796,-4.6566128730773926e-9 
 07/19  09:00:00,4516920.0,4516920.0,0.0,0.0,0.0,0.0,916920.0,0.0,0.0,28180852.31228398,-1.3969838619232178e-9 
 07/19  10:00:00,4356720.0,4356720.0,0.0,0.0,0.0,0.0,756720.0,0.0,0.0,35533741.18475036,-4.889443516731262e-9 
 07/19  11:00:00,4220280.0,4220280.0,0.0,0.0,0.0,0.0,620280.0,0.0,0.0,30127002.390127182,-1.1641532182693481e-10 
 07/19  12:00:00,4131360.0,4131360.0,0.0,0.0,0.0,0.0,531360.0,0.0,0.0,24088094.254423723,-4.307366907596588e-9 
 07/19  13:00:00,4131360.0,4131360.0,0.0,0.0,0.0,0.0,531360.0,0.0,0.0,25087215.846115753,-3.026798367500305e-9 
 07/19  14:00:00,4131360.0,4131360.0,0.0,0.0,0.0,0.0,531360.0,0.0,0.0,23998652.112095337,-4.6566128730773926e-9 
 07/19  15:00:00,4175820.0,4175820.0,0.0,0.0,0.0,0.0,575820.0,0.0,0.0,18791870.5757954,-1.6298145055770874e-9 
 07/19  16:00:00,4131360.0,4131360.0,0.0,0.0,0.0,0.0,531360.0,0.0,0.0,16992247.488994695,-8.614733815193176e-9 
 07/19  17:00:00,4424940.0,4424940.0,0.0,0.0,0.0,0.0,824940.0,0.0,0.0,11635498.942912659,-6.05359673500061e-9 
 07/19  18:00:00,4523040.0,4523040.0,0.0,0.0,0.0,0.0,923040.0,0.0,0.0,6323338.903062242,-2.3283064365386963e-9 
 07/19  19:00:00,4950000.0,4950000.0,0.0,0.0,0.0,0.0,1350000.0,0.0,0.0,698970.9749710216,-2.3283064365386963e-9 
 07/19  20:00:00,4950000.0,4950000.0,0.0,0.0,0.0,0.0,1350000.0,0.0,0.0,0.0,-1.5133991837501526e-9 
 07/19  21:00:00,4950000.0,4950000.0,0.0,0.0,0.0,0.0,1350000.0,0.0,0.0,0.0,-2.7939677238464355e-9 
 07/19  22:00:00,4950000.0,4950000.0,0.0,0.0,0.0,0.0,1350000.0,0.0,0.0,0.0,-1.979060471057892e-9 
 07/19  23:00:00,4950000.0,4950000.0,0.0,0.0,0.0,0.0,1350000.0,0.0,0.0,0.0,-5.122274160385132e-9 
 07/19  24:00:00,4950000.0,4950000.0,0.0,0.0,0.0,0.0,1350000.0,0.0,0.0,0.0,-1.862645149230957e-9 
 07/20  01:00:00,4950000.0,4950000.0,0.0,0.0,0.0,0.0,1350000.0,0.0,0.0,0.0,1.1641532182693481e-10 
 07/20  02:00:00,4950000.0,4950000.0,0.0,0.0,0.0,0.0,1350000.0,0.0,0.0,0.0,1.0477378964424133e-9 
 07/20  03:00:00,4950000.0,4950000.0,0.0,0.0,0.0,0.0,1350000.0,0.0,0.0,0.0,-1.1641532182693481e-9 
 07/20  04:00:00,4950000.0,4950000.0,0.0,0.0,0.0,0.0,1350000.0,0.0,0.0,0.0,-3.259629011154175e-9 
 07/20  05:00:00,4950000.0,4950000.0,0.0,0.0,0.0,0.0,1350000.0,0.0,0.0,0.0,-7.566995918750763e-10 
 07/20  06:00:00,4950000.0,4950000.0,0.0,0.0,0.0,0.0,1350000.0,0.0,0.0,0.0,-4.94765117764473e-9 
 07/20  07:00:00,4950000.0,4950000.0,0.0,0.0,0.0,0.0,1350000.0,0.0,0.0,2664834.2841804,-1.6880221664905548e-9 
 07/20  08:00:00,4789800.0,4789800.0,0.0,0.0,0.0,0.0,1189800.0,0.0,0.0,16606247.559681706,-5.529727786779404e-9 
 07/20  09:00:00,4516920.0,4516920.0,0.0,0.0,0.0,0.0,916920.0,0.0,0.0,29204729.10498881,-3.841705620288849e-9 
 07/20  10:00:00,4356720.0,4356720.0,0.0,0.0,0.0,0.0,756720.0,0.0,0.0,35360967.09337145,-4.0745362639427185e-9 
 07/20  11:00:00,4175820.0,4175820.0,0.0,0.0,0.0,0.0,575820.0,0.0,0.0,29903001.231354166,-3.026798367500305e-9 
 07/20  12:00:00,4175820.0,4175820.0,0.0,0.0,0.0,0.0,575820.0,0.0,0.0,23742509.152976487,-3.841705620288849e-9 
 07/20  13:00:00,4175820.0,4175820.0,0.0,0.0,0.0,0.0,575820.0,0.0,0.0,25342599.80971472,2.3283064365386963e-10 
 07/20  14:00:00,4131360.0,4131360.0,0.0,0.0,0.0,0.0,531360.0,0.0,0.0,26986375.012826815,-2.0954757928848267e-9 
 07/20  15:00:00,4131360.0,4131360.0,0.0,0.0,0.0,0.0,531360.0,0.0,0.0,22833859.261523347,-3.259629011154175e-9 
 07/20  16:00:00,4516920.0,4516920.0,0.0,0.0,0.0,0.0,916920.0,0.0,0.0,10588934.091926172,-5.820766091346741e-9 
 07/20  17:00:00,4950000.0,4950000.0,0.0,0.0,0.0,0.0,1350000.0,0.0,0.0,1998939.09532951,-4.423782229423523e-9 
 07/20  18:00:00,4950000.0,4950000.0,0.0,0.0,0.0,0.0,1350000.0,0.0,0.0,1837142.7781859757,-5.122274160385132e-9 
 07/20  19:00:00,4950000.0,4950000.0,0.0,0.0,0.0,0.0,1350000.0,0.0,0.0,145651.15647463893,-3.4924596548080444e-9 
 07/20  20:00:00,4950000.0,4950000.0,0.0,0.0,0.0,0.0,1350000.0,0.0,0.0,0.0,1.7462298274040222e-9 
 07/20  21:00:00,4950000.0,4950000.0,0.0,0.0,0.0,0.0,1350000.0,0.0,0.0,0.0,-1.979060471057892e-9 
 07/20  22:00:00,4950000.0,4950000.0,0.0,0.0,0.0,0.0,1350000.0,0.0,0.0,0.0,-5.704350769519806e-9 
 07/20  23:00:00,4950000.0,4950000.0,0.0,0.0,0.0,0.0,1350000.0,0.0,0.0,0.0,0.0 
 07/20  24:00:00,4950000.0,4950000.0,0.0,0.0,0.0,0.0,1350000.0,0.0,0.0,0.0,-3.841705620288849e-9 
 07/21  01:00:00,1710000.0,1710000.0,0.0,0.0,0.0,0.0,1350000.0,0.0,0.0,0.0,-2.3283064365386963e-9 
 07/21  02:00:00,1710000.0,1710000.0,0.0,0.0,0.0,0.0,1350000.0,0.0,0.0,0.0,-4.656612873077393e-10 
 07/21  03:00:00,1710000.0,1710000.0,0.0,0.0,0.0,0.0,1350000.0,0.0,0.0,0.0,-4.598405212163925e-9 
 07/21  04:00:00,1710000.0,1710000.0,0.0,0.0,0.0,0.0,1350000.0,0.0,0.0,0.0,-2.9103830456733704e-10 
 07/21  05:00:00,1710000.0,1710000.0,0.0,0.0,0.0,0.0,1350000.0,0.0,0.0,0.0,-1.862645149230957e-9 
 07/21  06:00:00,1710000.0,1710000.0,0.0,0.0,0.0,0.0,1350000.0,0.0,0.0,0.0,1.3387762010097504e-9 
 07/21  07:00:00,17017371.898699954,1710000.0,1136544.5956399357,14170827.303060021,12307036.716296738,0.0,1350000.0,11750564.336644983,11750564.336644983,1909227.4549290577,-2.9685907065868378e-9 
 07/21  08:00:00,17212775.337175354,1573560.0,1136544.5956399357,14502670.741535416,12689548.228106558,0.0,1213560.0,8086754.729930166,8086754.729930166,13650163.78657177,-4.540197551250458e-9 
 07/21  09:00:00,39958383.91020864,22476600.0,1209556.0302459048,16272227.879962739,14481943.246244492,0.0,15276600.0,3567.6677626586434,3567.6677626586434,28792088.67711334,-1.1641532182693481e-9 
 07/21  10:00:00,57624435.654159255,32325300.0,1692273.0380722852,23606862.61608697,21776816.45751509,0.0,16125300.0,0.0,0.0,25506585.36890077,-2.444721758365631e-9 
 07/21  11:00:00,57792045.95868182,28605600.0,1934601.9523866058,27251844.00629521,25369143.84993635,0.0,12405600.0,0.0,0.0,29156801.679713152,-6.752088665962219e-9 
 07/21  12:00:00,55783545.34390333,26295840.0,1793373.0538921067,27694332.29001122,25800807.522682603,0.0,10095840.0,0.0,0.0,23196207.020479754,-3.3760443329811096e-9 
 07/21  13:00:00,51989577.6868033,24701760.0,1551404.4426603403,25736413.244142964,23834967.10159615,0.0,8501760.0,0.0,0.0,21943734.282623135,-7.2177499532699585e-9 
 07/21  14:00:00,55733935.803489335,25764480.0,1877004.0274275797,28092451.776061755,26191137.520321388,0.0,9564480.0,0.0,0.0,26538150.114793733,-8.381903171539307e-9 
 07/21  15:00:00,54095156.98815237,25027200.0,1915205.5433412138,27152751.44481115,25245322.281942584,0.0,10627200.0,0.0,0.0,23089632.785051756,-8.149072527885437e-9 
 07/21  16:00:00,50352972.94592026,24116400.0,1681462.4790337319,24555110.466886528,22630814.299542245,0.0,11516400.0,0.0,0.0,16077733.347633528,-1.862645149230957e-9 
 07/21  17:00:00,47543044.4575204,24609600.0,1449204.2028503676,21484240.25467003,19556919.190360285,0.0,15609600.0,0.0,0.0,11577271.31331132,-2.3283064365386963e-10 
 07/21  18:00:00,47705866.33621917,26096400.0,1349336.6871208758,20260129.6490983,18332808.584788553,0.0,17096400.0,0.0,0.0,6743676.356236266,0.0 
 07/21  19:00:00,38851921.0744448,21600000.0,1146551.5974495928,16105369.476995211,14178048.412685463,0.0,16200000.0,0.0,0.0,879958.3540461613,-6.984919309616089e-10 
 07/21  20:00:00,28360319.84585565,10800000.0,1136544.5956399357,16423775.250215717,14496391.785738092,0.0,5400000.0,55105.89920017622,55105.89920017622,0.0,-2.0954757928848267e-9 
 07/21  21:00:00,5760000.0,5760000.0,0.0,0.0,0.0,0.0,5400000.0,0.0,0.0,0.0,2.2118911147117615e-9 
 07/21  22:00:00,1710000.0,1710000.0,0.0,0.0,0.0,0.0,1350000.0,0.0,0.0,0.0,-3.6088749766349792e-9 
 07/21  23:00:00,1710000.0,1710000.0,0.0,0.0,0.0,0.0,1350000.0,0.0,0.0,0.0,-2.444721758365631e-9 
 07/21  24:00:00,1710000.0,1710000.0,0.0,0.0,0.0,0.0,1350000.0,0.0,0.0,0.0,-2.9685907065868378e-9 
 07/22  01:00:00,1710000.0,1710000.0,0.0,0.0,0.0,0.0,1350000.0,0.0,0.0,0.0,-3.0850060284137726e-9 
 07/22  02:00:00,1710000.0,1710000.0,0.0,0.0,0.0,0.0,1350000.0,0.0,0.0,0.0,-3.2014213502407074e-9 
 07/22  03:00:00,1710000.0,1710000.0,0.0,0.0,0.0,0.0,1350000.0,0.0,0.0,0.0,-5.238689482212067e-10 
 07/22  04:00:00,1710000.0,1710000.0,0.0,0.0,0.0,0.0,1350000.0,0.0,0.0,0.0,-5.762558430433273e-9 
 07/22  05:00:00,1710000.0,1710000.0,0.0,0.0,0.0,0.0,1350000.0,0.0,0.0,0.0,-5.238689482212067e-10 
 07/22  06:00:00,1710000.0,1710000.0,0.0,0.0,0.0,0.0,1350000.0,0.0,0.0,0.0,-6.984919309616089e-10 
 07/22  07:00:00,16808872.97526753,1710000.0,1136544.5956399357,13962328.379627593,12165885.276551139,0.0,1350000.0,12775163.149510857,12775163.149510857,2581714.0611373708,-9.313225746154785e-10 
 07/22  08:00:00,17153807.977311015,1549800.0,1136544.5956399357,14467463.38167108,12663245.968211127,0.0,1189800.0,7681644.0884826,7681644.0884826,16677027.529445983,-2.153683453798294e-9 
 07/22  09:00:00,40262322.073327206,22476600.0,1216632.2566125272,16569089.816714678,14780658.354985453,0.0,15276600.0,0.0,0.0,30925079.395989683,-4.423782229423523e-9 
 07/22  10:00:00,55945736.72750617,30126240.0,1778536.1848096566,24040960.542696506,22217481.09779135,0.0,13926240.0,0.0,0.0,32389464.032999333,-5.820766091346741e-10 
 07/22  11:00:00,58888684.378494985,29970000.0,1962790.412629263,26955893.965865724,25083730.86034296,0.0,13770000.0,0.0,0.0,26511031.697097093,-5.704350769519806e-9 
 07/22  12:00:00,55169451.69344081,26295840.0,1820100.0344986129,27053511.6589422,25166568.365332212,0.0,10095840.0,0.0,0.0,23294077.9007069,-4.889443516731262e-9 
 07/22  13:00:00,52714486.14120484,24701760.0,1639814.5101289311,26372911.63107591,24475617.69962897,0.0,8501760.0,0.0,0.0,26004322.20419278,-5.820766091346741e-9 
 07/22  14:00:00,57299009.12918934,25764480.0,1975533.194971812,29558995.934217535,27659632.847799916,0.0,9564480.0,0.0,0.0,27121064.245265283,-2.7939677238464355e-9 
 07/22  15:00:00,57390487.323299676,25027200.0,2061275.2286163783,30302012.094683304,28392666.117903754,0.0,10627200.0,0.0,0.0,26804531.092253007,-2.3283064365386963e-10 
 07/22  16:00:00,54266408.548302576,23227200.0,1917299.8900880185,29121908.658214554,27198203.509531412,0.0,10627200.0,0.0,0.0,25676639.30074937,-1.1641532182693481e-9 
 07/22  17:00:00,49724238.50383896,22770000.0,1583309.7834390742,25370928.720399886,23443607.656090137,0.0,13770000.0,0.0,0.0,13689329.228139838,-9.313225746154785e-10 
 07/22  18:00:00,48111753.181447275,23367600.0,1452061.2486620063,23292091.93278527,21364770.86847552,0.0,14367600.0,0.0,0.0,7893239.319533961,-4.6566128730773926e-9 
 07/22  19:00:00,40311723.80042932,21600000.0,1173554.6991849756,17538169.101244353,15610848.036934603,0.0,16200000.0,0.0,0.0,1010016.9077615718,-4.423782229423523e-9 
 07/22  20:00:00,27938227.879908167,10800000.0,1136544.5956399357,16001683.284268228,14074362.219958479,0.0,5400000.0,0.0,0.0,0.0,-3.026798367500305e-9 
 07/22  21:00:00,5760000.0,5760000.0,0.0,0.0,0.0,0.0,5400000.0,0.0,0.0,0.0,-4.656612873077393e-10 
 07/22  22:00:00,1710000.0,1710000.0,0.0,0.0,0.0,0.0,1350000.0,0.0,0.0,0.0,-4.773028194904327e-9 
 07/22  23:00:00,1710000.0,1710000.0,0.0,0.0,0.0,0.0,1350000.0,0.0,0.0,0.0,-2.0954757928848267e-9 
 07/22  24:00:00,1710000.0,1710000.0,0.0,0.0,0.0,0.0,1350000.0,0.0,0.0,0.0,-2.3283064365386963e-10 
 07/23  01:00:00,1710000.0,1710000.0,0.0,0.0,0.0,0.0,1350000.0,0.0,0.0,0.0,-2.561137080192566e-9 
 07/23  02:00:00,1710000.0,1710000.0,0.0,0.0,0.0,0.0,1350000.0,0.0,0.0,0.0,9.313225746154785e-10 
 07/23  03:00:00,1710000.0,1710000.0,0.0,0.0,0.0,0.0,1350000.0,0.0,0.0,0.0,-1.1641532182693481e-10 
 07/23  04:00:00,1710000.0,1710000.0,0.0,0.0,0.0,0.0,1350000.0,0.0,0.0,0.0,-3.0850060284137726e-9 
 07/23  05:00:00,1710000.0,1710000.0,0.0,0.0,0.0,0.0,1350000.0,0.0,0.0,0.0,-8.149072527885437e-10 
 07/23  06:00:00,1710000.0,1710000.0,0.0,0.0,0.0,0.0,1350000.0,0.0,0.0,0.0,-2.3865140974521637e-9 
 07/23  07:00:00,17301805.741580464,1710000.0,1136544.5956399357,14455261.14594053,12592295.100515906,0.0,1350000.0,11383418.433749992,11383418.433749992,5213471.927327524,8.149072527885437e-10 
 07/23  08:00:00,17533105.04621675,1481580.0,1136544.5956399357,14914980.450576812,13101110.870493248,0.0,1121580.0,5608895.640233827,5608895.640233827,26345699.686620273,-6.402842700481415e-10 
 07/23  09:00:00,43015272.431219615,23276880.0,1301828.0989165665,18436564.33230305,16651055.840799134,0.0,16076880.0,0.0,0.0,37466534.203256354,-2.9103830456733704e-9 
 07/23  10:00:00,58573976.20290853,30577680.0,2002113.3036545697,25994182.89925396,24161491.387604617,0.0,14377680.0,0.0,0.0,35643642.63490749,-2.9103830456733704e-9 
 07/23  11:00:00,57693783.16000594,27716400.0,2087254.9676890953,27890128.192316845,26020951.914467018,0.0,11516400.0,0.0,0.0,28885985.12554655,-1.6298145055770874e-9 
 07/23  12:00:00,58695952.66178025,29281500.0,1921496.3786044547,27492956.283175804,25608101.608775385,0.0,13081500.0,0.0,0.0,24160192.026796095,-6.984919309616089e-9 
 07/23  13:00:00,51393123.98173826,24701760.0,1581238.0536446415,25110125.928093623,23217537.220816243,0.0,8501760.0,0.0,0.0,21167002.94086802,-3.026798367500305e-9 
 07/23  14:00:00,55101338.35616093,25764480.0,1825622.4716887767,27511235.88447216,25620825.17675604,0.0,9564480.0,0.0,0.0,24137560.074033946,-4.6566128730773926e-9 
 07/23  15:00:00,56283165.80462653,25027200.0,1963067.9667119307,29292897.8379146,27381362.420166217,0.0,10627200.0,0.0,0.0,27744579.24970423,-2.7939677238464355e-9 
 07/23  16:00:00,53526206.15042328,23227200.0,1918365.4483648066,28380640.702058475,26454617.826100133,0.0,10627200.0,0.0,0.0,28202121.107828487,-3.958120942115784e-9 
 07/23  17:00:00,46721972.92691505,19627200.0,1672370.9098878773,25422402.017027177,23495080.952717423,0.0,10627200.0,0.0,0.0,22762315.913650133,-6.752088665962219e-9 
 07/23  18:00:00,45260363.04464972,21052800.0,1498324.616198142,22709238.42845158,20781917.364141833,0.0,12052800.0,0.0,0.0,11661862.165248122,-5.587935447692871e-9 
 07/23  19:00:00,39346172.67960432,21066480.0,1176944.697182117,17102747.98242221,15175426.91811246,0.0,15666480.0,0.0,0.0,1307181.1700041802,-1.1641532182693481e-9 
 07/23  20:00:00,28053923.6127029,10800000.0,1136544.5956399357,16117379.017062964,14190057.952753216,0.0,5400000.0,0.0,0.0,0.0,5.820766091346741e-10 
 07/23  21:00:00,5760000.0,5760000.0,0.0,0.0,0.0,0.0,5400000.0,0.0,0.0,0.0,-1.3969838619232178e-9 
 07/23  22:00:00,1710000.0,1710000.0,0.0,0.0,0.0,0.0,1350000.0,0.0,0.0,0.0,-2.7939677238464355e-9 
 07/23  23:00:00,1710000.0,1710000.0,0.0,0.0,0.0,0.0,1350000.0,0.0,0.0,0.0,-3.3760443329811096e-9 
 07/23  24:00:00,1710000.0,1710000.0,0.0,0.0,0.0,0.0,1350000.0,0.0,0.0,0.0,-5.820766091346741e-10 
 07/24  01:00:00,1710000.0,1710000.0,0.0,0.0,0.0,0.0,1350000.0,0.0,0.0,0.0,2.3283064365386963e-10 
 07/24  02:00:00,1710000.0,1710000.0,0.0,0.0,0.0,0.0,1350000.0,0.0,0.0,0.0,-4.190951585769653e-9 
 07/24  03:00:00,1710000.0,1710000.0,0.0,0.0,0.0,0.0,1350000.0,0.0,0.0,0.0,5.238689482212067e-10 
 07/24  04:00:00,1710000.0,1710000.0,0.0,0.0,0.0,0.0,1350000.0,0.0,0.0,0.0,-1.9208528101444244e-9 
 07/24  05:00:00,1710000.0,1710000.0,0.0,0.0,0.0,0.0,1350000.0,0.0,0.0,0.0,2.3283064365386963e-9 
 07/24  06:00:00,1710000.0,1710000.0,0.0,0.0,0.0,0.0,1350000.0,0.0,0.0,0.0,4.132743924856186e-9 
 07/24  07:00:00,16596219.564253379,1710000.0,1136544.5956399357,13749674.968613442,11899841.51827366,0.0,1350000.0,12249080.571832854,12249080.571832854,3363616.005087453,-4.773028194904327e-9 
 07/24  08:00:00,17026609.071438327,1505340.0,1136544.5956399357,14384724.47579839,12580876.469835874,0.0,1145340.0,7275057.741581765,7275057.741581765,18555640.41763537,8.149072527885437e-10 
 07/24  09:00:00,40739298.978409655,22476600.0,1226992.4757213756,17035706.502688278,15243485.587285204,0.0,15276600.0,0.0,0.0,31220186.33865193,-3.026798367500305e-9 
 07/24  10:00:00,57828828.81717838,30577680.0,1843321.19161028,25407827.625568107,23572390.184358854,0.0,14377680.0,0.0,0.0,35338489.42753083,-8.149072527885437e-9 
 07/24  11:00:00,59734828.69566703,29080800.0,2052700.537434071,28601328.15823296,26718842.9075217,0.0,12880800.0,0.0,0.0,29630988.623886872,-3.841705620288849e-9 
 07/24  12:00:00,56489274.20255238,26295840.0,1867681.0923228918,28325753.110229485,26430113.568035744,0.0,10095840.0,0.0,0.0,24433912.651368536,-6.6356733441352844e-9 
 07/24  13:00:00,52897085.8381152,24701760.0,1633452.8188494355,26561873.019265767,24654093.19378374,0.0,8501760.0,0.0,0.0,25444254.123790715,-6.984919309616089e-9 
 07/24  14:00:00,55931758.50515652,25764480.0,1900404.228448531,28266874.276707985,26363723.99483052,0.0,9564480.0,0.0,0.0,26360251.30651352,-3.725290298461914e-9 
 07/24  15:00:00,55518640.50610522,25027200.0,1971998.3312180561,28519442.174887165,26606964.74077843,0.0,10627200.0,0.0,0.0,26188128.84908693,-1.1641532182693481e-9 
 07/24  16:00:00,52503179.70028323,23227200.0,1815641.9230832898,27460337.777199946,25533501.95048046,0.0,10627200.0,0.0,0.0,22668128.937340003,-6.51925802230835e-9 
 07/24  17:00:00,46817179.863878675,20516400.0,1529794.6838733123,24770985.180005364,22843664.115695618,0.0,11516400.0,0.0,0.0,15126996.370734312,-4.656612873077393e-10 
 07/24  18:00:00,48780274.41488621,23842800.0,1418055.0951878536,23519419.319698356,21592098.255388603,0.0,14842800.0,0.0,0.0,8110781.339498738,-1.862645149230957e-9 
 07/24  19:00:00,40621313.67821346,21600000.0,1162905.9112757046,17858407.766937762,15931086.702628013,0.0,16200000.0,0.0,0.0,657950.0002327516,-2.7939677238464355e-9 
 07/24  20:00:00,28229061.11796362,10800000.0,1136544.5956399357,16292516.522323683,14365195.458013935,0.0,5400000.0,0.0,0.0,0.0,-7.334165275096893e-9 
 07/24  21:00:00,5760000.0,5760000.0,0.0,0.0,0.0,0.0,5400000.0,0.0,0.0,0.0,-9.313225746154785e-10 
 07/24  22:00:00,1710000.0,1710000.0,0.0,0.0,0.0,0.0,1350000.0,0.0,0.0,0.0,-4.6566128730773926e-9 
 07/24  23:00:00,1710000.0,1710000.0,0.0,0.0,0.0,0.0,1350000.0,0.0,0.0,0.0,-1.280568540096283e-9 
 07/24  24:00:00,1710000.0,1710000.0,0.0,0.0,0.0,0.0,1350000.0,0.0,0.0,0.0,-2.9103830456733704e-9 
 07/25  01:00:00,1710000.0,1710000.0,0.0,0.0,0.0,0.0,1350000.0,0.0,0.0,0.0,3.4924596548080444e-10 
 07/25  02:00:00,1710000.0,1710000.0,0.0,0.0,0.0,0.0,1350000.0,0.0,0.0,0.0,-2.7939677238464355e-9 
 07/25  03:00:00,1710000.0,1710000.0,0.0,0.0,0.0,0.0,1350000.0,0.0,0.0,0.0,-4.48198989033699e-9 
 07/25  04:00:00,1710000.0,1710000.0,0.0,0.0,0.0,0.0,1350000.0,0.0,0.0,0.0,-4.190951585769653e-9 
 07/25  05:00:00,1710000.0,1710000.0,0.0,0.0,0.0,0.0,1350000.0,0.0,0.0,0.0,-1.1641532182693481e-10 
 07/25  06:00:00,1710000.0,1710000.0,0.0,0.0,0.0,0.0,1350000.0,0.0,0.0,0.0,-1.7462298274040222e-9 
 07/25  07:00:00,16934073.772118248,1710000.0,1136544.5956399357,14087529.176478313,12232100.980470322,0.0,1350000.0,12485461.060321584,12485461.060321584,3487854.105682062,-3.4924596548080444e-9 
 07/25  08:00:00,17603785.162779704,1505340.0,1136544.5956399357,14961900.567139767,13148858.168301325,0.0,1145340.0,6960977.37833708,6960977.37833708,20800044.552811142,1.6880221664905548e-9 
 07/25  09:00:00,42915815.373131275,23276880.0,1260918.2145701107,18378017.158561163,16580891.740248159,0.0,16076880.0,0.0,0.0,35549784.594605014,8.149072527885437e-10 
 07/25  10:00:00,59584034.052006334,31480560.0,1809738.0487795854,26293736.00322675,24444470.271017496,0.0,15280560.0,0.0,0.0,28327351.515433412,-4.190951585769653e-9 
 07/25  11:00:00,63552103.61246912,32284800.0,1982046.746758589,29285256.865710534,27384197.76108753,0.0,16084800.0,0.0,0.0,25874614.119379517,-2.7939677238464355e-9 
 07/25  12:00:00,61240721.622951105,30126240.0,1914607.6993489377,29199873.92360217,27288633.63930463,0.0,13926240.0,0.0,0.0,26341721.83652388,-3.4924596548080444e-9 
 07/25  13:00:00,52397244.73189914,24701760.0,1623480.615612457,26072004.116286688,24175251.302766196,0.0,8501760.0,0.0,0.0,25434576.01566972,-5.122274160385132e-9 
 07/25  14:00:00,54980299.57459813,25764480.0,1911786.4299327093,27304033.144665413,25426752.253141157,0.0,9564480.0,0.0,0.0,26661776.551524237,-2.7939677238464355e-9 
 07/25  15:00:00,54388271.58869532,25027200.0,2014136.1520607788,27346935.436634544,25464607.7292737,0.0,10627200.0,0.0,0.0,27471855.890378952,-6.752088665962219e-9 
 07/25  16:00:00,52014192.35227081,23227200.0,1916356.1858327214,26870636.16643809,24964791.563933678,0.0,10627200.0,0.0,0.0,25504022.123818647,-6.984919309616089e-9 
 07/25  17:00:00,45867839.25080827,19627200.0,1611825.4296475193,24628813.82116075,22703796.661377337,0.0,10627200.0,0.0,0.0,17294161.570485845,-2.7939677238464355e-9 
 07/25  18:00:00,47927508.40739357,22892400.0,1465067.8405362046,23570040.56685736,21642719.502547614,0.0,13892400.0,0.0,0.0,9234051.363302022,-3.026798367500305e-9 
 07/25  19:00:00,41068052.11500213,21600000.0,1174338.0970656562,18293714.017936483,16366392.95362673,0.0,16200000.0,0.0,0.0,1303891.750739132,2.561137080192566e-9 
 07/25  20:00:00,29024380.031332914,10800000.0,1136544.5956399357,17087835.435692977,15160514.371383227,0.0,5400000.0,0.0,0.0,0.0,-4.190951585769653e-9 
 07/25  21:00:00,5760000.0,5760000.0,0.0,0.0,0.0,0.0,5400000.0,0.0,0.0,0.0,6.984919309616089e-10 
 07/25  22:00:00,1710000.0,1710000.0,0.0,0.0,0.0,0.0,1350000.0,0.0,0.0,0.0,-3.14321368932724e-9 
 07/25  23:00:00,1710000.0,1710000.0,0.0,0.0,0.0,0.0,1350000.0,0.0,0.0,0.0,-2.3283064365386963e-9 
 07/25  24:00:00,1710000.0,1710000.0,0.0,0.0,0.0,0.0,1350000.0,0.0,0.0,0.0,-5.471520125865936e-9 
 07/26  01:00:00,4950000.0,4950000.0,0.0,0.0,0.0,0.0,1350000.0,0.0,0.0,0.0,1.280568540096283e-9 
 07/26  02:00:00,4950000.0,4950000.0,0.0,0.0,0.0,0.0,1350000.0,0.0,0.0,0.0,-4.0745362639427185e-9 
 07/26  03:00:00,4950000.0,4950000.0,0.0,0.0,0.0,0.0,1350000.0,0.0,0.0,0.0,-1.0477378964424133e-9 
 07/26  04:00:00,4950000.0,4950000.0,0.0,0.0,0.0,0.0,1350000.0,0.0,0.0,0.0,-6.984919309616089e-10 
 07/26  05:00:00,4950000.0,4950000.0,0.0,0.0,0.0,0.0,1350000.0,0.0,0.0,0.0,-9.313225746154785e-10 
 07/26  06:00:00,4950000.0,4950000.0,0.0,0.0,0.0,0.0,1350000.0,0.0,0.0,0.0,-4.71482053399086e-9 
 07/26  07:00:00,4950000.0,4950000.0,0.0,0.0,0.0,0.0,1350000.0,0.0,0.0,875023.7141918156,-3.6670826375484467e-9 
 07/26  08:00:00,4926240.0,4926240.0,0.0,0.0,0.0,0.0,1326240.0,0.0,0.0,6921653.394058049,-1.8044374883174896e-9 
 07/26  09:00:00,4585140.0,4585140.0,0.0,0.0,0.0,0.0,985140.0,0.0,0.0,21053814.54207182,-4.773028194904327e-9 
 07/26  10:00:00,4356720.0,4356720.0,0.0,0.0,0.0,0.0,756720.0,0.0,0.0,34853554.50331912,-3.958120942115784e-9 
 07/26  11:00:00,4131360.0,4131360.0,0.0,0.0,0.0,0.0,531360.0,0.0,0.0,28870910.074063122,-2.0954757928848267e-9 
 07/26  12:00:00,4131360.0,4131360.0,0.0,0.0,0.0,0.0,531360.0,0.0,0.0,22665606.660674058,-3.958120942115784e-9 
 07/26  13:00:00,4131360.0,4131360.0,0.0,0.0,0.0,0.0,531360.0,0.0,0.0,21900694.933408175,-4.889443516731262e-9 
 07/26  14:00:00,4131360.0,4131360.0,0.0,0.0,0.0,0.0,531360.0,0.0,0.0,27538412.956445873,-7.450580596923828e-9 
 07/26  15:00:00,4131360.0,4131360.0,0.0,0.0,0.0,0.0,531360.0,0.0,0.0,28509709.480776496,-2.3283064365386963e-9 
 07/26  16:00:00,4131360.0,4131360.0,0.0,0.0,0.0,0.0,531360.0,0.0,0.0,25387803.428516313,-3.259629011154175e-9 
 07/26  17:00:00,4131360.0,4131360.0,0.0,0.0,0.0,0.0,531360.0,0.0,0.0,22587727.002020877,-6.28642737865448e-9 
 07/26  18:00:00,4155120.0,4155120.0,0.0,0.0,0.0,0.0,555120.0,0.0,0.0,15796482.156704953,-2.7939677238464355e-9 
 07/26  19:00:00,4881780.0,4881780.0,0.0,0.0,0.0,0.0,1281780.0,0.0,0.0,4045900.455712226,-3.958120942115784e-9 
 07/26  20:00:00,4950000.0,4950000.0,0.0,0.0,0.0,0.0,1350000.0,0.0,0.0,0.0,-2.561137080192566e-9 
 07/26  21:00:00,4950000.0,4950000.0,0.0,0.0,0.0,0.0,1350000.0,0.0,0.0,0.0,-2.7939677238464355e-9 
 07/26  22:00:00,4950000.0,4950000.0,0.0,0.0,0.0,0.0,1350000.0,0.0,0.0,0.0,-3.3760443329811096e-9 
 07/26  23:00:00,4950000.0,4950000.0,0.0,0.0,0.0,0.0,1350000.0,0.0,0.0,0.0,-3.259629011154175e-9 
 07/26  24:00:00,4950000.0,4950000.0,0.0,0.0,0.0,0.0,1350000.0,0.0,0.0,0.0,-2.561137080192566e-9 
 07/27  01:00:00,4950000.0,4950000.0,0.0,0.0,0.0,0.0,1350000.0,0.0,0.0,0.0,-4.6566128730773926e-9 
 07/27  02:00:00,4950000.0,4950000.0,0.0,0.0,0.0,0.0,1350000.0,0.0,0.0,0.0,-2.0954757928848267e-9 
 07/27  03:00:00,4950000.0,4950000.0,0.0,0.0,0.0,0.0,1350000.0,0.0,0.0,0.0,-4.656612873077393e-10 
 07/27  04:00:00,4950000.0,4950000.0,0.0,0.0,0.0,0.0,1350000.0,0.0,0.0,0.0,-3.026798367500305e-9 
 07/27  05:00:00,4950000.0,4950000.0,0.0,0.0,0.0,0.0,1350000.0,0.0,0.0,0.0,3.4924596548080444e-10 
 07/27  06:00:00,4950000.0,4950000.0,0.0,0.0,0.0,0.0,1350000.0,0.0,0.0,0.0,-2.0954757928848267e-9 
 07/27  07:00:00,4950000.0,4950000.0,0.0,0.0,0.0,0.0,1350000.0,0.0,0.0,2122793.9090608517,-1.0477378964424133e-9 
 07/27  08:00:00,4813560.0,4813560.0,0.0,0.0,0.0,0.0,1213560.0,0.0,0.0,15165147.268836686,-4.190951585769653e-9 
 07/27  09:00:00,4448700.0,4448700.0,0.0,0.0,0.0,0.0,848700.0,0.0,0.0,33176807.1953934,-1.862645149230957e-9 
 07/27  10:00:00,4356720.0,4356720.0,0.0,0.0,0.0,0.0,756720.0,0.0,0.0,34933000.88845981,-2.2118911147117615e-9 
 07/27  11:00:00,4264740.0,4264740.0,0.0,0.0,0.0,0.0,664740.0,0.0,0.0,28039065.14696627,-1.280568540096283e-9 
 07/27  12:00:00,4131360.0,4131360.0,0.0,0.0,0.0,0.0,531360.0,0.0,0.0,22605293.051244076,-4.190951585769653e-9 
 07/27  13:00:00,4131360.0,4131360.0,0.0,0.0,0.0,0.0,531360.0,0.0,0.0,21095533.056368344,-2.3283064365386963e-9 
 07/27  14:00:00,4131360.0,4131360.0,0.0,0.0,0.0,0.0,531360.0,0.0,0.0,24257089.025301345,-4.889443516731262e-9 
 07/27  15:00:00,4131360.0,4131360.0,0.0,0.0,0.0,0.0,531360.0,0.0,0.0,25887205.357813172,-5.587935447692871e-9 
 07/27  16:00:00,4131360.0,4131360.0,0.0,0.0,0.0,0.0,531360.0,0.0,0.0,23184566.105389502,-4.423782229423523e-9 
 07/27  17:00:00,4131360.0,4131360.0,0.0,0.0,0.0,0.0,531360.0,0.0,0.0,17893238.56370517,-2.7939677238464355e-9 
 07/27  18:00:00,4410360.0,4410360.0,0.0,0.0,0.0,0.0,810360.0,0.0,0.0,7665583.456152673,-1.862645149230957e-9 
 07/27  19:00:00,4950000.0,4950000.0,0.0,0.0,0.0,0.0,1350000.0,0.0,0.0,1283660.4505666872,-1.6298145055770874e-9 
 07/27  20:00:00,4950000.0,4950000.0,0.0,0.0,0.0,0.0,1350000.0,0.0,0.0,0.0,-2.7939677238464355e-9 
 07/27  21:00:00,4950000.0,4950000.0,0.0,0.0,0.0,0.0,1350000.0,0.0,0.0,0.0,-1.1641532182693481e-10 
 07/27  22:00:00,4950000.0,4950000.0,0.0,0.0,0.0,0.0,1350000.0,0.0,0.0,0.0,-9.313225746154785e-10 
 07/27  23:00:00,4950000.0,4950000.0,0.0,0.0,0.0,0.0,1350000.0,0.0,0.0,0.0,-1.862645149230957e-9 
 07/27  24:00:00,4950000.0,4950000.0,0.0,0.0,0.0,0.0,1350000.0,0.0,0.0,0.0,-8.149072527885437e-10 
 07/28  01:00:00,1710000.0,1710000.0,0.0,0.0,0.0,0.0,1350000.0,0.0,0.0,0.0,0.0 
 07/28  02:00:00,1710000.0,1710000.0,0.0,0.0,0.0,0.0,1350000.0,0.0,0.0,0.0,-2.7939677238464355e-9 
 07/28  03:00:00,1710000.0,1710000.0,0.0,0.0,0.0,0.0,1350000.0,0.0,0.0,0.0,-8.149072527885437e-10 
 07/28  04:00:00,1710000.0,1710000.0,0.0,0.0,0.0,0.0,1350000.0,0.0,0.0,0.0,2.3283064365386963e-10 
 07/28  05:00:00,1710000.0,1710000.0,0.0,0.0,0.0,0.0,1350000.0,0.0,0.0,0.0,-1.6880221664905548e-9 
 07/28  06:00:00,1710000.0,1710000.0,0.0,0.0,0.0,0.0,1350000.0,0.0,0.0,0.0,-8.149072527885437e-10 
 07/28  07:00:00,17409920.182510804,1710000.0,1136544.5956399357,14563375.586870868,12694183.829557095,0.0,1350000.0,11339746.75243312,11339746.75243312,4040689.3181397635,-2.9103830456733704e-10 
 07/28  08:00:00,18004232.93925675,1481580.0,1136544.5956399357,15386108.343616815,13557739.238689642,0.0,1121580.0,5978494.641568229,5978494.641568229,22016697.23716589,7.566995918750763e-10 
 07/28  09:00:00,42868057.7893895,23276880.0,1232369.2081464976,18358808.581242997,16539904.82615602,0.0,16076880.0,0.0,0.0,27335615.446724646,-4.423782229423523e-9 
 07/28  10:00:00,58110663.4094319,31029120.0,1722792.3324186546,25358751.077013243,23503046.46990212,0.0,14829120.0,0.0,0.0,26697756.547647607,-7.683411240577698e-9 
 07/28  11:00:00,57877217.26731727,27716400.0,1919719.746300084,28241097.52101719,26344799.637402203,0.0,11516400.0,0.0,0.0,28948456.89669338,-3.259629011154175e-9 
 07/28  12:00:00,58576154.47935897,28436760.0,1828264.5367079666,28311129.942651007,26407132.819644608,0.0,12236760.0,0.0,0.0,24434036.635943633,-5.3551048040390015e-9 
 07/28  13:00:00,52643112.95023219,24701760.0,1533955.7318074075,26407397.218424782,24491187.66362594,0.0,8501760.0,0.0,0.0,21684761.224287197,-6.05359673500061e-9 
 07/28  14:00:00,56679857.48604527,25764480.0,1807552.770038392,29107824.716006882,27191171.241804257,0.0,9564480.0,0.0,0.0,25949864.296915643,-3.026798367500305e-9 
 07/28  15:00:00,56707943.64976616,25027200.0,1883154.2867160684,29797589.363050092,27871634.048955876,0.0,10627200.0,0.0,0.0,25742855.030913264,-3.958120942115784e-9 
 07/28  16:00:00,52050810.451752126,23227200.0,1665136.012025999,27158474.439726137,25231153.375416383,0.0,10627200.0,0.0,0.0,16811250.780046813,-7.2177499532699585e-9 
 07/28  17:00:00,48975756.85628273,24134400.0,1450498.754884122,23390858.101398613,21463537.037088864,0.0,15134400.0,0.0,0.0,12709481.776307777,-2.3283064365386963e-9 
 07/28  18:00:00,44859760.65823062,23367600.0,1347409.6261056736,20144751.032124944,18217429.967815198,0.0,14367600.0,0.0,0.0,8413609.999670897,-1.1641532182693481e-9 
 07/28  19:00:00,37309352.796377905,21600000.0,1144063.4174818206,14565289.37889609,12637907.770381497,0.0,16200000.0,52361.29681645902,52361.29681645902,1147195.712683308,-2.2118911147117615e-9 
 07/28  20:00:00,25771672.77885061,10800000.0,1136544.5956399357,13835128.183210673,11907144.205212133,0.0,5400000.0,563441.4459981467,563441.4459981467,0.0,-4.889443516731262e-9 
 07/28  21:00:00,5760000.0,5760000.0,0.0,0.0,0.0,0.0,5400000.0,0.0,0.0,0.0,1.0477378964424133e-9 
 07/28  22:00:00,1710000.0,1710000.0,0.0,0.0,0.0,0.0,1350000.0,0.0,0.0,0.0,3.4924596548080444e-10 
 07/28  23:00:00,1710000.0,1710000.0,0.0,0.0,0.0,0.0,1350000.0,0.0,0.0,0.0,8.731149137020111e-10 
 07/28  24:00:00,1710000.0,1710000.0,0.0,0.0,0.0,0.0,1350000.0,0.0,0.0,0.0,-2.270098775625229e-9 
 07/29  01:00:00,1710000.0,1710000.0,0.0,0.0,0.0,0.0,1350000.0,0.0,0.0,0.0,-1.1641532182693481e-10 
 07/29  02:00:00,1710000.0,1710000.0,0.0,0.0,0.0,0.0,1350000.0,0.0,0.0,0.0,-4.132743924856186e-9 
 07/29  03:00:00,1710000.0,1710000.0,0.0,0.0,0.0,0.0,1350000.0,0.0,0.0,0.0,-6.984919309616089e-10 
 07/29  04:00:00,1710000.0,1710000.0,0.0,0.0,0.0,0.0,1350000.0,0.0,0.0,0.0,-3.4924596548080444e-10 
 07/29  05:00:00,1710000.0,1710000.0,0.0,0.0,0.0,0.0,1350000.0,0.0,0.0,0.0,-1.8044374883174896e-9 
 07/29  06:00:00,1710000.0,1710000.0,0.0,0.0,0.0,0.0,1350000.0,0.0,0.0,0.0,-8.149072527885437e-10 
 07/29  07:00:00,17040974.992322046,1710000.0,1136544.5956399357,14194430.396682106,12343914.240911614,0.0,1350000.0,14505538.807872452,14505538.807872452,3203395.3241751185,-3.026798367500305e-9 
 07/29  08:00:00,17374668.35173248,1549800.0,1136544.5956399357,14688323.756092548,12880627.704753418,0.0,1189800.0,8391192.816239541,8391192.816239541,18253052.32951619,-3.6670826375484467e-9 
 07/29  09:00:00,40630361.3873708,22476600.0,1207459.1751613705,16946302.212209426,15144377.593351688,0.0,15276600.0,0.0,0.0,30994739.584601454,3.4924596548080444e-10 
 07/29  10:00:00,56556704.62283438,30577680.0,1720395.9562813658,24258628.66655301,22424255.600581944,0.0,14377680.0,0.0,0.0,30360546.969068266,-4.307366907596588e-9 
 07/29  11:00:00,56540889.11219559,26827200.0,1901526.0657518771,27812163.04644371,25922937.85099242,0.0,10627200.0,0.0,0.0,28854955.08992965,-5.587935447692871e-9 
 07/29  12:00:00,57567624.11195508,27140580.0,1778094.6381678102,28648949.47378727,26737556.558545012,0.0,10940580.0,0.0,0.0,22389278.79651205,-3.4924596548080444e-10 
 07/29  13:00:00,54011131.47591096,24701760.0,1543342.3873139438,27766029.088597015,25838939.253744327,0.0,8501760.0,0.0,0.0,21450356.003702976,6.984919309616089e-10 
 07/29  14:00:00,58653352.29579571,25764480.0,1804070.5023025,31084801.79349321,29157480.729183458,0.0,9564480.0,0.0,0.0,23828238.17236924,-4.6566128730773926e-9 
 07/29  15:00:00,59852883.03578515,25027200.0,1930150.0833415084,32895532.952443644,30968211.888133895,0.0,10627200.0,0.0,0.0,24243565.121239386,-1.3969838619232178e-9 
 07/29  16:00:00,56865667.087973215,23227200.0,1854138.2943901513,31784328.793583065,29857007.72927332,0.0,10627200.0,0.0,0.0,24594902.96492757,9.313225746154785e-10 
 07/29  17:00:00,49218670.80077951,19627200.0,1587224.169915213,28004246.630864292,26076925.566554546,0.0,10627200.0,0.0,0.0,18299898.244499553,6.984919309616089e-10 
 07/29  18:00:00,58062401.650019035,31017600.0,1471034.388466293,25573767.26155275,23646446.197243005,0.0,22017600.0,0.0,0.0,5447226.04668598,-2.7939677238464355e-9 
 07/29  19:00:00,42076408.44902001,21600000.0,1179695.3539028154,19296713.095117196,17369392.030807447,0.0,16200000.0,0.0,0.0,1351559.0341781653,0.0 
 07/29  20:00:00,29299654.57333841,10800000.0,1136544.5956399357,17363109.977698475,15435788.91338873,0.0,5400000.0,0.0,0.0,0.0,-1.7462298274040222e-9 
 07/29  21:00:00,5760000.0,5760000.0,0.0,0.0,0.0,0.0,5400000.0,0.0,0.0,0.0,-5.238689482212067e-9 
 07/29  22:00:00,1710000.0,1710000.0,0.0,0.0,0.0,0.0,1350000.0,0.0,0.0,0.0,-3.3760443329811096e-9 
 07/29  23:00:00,1710000.0,1710000.0,0.0,0.0,0.0,0.0,1350000.0,0.0,0.0,0.0,-3.4924596548080444e-10 
 07/29  24:00:00,1710000.0,1710000.0,0.0,0.0,0.0,0.0,1350000.0,0.0,0.0,0.0,-4.423782229423523e-9 
 07/30  01:00:00,1710000.0,1710000.0,0.0,0.0,0.0,0.0,1350000.0,0.0,0.0,0.0,-8.149072527885437e-10 
 07/30  02:00:00,1710000.0,1710000.0,0.0,0.0,0.0,0.0,1350000.0,0.0,0.0,0.0,-1.979060471057892e-9 
 07/30  03:00:00,1710000.0,1710000.0,0.0,0.0,0.0,0.0,1350000.0,0.0,0.0,0.0,5.820766091346741e-11 
 07/30  04:00:00,1710000.0,1710000.0,0.0,0.0,0.0,0.0,1350000.0,0.0,0.0,0.0,-2.3283064365386963e-10 
 07/30  05:00:00,1710000.0,1710000.0,0.0,0.0,0.0,0.0,1350000.0,0.0,0.0,0.0,-3.026798367500305e-9 
 07/30  06:00:00,1710000.0,1710000.0,0.0,0.0,0.0,0.0,1350000.0,0.0,0.0,0.0,-1.862645149230957e-9 
 07/30  07:00:00,17112085.422492,1710000.0,1136544.5956399357,14265540.826852065,12423024.820709009,0.0,1350000.0,13029873.12424789,13029873.12424789,5134577.023120543,-2.561137080192566e-9 
 07/30  08:00:00,18296886.66097662,1481580.0,1136544.5956399357,15678762.06533668,13864976.735356454,0.0,1121580.0,6263943.481002451,6263943.481002451,25028992.504160717,1.7462298274040222e-10 
 07/30  09:00:00,42763885.4992129,22476600.0,1254975.8383172369,19032309.66089566,17229752.944561914,0.0,15276600.0,0.0,0.0,32223287.745988376,-4.0745362639427185e-9 
 07/30  10:00:00,59460814.10480598,30126240.0,1865013.4909789693,27469560.613827012,25616233.349900182,0.0,13926240.0,0.0,0.0,32787868.51107602,-1.7462298274040222e-9 
 07/30  11:00:00,60232148.782139935,27716400.0,2060763.7503321206,30454985.03180781,28555467.234920565,0.0,11516400.0,0.0,0.0,29263441.398408495,-1.0477378964424133e-9 
 07/30  12:00:00,59358434.75958837,26295840.0,1899487.3209316074,31163107.438656762,29243211.528872244,0.0,10095840.0,0.0,0.0,24058556.350017935,-3.259629011154175e-9 
 07/30  13:00:00,55396811.159409,24701760.0,1618707.2496734853,29076343.909735516,27149022.845425766,0.0,8501760.0,0.0,0.0,22575041.883236382,-1.862645149230957e-9 
 07/30  14:00:00,59264762.23258763,25764480.0,1941219.9917415297,31559062.240846105,29631741.176536355,0.0,9564480.0,0.0,0.0,27090435.551296853,-3.4924596548080444e-9 
 07/30  15:00:00,57861540.609766364,25027200.0,2000652.932087615,30833687.677678756,28906366.613369007,0.0,10627200.0,0.0,0.0,25406707.355459254,-4.423782229423523e-9 
 07/30  16:00:00,53321802.40783435,24116400.0,1746783.1579593532,27458619.249875,25531298.185565256,0.0,11516400.0,0.0,0.0,17970894.93905026,-4.6566128730773926e-9 
 07/30  17:00:00,54927460.644725606,30067200.0,1463504.9896352866,23396755.655090317,21469434.59078057,0.0,21067200.0,0.0,0.0,7701059.948262281,-5.122274160385132e-9 
 07/30  18:00:00,48497332.1359299,25207200.0,1359421.375097926,21930710.760831967,20003389.69652222,0.0,16207200.0,0.0,0.0,7093479.152345713,-1.6298145055770874e-9 
 07/30  19:00:00,39973802.45320922,21600000.0,1148075.420972937,17225727.032236286,15298405.967926538,0.0,16200000.0,0.0,0.0,1344142.1152731343,2.0954757928848267e-9 
 07/30  20:00:00,29042791.230517372,10800000.0,1136544.5956399357,17106246.634877436,15178877.326631622,0.0,5400000.0,41147.96085849476,41147.96085849476,0.0,-1.3969838619232178e-9 
 07/30  21:00:00,5760000.0,5760000.0,0.0,0.0,0.0,0.0,5400000.0,0.0,0.0,0.0,-5.005858838558197e-9 
 07/30  22:00:00,1710000.0,1710000.0,0.0,0.0,0.0,0.0,1350000.0,0.0,0.0,0.0,-1.979060471057892e-9 
 07/30  23:00:00,1710000.0,1710000.0,0.0,0.0,0.0,0.0,1350000.0,0.0,0.0,0.0,-9.313225746154785e-10 
 07/30  24:00:00,1710000.0,1710000.0,0.0,0.0,0.0,0.0,1350000.0,0.0,0.0,0.0,-3.0850060284137726e-9 
 07/31  01:00:00,1710000.0,1710000.0,0.0,0.0,0.0,0.0,1350000.0,0.0,0.0,0.0,-1.57160684466362e-9 
 07/31  02:00:00,1710000.0,1710000.0,0.0,0.0,0.0,0.0,1350000.0,0.0,0.0,0.0,-1.1059455573558807e-9 
 07/31  03:00:00,1710000.0,1710000.0,0.0,0.0,0.0,0.0,1350000.0,0.0,0.0,0.0,5.820766091346741e-10 
 07/31  04:00:00,1710000.0,1710000.0,0.0,0.0,0.0,0.0,1350000.0,0.0,0.0,0.0,-3.3178366720676422e-9 
 07/31  05:00:00,1710000.0,1710000.0,0.0,0.0,0.0,0.0,1350000.0,0.0,0.0,0.0,-7.566995918750763e-10 
 07/31  06:00:00,1710000.0,1710000.0,0.0,0.0,0.0,0.0,1350000.0,0.0,0.0,0.0,3.14321368932724e-9 
 07/31  07:00:00,18621233.97746465,1710000.0,1136544.5956399357,15774689.381824715,13896984.669307016,0.0,1350000.0,13262433.550472593,13262433.550472593,1609922.5314105684,-2.9103830456733704e-10 
 07/31  08:00:00,19820289.723837513,1573560.0,1136544.5956399357,17110185.12819758,15264520.69484917,0.0,1213560.0,8491538.098522393,8491538.098522393,12751622.703259686,-7.566995918750763e-10 
 07/31  09:00:00,43778966.36896438,22476600.0,1221951.1468358394,20080415.222128548,18247193.572705917,0.0,15276600.0,0.0,0.0,31234672.273328796,-6.752088665962219e-9 
 07/31  10:00:00,60841679.86523132,30577680.0,1872592.2142773054,28391407.650954004,26533731.80964434,0.0,14377680.0,0.0,0.0,34713323.56421776,-6.05359673500061e-9 
 07/31  11:00:00,59765209.86096451,26827200.0,2079549.8818541034,30858459.979110405,28960933.84450665,0.0,10627200.0,0.0,0.0,29178524.96353043,-5.820766091346741e-10 
 07/31  12:00:00,61043974.470853396,28888200.0,1961308.742081812,30194465.72877159,28283426.279017944,0.0,12688200.0,0.0,0.0,25392226.76280293,-3.4924596548080444e-9 
 07/31  13:00:00,58123520.507394925,28687680.0,1642696.687437586,27793143.819957335,25865972.09496436,0.0,12487680.0,0.0,0.0,21745994.01190382,-9.313225746154785e-10 
 07/31  14:00:00,56911026.686745256,25764480.0,1836030.6516709789,29310516.03507427,27383194.970764525,0.0,9564480.0,0.0,0.0,24189923.843412604,-6.984919309616089e-10 
 07/31  15:00:00,57078500.08019624,25027200.0,1857496.2430518686,30193803.837144364,28266482.772834618,0.0,10627200.0,0.0,0.0,24062926.919182334,-3.026798367500305e-9 
 07/31  16:00:00,53903523.28645948,23227200.0,1699062.8404455557,28977260.446013927,27049939.38170418,0.0,10627200.0,0.0,0.0,21213787.62489383,-5.122274160385132e-9 
 07/31  17:00:00,47359609.08713064,19627200.0,1486205.3220039022,26246203.765126742,24318882.700816996,0.0,10627200.0,0.0,0.0,18357935.320600506,-3.026798367500305e-9 
 07/31  18:00:00,46899335.143340275,22003200.0,1379082.3872630182,23517052.75607726,21589731.691767514,0.0,13003200.0,0.0,0.0,9847064.393339831,-6.984919309616089e-10 
 07/31  19:00:00,40421300.04024293,21600000.0,1152581.1374849952,17668718.902757935,15741397.838448191,0.0,16200000.0,0.0,0.0,928425.1330065401,-3.725290298461914e-9 
 07/31  20:00:00,28392511.66615435,10800000.0,1136544.5956399357,16455967.070514416,14528646.006204668,0.0,5400000.0,0.0,0.0,0.0,-1.979060471057892e-9 
 07/31  21:00:00,5760000.0,5760000.0,0.0,0.0,0.0,0.0,5400000.0,0.0,0.0,0.0,-2.444721758365631e-9 
 07/31  22:00:00,1710000.0,1710000.0,0.0,0.0,0.0,0.0,1350000.0,0.0,0.0,0.0,-1.280568540096283e-9 
 07/31  23:00:00,1710000.0,1710000.0,0.0,0.0,0.0,0.0,1350000.0,0.0,0.0,0.0,-4.307366907596588e-9 
 07/31  24:00:00,1710000.0,1710000.0,0.0,0.0,0.0,0.0,1350000.0,0.0,0.0,0.0,-3.3760443329811096e-9 
