Time,SPACE1-1:CHICAGO_IL_USA ANNUAL HEATING 99% DESIGN CONDITIONS DB:Des Heat Load [W],SPACE1-1:CHICAGO_IL_USA ANNUAL COOLING 1% DESIGN CONDITIONS DB/MCWB:Des Sens Cool Load [W],SPACE1-1:CHICAGO_IL_USA ANNUAL HEATING 99% DESIGN CONDITIONS DB:Des Heat Mass Flow [kg/s],SPACE1-1:CHICAGO_IL_USA ANNUAL COOLING 1% DESIGN CONDITIONS DB/MCWB:Des Cool Mass Flow [kg/s],SPACE1-1::Des Latent Heat Load [W],SPACE1-1::Des Latent Cool Load [W],SPACE1-1::Des Latent Heat Mass Flow [kg/s],SPACE1-1::Des Latent Cool Mass Flow [kg/s],SPACE1-1::Des Heat Load No DOAS [W],SPACE1-1::Des Sens Cool Load No DOAS [W],SPACE1-1::Des Latent Heat Load No DOAS [W],SPACE1-1::Des Latent Cool Load No DOAS [W],SPACE1-1:CHICAGO_IL_USA ANNUAL HEATING 99% DESIGN CONDITIONS DB:Heating Zone Temperature [C],SPACE1-1:CHICAGO_IL_USA ANNUAL HEATING 99% DESIGN CONDITIONS DB:Heating Zone Relative Humidity [%],SPACE1-1:CHICAGO_IL_USA ANNUAL COOLING 1% DESIGN CONDITIONS DB/MCWB:Cooling Zone Temperature [C],SPACE1-1:CHICAGO_IL_USA ANNUAL COOLING 1% DESIGN CONDITIONS DB/MCWB:Cooling Zone Relative Humidity [%],SPACE2-1:CHICAGO_IL_USA ANNUAL HEATING 99% DESIGN CONDITIONS DB:Des Heat Load [W],SPACE2-1:CHICAGO_IL_USA ANNUAL COOLING 1% DESIGN CONDITIONS DB/MCWB:Des Sens Cool Load [W],SPACE2-1:CHICAGO_IL_USA ANNUAL HEATING 99% DESIGN CONDITIONS DB:Des Heat Mass Flow [kg/s],SPACE2-1:CHICAGO_IL_USA ANNUAL COOLING 1% DESIGN CONDITIONS DB/MCWB:Des Cool Mass Flow [kg/s],SPACE2-1::Des Latent Heat Load [W],SPACE2-1::Des Latent Cool Load [W],SPACE2-1::Des Latent Heat Mass Flow [kg/s],SPACE2-1::Des Latent Cool Mass Flow [kg/s],SPACE2-1::Des Heat Load No DOAS [W],SPACE2-1::Des Sens Cool Load No DOAS [W],SPACE2-1::Des Latent Heat Load No DOAS [W],SPACE2-1::Des Latent Cool Load No DOAS [W],SPACE2-1:CHICAGO_IL_USA ANNUAL HEATING 99% DESIGN CONDITIONS DB:Heating Zone Temperature [C],SPACE2-1:CHICAGO_IL_USA ANNUAL HEATING 99% DESIGN CONDITIONS DB:Heating Zone Relative Humidity [%],SPACE2-1:CHICAGO_IL_USA ANNUAL COOLING 1% DESIGN CONDITIONS DB/MCWB:Cooling Zone Temperature [C],SPACE2-1:CHICAGO_IL_USA ANNUAL COOLING 1% DESIGN CONDITIONS DB/MCWB:Cooling Zone Relative Humidity [%],SPACE3-1:CHICAGO_IL_USA ANNUAL HEATING 99% DESIGN CONDITIONS DB:Des Heat Load [W],SPACE3-1:CHICAGO_IL_USA ANNUAL COOLING 1% DESIGN CONDITIONS DB/MCWB:Des Sens Cool Load [W],SPACE3-1:CHICAGO_IL_USA ANNUAL HEATING 99% DESIGN CONDITIONS DB:Des Heat Mass Flow [kg/s],SPACE3-1:CHICAGO_IL_USA ANNUAL COOLING 1% DESIGN CONDITIONS DB/MCWB:Des Cool Mass Flow [kg/s],SPACE3-1::Des Latent Heat Load [W],SPACE3-1::Des Latent Cool Load [W],SPACE3-1::Des Latent Heat Mass Flow [kg/s],SPACE3-1::Des Latent Cool Mass Flow [kg/s],SPACE3-1::Des Heat Load No DOAS [W],SPACE3-1::Des Sens Cool Load No DOAS [W],SPACE3-1::Des Latent Heat Load No DOAS [W],SPACE3-1::Des Latent Cool Load No DOAS [W],SPACE3-1:CHICAGO_IL_USA ANNUAL HEATING 99% DESIGN CONDITIONS DB:Heating Zone Temperature [C],SPACE3-1:CHICAGO_IL_USA ANNUAL HEATING 99% DESIGN CONDITIONS DB:Heating Zone Relative Humidity [%],SPACE3-1:CHICAGO_IL_USA ANNUAL COOLING 1% DESIGN CONDITIONS DB/MCWB:Cooling Zone Temperature [C],SPACE3-1:CHICAGO_IL_USA ANNUAL COOLING 1% DESIGN CONDITIONS DB/MCWB:Cooling Zone Relative Humidity [%],SPACE4-1:CHICAGO_IL_USA ANNUAL HEATING 99% DESIGN CONDITIONS DB:Des Heat Load [W],SPACE4-1:CHICAGO_IL_USA ANNUAL COOLING 1% DESIGN CONDITIONS DB/MCWB:Des Sens Cool Load [W],SPACE4-1:CHICAGO_IL_USA ANNUAL HEATING 99% DESIGN CONDITIONS DB:Des Heat Mass Flow [kg/s],SPACE4-1:CHICAGO_IL_USA ANNUAL COOLING 1% DESIGN CONDITIONS DB/MCWB:Des Cool Mass Flow [kg/s],SPACE4-1::Des Latent Heat Load [W],SPACE4-1::Des Latent Cool Load [W],SPACE4-1::Des Latent Heat Mass Flow [kg/s],SPACE4-1::Des Latent Cool Mass Flow [kg/s],SPACE4-1::Des Heat Load No DOAS [W],SPACE4-1::Des Sens Cool Load No DOAS [W],SPACE4-1::Des Latent Heat Load No DOAS [W],SPACE4-1::Des Latent Cool Load No DOAS [W],SPACE4-1:CHICAGO_IL_USA ANNUAL HEATING 99% DESIGN CONDITIONS DB:Heating Zone Temperature [C],SPACE4-1:CHICAGO_IL_USA ANNUAL HEATING 99% DESIGN CONDITIONS DB:Heating Zone Relative Humidity [%],SPACE4-1:CHICAGO_IL_USA ANNUAL COOLING 1% DESIGN CONDITIONS DB/MCWB:Cooling Zone Temperature [C],SPACE4-1:CHICAGO_IL_USA ANNUAL COOLING 1% DESIGN CONDITIONS DB/MCWB:Cooling Zone Relative Humidity [%],SPACE5-1:CHICAGO_IL_USA ANNUAL HEATING 99% DESIGN CONDITIONS DB:Des Heat Load [W],SPACE5-1:CHICAGO_IL_USA ANNUAL COOLING 1% DESIGN CONDITIONS DB/MCWB:Des Sens Cool Load [W],SPACE5-1:CHICAGO_IL_USA ANNUAL HEATING 99% DESIGN CONDITIONS DB:Des Heat Mass Flow [kg/s],SPACE5-1:CHICAGO_IL_USA ANNUAL COOLING 1% DESIGN CONDITIONS DB/MCWB:Des Cool Mass Flow [kg/s],SPACE5-1::Des Latent Heat Load [W],SPACE5-1::Des Latent Cool Load [W],SPACE5-1::Des Latent Heat Mass Flow [kg/s],SPACE5-1::Des Latent Cool Mass Flow [kg/s],SPACE5-1::Des Heat Load No DOAS [W],SPACE5-1::Des Sens Cool Load No DOAS [W],SPACE5-1::Des Latent Heat Load No DOAS [W],SPACE5-1::Des Latent Cool Load No DOAS [W],SPACE5-1:CHICAGO_IL_USA ANNUAL HEATING 99% DESIGN CONDITIONS DB:Heating Zone Temperature [C],SPACE5-1:CHICAGO_IL_USA ANNUAL HEATING 99% DESIGN CONDITIONS DB:Heating Zone Relative Humidity [%],SPACE5-1:CHICAGO_IL_USA ANNUAL COOLING 1% DESIGN CONDITIONS DB/MCWB:Cooling Zone Temperature [C],SPACE5-1:CHICAGO_IL_USA ANNUAL COOLING 1% DESIGN CONDITIONS DB/MCWB:Cooling Zone Relative Humidity [%]
00:15:00,3.250978E+03,0.000000E+00,1.155181E-01,0.000000E+00,0.000000E+00,0.000000E+00,0.000000E+00,0.000000E+00,0.000000E+00,0.000000E+00,0.000000E+00,0.000000E+00,2.219871E+01,2.186579E+01,2.213330E+01,5.905465E+01,1.634754E+03,0.000000E+00,5.808895E-02,0.000000E+00,0.000000E+00,0.000000E+00,0.000000E+00,0.000000E+00,0.000000E+00,0.000000E+00,0.000000E+00,0.000000E+00,2.219902E+01,2.228161E+01,2.225915E+01,5.678368E+01,3.791384E+03,0.000000E+00,1.347218E-01,0.000000E+00,0.000000E+00,0.000000E+00,0.000000E+00,0.000000E+00,0.000000E+00,0.000000E+00,0.000000E+00,0.000000E+00,2.219896E+01,2.229999E+01,2.220888E+01,5.716020E+01,1.403027E+03,0.000000E+00,4.985439E-02,0.000000E+00,0.000000E+00,0.000000E+00,0.000000E+00,0.000000E+00,0.000000E+00,0.000000E+00,0.000000E+00,0.000000E+00,2.219879E+01,2.185456E+01,2.213325E+01,5.904905E+01,3.193455E+03,0.000000E+00,1.134750E-01,0.000000E+00,0.000000E+00,0.000000E+00,0.000000E+00,0.000000E+00,0.000000E+00,0.000000E+00,0.000000E+00,0.000000E+00,2.219890E+01,2.112131E+01,2.213572E+01,5.907104E+01
00:30:00,3.250978E+03,0.000000E+00,1.155181E-01,0.000000E+00,0.000000E+00,0.000000E+00,0.000000E+00,0.000000E+00,0.000000E+00,0.000000E+00,0.000000E+00,0.000000E+00,2.219871E+01,2.186579E+01,2.206177E+01,5.931533E+01,1.634754E+03,0.000000E+00,5.808895E-02,0.000000E+00,0.000000E+00,0.000000E+00,0.000000E+00,0.000000E+00,0.000000E+00,0.000000E+00,0.000000E+00,0.000000E+00,2.219902E+01,2.228161E+01,2.218211E+01,5.705070E+01,3.791384E+03,0.000000E+00,1.347218E-01,0.000000E+00,0.000000E+00,0.000000E+00,0.000000E+00,0.000000E+00,0.000000E+00,0.000000E+00,0.000000E+00,0.000000E+00,2.219896E+01,2.229999E+01,2.213172E+01,5.742951E+01,1.403027E+03,0.000000E+00,4.985439E-02,0.000000E+00,0.000000E+00,0.000000E+00,0.000000E+00,0.000000E+00,0.000000E+00,0.000000E+00,0.000000E+00,0.000000E+00,2.219879E+01,2.185456E+01,2.206119E+01,5.931305E+01,3.193455E+03,0.000000E+00,1.134750E-01,0.000000E+00,0.000000E+00,0.000000E+00,0.000000E+00,0.000000E+00,0.000000E+00,0.000000E+00,0.000000E+00,0.000000E+00,2.219890E+01,2.112131E+01,2.207269E+01,5.929580E+01
00:45:00,3.250978E+03,0.000000E+00,1.155181E-01,0.000000E+00,0.000000E+00,0.000000E+00,0.000000E+00,0.000000E+00,0.000000E+00,0.000000E+00,0.000000E+00,0.000000E+00,2.219871E+01,2.186579E+01,2.199392E+01,5.956337E+01,1.634754E+03,0.000000E+00,5.808895E-02,0.000000E+00,0.000000E+00,0.000000E+00,0.000000E+00,0.000000E+00,0.000000E+00,0.000000E+00,0.000000E+00,0.000000E+00,2.219902E+01,2.228161E+01,2.210853E+01,5.730706E+01,3.791384E+03,0.000000E+00,1.347218E-01,0.000000E+00,0.000000E+00,0.000000E+00,0.000000E+00,0.000000E+00,0.000000E+00,0.000000E+00,0.000000E+00,0.000000E+00,2.219896E+01,2.229999E+01,2.205813E+01,5.768771E+01,1.403027E+03,0.000000E+00,4.985439E-02,0.000000E+00,0.000000E+00,0.000000E+00,0.000000E+00,0.000000E+00,0.000000E+00,0.000000E+00,0.000000E+00,0.000000E+00,2.219879E+01,2.185456E+01,2.199297E+01,5.956348E+01,3.193455E+03,0.000000E+00,1.134750E-01,0.000000E+00,0.000000E+00,0.000000E+00,0.000000E+00,0.000000E+00,0.000000E+00,0.000000E+00,0.000000E+00,0.000000E+00,2.219890E+01,2.112131E+01,2.201286E+01,5.951047E+01
01:00:00,3.250978E+03,0.000000E+00,1.155181E-01,0.000000E+00,0.000000E+00,0.000000E+00,0.000000E+00,0.000000E+00,0.000000E+00,0.000000E+00,0.000000E+00,0.000000E+00,2.219871E+01,2.186579E+01,2.192916E+01,5.980090E+01,1.634754E+03,0.000000E+00,5.808895E-02,0.000000E+00,0.000000E+00,0.000000E+00,0.000000E+00,0.000000E+00,0.000000E+00,0.000000E+00,0.000000E+00,0.000000E+00,2.219902E+01,2.228161E+01,2.203795E+01,5.755415E+01,3.791384E+03,0.000000E+00,1.347218E-01,0.000000E+00,0.000000E+00,0.000000E+00,0.000000E+00,0.000000E+00,0.000000E+00,0.000000E+00,0.000000E+00,0.000000E+00,2.219896E+01,2.229999E+01,2.198758E+01,5.793644E+01,1.403027E+03,0.000000E+00,4.985439E-02,0.000000E+00,0.000000E+00,0.000000E+00,0.000000E+00,0.000000E+00,0.000000E+00,0.000000E+00,0.000000E+00,0.000000E+00,2.219879E+01,2.185456E+01,2.192805E+01,5.980240E+01,3.193455E+03,0.000000E+00,1.134750E-01,0.000000E+00,0.000000E+00,0.000000E+00,0.000000E+00,0.000000E+00,0.000000E+00,0.000000E+00,0.000000E+00,0.000000E+00,2.219890E+01,2.112131E+01,2.195596E+01,5.971575E+01
01:15:00,3.250978E+03,0.000000E+00,1.155181E-01,0.000000E+00,0.000000E+00,0.000000E+00,0.000000E+00,0.000000E+00,0.000000E+00,0.000000E+00,0.000000E+00,0.000000E+00,2.219871E+01,2.186579E+01,2.186700E+01,6.002958E+01,1.634754E+03,0.000000E+00,5.808895E-02,0.000000E+00,0.000000E+00,0.000000E+00,0.000000E+00,0.000000E+00,0.000000E+00,0.000000E+00,0.000000E+00,0.000000E+00,2.219902E+01,2.228161E+01,2.197008E+01,5.779292E+01,3.791384E+03,0.000000E+00,1.347218E-01,0.000000E+00,0.000000E+00,0.000000E+00,0.000000E+00,0.000000E+00,0.000000E+00,0.000000E+00,0.000000E+00,0.000000E+00,2.219896E+01,2.229999E+01,2.191970E+01,5.817691E+01,1.403027E+03,0.000000E+00,4.985439E-02,0.000000E+00,0.000000E+00,0.000000E+00,0.000000E+00,0.000000E+00,0.000000E+00,0.000000E+00,0.000000E+00,0.000000E+00,2.219879E+01,2.185456E+01,2.186597E+01,6.003142E+01,3.193455E+03,0.000000E+00,1.134750E-01,0.000000E+00,0.000000E+00,0.000000E+00,0.000000E+00,0.000000E+00,0.000000E+00,0.000000E+00,0.000000E+00,0.000000E+00,2.219890E+01,2.112131E+01,2.190175E+01,5.991234E+01
01:30:00,3.250978E+03,0.000000E+00,1.155181E-01,0.000000E+00,0.000000E+00,0.000000E+00,0.000000E+00,0.000000E+00,0.000000E+00,0.000000E+00,0.000000E+00,0.000000E+00,2.219871E+01,2.186579E+01,2.180891E+01,6.024401E+01,1.634754E+03,0.000000E+00,5.808895E-02,0.000000E+00,0.000000E+00,0.000000E+00,0.000000E+00,0.000000E+00,0.000000E+00,0.000000E+00,0.000000E+00,0.000000E+00,2.219902E+01,2.228161E+01,2.190600E+01,5.801934E+01,3.791384E+03,0.000000E+00,1.347218E-01,0.000000E+00,0.000000E+00,0.000000E+00,0.000000E+00,0.000000E+00,0.000000E+00,0.000000E+00,0.000000E+00,0.000000E+00,2.219896E+01,2.229999E+01,2.185588E+01,5.840402E+01,1.403027E+03,0.000000E+00,4.985439E-02,0.000000E+00,0.000000E+00,0.000000E+00,0.000000E+00,0.000000E+00,0.000000E+00,0.000000E+00,0.000000E+00,0.000000E+00,2.219879E+01,2.185456E+01,2.180775E+01,6.024678E+01,3.193455E+03,0.000000E+00,1.134750E-01,0.000000E+00,0.000000E+00,0.000000E+00,0.000000E+00,0.000000E+00,0.000000E+00,0.000000E+00,0.000000E+00,0.000000E+00,2.219890E+01,2.112131E+01,2.185012E+01,6.010046E+01
01:45:00,3.250978E+03,0.000000E+00,1.155181E-01,0.000000E+00,0.000000E+00,0.000000E+00,0.000000E+00,0.000000E+00,0.000000E+00,0.000000E+00,0.000000E+00,0.000000E+00,2.219871E+01,2.186579E+01,2.175446E+01,6.044561E+01,1.634754E+03,0.000000E+00,5.808895E-02,0.000000E+00,0.000000E+00,0.000000E+00,0.000000E+00,0.000000E+00,0.000000E+00,0.000000E+00,0.000000E+00,0.000000E+00,2.219902E+01,2.228161E+01,2.184529E+01,5.823481E+01,3.791384E+03,0.000000E+00,1.347218E-01,0.000000E+00,0.000000E+00,0.000000E+00,0.000000E+00,0.000000E+00,0.000000E+00,0.000000E+00,0.000000E+00,0.000000E+00,2.219896E+01,2.229999E+01,2.179560E+01,5.861946E+01,1.403027E+03,0.000000E+00,4.985439E-02,0.000000E+00,0.000000E+00,0.000000E+00,0.000000E+00,0.000000E+00,0.000000E+00,0.000000E+00,0.000000E+00,0.000000E+00,2.219879E+01,2.185456E+01,2.175298E+01,6.044995E+01,3.193455E+03,0.000000E+00,1.134750E-01,0.000000E+00,0.000000E+00,0.000000E+00,0.000000E+00,0.000000E+00,0.000000E+00,0.000000E+00,0.000000E+00,0.000000E+00,2.219890E+01,2.112131E+01,2.180098E+01,6.028033E+01
02:00:00,3.250978E+03,0.000000E+00,1.155181E-01,0.000000E+00,0.000000E+00,0.000000E+00,0.000000E+00,0.000000E+00,0.000000E+00,0.000000E+00,0.000000E+00,0.000000E+00,2.219871E+01,2.186579E+01,2.170273E+01,6.063771E+01,1.634754E+03,0.000000E+00,5.808895E-02,0.000000E+00,0.000000E+00,0.000000E+00,0.000000E+00,0.000000E+00,0.000000E+00,0.000000E+00,0.000000E+00,0.000000E+00,2.219902E+01,2.228161E+01,2.178729E+01,5.844152E+01,3.791384E+03,0.000000E+00,1.347218E-01,0.000000E+00,0.000000E+00,0.000000E+00,0.000000E+00,0.000000E+00,0.000000E+00,0.000000E+00,0.000000E+00,0.000000E+00,2.219896E+01,2.229999E+01,2.173818E+01,5.882548E+01,1.403027E+03,0.000000E+00,4.985439E-02,0.000000E+00,0.000000E+00,0.000000E+00,0.000000E+00,0.000000E+00,0.000000E+00,0.000000E+00,0.000000E+00,0.000000E+00,2.219879E+01,2.185456E+01,2.170093E+01,6.064351E+01,3.193455E+03,0.000000E+00,1.134750E-01,0.000000E+00,0.000000E+00,0.000000E+00,0.000000E+00,0.000000E+00,0.000000E+00,0.000000E+00,0.000000E+00,0.000000E+00,2.219890E+01,2.112131E+01,2.175418E+01,6.045231E+01
02:15:00,3.250978E+03,0.000000E+00,1.155181E-01,0.000000E+00,0.000000E+00,0.000000E+00,0.000000E+00,0.000000E+00,0.000000E+00,0.000000E+00,0.000000E+00,0.000000E+00,2.219871E+01,2.186579E+01,2.165317E+01,6.082230E+01,1.634754E+03,0.000000E+00,5.808895E-02,0.000000E+00,0.000000E+00,0.000000E+00,0.000000E+00,0.000000E+00,0.000000E+00,0.000000E+00,0.000000E+00,0.000000E+00,2.219902E+01,2.228161E+01,2.173166E+01,5.864051E+01,3.791384E+03,0.000000E+00,1.347218E-01,0.000000E+00,0.000000E+00,0.000000E+00,0.000000E+00,0.000000E+00,0.000000E+00,0.000000E+00,0.000000E+00,0.000000E+00,2.219896E+01,2.229999E+01,2.168316E+01,5.902368E+01,1.403027E+03,0.000000E+00,4.985439E-02,0.000000E+00,0.000000E+00,0.000000E+00,0.000000E+00,0.000000E+00,0.000000E+00,0.000000E+00,0.000000E+00,0.000000E+00,2.219879E+01,2.185456E+01,2.165118E+01,6.082901E+01,3.193455E+03,0.000000E+00,1.134750E-01,0.000000E+00,0.000000E+00,0.000000E+00,0.000000E+00,0.000000E+00,0.000000E+00,0.000000E+00,0.000000E+00,0.000000E+00,2.219890E+01,2.112131E+01,2.170956E+01,6.061688E+01
02:30:00,3.250978E+03,0.000000E+00,1.155181E-01,0.000000E+00,0.000000E+00,0.000000E+00,0.000000E+00,0.000000E+00,0.000000E+00,0.000000E+00,0.000000E+00,0.000000E+00,2.219871E+01,2.186579E+01,2.160624E+01,6.099759E+01,1.634754E+03,0.000000E+00,5.808895E-02,0.000000E+00,0.000000E+00,0.000000E+00,0.000000E+00,0.000000E+00,0.000000E+00,0.000000E+00,0.000000E+00,0.000000E+00,2.219902E+01,2.228161E+01,2.167879E+01,5.883035E+01,3.791384E+03,0.000000E+00,1.347218E-01,0.000000E+00,0.000000E+00,0.000000E+00,0.000000E+00,0.000000E+00,0.000000E+00,0.000000E+00,0.000000E+00,0.000000E+00,2.219896E+01,2.229999E+01,2.163095E+01,5.921244E+01,1.403027E+03,0.000000E+00,4.985439E-02,0.000000E+00,0.000000E+00,0.000000E+00,0.000000E+00,0.000000E+00,0.000000E+00,0.000000E+00,0.000000E+00,0.000000E+00,2.219879E+01,2.185456E+01,2.160405E+01,6.100524E+01,3.193455E+03,0.000000E+00,1.134750E-01,0.000000E+00,0.000000E+00,0.000000E+00,0.000000E+00,0.000000E+00,0.000000E+00,0.000000E+00,0.000000E+00,0.000000E+00,2.219890E+01,2.112131E+01,2.166701E+01,6.077438E+01
02:45:00,3.250978E+03,0.000000E+00,1.155181E-01,0.000000E+00,0.000000E+00,0.000000E+00,0.000000E+00,0.000000E+00,0.000000E+00,0.000000E+00,0.000000E+00,0.000000E+00,2.219871E+01,2.186579E+01,2.156188E+01,6.116372E+01,1.634754E+03,0.000000E+00,5.808895E-02,0.000000E+00,0.000000E+00,0.000000E+00,0.000000E+00,0.000000E+00,0.000000E+00,0.000000E+00,0.000000E+00,0.000000E+00,2.219902E+01,2.228161E+01,2.162858E+01,5.901129E+01,3.791384E+03,0.000000E+00,1.347218E-01,0.000000E+00,0.000000E+00,0.000000E+00,0.000000E+00,0.000000E+00,0.000000E+00,0.000000E+00,0.000000E+00,0.000000E+00,2.219896E+01,2.229999E+01,2.158147E+01,5.939198E+01,1.403027E+03,0.000000E+00,4.985439E-02,0.000000E+00,0.000000E+00,0.000000E+00,0.000000E+00,0.000000E+00,0.000000E+00,0.000000E+00,0.000000E+00,0.000000E+00,2.219879E+01,2.185456E+01,2.155943E+01,6.117250E+01,3.193455E+03,0.000000E+00,1.134750E-01,0.000000E+00,0.000000E+00,0.000000E+00,0.000000E+00,0.000000E+00,0.000000E+00,0.000000E+00,0.000000E+00,0.000000E+00,2.219890E+01,2.112131E+01,2.162643E+01,6.092511E+01
03:00:00,3.250978E+03,0.000000E+00,1.155181E-01,0.000000E+00,0.000000E+00,0.000000E+00,0.000000E+00,0.000000E+00,0.000000E+00,0.000000E+00,0.000000E+00,0.000000E+00,2.219871E+01,2.186579E+01,2.151971E+01,6.132209E+01,1.634754E+03,0.000000E+00,5.808895E-02,0.000000E+00,0.000000E+00,0.000000E+00,0.000000E+00,0.000000E+00,0.000000E+00,0.000000E+00,0.000000E+00,0.000000E+00,2.219902E+01,2.228161E+01,2.158070E+01,5.918441E+01,3.791384E+03,0.000000E+00,1.347218E-01,0.000000E+00,0.000000E+00,0.000000E+00,0.000000E+00,0.000000E+00,0.000000E+00,0.000000E+00,0.000000E+00,0.000000E+00,2.219896E+01,2.229999E+01,2.153434E+01,5.956355E+01,1.403027E+03,0.000000E+00,4.985439E-02,0.000000E+00,0.000000E+00,0.000000E+00,0.000000E+00,0.000000E+00,0.000000E+00,0.000000E+00,0.000000E+00,0.000000E+00,2.219879E+01,2.185456E+01,2.151700E+01,6.133195E+01,3.193455E+03,0.000000E+00,1.134750E-01,0.000000E+00,0.000000E+00,0.000000E+00,0.000000E+00,0.000000E+00,0.000000E+00,0.000000E+00,0.000000E+00,0.000000E+00,2.219890E+01,2.112131E+01,2.158771E+01,6.106935E+01
03:15:00,3.250978E+03,0.000000E+00,1.155181E-01,0.000000E+00,0.000000E+00,0.000000E+00,0.000000E+00,0.000000E+00,0.000000E+00,0.000000E+00,0.000000E+00,0.000000E+00,2.219871E+01,2.186579E+01,2.147937E+01,6.147397E+01,1.634754E+03,0.000000E+00,5.808895E-02,0.000000E+00,0.000000E+00,0.000000E+00,0.000000E+00,0.000000E+00,0.000000E+00,0.000000E+00,0.000000E+00,0.000000E+00,2.219902E+01,2.228161E+01,2.153491E+01,5.935053E+01,3.791384E+03,0.000000E+00,1.347218E-01,0.000000E+00,0.000000E+00,0.000000E+00,0.000000E+00,0.000000E+00,0.000000E+00,0.000000E+00,0.000000E+00,0.000000E+00,2.219896E+01,2.229999E+01,2.148925E+01,5.972821E+01,1.403027E+03,0.000000E+00,4.985439E-02,0.000000E+00,0.000000E+00,0.000000E+00,0.000000E+00,0.000000E+00,0.000000E+00,0.000000E+00,0.000000E+00,0.000000E+00,2.219879E+01,2.185456E+01,2.147648E+01,6.148462E+01,3.193455E+03,0.000000E+00,1.134750E-01,0.000000E+00,0.000000E+00,0.000000E+00,0.000000E+00,0.000000E+00,0.000000E+00,0.000000E+00,0.000000E+00,0.000000E+00,2.219890E+01,2.112131E+01,2.155075E+01,6.120744E+01
03:30:00,3.250978E+03,0.000000E+00,1.155181E-01,0.000000E+00,0.000000E+00,0.000000E+00,0.000000E+00,0.000000E+00,0.000000E+00,0.000000E+00,0.000000E+00,0.000000E+00,2.219871E+01,2.186579E+01,2.144076E+01,6.161970E+01,1.634754E+03,0.000000E+00,5.808895E-02,0.000000E+00,0.000000E+00,0.000000E+00,0.000000E+00,0.000000E+00,0.000000E+00,0.000000E+00,0.000000E+00,0.000000E+00,2.219902E+01,2.228161E+01,2.149114E+01,5.950979E+01,3.791384E+03,0.000000E+00,1.347218E-01,0.000000E+00,0.000000E+00,0.000000E+00,0.000000E+00,0.000000E+00,0.000000E+00,0.000000E+00,0.000000E+00,0.000000E+00,2.219896E+01,2.229999E+01,2.144612E+01,5.988619E+01,1.403027E+03,0.000000E+00,4.985439E-02,0.000000E+00,0.000000E+00,0.000000E+00,0.000000E+00,0.000000E+00,0.000000E+00,0.000000E+00,0.000000E+00,0.000000E+00,2.219879E+01,2.185456E+01,2.143779E+01,6.163072E+01,3.193455E+03,0.000000E+00,1.134750E-01,0.000000E+00,0.000000E+00,0.000000E+00,0.000000E+00,0.000000E+00,0.000000E+00,0.000000E+00,0.000000E+00,0.000000E+00,2.219890E+01,2.112131E+01,2.151553E+01,6.133938E+01
03:45:00,3.250978E+03,0.000000E+00,1.155181E-01,0.000000E+00,0.000000E+00,0.000000E+00,0.000000E+00,0.000000E+00,0.000000E+00,0.000000E+00,0.000000E+00,0.000000E+00,2.219871E+01,2.186579E+01,2.140368E+01,6.175996E+01,1.634754E+03,0.000000E+00,5.808895E-02,0.000000E+00,0.000000E+00,0.000000E+00,0.000000E+00,0.000000E+00,0.000000E+00,0.000000E+00,0.000000E+00,0.000000E+00,2.219902E+01,2.228161E+01,2.144920E+01,5.966283E+01,3.791384E+03,0.000000E+00,1.347218E-01,0.000000E+00,0.000000E+00,0.000000E+00,0.000000E+00,0.000000E+00,0.000000E+00,0.000000E+00,0.000000E+00,0.000000E+00,2.219896E+01,2.229999E+01,2.140476E+01,6.003816E+01,1.403027E+03,0.000000E+00,4.985439E-02,0.000000E+00,0.000000E+00,0.000000E+00,0.000000E+00,0.000000E+00,0.000000E+00,0.000000E+00,0.000000E+00,0.000000E+00,2.219879E+01,2.185456E+01,2.140073E+01,6.177101E+01,3.193455E+03,0.000000E+00,1.134750E-01,0.000000E+00,0.000000E+00,0.000000E+00,0.000000E+00,0.000000E+00,0.000000E+00,0.000000E+00,0.000000E+00,0.000000E+00,2.219890E+01,2.112131E+01,2.148189E+01,6.146575E+01
04:00:00,3.250978E+03,0.000000E+00,1.155181E-01,0.000000E+00,0.000000E+00,0.000000E+00,0.000000E+00,0.000000E+00,0.000000E+00,0.000000E+00,0.000000E+00,0.000000E+00,2.219871E+01,2.186579E+01,2.136800E+01,6.189529E+01,1.634754E+03,0.000000E+00,5.808895E-02,0.000000E+00,0.000000E+00,0.000000E+00,0.000000E+00,0.000000E+00,0.000000E+00,0.000000E+00,0.000000E+00,0.000000E+00,2.219902E+01,2.228161E+01,2.140894E+01,5.981020E+01,3.791384E+03,0.000000E+00,1.347218E-01,0.000000E+00,0.000000E+00,0.000000E+00,0.000000E+00,0.000000E+00,0.000000E+00,0.000000E+00,0.000000E+00,0.000000E+00,2.219896E+01,2.229999E+01,2.136498E+01,6.018468E+01,1.403027E+03,0.000000E+00,4.985439E-02,0.000000E+00,0.000000E+00,0.000000E+00,0.000000E+00,0.000000E+00,0.000000E+00,0.000000E+00,0.000000E+00,0.000000E+00,2.219879E+01,2.185456E+01,2.136512E+01,6.190609E+01,3.193455E+03,0.000000E+00,1.134750E-01,0.000000E+00,0.000000E+00,0.000000E+00,0.000000E+00,0.000000E+00,0.000000E+00,0.000000E+00,0.000000E+00,0.000000E+00,2.219890E+01,2.112131E+01,2.144967E+01,6.158707E+01
04:15:00,3.250978E+03,0.000000E+00,1.155181E-01,0.000000E+00,0.000000E+00,0.000000E+00,0.000000E+00,0.000000E+00,0.000000E+00,0.000000E+00,0.000000E+00,0.000000E+00,2.219871E+01,2.186579E+01,2.133359E+01,6.202606E+01,1.634754E+03,0.000000E+00,5.808895E-02,0.000000E+00,0.000000E+00,0.000000E+00,0.000000E+00,0.000000E+00,0.000000E+00,0.000000E+00,0.000000E+00,0.000000E+00,2.219902E+01,2.228161E+01,2.137022E+01,5.995229E+01,3.791384E+03,0.000000E+00,1.347218E-01,0.000000E+00,0.000000E+00,0.000000E+00,0.000000E+00,0.000000E+00,0.000000E+00,0.000000E+00,0.000000E+00,0.000000E+00,2.219896E+01,2.229999E+01,2.132668E+01,6.032615E+01,1.403027E+03,0.000000E+00,4.985439E-02,0.000000E+00,0.000000E+00,0.000000E+00,0.000000E+00,0.000000E+00,0.000000E+00,0.000000E+00,0.000000E+00,0.000000E+00,2.219879E+01,2.185456E+01,2.133085E+01,6.203637E+01,3.193455E+03,0.000000E+00,1.134750E-01,0.000000E+00,0.000000E+00,0.000000E+00,0.000000E+00,0.000000E+00,0.000000E+00,0.000000E+00,0.000000E+00,0.000000E+00,2.219890E+01,2.112131E+01,2.141877E+01,6.170370E+01
04:30:00,3.250978E+03,0.000000E+00,1.155181E-01,0.000000E+00,0.000000E+00,0.000000E+00,0.000000E+00,0.000000E+00,0.000000E+00,0.000000E+00,0.000000E+00,0.000000E+00,2.219871E+01,2.186579E+01,2.130106E+01,6.214999E+01,1.634754E+03,0.000000E+00,5.808895E-02,0.000000E+00,0.000000E+00,0.000000E+00,0.000000E+00,0.000000E+00,0.000000E+00,0.000000E+00,0.000000E+00,0.000000E+00,2.219902E+01,2.228161E+01,2.133345E+01,6.008758E+01,3.791384E+03,0.000000E+00,1.347218E-01,0.000000E+00,0.000000E+00,0.000000E+00,0.000000E+00,0.000000E+00,0.000000E+00,0.000000E+00,0.000000E+00,0.000000E+00,2.219896E+01,2.229999E+01,2.129039E+01,6.046056E+01,1.403027E+03,0.000000E+00,4.985439E-02,0.000000E+00,0.000000E+00,0.000000E+00,0.000000E+00,0.000000E+00,0.000000E+00,0.000000E+00,0.000000E+00,0.000000E+00,2.219879E+01,2.185456E+01,2.129835E+01,6.216024E+01,3.193455E+03,0.000000E+00,1.134750E-01,0.000000E+00,0.000000E+00,0.000000E+00,0.000000E+00,0.000000E+00,0.000000E+00,0.000000E+00,0.000000E+00,0.000000E+00,2.219890E+01,2.112131E+01,2.138916E+01,6.181568E+01
04:45:00,3.250978E+03,0.000000E+00,1.155181E-01,0.000000E+00,0.000000E+00,0.000000E+00,0.000000E+00,0.000000E+00,0.000000E+00,0.000000E+00,0.000000E+00,0.000000E+00,2.219871E+01,2.186579E+01,2.127038E+01,6.226709E+01,1.634754E+03,0.000000E+00,5.808895E-02,0.000000E+00,0.000000E+00,0.000000E+00,0.000000E+00,0.000000E+00,0.000000E+00,0.000000E+00,0.000000E+00,0.000000E+00,2.219902E+01,2.228161E+01,2.129855E+01,6.021631E+01,3.791384E+03,0.000000E+00,1.347218E-01,0.000000E+00,0.000000E+00,0.000000E+00,0.000000E+00,0.000000E+00,0.000000E+00,0.000000E+00,0.000000E+00,0.000000E+00,2.219896E+01,2.229999E+01,2.125606E+01,6.058804E+01,1.403027E+03,0.000000E+00,4.985439E-02,0.000000E+00,0.000000E+00,0.000000E+00,0.000000E+00,0.000000E+00,0.000000E+00,0.000000E+00,0.000000E+00,0.000000E+00,2.219879E+01,2.185456E+01,2.126756E+01,6.227779E+01,3.193455E+03,0.000000E+00,1.134750E-01,0.000000E+00,0.000000E+00,0.000000E+00,0.000000E+00,0.000000E+00,0.000000E+00,0.000000E+00,0.000000E+00,0.000000E+00,2.219890E+01,2.112131E+01,2.136083E+01,6.192306E+01
05:00:00,3.250978E+03,0.000000E+00,1.155181E-01,0.000000E+00,0.000000E+00,0.000000E+00,0.000000E+00,0.000000E+00,0.000000E+00,0.000000E+00,0.000000E+00,0.000000E+00,2.219871E+01,2.186579E+01,2.124120E+01,6.237869E+01,1.634754E+03,0.000000E+00,5.808895E-02,0.000000E+00,0.000000E+00,0.000000E+00,0.000000E+00,0.000000E+00,0.000000E+00,0.000000E+00,0.000000E+00,0.000000E+00,2.219902E+01,2.228161E+01,2.126525E+01,6.033943E+01,3.791384E+03,0.000000E+00,1.347218E-01,0.000000E+00,0.000000E+00,0.000000E+00,0.000000E+00,0.000000E+00,0.000000E+00,0.000000E+00,0.000000E+00,0.000000E+00,2.219896E+01,2.229999E+01,2.122334E+01,6.070978E+01,1.403027E+03,0.000000E+00,4.985439E-02,0.000000E+00,0.000000E+00,0.000000E+00,0.000000E+00,0.000000E+00,0.000000E+00,0.000000E+00,0.000000E+00,0.000000E+00,2.219879E+01,2.185456E+01,2.123824E+01,6.238999E+01,3.193455E+03,0.000000E+00,1.134750E-01,0.000000E+00,0.000000E+00,0.000000E+00,0.000000E+00,0.000000E+00,0.000000E+00,0.000000E+00,0.000000E+00,0.000000E+00,2.219890E+01,2.112131E+01,2.133375E+01,6.202593E+01
05:15:00,3.250978E+03,0.000000E+00,1.155181E-01,0.000000E+00,0.000000E+00,0.000000E+00,0.000000E+00,0.000000E+00,0.000000E+00,0.000000E+00,0.000000E+00,0.000000E+00,2.219871E+01,2.186579E+01,2.121324E+01,6.248584E+01,1.634754E+03,0.000000E+00,5.808895E-02,0.000000E+00,0.000000E+00,0.000000E+00,0.000000E+00,0.000000E+00,0.000000E+00,0.000000E+00,0.000000E+00,0.000000E+00,2.219902E+01,2.228161E+01,2.123335E+01,6.045761E+01,3.791384E+03,0.000000E+00,1.347218E-01,0.000000E+00,0.000000E+00,0.000000E+00,0.000000E+00,0.000000E+00,0.000000E+00,0.000000E+00,0.000000E+00,0.000000E+00,2.219896E+01,2.229999E+01,2.119200E+01,6.082664E+01,1.403027E+03,0.000000E+00,4.985439E-02,0.000000E+00,0.000000E+00,0.000000E+00,0.000000E+00,0.000000E+00,0.000000E+00,0.000000E+00,0.000000E+00,0.000000E+00,2.219879E+01,2.185456E+01,2.121016E+01,6.249762E+01,3.193455E+03,0.000000E+00,1.134750E-01,0.000000E+00,0.000000E+00,0.000000E+00,0.000000E+00,0.000000E+00,0.000000E+00,0.000000E+00,0.000000E+00,0.000000E+00,2.219890E+01,2.112131E+01,2.130784E+01,6.212449E+01
05:30:00,3.250978E+03,0.000000E+00,1.155181E-01,0.000000E+00,0.000000E+00,0.000000E+00,0.000000E+00,0.000000E+00,0.000000E+00,0.000000E+00,0.000000E+00,0.000000E+00,2.219871E+01,2.186579E+01,2.118886E+01,6.257944E+01,1.634754E+03,0.000000E+00,5.808895E-02,0.000000E+00,0.000000E+00,0.000000E+00,0.000000E+00,0.000000E+00,0.000000E+00,0.000000E+00,0.000000E+00,0.000000E+00,2.219902E+01,2.228161E+01,2.120461E+01,6.056434E+01,3.791384E+03,0.000000E+00,1.347218E-01,0.000000E+00,0.000000E+00,0.000000E+00,0.000000E+00,0.000000E+00,0.000000E+00,0.000000E+00,0.000000E+00,0.000000E+00,2.219896E+01,2.229999E+01,2.116427E+01,6.093027E+01,1.403027E+03,0.000000E+00,4.985439E-02,0.000000E+00,0.000000E+00,0.000000E+00,0.000000E+00,0.000000E+00,0.000000E+00,0.000000E+00,0.000000E+00,0.000000E+00,2.219879E+01,2.185456E+01,2.118506E+01,6.259400E+01,3.193455E+03,0.000000E+00,1.134750E-01,0.000000E+00,0.000000E+00,0.000000E+00,0.000000E+00,0.000000E+00,0.000000E+00,0.000000E+00,0.000000E+00,0.000000E+00,2.219890E+01,2.112131E+01,2.128323E+01,6.221830E+01
05:45:00,3.250978E+03,0.000000E+00,1.155181E-01,0.000000E+00,0.000000E+00,0.000000E+00,0.000000E+00,0.000000E+00,0.000000E+00,0.000000E+00,0.000000E+00,0.000000E+00,2.219871E+01,2.186579E+01,2.116843E+01,6.265798E+01,1.634754E+03,0.000000E+00,5.808895E-02,0.000000E+00,0.000000E+00,0.000000E+00,0.000000E+00,0.000000E+00,0.000000E+00,0.000000E+00,0.000000E+00,0.000000E+00,2.219902E+01,2.228161E+01,2.117907E+01,6.065933E+01,3.791384E+03,0.000000E+00,1.347218E-01,0.000000E+00,0.000000E+00,0.000000E+00,0.000000E+00,0.000000E+00,0.000000E+00,0.000000E+00,0.000000E+00,0.000000E+00,2.219896E+01,2.229999E+01,2.114039E+01,6.101969E+01,1.403027E+03,0.000000E+00,4.985439E-02,0.000000E+00,0.000000E+00,0.000000E+00,0.000000E+00,0.000000E+00,0.000000E+00,0.000000E+00,0.000000E+00,0.000000E+00,2.219879E+01,2.185456E+01,2.116313E+01,6.267833E+01,3.193455E+03,0.000000E+00,1.134750E-01,0.000000E+00,0.000000E+00,0.000000E+00,0.000000E+00,0.000000E+00,0.000000E+00,0.000000E+00,0.000000E+00,0.000000E+00,2.219890E+01,2.112131E+01,2.126005E+01,6.230683E+01
06:00:00,3.250978E+03,0.000000E+00,1.155181E-01,0.000000E+00,0.000000E+00,0.000000E+00,0.000000E+00,0.000000E+00,0.000000E+00,0.000000E+00,0.000000E+00,0.000000E+00,2.219871E+01,2.186579E+01,2.115116E+01,6.272447E+01,1.634754E+03,0.000000E+00,5.808895E-02,0.000000E+00,0.000000E+00,0.000000E+00,0.000000E+00,0.000000E+00,0.000000E+00,0.000000E+00,0.000000E+00,0.000000E+00,2.219902E+01,2.228161E+01,2.115640E+01,6.074384E+01,3.791384E+03,0.000000E+00,1.347218E-01,0.000000E+00,0.000000E+00,0.000000E+00,0.000000E+00,0.000000E+00,0.000000E+00,0.000000E+00,0.000000E+00,0.000000E+00,2.219896E+01,2.229999E+01,2.111965E+01,6.109743E+01,1.403027E+03,0.000000E+00,4.985439E-02,0.000000E+00,0.000000E+00,0.000000E+00,0.000000E+00,0.000000E+00,0.000000E+00,0.000000E+00,0.000000E+00,0.000000E+00,2.219879E+01,2.185456E+01,2.114405E+01,6.275183E+01,3.193455E+03,0.000000E+00,1.134750E-01,0.000000E+00,0.000000E+00,0.000000E+00,0.000000E+00,0.000000E+00,0.000000E+00,0.000000E+00,0.000000E+00,0.000000E+00,2.219890E+01,2.112131E+01,2.123839E+01,6.238965E+01
06:15:00,3.250978E+03,0.000000E+00,1.155181E-01,0.000000E+00,0.000000E+00,0.000000E+00,0.000000E+00,0.000000E+00,0.000000E+00,0.000000E+00,0.000000E+00,0.000000E+00,2.219871E+01,2.186579E+01,2.113568E+01,6.278413E+01,1.634754E+03,0.000000E+00,5.808895E-02,0.000000E+00,0.000000E+00,0.000000E+00,0.000000E+00,0.000000E+00,0.000000E+00,0.000000E+00,0.000000E+00,0.000000E+00,2.219902E+01,2.228161E+01,2.113562E+01,6.082139E+01,3.791384E+03,0.000000E+00,1.347218E-01,0.000000E+00,0.000000E+00,0.000000E+00,0.000000E+00,0.000000E+00,0.000000E+00,0.000000E+00,0.000000E+00,0.000000E+00,2.219896E+01,2.229999E+01,2.110095E+01,6.116767E+01,1.403027E+03,0.000000E+00,4.985439E-02,0.000000E+00,0.000000E+00,0.000000E+00,0.000000E+00,0.000000E+00,0.000000E+00,0.000000E+00,0.000000E+00,0.000000E+00,2.219879E+01,2.185456E+01,2.112672E+01,6.281867E+01,3.193455E+03,0.000000E+00,1.134750E-01,0.000000E+00,0.000000E+00,0.000000E+00,0.000000E+00,0.000000E+00,0.000000E+00,0.000000E+00,0.000000E+00,0.000000E+00,2.219890E+01,2.112131E+01,2.121823E+01,6.246686E+01
06:30:00,3.250978E+03,0.000000E+00,1.155181E-01,0.000000E+00,0.000000E+00,0.000000E+00,0.000000E+00,0.000000E+00,0.000000E+00,0.000000E+00,0.000000E+00,0.000000E+00,2.219871E+01,2.186579E+01,2.114094E+01,6.276387E+01,1.634754E+03,0.000000E+00,5.808895E-02,0.000000E+00,0.000000E+00,0.000000E+00,0.000000E+00,0.000000E+00,0.000000E+00,0.000000E+00,0.000000E+00,0.000000E+00,2.219902E+01,2.228161E+01,2.136780E+01,5.996118E+01,3.791384E+03,0.000000E+00,1.347218E-01,0.000000E+00,0.000000E+00,0.000000E+00,0.000000E+00,0.000000E+00,0.000000E+00,0.000000E+00,0.000000E+00,0.000000E+00,2.219896E+01,2.229999E+01,2.139659E+01,6.006820E+01,1.403027E+03,0.000000E+00,4.985439E-02,0.000000E+00,0.000000E+00,0.000000E+00,0.000000E+00,0.000000E+00,0.000000E+00,0.000000E+00,0.000000E+00,0.000000E+00,2.219879E+01,2.185456E+01,2.112980E+01,6.280680E+01,3.193455E+03,0.000000E+00,1.134750E-01,0.000000E+00,0.000000E+00,0.000000E+00,0.000000E+00,0.000000E+00,0.000000E+00,0.000000E+00,0.000000E+00,0.000000E+00,2.219890E+01,2.112131E+01,2.120693E+01,6.251018E+01
06:45:00,3.250978E+03,0.000000E+00,1.155181E-01,0.000000E+00,0.000000E+00,0.000000E+00,0.000000E+00,0.000000E+00,0.000000E+00,0.000000E+00,0.000000E+00,0.000000E+00,2.219871E+01,2.186579E+01,2.118311E+01,6.260157E+01,1.634754E+03,0.000000E+00,5.808895E-02,0.000000E+00,0.000000E+00,0.000000E+00,0.000000E+00,0.000000E+00,0.000000E+00,0.000000E+00,0.000000E+00,0.000000E+00,2.219902E+01,2.228161E+01,2.189332E+01,5.806429E+01,3.791384E+03,0.000000E+00,1.347218E-01,0.000000E+00,0.000000E+00,0.000000E+00,0.000000E+00,0.000000E+00,0.000000E+00,0.000000E+00,0.000000E+00,0.000000E+00,2.219896E+01,2.229999E+01,2.203587E+01,5.776606E+01,1.403027E+03,0.000000E+00,4.985439E-02,0.000000E+00,0.000000E+00,0.000000E+00,0.000000E+00,0.000000E+00,0.000000E+00,0.000000E+00,0.000000E+00,0.000000E+00,2.219879E+01,2.185456E+01,2.117340E+01,6.263889E+01,3.193455E+03,0.000000E+00,1.134750E-01,0.000000E+00,0.000000E+00,0.000000E+00,0.000000E+00,0.000000E+00,0.000000E+00,0.000000E+00,0.000000E+00,0.000000E+00,2.219890E+01,2.112131E+01,2.122916E+01,6.242495E+01
07:00:00,3.250978E+03,0.000000E+00,1.155181E-01,0.000000E+00,0.000000E+00,0.000000E+00,0.000000E+00,0.000000E+00,0.000000E+00,0.000000E+00,0.000000E+00,0.000000E+00,2.219871E+01,2.186579E+01,2.125251E+01,6.233556E+01,1.634754E+03,0.000000E+00,5.808895E-02,0.000000E+00,0.000000E+00,0.000000E+00,0.000000E+00,0.000000E+00,0.000000E+00,0.000000E+00,0.000000E+00,0.000000E+00,2.219902E+01,2.228161E+01,2.252469E+01,5.587408E+01,3.791384E+03,0.000000E+00,1.347218E-01,0.000000E+00,0.000000E+00,0.000000E+00,0.000000E+00,0.000000E+00,0.000000E+00,0.000000E+00,0.000000E+00,0.000000E+00,2.219896E+01,2.229999E+01,2.279583E+01,5.515751E+01,1.403027E+03,0.000000E+00,4.985439E-02,0.000000E+00,0.000000E+00,0.000000E+00,0.000000E+00,0.000000E+00,0.000000E+00,0.000000E+00,0.000000E+00,0.000000E+00,2.219879E+01,2.185456E+01,2.124693E+01,6.235689E+01,3.193455E+03,0.000000E+00,1.134750E-01,0.000000E+00,0.000000E+00,0.000000E+00,0.000000E+00,0.000000E+00,0.000000E+00,0.000000E+00,0.000000E+00,0.000000E+00,2.219890E+01,2.112131E+01,2.128451E+01,6.221335E+01
07:15:00,3.250978E+03,0.000000E+00,1.155181E-01,0.000000E+00,0.000000E+00,0.000000E+00,0.000000E+00,0.000000E+00,0.000000E+00,0.000000E+00,0.000000E+00,0.000000E+00,2.219871E+01,2.186579E+01,2.134356E+01,6.198845E+01,1.634754E+03,0.000000E+00,5.808895E-02,0.000000E+00,0.000000E+00,0.000000E+00,0.000000E+00,0.000000E+00,0.000000E+00,0.000000E+00,0.000000E+00,0.000000E+00,2.219902E+01,2.228161E+01,2.317983E+01,5.369924E+01,3.791384E+03,3.399306E+01,1.347218E-01,3.361621E-03,0.000000E+00,0.000000E+00,0.000000E+00,0.000000E+00,0.000000E+00,0.000000E+00,0.000000E+00,0.000000E+00,2.219896E+01,2.229999E+01,2.355333E+01,5.268874E+01,1.403027E+03,0.000000E+00,4.985439E-02,0.000000E+00,0.000000E+00,0.000000E+00,0.000000E+00,0.000000E+00,0.000000E+00,0.000000E+00,0.000000E+00,0.000000E+00,2.219879E+01,2.185456E+01,2.134406E+01,6.198656E+01,3.193455E+03,0.000000E+00,1.134750E-01,0.000000E+00,0.000000E+00,0.000000E+00,0.000000E+00,0.000000E+00,0.000000E+00,0.000000E+00,0.000000E+00,0.000000E+00,2.219890E+01,2.112131E+01,2.136779E+01,6.189647E+01
07:30:00,3.250978E+03,0.000000E+00,1.155181E-01,0.000000E+00,0.000000E+00,0.000000E+00,0.000000E+00,0.000000E+00,0.000000E+00,0.000000E+00,0.000000E+00,0.000000E+00,2.219871E+01,2.186579E+01,2.142544E+01,6.167817E+01,1.634754E+03,3.398892E+01,5.808895E-02,3.365705E-03,0.000000E+00,0.000000E+00,0.000000E+00,0.000000E+00,0.000000E+00,0.000000E+00,0.000000E+00,0.000000E+00,2.219902E+01,2.228161E+01,2.367809E+01,5.210557E+01,3.791384E+03,1.954824E+02,1.347218E-01,1.941106E-02,0.000000E+00,0.000000E+00,0.000000E+00,0.000000E+00,0.000000E+00,0.000000E+00,0.000000E+00,0.000000E+00,2.219896E+01,2.229999E+01,2.385251E+01,5.159888E+01,1.403027E+03,0.000000E+00,4.985439E-02,0.000000E+00,0.000000E+00,0.000000E+00,0.000000E+00,0.000000E+00,0.000000E+00,0.000000E+00,0.000000E+00,0.000000E+00,2.219879E+01,2.185456E+01,2.143166E+01,6.165467E+01,3.193455E+03,0.000000E+00,1.134750E-01,0.000000E+00,0.000000E+00,0.000000E+00,0.000000E+00,0.000000E+00,0.000000E+00,0.000000E+00,0.000000E+00,0.000000E+00,2.219890E+01,2.112131E+01,2.144235E+01,6.161434E+01
07:45:00,3.250978E+03,0.000000E+00,1.155181E-01,0.000000E+00,0.000000E+00,0.000000E+00,0.000000E+00,0.000000E+00,0.000000E+00,0.000000E+00,0.000000E+00,0.000000E+00,2.219871E+01,2.186579E+01,2.152725E+01,6.129478E+01,1.634754E+03,1.249761E+02,5.808895E-02,1.236266E-02,0.000000E+00,0.000000E+00,0.000000E+00,0.000000E+00,0.000000E+00,0.000000E+00,0.000000E+00,0.000000E+00,2.219902E+01,2.228161E+01,2.389957E+01,5.121385E+01,3.791384E+03,4.191274E+02,1.347218E-01,4.152571E-02,0.000000E+00,0.000000E+00,0.000000E+00,0.000000E+00,0.000000E+00,0.000000E+00,0.000000E+00,0.000000E+00,2.219896E+01,2.229999E+01,2.389945E+01,5.100747E+01,1.403027E+03,0.000000E+00,4.985439E-02,0.000000E+00,0.000000E+00,0.000000E+00,0.000000E+00,0.000000E+00,0.000000E+00,0.000000E+00,0.000000E+00,0.000000E+00,2.219879E+01,2.185456E+01,2.153892E+01,6.125103E+01,3.193455E+03,0.000000E+00,1.134750E-01,0.000000E+00,0.000000E+00,0.000000E+00,0.000000E+00,0.000000E+00,0.000000E+00,0.000000E+00,0.000000E+00,0.000000E+00,2.219890E+01,2.112131E+01,2.153677E+01,6.125911E+01
08:00:00,3.250978E+03,0.000000E+00,1.155181E-01,0.000000E+00,0.000000E+00,0.000000E+00,0.000000E+00,0.000000E+00,0.000000E+00,0.000000E+00,0.000000E+00,0.000000E+00,2.219871E+01,2.186579E+01,2.162475E+01,6.093017E+01,1.634754E+03,2.347608E+02,5.808895E-02,2.321871E-02,0.000000E+00,0.000000E+00,0.000000E+00,0.000000E+00,0.000000E+00,0.000000E+00,0.000000E+00,0.000000E+00,2.219902E+01,2.228161E+01,2.389923E+01,5.077584E+01,3.791384E+03,7.128226E+02,1.347218E-01,7.056796E-02,0.000000E+00,0.000000E+00,0.000000E+00,0.000000E+00,0.000000E+00,0.000000E+00,0.000000E+00,0.000000E+00,2.219896E+01,2.229999E+01,2.389916E+01,5.047226E+01,1.403027E+03,0.000000E+00,4.985439E-02,0.000000E+00,0.000000E+00,0.000000E+00,0.000000E+00,0.000000E+00,0.000000E+00,0.000000E+00,0.000000E+00,0.000000E+00,2.219879E+01,2.185456E+01,2.164120E+01,6.086888E+01,3.193455E+03,0.000000E+00,1.134750E-01,0.000000E+00,0.000000E+00,0.000000E+00,0.000000E+00,0.000000E+00,0.000000E+00,0.000000E+00,0.000000E+00,0.000000E+00,2.219890E+01,2.112131E+01,2.162717E+01,6.092114E+01
08:15:00,3.250978E+03,0.000000E+00,1.155181E-01,0.000000E+00,0.000000E+00,0.000000E+00,0.000000E+00,0.000000E+00,0.000000E+00,0.000000E+00,0.000000E+00,0.000000E+00,2.219871E+01,2.186579E+01,2.264247E+01,5.820153E+01,1.634754E+03,4.943517E+02,5.808895E-02,4.888809E-02,0.000000E+00,0.000000E+00,0.000000E+00,0.000000E+00,0.000000E+00,0.000000E+00,0.000000E+00,0.000000E+00,2.219902E+01,2.228161E+01,2.389933E+01,5.044688E+01,3.791384E+03,1.286897E+03,1.347218E-01,1.273343E-01,0.000000E+00,0.000000E+00,0.000000E+00,0.000000E+00,0.000000E+00,0.000000E+00,0.000000E+00,0.000000E+00,2.219896E+01,2.229999E+01,2.389935E+01,5.011281E+01,1.403027E+03,0.000000E+00,4.985439E-02,0.000000E+00,0.000000E+00,0.000000E+00,0.000000E+00,0.000000E+00,0.000000E+00,0.000000E+00,0.000000E+00,0.000000E+00,2.219879E+01,2.185456E+01,2.267096E+01,5.814038E+01,3.193455E+03,4.853689E+00,1.134750E-01,4.960859E-04,0.000000E+00,0.000000E+00,0.000000E+00,0.000000E+00,0.000000E+00,0.000000E+00,0.000000E+00,0.000000E+00,2.219890E+01,2.112131E+01,2.265109E+01,5.815597E+01
08:30:00,3.250978E+03,1.434419E+02,1.155181E-01,1.433428E-02,0.000000E+00,0.000000E+00,0.000000E+00,0.000000E+00,0.000000E+00,0.000000E+00,0.000000E+00,0.000000E+00,2.219871E+01,2.186579E+01,2.355681E+01,5.633160E+01,1.634754E+03,7.542682E+02,5.808895E-02,7.458592E-02,0.000000E+00,0.000000E+00,0.000000E+00,0.000000E+00,0.000000E+00,0.000000E+00,0.000000E+00,0.000000E+00,2.219902E+01,2.228161E+01,2.389899E+01,5.091365E+01,3.791384E+03,1.833033E+03,1.347218E-01,1.812593E-01,0.000000E+00,0.000000E+00,0.000000E+00,0.000000E+00,0.000000E+00,0.000000E+00,0.000000E+00,0.000000E+00,2.219896E+01,2.229999E+01,2.389911E+01,5.058836E+01,1.403027E+03,6.341513E+01,4.985439E-02,6.328856E-03,0.000000E+00,0.000000E+00,0.000000E+00,0.000000E+00,0.000000E+00,0.000000E+00,0.000000E+00,0.000000E+00,2.219879E+01,2.185456E+01,2.357158E+01,5.636702E+01,3.193455E+03,1.957758E+02,1.134750E-01,1.961534E-02,0.000000E+00,0.000000E+00,0.000000E+00,0.000000E+00,0.000000E+00,0.000000E+00,0.000000E+00,0.000000E+00,2.219890E+01,2.112131E+01,2.354820E+01,5.638727E+01
08:45:00,3.250978E+03,3.365249E+02,1.155181E-01,3.342762E-02,0.000000E+00,0.000000E+00,0.000000E+00,0.000000E+00,0.000000E+00,0.000000E+00,0.000000E+00,0.000000E+00,2.219871E+01,2.186579E+01,2.389906E+01,5.630100E+01,1.634754E+03,9.951606E+02,5.808895E-02,9.840877E-02,0.000000E+00,0.000000E+00,0.000000E+00,0.000000E+00,0.000000E+00,0.000000E+00,0.000000E+00,0.000000E+00,2.219902E+01,2.228161E+01,2.389866E+01,5.131962E+01,3.791384E+03,2.377753E+03,1.347218E-01,2.351274E-01,0.000000E+00,0.000000E+00,0.000000E+00,0.000000E+00,0.000000E+00,0.000000E+00,0.000000E+00,0.000000E+00,2.219896E+01,2.229999E+01,2.389882E+01,5.099062E+01,1.403027E+03,1.524580E+02,4.985439E-02,1.513395E-02,0.000000E+00,0.000000E+00,0.000000E+00,0.000000E+00,0.000000E+00,0.000000E+00,0.000000E+00,0.000000E+00,2.219879E+01,2.185456E+01,2.389912E+01,5.642184E+01,3.193455E+03,5.401192E+02,1.134750E-01,5.366606E-02,0.000000E+00,0.000000E+00,0.000000E+00,0.000000E+00,0.000000E+00,0.000000E+00,0.000000E+00,0.000000E+00,2.219890E+01,2.112131E+01,2.389913E+01,5.658497E+01
09:00:00,3.250978E+03,5.112022E+02,1.155181E-01,5.070211E-02,0.000000E+00,0.000000E+00,0.000000E+00,0.000000E+00,0.000000E+00,0.000000E+00,0.000000E+00,0.000000E+00,2.219871E+01,2.186579E+01,2.389835E+01,5.701298E+01,1.634754E+03,1.239235E+03,5.808895E-02,1.225493E-01,0.000000E+00,0.000000E+00,0.000000E+00,0.000000E+00,0.000000E+00,0.000000E+00,0.000000E+00,0.000000E+00,2.219902E+01,2.228161E+01,2.389775E+01,5.131042E+01,3.791384E+03,2.895193E+03,1.347218E-01,2.863057E-01,0.000000E+00,0.000000E+00,0.000000E+00,0.000000E+00,0.000000E+00,0.000000E+00,0.000000E+00,0.000000E+00,2.219896E+01,2.229999E+01,2.389783E+01,5.103214E+01,1.403027E+03,2.342915E+02,4.985439E-02,2.322678E-02,0.000000E+00,0.000000E+00,0.000000E+00,0.000000E+00,0.000000E+00,0.000000E+00,0.000000E+00,0.000000E+00,2.219879E+01,2.185456E+01,2.389834E+01,5.709869E+01,3.193455E+03,8.501874E+02,1.134750E-01,8.433049E-02,0.000000E+00,0.000000E+00,0.000000E+00,0.000000E+00,0.000000E+00,0.000000E+00,0.000000E+00,0.000000E+00,2.219890E+01,2.112131E+01,2.389815E+01,5.722248E+01
09:15:00,3.250978E+03,8.226098E+02,1.155181E-01,8.149978E-02,0.000000E+00,0.000000E+00,0.000000E+00,0.000000E+00,0.000000E+00,0.000000E+00,0.000000E+00,0.000000E+00,2.219871E+01,2.186579E+01,2.389790E+01,5.806951E+01,1.634754E+03,1.391983E+03,5.808895E-02,1.376613E-01,0.000000E+00,0.000000E+00,0.000000E+00,0.000000E+00,0.000000E+00,0.000000E+00,0.000000E+00,0.000000E+00,2.219902E+01,2.228161E+01,2.389748E+01,5.125580E+01,3.791384E+03,3.228794E+03,1.347218E-01,3.193105E-01,0.000000E+00,0.000000E+00,0.000000E+00,0.000000E+00,0.000000E+00,0.000000E+00,0.000000E+00,0.000000E+00,2.219896E+01,2.229999E+01,2.389753E+01,5.104783E+01,1.403027E+03,3.780533E+02,4.985439E-02,3.744456E-02,0.000000E+00,0.000000E+00,0.000000E+00,0.000000E+00,0.000000E+00,0.000000E+00,0.000000E+00,0.000000E+00,2.219879E+01,2.185456E+01,2.389791E+01,5.807853E+01,3.193455E+03,1.380829E+03,1.134750E-01,1.367956E-01,0.000000E+00,0.000000E+00,0.000000E+00,0.000000E+00,0.000000E+00,0.000000E+00,0.000000E+00,0.000000E+00,2.219890E+01,2.112131E+01,2.389759E+01,5.830716E+01
09:30:00,3.250978E+03,1.013949E+03,1.155181E-01,1.002812E-01,0.000000E+00,0.000000E+00,0.000000E+00,0.000000E+00,0.000000E+00,0.000000E+00,0.000000E+00,0.000000E+00,2.219871E+01,2.186579E+01,2.389600E+01,5.813535E+01,1.634754E+03,1.517072E+03,5.808895E-02,1.500387E-01,0.000000E+00,0.000000E+00,0.000000E+00,0.000000E+00,0.000000E+00,0.000000E+00,0.000000E+00,0.000000E+00,2.219902E+01,2.228161E+01,2.389713E+01,5.095621E+01,3.791384E+03,3.476599E+03,1.347218E-01,3.438337E-01,0.000000E+00,0.000000E+00,0.000000E+00,0.000000E+00,0.000000E+00,0.000000E+00,0.000000E+00,0.000000E+00,2.219896E+01,2.229999E+01,2.389714E+01,5.081134E+01,1.403027E+03,4.703650E+02,4.985439E-02,4.651963E-02,0.000000E+00,0.000000E+00,0.000000E+00,0.000000E+00,0.000000E+00,0.000000E+00,0.000000E+00,0.000000E+00,2.219879E+01,2.185456E+01,2.389609E+01,5.806363E+01,3.193455E+03,1.751911E+03,1.134750E-01,1.732708E-01,0.000000E+00,0.000000E+00,0.000000E+00,0.000000E+00,0.000000E+00,0.000000E+00,0.000000E+00,0.000000E+00,2.219890E+01,2.112131E+01,2.389555E+01,5.842329E+01
09:45:00,3.250978E+03,1.172823E+03,1.155181E-01,1.160042E-01,0.000000E+00,0.000000E+00,0.000000E+00,0.000000E+00,0.000000E+00,0.000000E+00,0.000000E+00,0.000000E+00,2.219871E+01,2.186579E+01,2.389550E+01,5.760176E+01,1.634754E+03,1.605660E+03,5.808895E-02,1.588054E-01,0.000000E+00,0.000000E+00,0.000000E+00,0.000000E+00,0.000000E+00,0.000000E+00,0.000000E+00,0.000000E+00,2.219902E+01,2.228161E+01,2.389722E+01,5.068906E+01,3.791384E+03,3.669456E+03,1.347218E-01,3.629207E-01,0.000000E+00,0.000000E+00,0.000000E+00,0.000000E+00,0.000000E+00,0.000000E+00,0.000000E+00,0.000000E+00,2.219896E+01,2.229999E+01,2.389720E+01,5.057815E+01,1.403027E+03,5.455847E+02,4.985439E-02,5.396357E-02,0.000000E+00,0.000000E+00,0.000000E+00,0.000000E+00,0.000000E+00,0.000000E+00,0.000000E+00,0.000000E+00,2.219879E+01,2.185456E+01,2.389561E+01,5.748097E+01,3.193455E+03,1.986096E+03,1.134750E-01,1.964519E-01,0.000000E+00,0.000000E+00,0.000000E+00,0.000000E+00,0.000000E+00,0.000000E+00,0.000000E+00,0.000000E+00,2.219890E+01,2.112131E+01,2.389507E+01,5.796596E+01
10:00:00,3.250978E+03,1.365998E+03,1.155181E-01,1.351159E-01,0.000000E+00,0.000000E+00,0.000000E+00,0.000000E+00,0.000000E+00,0.000000E+00,0.000000E+00,0.000000E+00,2.219871E+01,2.186579E+01,2.389621E+01,5.676297E+01,1.634754E+03,1.668176E+03,5.808895E-02,1.649881E-01,0.000000E+00,0.000000E+00,0.000000E+00,0.000000E+00,0.000000E+00,0.000000E+00,0.000000E+00,0.000000E+00,2.219902E+01,2.228161E+01,2.389775E+01,5.055622E+01,3.791384E+03,3.815958E+03,1.347218E-01,3.774108E-01,0.000000E+00,0.000000E+00,0.000000E+00,0.000000E+00,0.000000E+00,0.000000E+00,0.000000E+00,0.000000E+00,2.219896E+01,2.229999E+01,2.389771E+01,5.044926E+01,1.403027E+03,6.358117E+02,4.985439E-02,6.289002E-02,0.000000E+00,0.000000E+00,0.000000E+00,0.000000E+00,0.000000E+00,0.000000E+00,0.000000E+00,0.000000E+00,2.219879E+01,2.185456E+01,2.389627E+01,5.661919E+01,3.193455E+03,2.270016E+03,1.134750E-01,2.245431E-01,0.000000E+00,0.000000E+00,0.000000E+00,0.000000E+00,0.000000E+00,0.000000E+00,0.000000E+00,0.000000E+00,2.219890E+01,2.112131E+01,2.389599E+01,5.724702E+01
10:15:00,3.250978E+03,1.438998E+03,1.155181E-01,1.423382E-01,0.000000E+00,0.000000E+00,0.000000E+00,0.000000E+00,0.000000E+00,0.000000E+00,0.000000E+00,0.000000E+00,2.219871E+01,2.186579E+01,2.389717E+01,5.623144E+01,1.634754E+03,1.664987E+03,5.808895E-02,1.646699E-01,0.000000E+00,0.000000E+00,0.000000E+00,0.000000E+00,0.000000E+00,0.000000E+00,0.000000E+00,0.000000E+00,2.219902E+01,2.228161E+01,2.389818E+01,5.056661E+01,3.791384E+03,3.824028E+03,1.347218E-01,3.782030E-01,0.000000E+00,0.000000E+00,0.000000E+00,0.000000E+00,0.000000E+00,0.000000E+00,0.000000E+00,0.000000E+00,2.219896E+01,2.229999E+01,2.389816E+01,5.044490E+01,1.403027E+03,6.722099E+02,4.985439E-02,6.649106E-02,0.000000E+00,0.000000E+00,0.000000E+00,0.000000E+00,0.000000E+00,0.000000E+00,0.000000E+00,0.000000E+00,2.219879E+01,2.185456E+01,2.389717E+01,5.607271E+01,3.193455E+03,2.345387E+03,1.134750E-01,2.320004E-01,0.000000E+00,0.000000E+00,0.000000E+00,0.000000E+00,0.000000E+00,0.000000E+00,0.000000E+00,0.000000E+00,2.219890E+01,2.112131E+01,2.389711E+01,5.681474E+01
10:30:00,3.250978E+03,1.501965E+03,1.155181E-01,1.485615E-01,0.000000E+00,0.000000E+00,0.000000E+00,0.000000E+00,0.000000E+00,0.000000E+00,0.000000E+00,0.000000E+00,2.219871E+01,2.186579E+01,2.389731E+01,5.571670E+01,1.634754E+03,1.643379E+03,5.808895E-02,1.625283E-01,0.000000E+00,0.000000E+00,0.000000E+00,0.000000E+00,0.000000E+00,0.000000E+00,0.000000E+00,0.000000E+00,2.219902E+01,2.228161E+01,2.389822E+01,5.061800E+01,3.791384E+03,3.802222E+03,1.347218E-01,3.760364E-01,0.000000E+00,0.000000E+00,0.000000E+00,0.000000E+00,0.000000E+00,0.000000E+00,0.000000E+00,0.000000E+00,2.219896E+01,2.229999E+01,2.389821E+01,5.047037E+01,1.403027E+03,7.030611E+02,4.985439E-02,6.954048E-02,0.000000E+00,0.000000E+00,0.000000E+00,0.000000E+00,0.000000E+00,0.000000E+00,0.000000E+00,0.000000E+00,2.219879E+01,2.185456E+01,2.389731E+01,5.554856E+01,3.193455E+03,2.406317E+03,1.134750E-01,2.380170E-01,0.000000E+00,0.000000E+00,0.000000E+00,0.000000E+00,0.000000E+00,0.000000E+00,0.000000E+00,0.000000E+00,2.219890E+01,2.112131E+01,2.389726E+01,5.639694E+01
10:45:00,3.250978E+03,1.559633E+03,1.155181E-01,1.542585E-01,0.000000E+00,0.000000E+00,0.000000E+00,0.000000E+00,0.000000E+00,0.000000E+00,0.000000E+00,0.000000E+00,2.219871E+01,2.186579E+01,2.389738E+01,5.529613E+01,1.634754E+03,1.605551E+03,5.808895E-02,1.587831E-01,0.000000E+00,0.000000E+00,0.000000E+00,0.000000E+00,0.000000E+00,0.000000E+00,0.000000E+00,0.000000E+00,2.219902E+01,2.228161E+01,2.389824E+01,5.069299E+01,3.791384E+03,3.752996E+03,1.347218E-01,3.711583E-01,0.000000E+00,0.000000E+00,0.000000E+00,0.000000E+00,0.000000E+00,0.000000E+00,0.000000E+00,0.000000E+00,2.219896E+01,2.229999E+01,2.389822E+01,5.051088E+01,1.403027E+03,7.309970E+02,4.985439E-02,7.230053E-02,0.000000E+00,0.000000E+00,0.000000E+00,0.000000E+00,0.000000E+00,0.000000E+00,0.000000E+00,0.000000E+00,2.219879E+01,2.185456E+01,2.389738E+01,5.512624E+01,3.193455E+03,2.460915E+03,1.134750E-01,2.434039E-01,0.000000E+00,0.000000E+00,0.000000E+00,0.000000E+00,0.000000E+00,0.000000E+00,0.000000E+00,0.000000E+00,2.219890E+01,2.112131E+01,2.389732E+01,5.605148E+01
11:00:00,3.250978E+03,1.612266E+03,1.155181E-01,1.594596E-01,0.000000E+00,0.000000E+00,0.000000E+00,0.000000E+00,0.000000E+00,0.000000E+00,0.000000E+00,0.000000E+00,2.219871E+01,2.186579E+01,2.389742E+01,5.495495E+01,1.634754E+03,1.555303E+03,5.808895E-02,1.538117E-01,0.000000E+00,0.000000E+00,0.000000E+00,0.000000E+00,0.000000E+00,0.000000E+00,0.000000E+00,0.000000E+00,2.219902E+01,2.228161E+01,2.389826E+01,5.079474E+01,3.791384E+03,3.681816E+03,1.347218E-01,3.641141E-01,0.000000E+00,0.000000E+00,0.000000E+00,0.000000E+00,0.000000E+00,0.000000E+00,0.000000E+00,0.000000E+00,2.219896E+01,2.229999E+01,2.389823E+01,5.056916E+01,1.403027E+03,7.561994E+02,4.985439E-02,7.479114E-02,0.000000E+00,0.000000E+00,0.000000E+00,0.000000E+00,0.000000E+00,0.000000E+00,0.000000E+00,0.000000E+00,2.219879E+01,2.185456E+01,2.389743E+01,5.478792E+01,3.193455E+03,2.508914E+03,1.134750E-01,2.481429E-01,0.000000E+00,0.000000E+00,0.000000E+00,0.000000E+00,0.000000E+00,0.000000E+00,0.000000E+00,0.000000E+00,2.219890E+01,2.112131E+01,2.389737E+01,5.577004E+01
11:15:00,3.250978E+03,1.626172E+03,1.155181E-01,1.608334E-01,0.000000E+00,0.000000E+00,0.000000E+00,0.000000E+00,0.000000E+00,0.000000E+00,0.000000E+00,0.000000E+00,2.219871E+01,2.186579E+01,2.389757E+01,5.462897E+01,1.634754E+03,1.485924E+03,5.808895E-02,1.469502E-01,0.000000E+00,0.000000E+00,0.000000E+00,0.000000E+00,0.000000E+00,0.000000E+00,0.000000E+00,0.000000E+00,2.219902E+01,2.228161E+01,2.389823E+01,5.085266E+01,3.791384E+03,3.557275E+03,1.347218E-01,3.517961E-01,0.000000E+00,0.000000E+00,0.000000E+00,0.000000E+00,0.000000E+00,0.000000E+00,0.000000E+00,0.000000E+00,2.219896E+01,2.229999E+01,2.389831E+01,5.058402E+01,1.403027E+03,7.630754E+02,4.985439E-02,7.547045E-02,0.000000E+00,0.000000E+00,0.000000E+00,0.000000E+00,0.000000E+00,0.000000E+00,0.000000E+00,0.000000E+00,2.219879E+01,2.185456E+01,2.389757E+01,5.446554E+01,3.193455E+03,2.492983E+03,1.134750E-01,2.465648E-01,0.000000E+00,0.000000E+00,0.000000E+00,0.000000E+00,0.000000E+00,0.000000E+00,0.000000E+00,0.000000E+00,2.219890E+01,2.112131E+01,2.389754E+01,5.549518E+01
11:30:00,3.250978E+03,1.633561E+03,1.155181E-01,1.615624E-01,0.000000E+00,0.000000E+00,0.000000E+00,0.000000E+00,0.000000E+00,0.000000E+00,0.000000E+00,0.000000E+00,2.219871E+01,2.186579E+01,2.389775E+01,5.418980E+01,1.634754E+03,1.415398E+03,5.808895E-02,1.399756E-01,0.000000E+00,0.000000E+00,0.000000E+00,0.000000E+00,0.000000E+00,0.000000E+00,0.000000E+00,0.000000E+00,2.219902E+01,2.228161E+01,2.389823E+01,5.072364E+01,3.791384E+03,3.415689E+03,1.347218E-01,3.377920E-01,0.000000E+00,0.000000E+00,0.000000E+00,0.000000E+00,0.000000E+00,0.000000E+00,0.000000E+00,0.000000E+00,2.219896E+01,2.229999E+01,2.389845E+01,5.044068E+01,1.403027E+03,7.665702E+02,4.985439E-02,7.581526E-02,0.000000E+00,0.000000E+00,0.000000E+00,0.000000E+00,0.000000E+00,0.000000E+00,0.000000E+00,0.000000E+00,2.219879E+01,2.185456E+01,2.389776E+01,5.402980E+01,3.193455E+03,2.470144E+03,1.134750E-01,2.443031E-01,0.000000E+00,0.000000E+00,0.000000E+00,0.000000E+00,0.000000E+00,0.000000E+00,0.000000E+00,0.000000E+00,2.219890E+01,2.112131E+01,2.389773E+01,5.509625E+01
11:45:00,3.250978E+03,1.636622E+03,1.155181E-01,1.618634E-01,0.000000E+00,0.000000E+00,0.000000E+00,0.000000E+00,0.000000E+00,0.000000E+00,0.000000E+00,0.000000E+00,2.219871E+01,2.186579E+01,2.389780E+01,5.383026E+01,1.634754E+03,1.348100E+03,5.808895E-02,1.333200E-01,0.000000E+00,0.000000E+00,0.000000E+00,0.000000E+00,0.000000E+00,0.000000E+00,0.000000E+00,0.000000E+00,2.219902E+01,2.228161E+01,2.389831E+01,5.064146E+01,3.791384E+03,3.263614E+03,1.347218E-01,3.227501E-01,0.000000E+00,0.000000E+00,0.000000E+00,0.000000E+00,0.000000E+00,0.000000E+00,0.000000E+00,0.000000E+00,2.219896E+01,2.229999E+01,2.389854E+01,5.036066E+01,1.403027E+03,7.678202E+02,4.985439E-02,7.593805E-02,0.000000E+00,0.000000E+00,0.000000E+00,0.000000E+00,0.000000E+00,0.000000E+00,0.000000E+00,0.000000E+00,2.219879E+01,2.185456E+01,2.389781E+01,5.367818E+01,3.193455E+03,2.443342E+03,1.134750E-01,2.416495E-01,0.000000E+00,0.000000E+00,0.000000E+00,0.000000E+00,0.000000E+00,0.000000E+00,0.000000E+00,0.000000E+00,2.219890E+01,2.112131E+01,2.389778E+01,5.475366E+01
12:00:00,3.250978E+03,1.635256E+03,1.155181E-01,1.617287E-01,0.000000E+00,0.000000E+00,0.000000E+00,0.000000E+00,0.000000E+00,0.000000E+00,0.000000E+00,0.000000E+00,2.219871E+01,2.186579E+01,2.389731E+01,5.352149E+01,1.634754E+03,1.289503E+03,5.808895E-02,1.275256E-01,0.000000E+00,0.000000E+00,0.000000E+00,0.000000E+00,0.000000E+00,0.000000E+00,0.000000E+00,0.000000E+00,2.219902E+01,2.228161E+01,2.389807E+01,5.065919E+01,3.791384E+03,3.105534E+03,1.347218E-01,3.071157E-01,0.000000E+00,0.000000E+00,0.000000E+00,0.000000E+00,0.000000E+00,0.000000E+00,0.000000E+00,0.000000E+00,2.219896E+01,2.229999E+01,2.389839E+01,5.039110E+01,1.403027E+03,7.669813E+02,4.985439E-02,7.585520E-02,0.000000E+00,0.000000E+00,0.000000E+00,0.000000E+00,0.000000E+00,0.000000E+00,0.000000E+00,0.000000E+00,2.219879E+01,2.185456E+01,2.389737E+01,5.338298E+01,3.193455E+03,2.411884E+03,1.134750E-01,2.385393E-01,0.000000E+00,0.000000E+00,0.000000E+00,0.000000E+00,0.000000E+00,0.000000E+00,0.000000E+00,0.000000E+00,2.219890E+01,2.112131E+01,2.389719E+01,5.445089E+01
12:15:00,3.250978E+03,1.598177E+03,1.155181E-01,1.580597E-01,0.000000E+00,0.000000E+00,0.000000E+00,0.000000E+00,0.000000E+00,0.000000E+00,0.000000E+00,0.000000E+00,2.219871E+01,2.186579E+01,2.389810E+01,5.321795E+01,1.634754E+03,1.222315E+03,5.808895E-02,1.208802E-01,0.000000E+00,0.000000E+00,0.000000E+00,0.000000E+00,0.000000E+00,0.000000E+00,0.000000E+00,0.000000E+00,2.219902E+01,2.228161E+01,2.389853E+01,5.060392E+01,3.791384E+03,2.932251E+03,1.347218E-01,2.899767E-01,0.000000E+00,0.000000E+00,0.000000E+00,0.000000E+00,0.000000E+00,0.000000E+00,0.000000E+00,0.000000E+00,2.219896E+01,2.229999E+01,2.389867E+01,5.036062E+01,1.403027E+03,7.509987E+02,4.985439E-02,7.427359E-02,0.000000E+00,0.000000E+00,0.000000E+00,0.000000E+00,0.000000E+00,0.000000E+00,0.000000E+00,0.000000E+00,2.219879E+01,2.185456E+01,2.389810E+01,5.308163E+01,3.193455E+03,2.320545E+03,1.134750E-01,2.295028E-01,0.000000E+00,0.000000E+00,0.000000E+00,0.000000E+00,0.000000E+00,0.000000E+00,0.000000E+00,0.000000E+00,2.219890E+01,2.112131E+01,2.389811E+01,5.415885E+01
12:30:00,3.250978E+03,1.558170E+03,1.155181E-01,1.541004E-01,0.000000E+00,0.000000E+00,0.000000E+00,0.000000E+00,0.000000E+00,0.000000E+00,0.000000E+00,0.000000E+00,2.219871E+01,2.186579E+01,2.389845E+01,5.256627E+01,1.634754E+03,1.161702E+03,5.808895E-02,1.148844E-01,0.000000E+00,0.000000E+00,0.000000E+00,0.000000E+00,0.000000E+00,0.000000E+00,0.000000E+00,0.000000E+00,2.219902E+01,2.228161E+01,2.389881E+01,5.013867E+01,3.791384E+03,2.768441E+03,1.347218E-01,2.737748E-01,0.000000E+00,0.000000E+00,0.000000E+00,0.000000E+00,0.000000E+00,0.000000E+00,0.000000E+00,0.000000E+00,2.219896E+01,2.229999E+01,2.389881E+01,4.993299E+01,1.403027E+03,7.363780E+02,4.985439E-02,7.282640E-02,0.000000E+00,0.000000E+00,0.000000E+00,0.000000E+00,0.000000E+00,0.000000E+00,0.000000E+00,0.000000E+00,2.219879E+01,2.185456E+01,2.389844E+01,5.241681E+01,3.193455E+03,2.226786E+03,1.134750E-01,2.202263E-01,0.000000E+00,0.000000E+00,0.000000E+00,0.000000E+00,0.000000E+00,0.000000E+00,0.000000E+00,0.000000E+00,2.219890E+01,2.112131E+01,2.389848E+01,5.351415E+01
12:45:00,3.250978E+03,1.516761E+03,1.155181E-01,1.500020E-01,0.000000E+00,0.000000E+00,0.000000E+00,0.000000E+00,0.000000E+00,0.000000E+00,0.000000E+00,0.000000E+00,2.219871E+01,2.186579E+01,2.389864E+01,5.194432E+01,1.634754E+03,1.108292E+03,5.808895E-02,1.096006E-01,0.000000E+00,0.000000E+00,0.000000E+00,0.000000E+00,0.000000E+00,0.000000E+00,0.000000E+00,0.000000E+00,2.219902E+01,2.228161E+01,2.389903E+01,4.975176E+01,3.791384E+03,2.619348E+03,1.347218E-01,2.590276E-01,0.000000E+00,0.000000E+00,0.000000E+00,0.000000E+00,0.000000E+00,0.000000E+00,0.000000E+00,0.000000E+00,2.219896E+01,2.229999E+01,2.389904E+01,4.958511E+01,1.403027E+03,7.247064E+02,4.985439E-02,7.167061E-02,0.000000E+00,0.000000E+00,0.000000E+00,0.000000E+00,0.000000E+00,0.000000E+00,0.000000E+00,0.000000E+00,2.219879E+01,2.185456E+01,2.389863E+01,5.177931E+01,3.193455E+03,2.131889E+03,1.134750E-01,2.108365E-01,0.000000E+00,0.000000E+00,0.000000E+00,0.000000E+00,0.000000E+00,0.000000E+00,0.000000E+00,0.000000E+00,2.219890E+01,2.112131E+01,2.389865E+01,5.285971E+01
13:00:00,3.250978E+03,1.476450E+03,1.155181E-01,1.460095E-01,0.000000E+00,0.000000E+00,0.000000E+00,0.000000E+00,0.000000E+00,0.000000E+00,0.000000E+00,0.000000E+00,2.219871E+01,2.186579E+01,2.389876E+01,5.151900E+01,1.634754E+03,1.059909E+03,5.808895E-02,1.048129E-01,0.000000E+00,0.000000E+00,0.000000E+00,0.000000E+00,0.000000E+00,0.000000E+00,0.000000E+00,0.000000E+00,2.219902E+01,2.228161E+01,2.389912E+01,4.960756E+01,3.791384E+03,2.488444E+03,1.347218E-01,2.460777E-01,0.000000E+00,0.000000E+00,0.000000E+00,0.000000E+00,0.000000E+00,0.000000E+00,0.000000E+00,0.000000E+00,2.219896E+01,2.229999E+01,2.389913E+01,4.947283E+01,1.403027E+03,7.175754E+02,4.985439E-02,7.096275E-02,0.000000E+00,0.000000E+00,0.000000E+00,0.000000E+00,0.000000E+00,0.000000E+00,0.000000E+00,0.000000E+00,2.219879E+01,2.185456E+01,2.389873E+01,5.133416E+01,3.193455E+03,2.039748E+03,1.134750E-01,2.017153E-01,0.000000E+00,0.000000E+00,0.000000E+00,0.000000E+00,0.000000E+00,0.000000E+00,0.000000E+00,0.000000E+00,2.219890E+01,2.112131E+01,2.389876E+01,5.238238E+01
13:15:00,3.250978E+03,1.564300E+03,1.155181E-01,1.546950E-01,0.000000E+00,0.000000E+00,0.000000E+00,0.000000E+00,0.000000E+00,0.000000E+00,0.000000E+00,0.000000E+00,2.219871E+01,2.186579E+01,2.389867E+01,5.134661E+01,1.634754E+03,1.073270E+03,5.808895E-02,1.061329E-01,0.000000E+00,0.000000E+00,0.000000E+00,0.000000E+00,0.000000E+00,0.000000E+00,0.000000E+00,0.000000E+00,2.219902E+01,2.228161E+01,2.389900E+01,4.970846E+01,3.791384E+03,2.487194E+03,1.347218E-01,2.459519E-01,0.000000E+00,0.000000E+00,0.000000E+00,0.000000E+00,0.000000E+00,0.000000E+00,0.000000E+00,0.000000E+00,2.219896E+01,2.229999E+01,2.389901E+01,4.959291E+01,1.403027E+03,7.728811E+02,4.985439E-02,7.643108E-02,0.000000E+00,0.000000E+00,0.000000E+00,0.000000E+00,0.000000E+00,0.000000E+00,0.000000E+00,0.000000E+00,2.219879E+01,2.185456E+01,2.389863E+01,5.113920E+01,3.193455E+03,2.172275E+03,1.134750E-01,2.148181E-01,0.000000E+00,0.000000E+00,0.000000E+00,0.000000E+00,0.000000E+00,0.000000E+00,0.000000E+00,0.000000E+00,2.219890E+01,2.112131E+01,2.389866E+01,5.215897E+01
13:30:00,3.250978E+03,1.659668E+03,1.155181E-01,1.641261E-01,0.000000E+00,0.000000E+00,0.000000E+00,0.000000E+00,0.000000E+00,0.000000E+00,0.000000E+00,0.000000E+00,2.219871E+01,2.186579E+01,2.389846E+01,5.167724E+01,1.634754E+03,1.093933E+03,5.808895E-02,1.081764E-01,0.000000E+00,0.000000E+00,0.000000E+00,0.000000E+00,0.000000E+00,0.000000E+00,0.000000E+00,0.000000E+00,2.219902E+01,2.228161E+01,2.389874E+01,5.028643E+01,3.791384E+03,2.508237E+03,1.347218E-01,2.480332E-01,0.000000E+00,0.000000E+00,0.000000E+00,0.000000E+00,0.000000E+00,0.000000E+00,0.000000E+00,0.000000E+00,2.219896E+01,2.229999E+01,2.389875E+01,5.016953E+01,1.403027E+03,8.340565E+02,4.985439E-02,8.248098E-02,0.000000E+00,0.000000E+00,0.000000E+00,0.000000E+00,0.000000E+00,0.000000E+00,0.000000E+00,0.000000E+00,2.219879E+01,2.185456E+01,2.389841E+01,5.143689E+01,3.193455E+03,2.314534E+03,1.134750E-01,2.288867E-01,0.000000E+00,0.000000E+00,0.000000E+00,0.000000E+00,0.000000E+00,0.000000E+00,0.000000E+00,0.000000E+00,2.219890E+01,2.112131E+01,2.389845E+01,5.246340E+01
13:45:00,3.250978E+03,1.759792E+03,1.155181E-01,1.740289E-01,0.000000E+00,0.000000E+00,0.000000E+00,0.000000E+00,0.000000E+00,0.000000E+00,0.000000E+00,0.000000E+00,2.219871E+01,2.186579E+01,2.389835E+01,5.201621E+01,1.634754E+03,1.119965E+03,5.808895E-02,1.107519E-01,0.000000E+00,0.000000E+00,0.000000E+00,0.000000E+00,0.000000E+00,0.000000E+00,0.000000E+00,0.000000E+00,2.219902E+01,2.228161E+01,2.389858E+01,5.074174E+01,3.791384E+03,2.545635E+03,1.347218E-01,2.517343E-01,0.000000E+00,0.000000E+00,0.000000E+00,0.000000E+00,0.000000E+00,0.000000E+00,0.000000E+00,0.000000E+00,2.219896E+01,2.229999E+01,2.389859E+01,5.062667E+01,1.403027E+03,8.989989E+02,4.985439E-02,8.890407E-02,0.000000E+00,0.000000E+00,0.000000E+00,0.000000E+00,0.000000E+00,0.000000E+00,0.000000E+00,0.000000E+00,2.219879E+01,2.185456E+01,2.389827E+01,5.172242E+01,3.193455E+03,2.464340E+03,1.134750E-01,2.437030E-01,0.000000E+00,0.000000E+00,0.000000E+00,0.000000E+00,0.000000E+00,0.000000E+00,0.000000E+00,0.000000E+00,2.219890E+01,2.112131E+01,2.389836E+01,5.282384E+01
14:00:00,3.250978E+03,1.862685E+03,1.155181E-01,1.842101E-01,0.000000E+00,0.000000E+00,0.000000E+00,0.000000E+00,0.000000E+00,0.000000E+00,0.000000E+00,0.000000E+00,2.219871E+01,2.186579E+01,2.389747E+01,5.220979E+01,1.634754E+03,1.149684E+03,5.808895E-02,1.136940E-01,0.000000E+00,0.000000E+00,0.000000E+00,0.000000E+00,0.000000E+00,0.000000E+00,0.000000E+00,0.000000E+00,2.219902E+01,2.228161E+01,2.389795E+01,5.097503E+01,3.791384E+03,2.595301E+03,1.347218E-01,2.566533E-01,0.000000E+00,0.000000E+00,0.000000E+00,0.000000E+00,0.000000E+00,0.000000E+00,0.000000E+00,0.000000E+00,2.219896E+01,2.229999E+01,2.389792E+01,5.086915E+01,1.403027E+03,9.661443E+02,4.985439E-02,9.554748E-02,0.000000E+00,0.000000E+00,0.000000E+00,0.000000E+00,0.000000E+00,0.000000E+00,0.000000E+00,0.000000E+00,2.219879E+01,2.185456E+01,2.389741E+01,5.185324E+01,3.193455E+03,2.618627E+03,1.134750E-01,2.589700E-01,0.000000E+00,0.000000E+00,0.000000E+00,0.000000E+00,0.000000E+00,0.000000E+00,0.000000E+00,0.000000E+00,2.219890E+01,2.112131E+01,2.389733E+01,5.306220E+01
14:15:00,3.250978E+03,1.918806E+03,1.155181E-01,1.897675E-01,0.000000E+00,0.000000E+00,0.000000E+00,0.000000E+00,0.000000E+00,0.000000E+00,0.000000E+00,0.000000E+00,2.219871E+01,2.186579E+01,2.389719E+01,5.228871E+01,1.634754E+03,1.160173E+03,5.808895E-02,1.147352E-01,0.000000E+00,0.000000E+00,0.000000E+00,0.000000E+00,0.000000E+00,0.000000E+00,0.000000E+00,0.000000E+00,2.219902E+01,2.228161E+01,2.389770E+01,5.106401E+01,3.791384E+03,2.604593E+03,1.347218E-01,2.575811E-01,0.000000E+00,0.000000E+00,0.000000E+00,0.000000E+00,0.000000E+00,0.000000E+00,0.000000E+00,0.000000E+00,2.219896E+01,2.229999E+01,2.389766E+01,5.097741E+01,1.403027E+03,1.012679E+03,4.985439E-02,1.001535E-01,0.000000E+00,0.000000E+00,0.000000E+00,0.000000E+00,0.000000E+00,0.000000E+00,0.000000E+00,0.000000E+00,2.219879E+01,2.185456E+01,2.389710E+01,5.185241E+01,3.193455E+03,2.689089E+03,1.134750E-01,2.659495E-01,0.000000E+00,0.000000E+00,0.000000E+00,0.000000E+00,0.000000E+00,0.000000E+00,0.000000E+00,0.000000E+00,2.219890E+01,2.112131E+01,2.389704E+01,5.320350E+01
14:30:00,3.250978E+03,1.974433E+03,1.155181E-01,1.952762E-01,0.000000E+00,0.000000E+00,0.000000E+00,0.000000E+00,0.000000E+00,0.000000E+00,0.000000E+00,0.000000E+00,2.219871E+01,2.186579E+01,2.389699E+01,5.249437E+01,1.634754E+03,1.171407E+03,5.808895E-02,1.158497E-01,0.000000E+00,0.000000E+00,0.000000E+00,0.000000E+00,0.000000E+00,0.000000E+00,0.000000E+00,0.000000E+00,2.219902E+01,2.228161E+01,2.389755E+01,5.129487E+01,3.791384E+03,2.616362E+03,1.347218E-01,2.587531E-01,0.000000E+00,0.000000E+00,0.000000E+00,0.000000E+00,0.000000E+00,0.000000E+00,0.000000E+00,0.000000E+00,2.219896E+01,2.229999E+01,2.389751E+01,5.122113E+01,1.403027E+03,1.058860E+03,4.985439E-02,1.047248E-01,0.000000E+00,0.000000E+00,0.000000E+00,0.000000E+00,0.000000E+00,0.000000E+00,0.000000E+00,0.000000E+00,2.219879E+01,2.185456E+01,2.389689E+01,5.198726E+01,3.193455E+03,2.760203E+03,1.134750E-01,2.729941E-01,0.000000E+00,0.000000E+00,0.000000E+00,0.000000E+00,0.000000E+00,0.000000E+00,0.000000E+00,0.000000E+00,2.219890E+01,2.112131E+01,2.389680E+01,5.346640E+01
14:45:00,3.250978E+03,2.028945E+03,1.155181E-01,2.006753E-01,0.000000E+00,0.000000E+00,0.000000E+00,0.000000E+00,0.000000E+00,0.000000E+00,0.000000E+00,0.000000E+00,2.219871E+01,2.186579E+01,2.389678E+01,5.270353E+01,1.634754E+03,1.182675E+03,5.808895E-02,1.169676E-01,0.000000E+00,0.000000E+00,0.000000E+00,0.000000E+00,0.000000E+00,0.000000E+00,0.000000E+00,0.000000E+00,2.219902E+01,2.228161E+01,2.389738E+01,5.153373E+01,3.791384E+03,2.629277E+03,1.347218E-01,2.600386E-01,0.000000E+00,0.000000E+00,0.000000E+00,0.000000E+00,0.000000E+00,0.000000E+00,0.000000E+00,0.000000E+00,2.219896E+01,2.229999E+01,2.389733E+01,5.147344E+01,1.403027E+03,1.103933E+03,4.985439E-02,1.091869E-01,0.000000E+00,0.000000E+00,0.000000E+00,0.000000E+00,0.000000E+00,0.000000E+00,0.000000E+00,0.000000E+00,2.219879E+01,2.185456E+01,2.389668E+01,5.212340E+01,3.193455E+03,2.830555E+03,1.134750E-01,2.799644E-01,0.000000E+00,0.000000E+00,0.000000E+00,0.000000E+00,0.000000E+00,0.000000E+00,0.000000E+00,0.000000E+00,2.219890E+01,2.112131E+01,2.389658E+01,5.373427E+01
15:00:00,3.250978E+03,2.082041E+03,1.155181E-01,2.059314E-01,0.000000E+00,0.000000E+00,0.000000E+00,0.000000E+00,0.000000E+00,0.000000E+00,0.000000E+00,0.000000E+00,2.219871E+01,2.186579E+01,2.389658E+01,5.282288E+01,1.634754E+03,1.193630E+03,5.808895E-02,1.180532E-01,0.000000E+00,0.000000E+00,0.000000E+00,0.000000E+00,0.000000E+00,0.000000E+00,0.000000E+00,0.000000E+00,2.219902E+01,2.228161E+01,2.389720E+01,5.167538E+01,3.791384E+03,2.642668E+03,1.347218E-01,2.613681E-01,0.000000E+00,0.000000E+00,0.000000E+00,0.000000E+00,0.000000E+00,0.000000E+00,0.000000E+00,0.000000E+00,2.219896E+01,2.229999E+01,2.389714E+01,5.163204E+01,1.403027E+03,1.147444E+03,4.985439E-02,1.134931E-01,0.000000E+00,0.000000E+00,0.000000E+00,0.000000E+00,0.000000E+00,0.000000E+00,0.000000E+00,0.000000E+00,2.219879E+01,2.185456E+01,2.389647E+01,5.217212E+01,3.193455E+03,2.900227E+03,1.134750E-01,2.868625E-01,0.000000E+00,0.000000E+00,0.000000E+00,0.000000E+00,0.000000E+00,0.000000E+00,0.000000E+00,0.000000E+00,2.219890E+01,2.112131E+01,2.389636E+01,5.390827E+01
15:15:00,3.250978E+03,2.099508E+03,1.155181E-01,2.076630E-01,0.000000E+00,0.000000E+00,0.000000E+00,0.000000E+00,0.000000E+00,0.000000E+00,0.000000E+00,0.000000E+00,2.219871E+01,2.186579E+01,2.389643E+01,5.285136E+01,1.634754E+03,1.186989E+03,5.808895E-02,1.173982E-01,0.000000E+00,0.000000E+00,0.000000E+00,0.000000E+00,0.000000E+00,0.000000E+00,0.000000E+00,0.000000E+00,2.219902E+01,2.228161E+01,2.389707E+01,5.172521E+01,3.791384E+03,2.618446E+03,1.347218E-01,2.589767E-01,0.000000E+00,0.000000E+00,0.000000E+00,0.000000E+00,0.000000E+00,0.000000E+00,0.000000E+00,0.000000E+00,2.219896E+01,2.229999E+01,2.389701E+01,5.169950E+01,1.403027E+03,1.173735E+03,4.985439E-02,1.160958E-01,0.000000E+00,0.000000E+00,0.000000E+00,0.000000E+00,0.000000E+00,0.000000E+00,0.000000E+00,0.000000E+00,2.219879E+01,2.185456E+01,2.389631E+01,5.214265E+01,3.193455E+03,2.910495E+03,1.134750E-01,2.878840E-01,0.000000E+00,0.000000E+00,0.000000E+00,0.000000E+00,0.000000E+00,0.000000E+00,0.000000E+00,0.000000E+00,2.219890E+01,2.112131E+01,2.389619E+01,5.397782E+01
15:30:00,3.250978E+03,2.111516E+03,1.155181E-01,2.088534E-01,0.000000E+00,0.000000E+00,0.000000E+00,0.000000E+00,0.000000E+00,0.000000E+00,0.000000E+00,0.000000E+00,2.219871E+01,2.186579E+01,2.389646E+01,5.287527E+01,1.634754E+03,1.177091E+03,5.808895E-02,1.164206E-01,0.000000E+00,0.000000E+00,0.000000E+00,0.000000E+00,0.000000E+00,0.000000E+00,0.000000E+00,0.000000E+00,2.219902E+01,2.228161E+01,2.389711E+01,5.177673E+01,3.791384E+03,2.588383E+03,1.347218E-01,2.560063E-01,0.000000E+00,0.000000E+00,0.000000E+00,0.000000E+00,0.000000E+00,0.000000E+00,0.000000E+00,0.000000E+00,2.219896E+01,2.229999E+01,2.389704E+01,5.176674E+01,1.403027E+03,1.195969E+03,4.985439E-02,1.182967E-01,0.000000E+00,0.000000E+00,0.000000E+00,0.000000E+00,0.000000E+00,0.000000E+00,0.000000E+00,0.000000E+00,2.219879E+01,2.185456E+01,2.389631E+01,5.211103E+01,3.193455E+03,2.915622E+03,1.134750E-01,2.883952E-01,0.000000E+00,0.000000E+00,0.000000E+00,0.000000E+00,0.000000E+00,0.000000E+00,0.000000E+00,0.000000E+00,2.219890E+01,2.112131E+01,2.389624E+01,5.403919E+01
15:45:00,3.250978E+03,2.117972E+03,1.155181E-01,2.094940E-01,0.000000E+00,0.000000E+00,0.000000E+00,0.000000E+00,0.000000E+00,0.000000E+00,0.000000E+00,0.000000E+00,2.219871E+01,2.186579E+01,2.389642E+01,5.288961E+01,1.634754E+03,1.164243E+03,5.808895E-02,1.151507E-01,0.000000E+00,0.000000E+00,0.000000E+00,0.000000E+00,0.000000E+00,0.000000E+00,0.000000E+00,0.000000E+00,2.219902E+01,2.228161E+01,2.389709E+01,5.183117E+01,3.791384E+03,2.553029E+03,1.347218E-01,2.525116E-01,0.000000E+00,0.000000E+00,0.000000E+00,0.000000E+00,0.000000E+00,0.000000E+00,0.000000E+00,0.000000E+00,2.219896E+01,2.229999E+01,2.389703E+01,5.183450E+01,1.403027E+03,1.214090E+03,4.985439E-02,1.200903E-01,0.000000E+00,0.000000E+00,0.000000E+00,0.000000E+00,0.000000E+00,0.000000E+00,0.000000E+00,0.000000E+00,2.219879E+01,2.185456E+01,2.389627E+01,5.207711E+01,3.193455E+03,2.915381E+03,1.134750E-01,2.883742E-01,0.000000E+00,0.000000E+00,0.000000E+00,0.000000E+00,0.000000E+00,0.000000E+00,0.000000E+00,0.000000E+00,2.219890E+01,2.112131E+01,2.389619E+01,5.408215E+01
16:00:00,3.250978E+03,2.118212E+03,1.155181E-01,2.095188E-01,0.000000E+00,0.000000E+00,0.000000E+00,0.000000E+00,0.000000E+00,0.000000E+00,0.000000E+00,0.000000E+00,2.219871E+01,2.186579E+01,2.389638E+01,5.288621E+01,1.634754E+03,1.148496E+03,5.808895E-02,1.135936E-01,0.000000E+00,0.000000E+00,0.000000E+00,0.000000E+00,0.000000E+00,0.000000E+00,0.000000E+00,0.000000E+00,2.219902E+01,2.228161E+01,2.389708E+01,5.187790E+01,3.791384E+03,2.512322E+03,1.347218E-01,2.484863E-01,0.000000E+00,0.000000E+00,0.000000E+00,0.000000E+00,0.000000E+00,0.000000E+00,0.000000E+00,0.000000E+00,2.219896E+01,2.229999E+01,2.389700E+01,5.189229E+01,1.403027E+03,1.227819E+03,4.985439E-02,1.214490E-01,0.000000E+00,0.000000E+00,0.000000E+00,0.000000E+00,0.000000E+00,0.000000E+00,0.000000E+00,0.000000E+00,2.219879E+01,2.185456E+01,2.389624E+01,5.203652E+01,3.193455E+03,2.909308E+03,1.134750E-01,2.877752E-01,0.000000E+00,0.000000E+00,0.000000E+00,0.000000E+00,0.000000E+00,0.000000E+00,0.000000E+00,0.000000E+00,2.219890E+01,2.112131E+01,2.389613E+01,5.409456E+01
16:15:00,3.250978E+03,2.091647E+03,1.155181E-01,2.068915E-01,0.000000E+00,0.000000E+00,0.000000E+00,0.000000E+00,0.000000E+00,0.000000E+00,0.000000E+00,0.000000E+00,2.219871E+01,2.186579E+01,2.389636E+01,5.287048E+01,1.634754E+03,1.122649E+03,5.808895E-02,1.110371E-01,0.000000E+00,0.000000E+00,0.000000E+00,0.000000E+00,0.000000E+00,0.000000E+00,0.000000E+00,0.000000E+00,2.219902E+01,2.228161E+01,2.389707E+01,5.191704E+01,3.791384E+03,2.449527E+03,1.347218E-01,2.422756E-01,0.000000E+00,0.000000E+00,0.000000E+00,0.000000E+00,0.000000E+00,0.000000E+00,0.000000E+00,0.000000E+00,2.219896E+01,2.229999E+01,2.389699E+01,5.194047E+01,1.403027E+03,1.227394E+03,4.985439E-02,1.214072E-01,0.000000E+00,0.000000E+00,0.000000E+00,0.000000E+00,0.000000E+00,0.000000E+00,0.000000E+00,0.000000E+00,2.219879E+01,2.185456E+01,2.389623E+01,5.199351E+01,3.193455E+03,2.859449E+03,1.134750E-01,2.828441E-01,0.000000E+00,0.000000E+00,0.000000E+00,0.000000E+00,0.000000E+00,0.000000E+00,0.000000E+00,0.000000E+00,2.219890E+01,2.112131E+01,2.389609E+01,5.408216E+01
16:30:00,3.250978E+03,2.057079E+03,1.155181E-01,2.034717E-01,0.000000E+00,0.000000E+00,0.000000E+00,0.000000E+00,0.000000E+00,0.000000E+00,0.000000E+00,0.000000E+00,2.219871E+01,2.186579E+01,2.389659E+01,5.295396E+01,1.634754E+03,1.092887E+03,5.808895E-02,1.080932E-01,0.000000E+00,0.000000E+00,0.000000E+00,0.000000E+00,0.000000E+00,0.000000E+00,0.000000E+00,0.000000E+00,2.219902E+01,2.228161E+01,2.389722E+01,5.204028E+01,3.791384E+03,2.378918E+03,1.347218E-01,2.352912E-01,0.000000E+00,0.000000E+00,0.000000E+00,0.000000E+00,0.000000E+00,0.000000E+00,0.000000E+00,0.000000E+00,2.219896E+01,2.229999E+01,2.389715E+01,5.207300E+01,1.403027E+03,1.221944E+03,4.985439E-02,1.208678E-01,0.000000E+00,0.000000E+00,0.000000E+00,0.000000E+00,0.000000E+00,0.000000E+00,0.000000E+00,0.000000E+00,2.219879E+01,2.185456E+01,2.389640E+01,5.203080E+01,3.193455E+03,2.801956E+03,1.134750E-01,2.771562E-01,0.000000E+00,0.000000E+00,0.000000E+00,0.000000E+00,0.000000E+00,0.000000E+00,0.000000E+00,0.000000E+00,2.219890E+01,2.112131E+01,2.389641E+01,5.419244E+01
16:45:00,3.250978E+03,2.014152E+03,1.155181E-01,1.992247E-01,0.000000E+00,0.000000E+00,0.000000E+00,0.000000E+00,0.000000E+00,0.000000E+00,0.000000E+00,0.000000E+00,2.219871E+01,2.186579E+01,2.389659E+01,5.307027E+01,1.634754E+03,1.059863E+03,5.808895E-02,1.048266E-01,0.000000E+00,0.000000E+00,0.000000E+00,0.000000E+00,0.000000E+00,0.000000E+00,0.000000E+00,0.000000E+00,2.219902E+01,2.228161E+01,2.389723E+01,5.219362E+01,3.791384E+03,2.301963E+03,1.347218E-01,2.276791E-01,0.000000E+00,0.000000E+00,0.000000E+00,0.000000E+00,0.000000E+00,0.000000E+00,0.000000E+00,0.000000E+00,2.219896E+01,2.229999E+01,2.389716E+01,5.223644E+01,1.403027E+03,1.210620E+03,4.985439E-02,1.197474E-01,0.000000E+00,0.000000E+00,0.000000E+00,0.000000E+00,0.000000E+00,0.000000E+00,0.000000E+00,0.000000E+00,2.219879E+01,2.185456E+01,2.389640E+01,5.209042E+01,3.193455E+03,2.736011E+03,1.134750E-01,2.706317E-01,0.000000E+00,0.000000E+00,0.000000E+00,0.000000E+00,0.000000E+00,0.000000E+00,0.000000E+00,0.000000E+00,2.219890E+01,2.112131E+01,2.389640E+01,5.434378E+01
17:00:00,3.250978E+03,1.962540E+03,1.155181E-01,1.941188E-01,0.000000E+00,0.000000E+00,0.000000E+00,0.000000E+00,0.000000E+00,0.000000E+00,0.000000E+00,0.000000E+00,2.219871E+01,2.186579E+01,2.389655E+01,5.317182E+01,1.634754E+03,1.023548E+03,5.808895E-02,1.012345E-01,0.000000E+00,0.000000E+00,0.000000E+00,0.000000E+00,0.000000E+00,0.000000E+00,0.000000E+00,0.000000E+00,2.219902E+01,2.228161E+01,2.389719E+01,5.233158E+01,3.791384E+03,2.218508E+03,1.347218E-01,2.194242E-01,0.000000E+00,0.000000E+00,0.000000E+00,0.000000E+00,0.000000E+00,0.000000E+00,0.000000E+00,0.000000E+00,2.219896E+01,2.229999E+01,2.389712E+01,5.238413E+01,1.403027E+03,1.192688E+03,4.985439E-02,1.179732E-01,0.000000E+00,0.000000E+00,0.000000E+00,0.000000E+00,0.000000E+00,0.000000E+00,0.000000E+00,0.000000E+00,2.219879E+01,2.185456E+01,2.389637E+01,5.214238E+01,3.193455E+03,2.660948E+03,1.134750E-01,2.632055E-01,0.000000E+00,0.000000E+00,0.000000E+00,0.000000E+00,0.000000E+00,0.000000E+00,0.000000E+00,0.000000E+00,2.219890E+01,2.112131E+01,2.389633E+01,5.446996E+01
17:15:00,3.250978E+03,1.941892E+03,1.155181E-01,1.920756E-01,0.000000E+00,0.000000E+00,0.000000E+00,0.000000E+00,0.000000E+00,0.000000E+00,0.000000E+00,0.000000E+00,2.219871E+01,2.186579E+01,2.389653E+01,5.325507E+01,1.634754E+03,1.000841E+03,5.808895E-02,9.898844E-02,0.000000E+00,0.000000E+00,0.000000E+00,0.000000E+00,0.000000E+00,0.000000E+00,0.000000E+00,0.000000E+00,2.219902E+01,2.228161E+01,2.389717E+01,5.244950E+01,3.791384E+03,2.167511E+03,1.347218E-01,2.143796E-01,0.000000E+00,0.000000E+00,0.000000E+00,0.000000E+00,0.000000E+00,0.000000E+00,0.000000E+00,0.000000E+00,2.219896E+01,2.229999E+01,2.389710E+01,5.251018E+01,1.403027E+03,1.184487E+03,4.985439E-02,1.171617E-01,0.000000E+00,0.000000E+00,0.000000E+00,0.000000E+00,0.000000E+00,0.000000E+00,0.000000E+00,0.000000E+00,2.219879E+01,2.185456E+01,2.389636E+01,5.219143E+01,3.193455E+03,2.648355E+03,1.134750E-01,2.619586E-01,0.000000E+00,0.000000E+00,0.000000E+00,0.000000E+00,0.000000E+00,0.000000E+00,0.000000E+00,0.000000E+00,2.219890E+01,2.112131E+01,2.389628E+01,5.456060E+01
17:30:00,3.250978E+03,1.913637E+03,1.155181E-01,1.892811E-01,0.000000E+00,0.000000E+00,0.000000E+00,0.000000E+00,0.000000E+00,0.000000E+00,0.000000E+00,0.000000E+00,2.219871E+01,2.186579E+01,2.389653E+01,5.333424E+01,1.634754E+03,9.760886E+02,5.808895E-02,9.654037E-02,0.000000E+00,0.000000E+00,0.000000E+00,0.000000E+00,0.000000E+00,0.000000E+00,0.000000E+00,0.000000E+00,2.219902E+01,2.228161E+01,2.389717E+01,5.256371E+01,3.791384E+03,2.112599E+03,1.347218E-01,2.089488E-01,0.000000E+00,0.000000E+00,0.000000E+00,0.000000E+00,0.000000E+00,0.000000E+00,0.000000E+00,0.000000E+00,2.219896E+01,2.229999E+01,2.389709E+01,5.263060E+01,1.403027E+03,1.167424E+03,4.985439E-02,1.154740E-01,0.000000E+00,0.000000E+00,0.000000E+00,0.000000E+00,0.000000E+00,0.000000E+00,0.000000E+00,0.000000E+00,2.219879E+01,2.185456E+01,2.389637E+01,5.225289E+01,3.193455E+03,2.625373E+03,1.134750E-01,2.596862E-01,0.000000E+00,0.000000E+00,0.000000E+00,0.000000E+00,0.000000E+00,0.000000E+00,0.000000E+00,0.000000E+00,2.219890E+01,2.112131E+01,2.389627E+01,5.463305E+01
17:45:00,3.250978E+03,1.875816E+03,1.155181E-01,1.855403E-01,0.000000E+00,0.000000E+00,0.000000E+00,0.000000E+00,0.000000E+00,0.000000E+00,0.000000E+00,0.000000E+00,2.219871E+01,2.186579E+01,2.389655E+01,5.342362E+01,1.634754E+03,9.477152E+02,5.808895E-02,9.373418E-02,0.000000E+00,0.000000E+00,0.000000E+00,0.000000E+00,0.000000E+00,0.000000E+00,0.000000E+00,0.000000E+00,2.219902E+01,2.228161E+01,2.389719E+01,5.269106E+01,3.791384E+03,2.050120E+03,1.347218E-01,2.027695E-01,0.000000E+00,0.000000E+00,0.000000E+00,0.000000E+00,0.000000E+00,0.000000E+00,0.000000E+00,0.000000E+00,2.219896E+01,2.229999E+01,2.389711E+01,5.276247E+01,1.403027E+03,1.139674E+03,4.985439E-02,1.127290E-01,0.000000E+00,0.000000E+00,0.000000E+00,0.000000E+00,0.000000E+00,0.000000E+00,0.000000E+00,0.000000E+00,2.219879E+01,2.185456E+01,2.389642E+01,5.234100E+01,3.193455E+03,2.590088E+03,1.134750E-01,2.561968E-01,0.000000E+00,0.000000E+00,0.000000E+00,0.000000E+00,0.000000E+00,0.000000E+00,0.000000E+00,0.000000E+00,2.219890E+01,2.112131E+01,2.389628E+01,5.470844E+01
18:00:00,3.250978E+03,1.826931E+03,1.155181E-01,1.807049E-01,0.000000E+00,0.000000E+00,0.000000E+00,0.000000E+00,0.000000E+00,0.000000E+00,0.000000E+00,0.000000E+00,2.219871E+01,2.186579E+01,2.389660E+01,5.353676E+01,1.634754E+03,9.146356E+02,5.808895E-02,9.046236E-02,0.000000E+00,0.000000E+00,0.000000E+00,0.000000E+00,0.000000E+00,0.000000E+00,0.000000E+00,0.000000E+00,2.219902E+01,2.228161E+01,2.389722E+01,5.284362E+01,3.791384E+03,1.977717E+03,1.347218E-01,1.956083E-01,0.000000E+00,0.000000E+00,0.000000E+00,0.000000E+00,0.000000E+00,0.000000E+00,0.000000E+00,0.000000E+00,2.219896E+01,2.229999E+01,2.389715E+01,5.291830E+01,1.403027E+03,1.098361E+03,4.985439E-02,1.086423E-01,0.000000E+00,0.000000E+00,0.000000E+00,0.000000E+00,0.000000E+00,0.000000E+00,0.000000E+00,0.000000E+00,2.219879E+01,2.185456E+01,2.389650E+01,5.247015E+01,3.193455E+03,2.539819E+03,1.134750E-01,2.512245E-01,0.000000E+00,0.000000E+00,0.000000E+00,0.000000E+00,0.000000E+00,0.000000E+00,0.000000E+00,0.000000E+00,2.219890E+01,2.112131E+01,2.389632E+01,5.480395E+01
18:15:00,3.250978E+03,1.626220E+03,1.155181E-01,1.608518E-01,0.000000E+00,0.000000E+00,0.000000E+00,0.000000E+00,0.000000E+00,0.000000E+00,0.000000E+00,0.000000E+00,2.219871E+01,2.186579E+01,2.389666E+01,5.368481E+01,1.634754E+03,8.157010E+02,5.808895E-02,8.067704E-02,0.000000E+00,0.000000E+00,0.000000E+00,0.000000E+00,0.000000E+00,0.000000E+00,0.000000E+00,0.000000E+00,2.219902E+01,2.228161E+01,2.389727E+01,5.303167E+01,3.791384E+03,1.759044E+03,1.347218E-01,1.739799E-01,0.000000E+00,0.000000E+00,0.000000E+00,0.000000E+00,0.000000E+00,0.000000E+00,0.000000E+00,0.000000E+00,2.219896E+01,2.229999E+01,2.389719E+01,5.310852E+01,1.403027E+03,9.765521E+02,4.985439E-02,9.659335E-02,0.000000E+00,0.000000E+00,0.000000E+00,0.000000E+00,0.000000E+00,0.000000E+00,0.000000E+00,0.000000E+00,2.219879E+01,2.185456E+01,2.389661E+01,5.265976E+01,3.193455E+03,2.237389E+03,1.134750E-01,2.213095E-01,0.000000E+00,0.000000E+00,0.000000E+00,0.000000E+00,0.000000E+00,0.000000E+00,0.000000E+00,0.000000E+00,2.219890E+01,2.112131E+01,2.389638E+01,5.493318E+01
18:30:00,3.250978E+03,1.400622E+03,1.155181E-01,1.385346E-01,0.000000E+00,0.000000E+00,0.000000E+00,0.000000E+00,0.000000E+00,0.000000E+00,0.000000E+00,0.000000E+00,2.219871E+01,2.186579E+01,2.389773E+01,5.361011E+01,1.634754E+03,7.072793E+02,5.808895E-02,6.995243E-02,0.000000E+00,0.000000E+00,0.000000E+00,0.000000E+00,0.000000E+00,0.000000E+00,0.000000E+00,0.000000E+00,2.219902E+01,2.228161E+01,2.389805E+01,5.289870E+01,3.791384E+03,1.521075E+03,1.347218E-01,1.504408E-01,0.000000E+00,0.000000E+00,0.000000E+00,0.000000E+00,0.000000E+00,0.000000E+00,0.000000E+00,0.000000E+00,2.219896E+01,2.229999E+01,2.389802E+01,5.300174E+01,1.403027E+03,8.372024E+02,4.985439E-02,8.280809E-02,0.000000E+00,0.000000E+00,0.000000E+00,0.000000E+00,0.000000E+00,0.000000E+00,0.000000E+00,0.000000E+00,2.219879E+01,2.185456E+01,2.389755E+01,5.261308E+01,3.193455E+03,1.908839E+03,1.134750E-01,1.888064E-01,0.000000E+00,0.000000E+00,0.000000E+00,0.000000E+00,0.000000E+00,0.000000E+00,0.000000E+00,0.000000E+00,2.219890E+01,2.112131E+01,2.389777E+01,5.487894E+01
18:45:00,3.250978E+03,1.166978E+03,1.155181E-01,1.154210E-01,0.000000E+00,0.000000E+00,0.000000E+00,0.000000E+00,0.000000E+00,0.000000E+00,0.000000E+00,0.000000E+00,2.219871E+01,2.186579E+01,2.389811E+01,5.355124E+01,1.634754E+03,5.950107E+02,5.808895E-02,5.884715E-02,0.000000E+00,0.000000E+00,0.000000E+00,0.000000E+00,0.000000E+00,0.000000E+00,0.000000E+00,0.000000E+00,2.219902E+01,2.228161E+01,2.389836E+01,5.273807E+01,3.791384E+03,1.276141E+03,1.347218E-01,1.262124E-01,0.000000E+00,0.000000E+00,0.000000E+00,0.000000E+00,0.000000E+00,0.000000E+00,0.000000E+00,0.000000E+00,2.219896E+01,2.229999E+01,2.389833E+01,5.286521E+01,1.403027E+03,6.953270E+02,4.985439E-02,6.877273E-02,0.000000E+00,0.000000E+00,0.000000E+00,0.000000E+00,0.000000E+00,0.000000E+00,0.000000E+00,0.000000E+00,2.219879E+01,2.185456E+01,2.389800E+01,5.261011E+01,3.193455E+03,1.571833E+03,1.134750E-01,1.554664E-01,0.000000E+00,0.000000E+00,0.000000E+00,0.000000E+00,0.000000E+00,0.000000E+00,0.000000E+00,0.000000E+00,2.219890E+01,2.112131E+01,2.389809E+01,5.481518E+01
19:00:00,3.250978E+03,9.324083E+02,1.155181E-01,9.221609E-02,0.000000E+00,0.000000E+00,0.000000E+00,0.000000E+00,0.000000E+00,0.000000E+00,0.000000E+00,0.000000E+00,2.219871E+01,2.186579E+01,2.389831E+01,5.361278E+01,1.634754E+03,4.826454E+02,5.808895E-02,4.773227E-02,0.000000E+00,0.000000E+00,0.000000E+00,0.000000E+00,0.000000E+00,0.000000E+00,0.000000E+00,0.000000E+00,2.219902E+01,2.228161E+01,2.389858E+01,5.272516E+01,3.791384E+03,1.031997E+03,1.347218E-01,1.020620E-01,0.000000E+00,0.000000E+00,0.000000E+00,0.000000E+00,0.000000E+00,0.000000E+00,0.000000E+00,0.000000E+00,2.219896E+01,2.229999E+01,2.389854E+01,5.286018E+01,1.403027E+03,5.571057E+02,4.985439E-02,5.509895E-02,0.000000E+00,0.000000E+00,0.000000E+00,0.000000E+00,0.000000E+00,0.000000E+00,0.000000E+00,0.000000E+00,2.219879E+01,2.185456E+01,2.389822E+01,5.273985E+01,3.193455E+03,1.235799E+03,1.134750E-01,1.222225E-01,0.000000E+00,0.000000E+00,0.000000E+00,0.000000E+00,0.000000E+00,0.000000E+00,0.000000E+00,0.000000E+00,2.219890E+01,2.112131E+01,2.389825E+01,5.483298E+01
19:15:00,3.250978E+03,7.499933E+02,1.155181E-01,7.417166E-02,0.000000E+00,0.000000E+00,0.000000E+00,0.000000E+00,0.000000E+00,0.000000E+00,0.000000E+00,0.000000E+00,2.219871E+01,2.186579E+01,2.389844E+01,5.378786E+01,1.634754E+03,3.913627E+02,5.808895E-02,3.870325E-02,0.000000E+00,0.000000E+00,0.000000E+00,0.000000E+00,0.000000E+00,0.000000E+00,0.000000E+00,0.000000E+00,2.219902E+01,2.228161E+01,2.389872E+01,5.287369E+01,3.791384E+03,8.369175E+02,1.347218E-01,8.276606E-02,0.000000E+00,0.000000E+00,0.000000E+00,0.000000E+00,0.000000E+00,0.000000E+00,0.000000E+00,0.000000E+00,2.219896E+01,2.229999E+01,2.389868E+01,5.300245E+01,1.403027E+03,4.495653E+02,4.985439E-02,4.446093E-02,0.000000E+00,0.000000E+00,0.000000E+00,0.000000E+00,0.000000E+00,0.000000E+00,0.000000E+00,0.000000E+00,2.219879E+01,2.185456E+01,2.389836E+01,5.297999E+01,3.193455E+03,9.861036E+02,1.134750E-01,9.752234E-02,0.000000E+00,0.000000E+00,0.000000E+00,0.000000E+00,0.000000E+00,0.000000E+00,0.000000E+00,0.000000E+00,2.219890E+01,2.112131E+01,2.389836E+01,5.494183E+01
19:30:00,3.250978E+03,5.810688E+02,1.155181E-01,5.746384E-02,0.000000E+00,0.000000E+00,0.000000E+00,0.000000E+00,0.000000E+00,0.000000E+00,0.000000E+00,0.000000E+00,2.219871E+01,2.186579E+01,2.389944E+01,5.349157E+01,1.634754E+03,3.040272E+02,5.808895E-02,3.006551E-02,0.000000E+00,0.000000E+00,0.000000E+00,0.000000E+00,0.000000E+00,0.000000E+00,0.000000E+00,0.000000E+00,2.219902E+01,2.228161E+01,2.389950E+01,5.244579E+01,3.791384E+03,6.506365E+02,1.347218E-01,6.434223E-02,0.000000E+00,0.000000E+00,0.000000E+00,0.000000E+00,0.000000E+00,0.000000E+00,0.000000E+00,0.000000E+00,2.219896E+01,2.229999E+01,2.389949E+01,5.259804E+01,1.403027E+03,3.530726E+02,4.985439E-02,3.491682E-02,0.000000E+00,0.000000E+00,0.000000E+00,0.000000E+00,0.000000E+00,0.000000E+00,0.000000E+00,0.000000E+00,2.219879E+01,2.185456E+01,2.389931E+01,5.273236E+01,3.193455E+03,7.503303E+02,1.134750E-01,7.420304E-02,0.000000E+00,0.000000E+00,0.000000E+00,0.000000E+00,0.000000E+00,0.000000E+00,0.000000E+00,0.000000E+00,2.219890E+01,2.112131E+01,2.389953E+01,5.457499E+01
19:45:00,3.250978E+03,4.168441E+02,1.155181E-01,4.122179E-02,0.000000E+00,0.000000E+00,0.000000E+00,0.000000E+00,0.000000E+00,0.000000E+00,0.000000E+00,0.000000E+00,2.219871E+01,2.186579E+01,2.389970E+01,5.318878E+01,1.634754E+03,2.188466E+02,5.808895E-02,2.164132E-02,0.000000E+00,0.000000E+00,0.000000E+00,0.000000E+00,0.000000E+00,0.000000E+00,0.000000E+00,0.000000E+00,2.219902E+01,2.228161E+01,2.389974E+01,5.204092E+01,3.791384E+03,4.688806E+02,1.347218E-01,4.636683E-02,0.000000E+00,0.000000E+00,0.000000E+00,0.000000E+00,0.000000E+00,0.000000E+00,0.000000E+00,0.000000E+00,2.219896E+01,2.229999E+01,2.389974E+01,5.221063E+01,1.403027E+03,2.592482E+02,4.985439E-02,2.563727E-02,0.000000E+00,0.000000E+00,0.000000E+00,0.000000E+00,0.000000E+00,0.000000E+00,0.000000E+00,0.000000E+00,2.219879E+01,2.185456E+01,2.389962E+01,5.248485E+01,3.193455E+03,5.189280E+02,1.134750E-01,5.131717E-02,0.000000E+00,0.000000E+00,0.000000E+00,0.000000E+00,0.000000E+00,0.000000E+00,0.000000E+00,0.000000E+00,2.219890E+01,2.112131E+01,2.389976E+01,5.420088E+01
20:00:00,3.250978E+03,2.562679E+02,1.155181E-01,2.534115E-02,0.000000E+00,0.000000E+00,0.000000E+00,0.000000E+00,0.000000E+00,0.000000E+00,0.000000E+00,0.000000E+00,2.219871E+01,2.186579E+01,2.389979E+01,5.290346E+01,1.634754E+03,1.354313E+02,5.808895E-02,1.339202E-02,0.000000E+00,0.000000E+00,0.000000E+00,0.000000E+00,0.000000E+00,0.000000E+00,0.000000E+00,0.000000E+00,2.219902E+01,2.228161E+01,2.389984E+01,5.166383E+01,3.791384E+03,2.908042E+02,1.347218E-01,2.875599E-02,0.000000E+00,0.000000E+00,0.000000E+00,0.000000E+00,0.000000E+00,0.000000E+00,0.000000E+00,0.000000E+00,2.219896E+01,2.229999E+01,2.389983E+01,5.184465E+01,1.403027E+03,1.686112E+02,4.985439E-02,1.667334E-02,0.000000E+00,0.000000E+00,0.000000E+00,0.000000E+00,0.000000E+00,0.000000E+00,0.000000E+00,0.000000E+00,2.219879E+01,2.185456E+01,2.389974E+01,5.228259E+01,3.193455E+03,2.904259E+02,1.134750E-01,2.871880E-02,0.000000E+00,0.000000E+00,0.000000E+00,0.000000E+00,0.000000E+00,0.000000E+00,0.000000E+00,0.000000E+00,2.219890E+01,2.112131E+01,2.389983E+01,5.381336E+01
20:15:00,3.250978E+03,1.639330E+02,1.155181E-01,1.620989E-02,0.000000E+00,0.000000E+00,0.000000E+00,0.000000E+00,0.000000E+00,0.000000E+00,0.000000E+00,0.000000E+00,2.219871E+01,2.186579E+01,2.386597E+01,5.285017E+01,1.634754E+03,8.440987E+01,5.808895E-02,8.346508E-03,0.000000E+00,0.000000E+00,0.000000E+00,0.000000E+00,0.000000E+00,0.000000E+00,0.000000E+00,0.000000E+00,2.219902E+01,2.228161E+01,2.386994E+01,5.153215E+01,3.791384E+03,1.826147E+02,1.347218E-01,1.805708E-02,0.000000E+00,0.000000E+00,0.000000E+00,0.000000E+00,0.000000E+00,0.000000E+00,0.000000E+00,0.000000E+00,2.219896E+01,2.229999E+01,2.386806E+01,5.172141E+01,1.403027E+03,1.074015E+02,4.985439E-02,1.062009E-02,0.000000E+00,0.000000E+00,0.000000E+00,0.000000E+00,0.000000E+00,0.000000E+00,0.000000E+00,0.000000E+00,2.219879E+01,2.185456E+01,2.388253E+01,5.227436E+01,3.193455E+03,1.881497E+02,1.134750E-01,1.860432E-02,0.000000E+00,0.000000E+00,0.000000E+00,0.000000E+00,0.000000E+00,0.000000E+00,0.000000E+00,0.000000E+00,2.219890E+01,2.112131E+01,2.385064E+01,5.369279E+01
20:30:00,3.250978E+03,9.314596E+01,1.155181E-01,9.210263E-03,0.000000E+00,0.000000E+00,0.000000E+00,0.000000E+00,0.000000E+00,0.000000E+00,0.000000E+00,0.000000E+00,2.219871E+01,2.186579E+01,2.374625E+01,5.323577E+01,1.634754E+03,4.643467E+01,5.808895E-02,4.591434E-03,0.000000E+00,0.000000E+00,0.000000E+00,0.000000E+00,0.000000E+00,0.000000E+00,0.000000E+00,0.000000E+00,2.219902E+01,2.228161E+01,2.377645E+01,5.176442E+01,3.791384E+03,1.014083E+02,1.347218E-01,1.002720E-02,0.000000E+00,0.000000E+00,0.000000E+00,0.000000E+00,0.000000E+00,0.000000E+00,0.000000E+00,0.000000E+00,2.219896E+01,2.229999E+01,2.376544E+01,5.198316E+01,1.403027E+03,6.071546E+01,4.985439E-02,6.003579E-03,0.000000E+00,0.000000E+00,0.000000E+00,0.000000E+00,0.000000E+00,0.000000E+00,0.000000E+00,0.000000E+00,2.219879E+01,2.185456E+01,2.381598E+01,5.260940E+01,3.193455E+03,1.081115E+02,1.134750E-01,1.069000E-02,0.000000E+00,0.000000E+00,0.000000E+00,0.000000E+00,0.000000E+00,0.000000E+00,0.000000E+00,0.000000E+00,2.219890E+01,2.112131E+01,2.366716E+01,5.415302E+01
20:45:00,3.250978E+03,3.939385E+01,1.155181E-01,3.895239E-03,0.000000E+00,0.000000E+00,0.000000E+00,0.000000E+00,0.000000E+00,0.000000E+00,0.000000E+00,0.000000E+00,2.219871E+01,2.186579E+01,2.367453E+01,5.351921E+01,1.634754E+03,1.889672E+01,5.808895E-02,1.868486E-03,0.000000E+00,0.000000E+00,0.000000E+00,0.000000E+00,0.000000E+00,0.000000E+00,0.000000E+00,0.000000E+00,2.219902E+01,2.228161E+01,2.372641E+01,5.192294E+01,3.791384E+03,4.174631E+01,1.347218E-01,4.127831E-03,0.000000E+00,0.000000E+00,0.000000E+00,0.000000E+00,0.000000E+00,0.000000E+00,0.000000E+00,0.000000E+00,2.219896E+01,2.229999E+01,2.371063E+01,5.215721E+01,1.403027E+03,2.557485E+01,4.985439E-02,2.528839E-03,0.000000E+00,0.000000E+00,0.000000E+00,0.000000E+00,0.000000E+00,0.000000E+00,0.000000E+00,0.000000E+00,2.219879E+01,2.185456E+01,2.376094E+01,5.293591E+01,3.193455E+03,4.640700E+01,1.134750E-01,4.588676E-03,0.000000E+00,0.000000E+00,0.000000E+00,0.000000E+00,0.000000E+00,0.000000E+00,0.000000E+00,0.000000E+00,2.219890E+01,2.112131E+01,2.355886E+01,5.444417E+01
21:00:00,3.250978E+03,0.000000E+00,1.155181E-01,0.000000E+00,0.000000E+00,0.000000E+00,0.000000E+00,0.000000E+00,0.000000E+00,0.000000E+00,0.000000E+00,0.000000E+00,2.219871E+01,2.186579E+01,2.359899E+01,5.381812E+01,1.634754E+03,0.000000E+00,5.808895E-02,0.000000E+00,0.000000E+00,0.000000E+00,0.000000E+00,0.000000E+00,0.000000E+00,0.000000E+00,0.000000E+00,0.000000E+00,2.219902E+01,2.228161E+01,2.365878E+01,5.215294E+01,3.791384E+03,0.000000E+00,1.347218E-01,0.000000E+00,0.000000E+00,0.000000E+00,0.000000E+00,0.000000E+00,0.000000E+00,0.000000E+00,0.000000E+00,0.000000E+00,2.219896E+01,2.229999E+01,2.364151E+01,5.239285E+01,1.403027E+03,0.000000E+00,4.985439E-02,0.000000E+00,0.000000E+00,0.000000E+00,0.000000E+00,0.000000E+00,0.000000E+00,0.000000E+00,0.000000E+00,0.000000E+00,2.219879E+01,2.185456E+01,2.368012E+01,5.331720E+01,3.193455E+03,0.000000E+00,1.134750E-01,0.000000E+00,0.000000E+00,0.000000E+00,0.000000E+00,0.000000E+00,0.000000E+00,0.000000E+00,0.000000E+00,0.000000E+00,2.219890E+01,2.112131E+01,2.347693E+01,5.468169E+01
21:15:00,3.250978E+03,0.000000E+00,1.155181E-01,0.000000E+00,0.000000E+00,0.000000E+00,0.000000E+00,0.000000E+00,0.000000E+00,0.000000E+00,0.000000E+00,0.000000E+00,2.219871E+01,2.186579E+01,2.350899E+01,5.416424E+01,1.634754E+03,0.000000E+00,5.808895E-02,0.000000E+00,0.000000E+00,0.000000E+00,0.000000E+00,0.000000E+00,0.000000E+00,0.000000E+00,0.000000E+00,0.000000E+00,2.219902E+01,2.228161E+01,2.357279E+01,5.243659E+01,3.791384E+03,0.000000E+00,1.347218E-01,0.000000E+00,0.000000E+00,0.000000E+00,0.000000E+00,0.000000E+00,0.000000E+00,0.000000E+00,0.000000E+00,0.000000E+00,2.219896E+01,2.229999E+01,2.355490E+01,5.267974E+01,1.403027E+03,0.000000E+00,4.985439E-02,0.000000E+00,0.000000E+00,0.000000E+00,0.000000E+00,0.000000E+00,0.000000E+00,0.000000E+00,0.000000E+00,0.000000E+00,2.219879E+01,2.185456E+01,2.357005E+01,5.379233E+01,3.193455E+03,0.000000E+00,1.134750E-01,0.000000E+00,0.000000E+00,0.000000E+00,0.000000E+00,0.000000E+00,0.000000E+00,0.000000E+00,0.000000E+00,0.000000E+00,2.219890E+01,2.112131E+01,2.340440E+01,5.487898E+01
21:30:00,3.250978E+03,0.000000E+00,1.155181E-01,0.000000E+00,0.000000E+00,0.000000E+00,0.000000E+00,0.000000E+00,0.000000E+00,0.000000E+00,0.000000E+00,0.000000E+00,2.219871E+01,2.186579E+01,2.338251E+01,5.461692E+01,1.634754E+03,0.000000E+00,5.808895E-02,0.000000E+00,0.000000E+00,0.000000E+00,0.000000E+00,0.000000E+00,0.000000E+00,0.000000E+00,0.000000E+00,0.000000E+00,2.219902E+01,2.228161E+01,2.345434E+01,5.281698E+01,3.791384E+03,0.000000E+00,1.347218E-01,0.000000E+00,0.000000E+00,0.000000E+00,0.000000E+00,0.000000E+00,0.000000E+00,0.000000E+00,0.000000E+00,0.000000E+00,2.219896E+01,2.229999E+01,2.343350E+01,5.307137E+01,1.403027E+03,0.000000E+00,4.985439E-02,0.000000E+00,0.000000E+00,0.000000E+00,0.000000E+00,0.000000E+00,0.000000E+00,0.000000E+00,0.000000E+00,0.000000E+00,2.219879E+01,2.185456E+01,2.342410E+01,5.435234E+01,3.193455E+03,0.000000E+00,1.134750E-01,0.000000E+00,0.000000E+00,0.000000E+00,0.000000E+00,0.000000E+00,0.000000E+00,0.000000E+00,0.000000E+00,0.000000E+00,2.219890E+01,2.112131E+01,2.330469E+01,5.517172E+01
21:45:00,3.250978E+03,0.000000E+00,1.155181E-01,0.000000E+00,0.000000E+00,0.000000E+00,0.000000E+00,0.000000E+00,0.000000E+00,0.000000E+00,0.000000E+00,0.000000E+00,2.219871E+01,2.186579E+01,2.320035E+01,5.524942E+01,1.634754E+03,0.000000E+00,5.808895E-02,0.000000E+00,0.000000E+00,0.000000E+00,0.000000E+00,0.000000E+00,0.000000E+00,0.000000E+00,0.000000E+00,0.000000E+00,2.219902E+01,2.228161E+01,2.329253E+01,5.333588E+01,3.791384E+03,0.000000E+00,1.347218E-01,0.000000E+00,0.000000E+00,0.000000E+00,0.000000E+00,0.000000E+00,0.000000E+00,0.000000E+00,0.000000E+00,0.000000E+00,2.219896E+01,2.229999E+01,2.326388E+01,5.361816E+01,1.403027E+03,0.000000E+00,4.985439E-02,0.000000E+00,0.000000E+00,0.000000E+00,0.000000E+00,0.000000E+00,0.000000E+00,0.000000E+00,0.000000E+00,0.000000E+00,2.219879E+01,2.185456E+01,2.323289E+01,5.504509E+01,3.193455E+03,0.000000E+00,1.134750E-01,0.000000E+00,0.000000E+00,0.000000E+00,0.000000E+00,0.000000E+00,0.000000E+00,0.000000E+00,0.000000E+00,0.000000E+00,2.219890E+01,2.112131E+01,2.313584E+01,5.570462E+01
22:00:00,3.250978E+03,0.000000E+00,1.155181E-01,0.000000E+00,0.000000E+00,0.000000E+00,0.000000E+00,0.000000E+00,0.000000E+00,0.000000E+00,0.000000E+00,0.000000E+00,2.219871E+01,2.186579E+01,2.302685E+01,5.585474E+01,1.634754E+03,0.000000E+00,5.808895E-02,0.000000E+00,0.000000E+00,0.000000E+00,0.000000E+00,0.000000E+00,0.000000E+00,0.000000E+00,0.000000E+00,0.000000E+00,2.219902E+01,2.228161E+01,2.314469E+01,5.381405E+01,3.791384E+03,0.000000E+00,1.347218E-01,0.000000E+00,0.000000E+00,0.000000E+00,0.000000E+00,0.000000E+00,0.000000E+00,0.000000E+00,0.000000E+00,0.000000E+00,2.219896E+01,2.229999E+01,2.310722E+01,5.412782E+01,1.403027E+03,0.000000E+00,4.985439E-02,0.000000E+00,0.000000E+00,0.000000E+00,0.000000E+00,0.000000E+00,0.000000E+00,0.000000E+00,0.000000E+00,0.000000E+00,2.219879E+01,2.185456E+01,2.305643E+01,5.568263E+01,3.193455E+03,0.000000E+00,1.134750E-01,0.000000E+00,0.000000E+00,0.000000E+00,0.000000E+00,0.000000E+00,0.000000E+00,0.000000E+00,0.000000E+00,0.000000E+00,2.219890E+01,2.112131E+01,2.296293E+01,5.626371E+01
22:15:00,3.250978E+03,0.000000E+00,1.155181E-01,0.000000E+00,0.000000E+00,0.000000E+00,0.000000E+00,0.000000E+00,0.000000E+00,0.000000E+00,0.000000E+00,0.000000E+00,2.219871E+01,2.186579E+01,2.288314E+01,5.636136E+01,1.634754E+03,0.000000E+00,5.808895E-02,0.000000E+00,0.000000E+00,0.000000E+00,0.000000E+00,0.000000E+00,0.000000E+00,0.000000E+00,0.000000E+00,0.000000E+00,2.219902E+01,2.228161E+01,2.302051E+01,5.421942E+01,3.791384E+03,0.000000E+00,1.347218E-01,0.000000E+00,0.000000E+00,0.000000E+00,0.000000E+00,0.000000E+00,0.000000E+00,0.000000E+00,0.000000E+00,0.000000E+00,2.219896E+01,2.229999E+01,2.297706E+01,5.455541E+01,1.403027E+03,0.000000E+00,4.985439E-02,0.000000E+00,0.000000E+00,0.000000E+00,0.000000E+00,0.000000E+00,0.000000E+00,0.000000E+00,0.000000E+00,0.000000E+00,2.219879E+01,2.185456E+01,2.290938E+01,5.621743E+01,3.193455E+03,0.000000E+00,1.134750E-01,0.000000E+00,0.000000E+00,0.000000E+00,0.000000E+00,0.000000E+00,0.000000E+00,0.000000E+00,0.000000E+00,0.000000E+00,2.219890E+01,2.112131E+01,2.281931E+01,5.673415E+01
22:30:00,3.250978E+03,0.000000E+00,1.155181E-01,0.000000E+00,0.000000E+00,0.000000E+00,0.000000E+00,0.000000E+00,0.000000E+00,0.000000E+00,0.000000E+00,0.000000E+00,2.219871E+01,2.186579E+01,2.276245E+01,5.679029E+01,1.634754E+03,0.000000E+00,5.808895E-02,0.000000E+00,0.000000E+00,0.000000E+00,0.000000E+00,0.000000E+00,0.000000E+00,0.000000E+00,0.000000E+00,0.000000E+00,2.219902E+01,2.228161E+01,2.290918E+01,5.458594E+01,3.791384E+03,0.000000E+00,1.347218E-01,0.000000E+00,0.000000E+00,0.000000E+00,0.000000E+00,0.000000E+00,0.000000E+00,0.000000E+00,0.000000E+00,0.000000E+00,2.219896E+01,2.229999E+01,2.286295E+01,5.493359E+01,1.403027E+03,0.000000E+00,4.985439E-02,0.000000E+00,0.000000E+00,0.000000E+00,0.000000E+00,0.000000E+00,0.000000E+00,0.000000E+00,0.000000E+00,0.000000E+00,2.219879E+01,2.185456E+01,2.278322E+01,5.667789E+01,3.193455E+03,0.000000E+00,1.134750E-01,0.000000E+00,0.000000E+00,0.000000E+00,0.000000E+00,0.000000E+00,0.000000E+00,0.000000E+00,0.000000E+00,0.000000E+00,2.219890E+01,2.112131E+01,2.270333E+01,5.711779E+01
22:45:00,3.250978E+03,0.000000E+00,1.155181E-01,0.000000E+00,0.000000E+00,0.000000E+00,0.000000E+00,0.000000E+00,0.000000E+00,0.000000E+00,0.000000E+00,0.000000E+00,2.219871E+01,2.186579E+01,2.265452E+01,5.717569E+01,1.634754E+03,0.000000E+00,5.808895E-02,0.000000E+00,0.000000E+00,0.000000E+00,0.000000E+00,0.000000E+00,0.000000E+00,0.000000E+00,0.000000E+00,0.000000E+00,2.219902E+01,2.228161E+01,2.280329E+01,5.493730E+01,3.791384E+03,0.000000E+00,1.347218E-01,0.000000E+00,0.000000E+00,0.000000E+00,0.000000E+00,0.000000E+00,0.000000E+00,0.000000E+00,0.000000E+00,0.000000E+00,2.219896E+01,2.229999E+01,2.275586E+01,5.529135E+01,1.403027E+03,0.000000E+00,4.985439E-02,0.000000E+00,0.000000E+00,0.000000E+00,0.000000E+00,0.000000E+00,0.000000E+00,0.000000E+00,0.000000E+00,0.000000E+00,2.219879E+01,2.185456E+01,2.266935E+01,5.709346E+01,3.193455E+03,0.000000E+00,1.134750E-01,0.000000E+00,0.000000E+00,0.000000E+00,0.000000E+00,0.000000E+00,0.000000E+00,0.000000E+00,0.000000E+00,0.000000E+00,2.219890E+01,2.112131E+01,2.260370E+01,5.745098E+01
23:00:00,3.250978E+03,0.000000E+00,1.155181E-01,0.000000E+00,0.000000E+00,0.000000E+00,0.000000E+00,0.000000E+00,0.000000E+00,0.000000E+00,0.000000E+00,0.000000E+00,2.219871E+01,2.186579E+01,2.255424E+01,5.753483E+01,1.634754E+03,0.000000E+00,5.808895E-02,0.000000E+00,0.000000E+00,0.000000E+00,0.000000E+00,0.000000E+00,0.000000E+00,0.000000E+00,0.000000E+00,0.000000E+00,2.219902E+01,2.228161E+01,2.270155E+01,5.527732E+01,3.791384E+03,0.000000E+00,1.347218E-01,0.000000E+00,0.000000E+00,0.000000E+00,0.000000E+00,0.000000E+00,0.000000E+00,0.000000E+00,0.000000E+00,0.000000E+00,2.219896E+01,2.229999E+01,2.265332E+01,5.563640E+01,1.403027E+03,0.000000E+00,4.985439E-02,0.000000E+00,0.000000E+00,0.000000E+00,0.000000E+00,0.000000E+00,0.000000E+00,0.000000E+00,0.000000E+00,0.000000E+00,2.219879E+01,2.185456E+01,2.256418E+01,5.747694E+01,3.193455E+03,0.000000E+00,1.134750E-01,0.000000E+00,0.000000E+00,0.000000E+00,0.000000E+00,0.000000E+00,0.000000E+00,0.000000E+00,0.000000E+00,0.000000E+00,2.219890E+01,2.112131E+01,2.251272E+01,5.775879E+01
23:15:00,3.250978E+03,0.000000E+00,1.155181E-01,0.000000E+00,0.000000E+00,0.000000E+00,0.000000E+00,0.000000E+00,0.000000E+00,0.000000E+00,0.000000E+00,0.000000E+00,2.219871E+01,2.186579E+01,2.246009E+01,5.787291E+01,1.634754E+03,0.000000E+00,5.808895E-02,0.000000E+00,0.000000E+00,0.000000E+00,0.000000E+00,0.000000E+00,0.000000E+00,0.000000E+00,0.000000E+00,0.000000E+00,2.219902E+01,2.228161E+01,2.260447E+01,5.560400E+01,3.791384E+03,0.000000E+00,1.347218E-01,0.000000E+00,0.000000E+00,0.000000E+00,0.000000E+00,0.000000E+00,0.000000E+00,0.000000E+00,0.000000E+00,0.000000E+00,2.219896E+01,2.229999E+01,2.255555E+01,5.596764E+01,1.403027E+03,0.000000E+00,4.985439E-02,0.000000E+00,0.000000E+00,0.000000E+00,0.000000E+00,0.000000E+00,0.000000E+00,0.000000E+00,0.000000E+00,0.000000E+00,2.219879E+01,2.185456E+01,2.246647E+01,5.783300E+01,3.193455E+03,0.000000E+00,1.134750E-01,0.000000E+00,0.000000E+00,0.000000E+00,0.000000E+00,0.000000E+00,0.000000E+00,0.000000E+00,0.000000E+00,0.000000E+00,2.219890E+01,2.112131E+01,2.242757E+01,5.805015E+01
23:30:00,3.250978E+03,0.000000E+00,1.155181E-01,0.000000E+00,0.000000E+00,0.000000E+00,0.000000E+00,0.000000E+00,0.000000E+00,0.000000E+00,0.000000E+00,0.000000E+00,2.219871E+01,2.186579E+01,2.237160E+01,5.819157E+01,1.634754E+03,0.000000E+00,5.808895E-02,0.000000E+00,0.000000E+00,0.000000E+00,0.000000E+00,0.000000E+00,0.000000E+00,0.000000E+00,0.000000E+00,0.000000E+00,2.219902E+01,2.228161E+01,2.251216E+01,5.591663E+01,3.791384E+03,0.000000E+00,1.347218E-01,0.000000E+00,0.000000E+00,0.000000E+00,0.000000E+00,0.000000E+00,0.000000E+00,0.000000E+00,0.000000E+00,0.000000E+00,2.219896E+01,2.229999E+01,2.246273E+01,5.628419E+01,1.403027E+03,0.000000E+00,4.985439E-02,0.000000E+00,0.000000E+00,0.000000E+00,0.000000E+00,0.000000E+00,0.000000E+00,0.000000E+00,0.000000E+00,0.000000E+00,2.219879E+01,2.185456E+01,2.237545E+01,5.816476E+01,3.193455E+03,0.000000E+00,1.134750E-01,0.000000E+00,0.000000E+00,0.000000E+00,0.000000E+00,0.000000E+00,0.000000E+00,0.000000E+00,0.000000E+00,0.000000E+00,2.219890E+01,2.112131E+01,2.234769E+01,5.832622E+01
23:45:00,3.250978E+03,0.000000E+00,1.155181E-01,0.000000E+00,0.000000E+00,0.000000E+00,0.000000E+00,0.000000E+00,0.000000E+00,0.000000E+00,0.000000E+00,0.000000E+00,2.219871E+01,2.186579E+01,2.228809E+01,5.849318E+01,1.634754E+03,0.000000E+00,5.808895E-02,0.000000E+00,0.000000E+00,0.000000E+00,0.000000E+00,0.000000E+00,0.000000E+00,0.000000E+00,0.000000E+00,0.000000E+00,2.219902E+01,2.228161E+01,2.242414E+01,5.621657E+01,3.791384E+03,0.000000E+00,1.347218E-01,0.000000E+00,0.000000E+00,0.000000E+00,0.000000E+00,0.000000E+00,0.000000E+00,0.000000E+00,0.000000E+00,0.000000E+00,2.219896E+01,2.229999E+01,2.237437E+01,5.658740E+01,1.403027E+03,0.000000E+00,4.985439E-02,0.000000E+00,0.000000E+00,0.000000E+00,0.000000E+00,0.000000E+00,0.000000E+00,0.000000E+00,0.000000E+00,0.000000E+00,2.219879E+01,2.185456E+01,2.229010E+01,5.847602E+01,3.193455E+03,0.000000E+00,1.134750E-01,0.000000E+00,0.000000E+00,0.000000E+00,0.000000E+00,0.000000E+00,0.000000E+00,0.000000E+00,0.000000E+00,0.000000E+00,2.219890E+01,2.112131E+01,2.227276E+01,5.858753E+01
24:00:00,3.250978E+03,0.000000E+00,1.155181E-01,0.000000E+00,0.000000E+00,0.000000E+00,0.000000E+00,0.000000E+00,0.000000E+00,0.000000E+00,0.000000E+00,0.000000E+00,2.219871E+01,2.186579E+01,2.220884E+01,5.878021E+01,1.634754E+03,0.000000E+00,5.808895E-02,0.000000E+00,0.000000E+00,0.000000E+00,0.000000E+00,0.000000E+00,0.000000E+00,0.000000E+00,0.000000E+00,0.000000E+00,2.219902E+01,2.228161E+01,2.233992E+01,5.650526E+01,3.791384E+03,0.000000E+00,1.347218E-01,0.000000E+00,0.000000E+00,0.000000E+00,0.000000E+00,0.000000E+00,0.000000E+00,0.000000E+00,0.000000E+00,0.000000E+00,2.219896E+01,2.229999E+01,2.228989E+01,5.687899E+01,1.403027E+03,0.000000E+00,4.985439E-02,0.000000E+00,0.000000E+00,0.000000E+00,0.000000E+00,0.000000E+00,0.000000E+00,0.000000E+00,0.000000E+00,0.000000E+00,2.219879E+01,2.185456E+01,2.220958E+01,5.876999E+01,3.193455E+03,0.000000E+00,1.134750E-01,0.000000E+00,0.000000E+00,0.000000E+00,0.000000E+00,0.000000E+00,0.000000E+00,0.000000E+00,0.000000E+00,0.000000E+00,2.219890E+01,2.112131E+01,2.220228E+01,5.883532E+01
Peak,3.250978E+03,2.118212E+03,1.155181E-01,2.095188E-01,0.000000E+00,0.000000E+00,0.000000E+00,0.000000E+00,0.000000E+00,0.000000E+00,0.000000E+00,0.000000E+00,,,,,1.634754E+03,1.668176E+03,5.808895E-02,1.649881E-01,0.000000E+00,0.000000E+00,0.000000E+00,0.000000E+00,0.000000E+00,0.000000E+00,0.000000E+00,0.000000E+00,,,,,3.791384E+03,3.824028E+03,1.347218E-01,3.782030E-01,0.000000E+00,0.000000E+00,0.000000E+00,0.000000E+00,0.000000E+00,0.000000E+00,0.000000E+00,0.000000E+00,,,,,1.403027E+03,1.227819E+03,4.985439E-02,1.214490E-01,0.000000E+00,0.000000E+00,0.000000E+00,0.000000E+00,0.000000E+00,0.000000E+00,0.000000E+00,0.000000E+00,,,,,3.193455E+03,2.915622E+03,1.134750E-01,2.883952E-01,0.000000E+00,0.000000E+00,0.000000E+00,0.000000E+00,0.000000E+00,0.000000E+00,0.000000E+00,0.000000E+00,,,,

Peak Vol Flow (m3/s),,,9.610286E-02,1.743047E-01,,,0.000000E+00,0.000000E+00,,,,,,,,,,,4.832587E-02,1.372584E-01,,,0.000000E+00,0.000000E+00,,,,,,,,,,,1.120789E-01,3.146380E-01,,,0.000000E+00,0.000000E+00,,,,,,,,,,,4.147530E-02,1.010369E-01,,,0.000000E+00,0.000000E+00,,,,,,,,,,,9.440308E-02,2.399243E-01,,,0.000000E+00,0.000000E+00,,,,,,,,
