Date/Time,Electricity:Facility [J](Hourly),Electricity:Building [J](Hourly),Electricity:HVAC [J](Hourly),Electricity:Plant [J](Hourly),Cooling:Electricity [J](Hourly),Heating:Electricity [J](Hourly),InteriorLights:Electricity [J](Hourly),NaturalGas:Facility [J](Hourly),NaturalGas:Plant [J](Hourly),TOTAL BUILDING INSIDE FACE SOLAR RADIATION HEAT GAIN ENERGY [J](Hourly),TOTAL BUILDING INSIDE FACE NET SURFACE THERMAL RADIATION HEAT GAIN ENERGY [J](Hourly) 
 01/01  01:00:00,2846544.5956399357,1710000.0,1136544.5956399357,0.0,0.0,0.0,1350000.0,0.0,0.0,0.0,-6.402842700481415e-10 
 01/01  02:00:00,2846544.5956399357,1710000.0,1136544.5956399357,0.0,0.0,0.0,1350000.0,0.0,0.0,0.0,-2.7939677238464355e-9 
 01/01  03:00:00,2846544.5956399357,1710000.0,1136544.5956399357,0.0,0.0,0.0,1350000.0,0.0,0.0,0.0,-6.402842700481415e-10 
 01/01  04:00:00,2846544.5956399357,1710000.0,1136544.5956399357,0.0,0.0,0.0,1350000.0,0.0,0.0,0.0,2.3283064365386963e-10 
 01/01  05:00:00,2846544.5956399357,1710000.0,1136544.5956399357,0.0,0.0,0.0,1350000.0,0.0,0.0,0.0,5.529727786779404e-9 
 01/01  06:00:00,2846544.5956399357,1710000.0,1136544.5956399357,0.0,0.0,0.0,1350000.0,0.0,0.0,0.0,-8.731149137020111e-11 
 01/01  07:00:00,13505778.024002302,1710000.0,1136544.5956399357,10659233.428362366,9464212.806572035,0.0,1350000.0,4985421.138058782,4985421.138058782,0.0,-9.89530235528946e-10 
 01/01  08:00:00,14075703.277284253,1710000.0,1136544.5956399357,11229158.681644319,9980049.161001572,0.0,1350000.0,4956271.512559706,4956271.512559706,1285900.8836988434,-4.3655745685100555e-10 
 01/01  09:00:00,42766623.820701845,29416680.0,1136544.5956399357,12213399.225061905,10846625.785756685,0.0,22216680.0,4821826.871926045,4821826.871926045,6940997.8258881755,-1.862645149230957e-9 
 01/01  10:00:00,49808131.855868265,35762400.0,1136544.5956399357,12909187.260228334,11509455.277768612,0.0,19562400.0,4470831.517111008,4470831.517111008,10712775.628159016,-3.6088749766349792e-9 
 01/01  11:00:00,44859461.84918432,30384000.0,1141708.8752863621,13333752.97389796,11925457.36804944,0.0,14184000.0,3941087.0600743475,3941087.0600743475,17521361.43223917,-3.4924596548080444e-9 
 01/01  12:00:00,41740122.99502567,27140580.0,1156791.020844812,13442751.974180862,12002996.669222265,0.0,10940580.0,2852675.80283961,2852675.80283961,19561041.61445111,-7.916241884231567e-9 
 01/01  13:00:00,39162551.146676205,24701760.0,1154865.0289936382,13305926.117682567,11834034.651564663,0.0,8501760.0,3175889.1472546635,3175889.1472546635,20194083.513535425,-3.4924596548080444e-9 
 01/01  14:00:00,39752740.182873614,25764480.0,1179219.0374575169,12809041.145416096,11351082.003851235,0.0,9564480.0,1324572.213119283,1324572.213119283,16595597.149741745,-3.259629011154175e-9 
 01/01  15:00:00,38757194.070900925,25027200.0,1213446.4659246919,12516547.604976237,11096555.095237106,0.0,10627200.0,0.0,0.0,17104578.473458078,-6.984919309616089e-9 
 01/01  16:00:00,38867775.17784383,25894800.0,1179699.1968231925,11793275.98102064,10387448.502069715,0.0,13294800.0,1181993.166229596,1181993.166229596,13498668.382655807,-5.3551048040390015e-9 
 01/01  17:00:00,39430619.16263599,26740800.0,1140311.5775500587,11549507.585085932,10125035.430338092,0.0,17740800.0,5249540.468059668,5249540.468059668,9253428.183130987,-6.05359673500061e-9 
 01/01  18:00:00,48308758.72658022,36000000.0,1143629.6111386046,11165129.115441611,9770294.225733388,0.0,27000000.0,4508480.701319461,4508480.701319461,917752.4543559623,-3.4924596548080444e-9 
 01/01  19:00:00,33705498.68032305,21600000.0,1136544.5956399357,10968954.084683117,9603562.760985332,0.0,16200000.0,5322943.141007005,5322943.141007005,0.0,-4.656612873077393e-10 
 01/01  20:00:00,22596100.016314715,10800000.0,1136544.5956399357,10659555.420674779,9395490.134913366,0.0,5400000.0,5182282.310349829,5182282.310349829,0.0,-1.5133991837501526e-9 
 01/01  21:00:00,6896544.595639936,5760000.0,1136544.5956399357,0.0,0.0,0.0,5400000.0,0.0,0.0,0.0,-5.820766091346741e-10 
 01/01  22:00:00,2846544.5956399357,1710000.0,1136544.5956399357,0.0,0.0,0.0,1350000.0,0.0,0.0,0.0,2.7939677238464355e-9 
 01/01  23:00:00,2846544.5956399357,1710000.0,1136544.5956399357,0.0,0.0,0.0,1350000.0,0.0,0.0,0.0,-6.402842700481415e-10 
 01/01  24:00:00,2846544.5956399357,1710000.0,1136544.5956399357,0.0,0.0,0.0,1350000.0,0.0,0.0,0.0,-4.307366907596588e-9 
 01/02  01:00:00,2846544.5956399357,1710000.0,1136544.5956399357,0.0,0.0,0.0,1350000.0,0.0,0.0,0.0,-1.5133991837501526e-9 
 01/02  02:00:00,2846544.5956399357,1710000.0,1136544.5956399357,0.0,0.0,0.0,1350000.0,0.0,0.0,0.0,2.270098775625229e-9 
 01/02  03:00:00,2846544.5956399357,1710000.0,1136544.5956399357,0.0,0.0,0.0,1350000.0,0.0,0.0,0.0,-8.149072527885437e-10 
 01/02  04:00:00,2846544.5956399357,1710000.0,1136544.5956399357,0.0,0.0,0.0,1350000.0,0.0,0.0,0.0,-3.2014213502407074e-9 
 01/02  05:00:00,2846544.5956399357,1710000.0,1136544.5956399357,0.0,0.0,0.0,1350000.0,0.0,0.0,0.0,1.1641532182693481e-10 
 01/02  06:00:00,2846544.5956399357,1710000.0,1136544.5956399357,0.0,0.0,0.0,1350000.0,0.0,0.0,0.0,-1.280568540096283e-9 
 01/02  07:00:00,12296966.292857163,1710000.0,1136544.5956399357,9450421.697217226,8385618.001347639,0.0,1350000.0,5021488.946256377,5021488.946256377,120302.78100591252,2.3283064365386963e-10 
 01/02  08:00:00,13325544.38533844,1686240.0,1136544.5956399357,10502759.789698506,9339470.298446912,0.0,1326240.0,4984920.790477676,4984920.790477676,3134690.785862457,9.89530235528946e-10 
 01/02  09:00:00,37875533.20410935,24932520.0,1136544.5956399357,11806468.60846941,10481917.12811122,0.0,17732520.0,4975694.433703135,4975694.433703135,15014402.2661013,-8.149072527885437e-10 
 01/02  10:00:00,43806488.403085746,30126240.0,1160680.2713003193,12519568.13178543,11128186.532012485,0.0,13926240.0,3392779.2694439166,3392779.2694439166,22993479.751993783,8.149072527885437e-10 
 01/02  11:00:00,40472587.46332817,26827200.0,1182607.0081692387,12462780.455158934,11082640.167182686,0.0,10627200.0,1894642.9043298496,1894642.9043298496,22540737.27255569,-3.259629011154175e-9 
 01/02  12:00:00,39208896.42250766,26295840.0,1199189.6876867586,11713866.734820897,10423316.060555719,0.0,10095840.0,612258.2592642596,612258.2592642596,23030796.836672224,-3.259629011154175e-9 
 01/02  13:00:00,36803580.17155816,24701760.0,1179995.9428914431,10921824.228666719,9710277.429599889,0.0,8501760.0,1487568.333724984,1487568.333724984,20443586.31270275,0.0 
 01/02  14:00:00,39847084.12321226,28165320.0,1219740.8939942957,10462023.229217967,9316670.449041806,0.0,11965320.0,88934.34995869767,88934.34995869767,14599842.867598038,-4.656612873077393e-10 
 01/02  15:00:00,38313092.891160555,26805600.0,1225155.843559456,10282337.047601104,9153539.354123242,0.0,12405600.0,0.0,0.0,13082320.416186294,2.3283064365386963e-10 
 01/02  16:00:00,34563553.99589284,23227200.0,1208927.0231041955,10127426.972788641,8964559.764495142,0.0,10627200.0,0.0,0.0,18967001.86479556,-1.862645149230957e-9 
 01/02  17:00:00,31717806.34971948,20516400.0,1156281.5889502545,10045124.760769228,8828737.693270471,0.0,11516400.0,3342205.7727348744,3342205.7727348744,17432724.38889192,-4.190951585769653e-9 
 01/02  18:00:00,44484889.372438446,33210000.0,1176805.0044406492,10098084.367997795,8866383.440505592,0.0,24210000.0,1375130.6669581404,1375130.6669581404,10130322.104522584,-8.381903171539307e-9 
 01/02  19:00:00,32823107.501590703,21600000.0,1136544.5956399357,10086562.905950764,8827621.385041915,0.0,16200000.0,5668929.625936337,5668929.625936337,0.0,-1.6298145055770874e-9 
 01/02  20:00:00,21596534.847419046,10800000.0,1136544.5956399357,9659990.251779106,8514623.365517221,0.0,5400000.0,5315826.894104178,5315826.894104178,0.0,-2.444721758365631e-9 
 01/02  21:00:00,6896544.595639936,5760000.0,1136544.5956399357,0.0,0.0,0.0,5400000.0,0.0,0.0,0.0,-2.561137080192566e-9 
 01/02  22:00:00,2846544.5956399357,1710000.0,1136544.5956399357,0.0,0.0,0.0,1350000.0,0.0,0.0,0.0,3.4924596548080444e-10 
 01/02  23:00:00,2846544.5956399357,1710000.0,1136544.5956399357,0.0,0.0,0.0,1350000.0,0.0,0.0,0.0,-1.862645149230957e-9 
 01/02  24:00:00,2846544.5956399357,1710000.0,1136544.5956399357,0.0,0.0,0.0,1350000.0,0.0,0.0,0.0,-8.731149137020111e-10 
 01/03  01:00:00,2846544.5956399357,1710000.0,1136544.5956399357,0.0,0.0,0.0,1350000.0,0.0,0.0,0.0,-2.3865140974521637e-9 
 01/03  02:00:00,2846544.5956399357,1710000.0,1136544.5956399357,0.0,0.0,0.0,1350000.0,0.0,0.0,0.0,1.6298145055770874e-9 
 01/03  03:00:00,2846544.5956399357,1710000.0,1136544.5956399357,0.0,0.0,0.0,1350000.0,0.0,0.0,0.0,1.979060471057892e-9 
 01/03  04:00:00,2846544.5956399357,1710000.0,1136544.5956399357,0.0,0.0,0.0,1350000.0,0.0,0.0,0.0,1.0477378964424133e-9 
 01/03  05:00:00,2846544.5956399357,1710000.0,1136544.5956399357,0.0,0.0,0.0,1350000.0,0.0,0.0,0.0,-2.153683453798294e-9 
 01/03  06:00:00,2846544.5956399357,1710000.0,1136544.5956399357,0.0,0.0,0.0,1350000.0,0.0,0.0,0.0,2.6193447411060333e-9 
 01/03  07:00:00,12841641.338547973,1710000.0,1136544.5956399357,9995096.742908036,8890675.814345952,0.0,1350000.0,5074424.187434651,5074424.187434651,50347.617590523354,1.8917489796876907e-9 
 01/03  08:00:00,13820936.422778811,1710000.0,1136544.5956399357,10974391.827138877,9762439.767206453,0.0,1350000.0,5023357.103379619,5023357.103379619,2345935.9210642753,-2.4156179279088974e-9 
 01/03  09:00:00,38862100.214993,25732800.0,1136544.5956399357,11992755.619353065,10654728.143020784,0.0,18532800.0,5021157.05830221,5021157.05830221,13098447.23353313,-2.7939677238464355e-9 
 01/03  10:00:00,43598521.00943421,30126240.0,1156480.4730681519,12315800.536366055,10945463.157221194,0.0,13926240.0,3721618.653215888,3721618.653215888,23049997.5148838,-7.101334631443024e-9 
 01/03  11:00:00,40154585.71300188,26827200.0,1187145.2331114786,12140240.479890399,10800320.237303758,0.0,10627200.0,1652213.065845594,1652213.065845594,24427143.46166271,-6.05359673500061e-9 
 01/03  12:00:00,38884737.62578182,26295840.0,1197877.9095702046,11391019.716211611,10132070.801964227,0.0,10095840.0,694762.7994709311,694762.7994709311,22735536.06647984,-3.958120942115784e-9 
 01/03  13:00:00,36672665.066598505,24701760.0,1176025.545855617,10794879.520742893,9568102.547879305,0.0,8501760.0,1852017.8476357025,1852017.8476357025,21066023.642110653,-3.259629011154175e-9 
 01/03  14:00:00,37678637.248958476,25764480.0,1227028.4821119301,10687128.766846541,9513675.149609577,0.0,9564480.0,40853.10030552061,40853.10030552061,20210581.871490557,-5.3551048040390015e-9 
 01/03  15:00:00,37395586.22708906,25027200.0,1256164.2829991018,11112221.944089957,9935377.360371921,0.0,10627200.0,0.0,0.0,18668049.969245087,-3.026798367500305e-9 
 01/03  16:00:00,36872532.374071494,25005600.0,1196644.2644641297,10670288.109607363,9421134.162128832,0.0,12405600.0,138709.14284222052,138709.14284222052,13255184.605012933,-6.28642737865448e-9 
 01/03  17:00:00,34437691.20371884,22294800.0,1152718.0929435622,10990173.11077528,9656233.671844088,0.0,13294800.0,3710955.7607362377,3710955.7607362377,15055879.488950826,-2.561137080192566e-9 
 01/03  18:00:00,47137295.918176144,35049600.0,1164051.6769530931,10923644.241223041,9581879.498476911,0.0,26049600.0,2336951.5569737568,2336951.5569737568,5402140.48393959,-8.381903171539307e-9 
 01/03  19:00:00,33591042.207889795,21600000.0,1136544.5956399357,10854497.612249855,9506840.390480725,0.0,16200000.0,5645085.898906285,5645085.898906285,0.0,-1.3969838619232178e-9 
 01/03  20:00:00,22465591.465060998,10800000.0,1136544.5956399357,10529046.86942106,9282474.042290509,0.0,5400000.0,5305218.897996556,5305218.897996556,0.0,-2.3283064365386963e-9 
 01/03  21:00:00,6896544.595639936,5760000.0,1136544.5956399357,0.0,0.0,0.0,5400000.0,0.0,0.0,0.0,-2.2118911147117615e-9 
 01/03  22:00:00,2846544.5956399357,1710000.0,1136544.5956399357,0.0,0.0,0.0,1350000.0,0.0,0.0,0.0,-3.3760443329811096e-9 
 01/03  23:00:00,2846544.5956399357,1710000.0,1136544.5956399357,0.0,0.0,0.0,1350000.0,0.0,0.0,0.0,-1.7462298274040222e-9 
 01/03  24:00:00,2846544.5956399357,1710000.0,1136544.5956399357,0.0,0.0,0.0,1350000.0,0.0,0.0,0.0,-9.313225746154785e-10 
 01/04  01:00:00,2846544.5956399357,1710000.0,1136544.5956399357,0.0,0.0,0.0,1350000.0,0.0,0.0,0.0,-2.6775524020195007e-9 
 01/04  02:00:00,2846544.5956399357,1710000.0,1136544.5956399357,0.0,0.0,0.0,1350000.0,0.0,0.0,0.0,-2.735760062932968e-9 
 01/04  03:00:00,2846544.5956399357,1710000.0,1136544.5956399357,0.0,0.0,0.0,1350000.0,0.0,0.0,0.0,8.149072527885437e-10 
 01/04  04:00:00,2846544.5956399357,1710000.0,1136544.5956399357,0.0,0.0,0.0,1350000.0,0.0,0.0,0.0,-8.149072527885437e-10 
 01/04  05:00:00,2846544.5956399357,1710000.0,1136544.5956399357,0.0,0.0,0.0,1350000.0,0.0,0.0,0.0,-1.1641532182693481e-9 
 01/04  06:00:00,2846544.5956399357,1710000.0,1136544.5956399357,0.0,0.0,0.0,1350000.0,0.0,0.0,0.0,2.561137080192566e-9 
 01/04  07:00:00,13177234.005294634,1710000.0,1136544.5956399357,10330689.409654697,9202249.265320778,0.0,1350000.0,5177174.842845316,5177174.842845316,265391.7848388741,-3.2014213502407074e-10 
 01/04  08:00:00,13939222.390329868,1710000.0,1136544.5956399357,11092677.794689933,9885361.529534196,0.0,1350000.0,5129162.809139949,5129162.809139949,2720215.96686369,1.2223608791828156e-9 
 01/04  09:00:00,39545271.887218736,26960760.0,1136544.5956399357,11447967.291578801,10189786.488872916,0.0,19760760.0,5114602.031536795,5114602.031536795,10915179.99882581,-1.1641532182693481e-9 
 01/04  10:00:00,42644963.12525352,30126240.0,1150830.8533121557,11367892.271941364,10119448.578598734,0.0,13926240.0,4044574.392219671,4044574.392219671,20947124.196797367,-3.958120942115784e-9 
 01/04  11:00:00,41639218.25856022,29494800.0,1170686.9311497002,10973731.32741052,9770321.385894202,0.0,13294800.0,2523026.301167831,2523026.301167831,20008026.32819129,-4.190951585769653e-9 
 01/04  12:00:00,38195028.90001979,26295840.0,1198609.5055318493,10700579.394487934,9529953.601161236,0.0,10095840.0,731037.6178680573,731037.6178680573,23201729.606755972,-2.7939677238464355e-9 
 01/04  13:00:00,36386644.69712585,24701760.0,1178174.8933782412,10506709.80374761,9342199.134654848,0.0,8501760.0,1652878.7399116713,1652878.7399116713,21999499.46546644,2.3283064365386963e-10 
 01/04  14:00:00,37857737.52681759,25764480.0,1236850.6287770937,10856406.898040496,9686543.690260502,0.0,9564480.0,0.0,0.0,20085381.20714704,-1.3969838619232178e-9 
 01/04  15:00:00,37485046.880032375,25027200.0,1277785.2423687465,11180061.637663633,10019549.610675175,0.0,10627200.0,0.0,0.0,20720816.075937044,-2.7939677238464355e-9 
 01/04  16:00:00,35155066.1965162,23227200.0,1243862.573359014,10684003.623157194,9504277.416681994,0.0,10627200.0,0.0,0.0,20598488.579537373,-5.122274160385132e-9 
 01/04  17:00:00,33220183.913783938,22294800.0,1160720.7160904869,9764663.197693456,8580124.112372417,0.0,13294800.0,2838442.8261207417,2838442.8261207417,14760015.06198512,-4.423782229423523e-9 
 01/04  18:00:00,43929906.18165545,33210000.0,1179801.0439083355,9540105.13774712,8371769.4596402645,0.0,24210000.0,1221076.0748540685,1221076.0748540685,10955585.367261542,-5.122274160385132e-9 
 01/04  19:00:00,31999631.296568286,21600000.0,1136544.5956399357,9263086.700928345,8105224.289608162,0.0,16200000.0,5670840.89152833,5670840.89152833,0.0,-1.1641532182693481e-9 
 01/04  20:00:00,20939611.365453344,10800000.0,1136544.5956399357,9003066.769813407,7939999.367658814,0.0,5400000.0,5318144.312118139,5318144.312118139,0.0,8.149072527885437e-10 
 01/04  21:00:00,6896544.595639936,5760000.0,1136544.5956399357,0.0,0.0,0.0,5400000.0,0.0,0.0,0.0,-2.3283064365386963e-9 
 01/04  22:00:00,2846544.5956399357,1710000.0,1136544.5956399357,0.0,0.0,0.0,1350000.0,0.0,0.0,0.0,2.0954757928848267e-9 
 01/04  23:00:00,2846544.5956399357,1710000.0,1136544.5956399357,0.0,0.0,0.0,1350000.0,0.0,0.0,0.0,-8.149072527885437e-10 
 01/04  24:00:00,2846544.5956399357,1710000.0,1136544.5956399357,0.0,0.0,0.0,1350000.0,0.0,0.0,0.0,1.7462298274040222e-10 
 01/05  01:00:00,6086544.595639936,4950000.0,1136544.5956399357,0.0,0.0,0.0,1350000.0,0.0,0.0,0.0,1.7462298274040222e-10 
 01/05  02:00:00,6086544.595639936,4950000.0,1136544.5956399357,0.0,0.0,0.0,1350000.0,0.0,0.0,0.0,-6.402842700481415e-10 
 01/05  03:00:00,6086544.595639936,4950000.0,1136544.5956399357,0.0,0.0,0.0,1350000.0,0.0,0.0,0.0,-4.656612873077393e-10 
 01/05  04:00:00,6086544.595639936,4950000.0,1136544.5956399357,0.0,0.0,0.0,1350000.0,0.0,0.0,0.0,-4.190951585769653e-9 
 01/05  05:00:00,6086544.595639936,4950000.0,1136544.5956399357,0.0,0.0,0.0,1350000.0,0.0,0.0,0.0,-2.444721758365631e-9 
 01/05  06:00:00,6086544.595639936,4950000.0,1136544.5956399357,0.0,0.0,0.0,1350000.0,0.0,0.0,0.0,-1.5133991837501526e-9 
 01/05  07:00:00,6086544.595639936,4950000.0,1136544.5956399357,0.0,0.0,0.0,1350000.0,0.0,0.0,1598472.6453198807,-3.6088749766349792e-9 
 01/05  08:00:00,5994564.595639936,4858020.0,1136544.5956399357,0.0,0.0,0.0,1258020.0,0.0,0.0,9778203.5159698,-3.026798367500305e-9 
 01/05  09:00:00,5721684.595639936,4585140.0,1136544.595639936,0.0,0.0,0.0,985140.0,0.0,0.0,21363729.928510703,6.402842700481415e-10 
 01/05  10:00:00,5469504.595639936,4332960.0,1136544.5956399357,0.0,0.0,0.0,732960.0,0.0,0.0,22485905.57154746,-2.3283064365386963e-9 
 01/05  11:00:00,5401284.595639936,4264740.0,1136544.5956399357,0.0,0.0,0.0,664740.0,0.0,0.0,20784173.603717983,-2.2118911147117615e-9 
 01/05  12:00:00,5267904.595639936,4131360.0,1136544.5956399357,0.0,0.0,0.0,531360.0,0.0,0.0,21303690.414851006,-2.0954757928848267e-9 
 01/05  13:00:00,5267904.595639936,4131360.0,1136544.5956399357,0.0,0.0,0.0,531360.0,0.0,0.0,22066986.73616872,-1.862645149230957e-9 
 01/05  14:00:00,5267904.595639936,4131360.0,1136544.5956399357,0.0,0.0,0.0,531360.0,0.0,0.0,20238939.095332496,-5.820766091346741e-10 
 01/05  15:00:00,5267904.595639936,4131360.0,1136544.5956399357,0.0,0.0,0.0,531360.0,0.0,0.0,20859409.50205967,-4.307366907596588e-9 
 01/05  16:00:00,5267904.595639936,4131360.0,1136544.5956399357,0.0,0.0,0.0,531360.0,0.0,0.0,21960070.108331166,-2.3283064365386963e-9 
 01/05  17:00:00,5312364.595639936,4175820.0,1136544.5956399357,0.0,0.0,0.0,575820.0,0.0,0.0,17490900.836878277,-6.984919309616089e-10 
 01/05  18:00:00,6015264.595639936,4878720.0,1136544.5956399357,0.0,0.0,0.0,1278720.0,0.0,0.0,5331627.633841285,-4.190951585769653e-9 
 01/05  19:00:00,6086544.595639936,4950000.0,1136544.5956399357,0.0,0.0,0.0,1350000.0,0.0,0.0,0.0,0.0 
 01/05  20:00:00,6086544.595639936,4950000.0,1136544.5956399357,0.0,0.0,0.0,1350000.0,0.0,0.0,0.0,-8.149072527885437e-10 
 01/05  21:00:00,6086544.595639936,4950000.0,1136544.5956399357,0.0,0.0,0.0,1350000.0,0.0,0.0,0.0,4.656612873077393e-10 
 01/05  22:00:00,6086544.595639936,4950000.0,1136544.5956399357,0.0,0.0,0.0,1350000.0,0.0,0.0,0.0,-5.820766091346741e-10 
 01/05  23:00:00,6086544.595639936,4950000.0,1136544.5956399357,0.0,0.0,0.0,1350000.0,0.0,0.0,0.0,-1.5133991837501526e-9 
 01/05  24:00:00,6086544.595639936,4950000.0,1136544.5956399357,0.0,0.0,0.0,1350000.0,0.0,0.0,0.0,-1.1641532182693481e-9 
 01/06  01:00:00,6086544.595639936,4950000.0,1136544.5956399357,0.0,0.0,0.0,1350000.0,0.0,0.0,0.0,-1.280568540096283e-9 
 01/06  02:00:00,6086544.595639936,4950000.0,1136544.5956399357,0.0,0.0,0.0,1350000.0,0.0,0.0,0.0,-2.852175384759903e-9 
 01/06  03:00:00,6086544.595639936,4950000.0,1136544.5956399357,0.0,0.0,0.0,1350000.0,0.0,0.0,0.0,-5.820766091346741e-11 
 01/06  04:00:00,6086544.595639936,4950000.0,1136544.5956399357,0.0,0.0,0.0,1350000.0,0.0,0.0,0.0,1.1641532182693481e-10 
 01/06  05:00:00,6086544.595639936,4950000.0,1136544.5956399357,0.0,0.0,0.0,1350000.0,0.0,0.0,0.0,2.6193447411060333e-9 
 01/06  06:00:00,6086544.595639936,4950000.0,1136544.5956399357,0.0,0.0,0.0,1350000.0,0.0,0.0,0.0,-8.149072527885437e-10 
 01/06  07:00:00,6086544.595639936,4950000.0,1136544.5956399357,0.0,0.0,0.0,1350000.0,0.0,0.0,0.0,-3.3178366720676422e-9 
 01/06  08:00:00,6086544.595639936,4950000.0,1136544.5956399357,0.0,0.0,0.0,1350000.0,0.0,0.0,346404.72099937045,-8.731149137020111e-10 
 01/06  09:00:00,6062784.595639936,4926240.0,1136544.5956399357,0.0,0.0,0.0,1326240.0,0.0,0.0,3566458.8296851506,1.1059455573558807e-9 
 01/06  10:00:00,5766144.595639936,4629600.0,1136544.5956399357,0.0,0.0,0.0,1029600.0,0.0,0.0,11027600.912569953,-1.7462298274040222e-9 
 01/06  11:00:00,5582184.595639936,4445640.0,1136544.5956399357,0.0,0.0,0.0,845640.0,0.0,0.0,15083655.248460045,-2.270098775625229e-9 
 01/06  12:00:00,5267904.595639936,4131360.0,1136544.5956399357,0.0,0.0,0.0,531360.0,0.0,0.0,21071033.54962573,-5.704350769519806e-9 
 01/06  13:00:00,5267904.595639936,4131360.0,1136544.5956399357,0.0,0.0,0.0,531360.0,0.0,0.0,19927196.872170284,-3.4924596548080444e-9 
 01/06  14:00:00,5267904.595639936,4131360.0,1136544.5956399357,0.0,0.0,0.0,531360.0,0.0,0.0,20135095.146044184,-3.4924596548080444e-9 
 01/06  15:00:00,5267904.595639936,4131360.0,1136544.5956399357,0.0,0.0,0.0,531360.0,0.0,0.0,19890540.42754191,-2.0954757928848267e-9 
 01/06  16:00:00,5267904.595639936,4131360.0,1136544.5956399357,0.0,0.0,0.0,531360.0,0.0,0.0,17272447.526552938,-7.450580596923828e-9 
 01/06  17:00:00,5647344.595639936,4510800.0,1136544.5956399357,0.0,0.0,0.0,910800.0,0.0,0.0,8312157.613656854,-3.4924596548080444e-9 
 01/06  18:00:00,6086544.595639936,4950000.0,1136544.5956399357,0.0,0.0,0.0,1350000.0,0.0,0.0,2829472.3117994657,-2.6775524020195007e-9 
 01/06  19:00:00,6086544.595639936,4950000.0,1136544.5956399357,0.0,0.0,0.0,1350000.0,0.0,0.0,0.0,-3.841705620288849e-9 
 01/06  20:00:00,6086544.595639936,4950000.0,1136544.5956399357,0.0,0.0,0.0,1350000.0,0.0,0.0,0.0,-1.5133991837501526e-9 
 01/06  21:00:00,6086544.595639936,4950000.0,1136544.5956399357,0.0,0.0,0.0,1350000.0,0.0,0.0,0.0,-5.471520125865936e-9 
 01/06  22:00:00,6086544.595639936,4950000.0,1136544.5956399357,0.0,0.0,0.0,1350000.0,0.0,0.0,0.0,-8.149072527885437e-10 
 01/06  23:00:00,6086544.595639936,4950000.0,1136544.5956399357,0.0,0.0,0.0,1350000.0,0.0,0.0,0.0,-3.3178366720676422e-9 
 01/06  24:00:00,6086544.595639936,4950000.0,1136544.5956399357,0.0,0.0,0.0,1350000.0,0.0,0.0,0.0,-3.4924596548080444e-9 
 01/07  01:00:00,2846544.5956399357,1710000.0,1136544.5956399357,0.0,0.0,0.0,1350000.0,0.0,0.0,0.0,-1.862645149230957e-9 
 01/07  02:00:00,2846544.5956399357,1710000.0,1136544.5956399357,0.0,0.0,0.0,1350000.0,0.0,0.0,0.0,-3.6670826375484467e-9 
 01/07  03:00:00,2846544.5956399357,1710000.0,1136544.5956399357,0.0,0.0,0.0,1350000.0,0.0,0.0,0.0,-5.180481821298599e-9 
 01/07  04:00:00,2846544.5956399357,1710000.0,1136544.5956399357,0.0,0.0,0.0,1350000.0,0.0,0.0,0.0,5.820766091346741e-10 
 01/07  05:00:00,2846544.5956399357,1710000.0,1136544.5956399357,0.0,0.0,0.0,1350000.0,0.0,0.0,0.0,-1.8044374883174896e-9 
 01/07  06:00:00,2846544.5956399357,1710000.0,1136544.5956399357,0.0,0.0,0.0,1350000.0,0.0,0.0,0.0,-1.4551915228366852e-9 
 01/07  07:00:00,15062516.23891094,1710000.0,1136544.5956399357,12215971.643271003,10689089.495550696,0.0,1350000.0,5025888.090399199,5025888.090399199,50344.02412267684,2.270098775625229e-9 
 01/07  08:00:00,14672327.11496831,1710000.0,1136544.5956399357,11825782.519328374,10444163.976532904,0.0,1350000.0,5015350.151177573,5015350.151177573,2165627.3863495286,-1.076841726899147e-9 
 01/07  09:00:00,40571029.21588893,27388440.0,1136544.5956399357,12046044.620248992,10700517.971468236,0.0,20188440.0,5003511.418511033,5003511.418511033,10147918.246227816,-1.979060471057892e-9 
 01/07  10:00:00,46174759.08692102,32718600.0,1136692.781375242,12319466.305545779,10929697.074194467,0.0,16518600.0,4999693.030635341,4999693.030635341,14877800.573219085,-6.170012056827545e-9 
 01/07  11:00:00,41478790.741678834,27716400.0,1157857.0224830033,12604533.719195832,11196410.51536423,0.0,11516400.0,3271530.021789003,3271530.021789003,21621132.52263566,-4.889443516731262e-9 
 01/07  12:00:00,40102762.77398512,26295840.0,1172417.4430542835,12634505.330930829,11182536.245352842,0.0,10095840.0,2225591.647138387,2225591.647138387,22510471.797267944,-1.1641532182693481e-9 
 01/07  13:00:00,38510062.49315763,24701760.0,1161087.6105071895,12647214.882650446,11164327.498255601,0.0,8501760.0,3087841.1384183606,3087841.1384183606,20885197.2500039,-6.984919309616089e-9 
 01/07  14:00:00,39091417.52992376,25764480.0,1180920.4390185534,12146017.09090521,10725853.274812277,0.0,9564480.0,1289403.4586247331,1289403.4586247331,17375090.03628128,-2.3283064365386963e-9 
 01/07  15:00:00,38022200.33679594,25027200.0,1202145.659576376,11792854.677219568,10416916.043787071,0.0,10627200.0,20753.149934459783,20753.149934459783,16272783.668956472,-4.190951585769653e-9 
 01/07  16:00:00,38922188.59936006,26370000.0,1174576.2531237905,11377612.346236277,10012426.746190377,0.0,13770000.0,1607835.9882536237,1607835.9882536237,13055864.10459906,-5.587935447692871e-9 
 01/07  17:00:00,45528811.78721953,33210000.0,1145817.879677392,11172993.907542137,9790573.604284886,0.0,24210000.0,4550116.027426685,4550116.027426685,5039771.596142034,-4.889443516731262e-9 
 01/07  18:00:00,48151912.501532614,36000000.0,1148968.5856304467,11002943.915902173,9625495.91096063,0.0,27000000.0,3958120.633324284,3958120.633324284,2506114.091783045,-5.820766091346741e-9 
 01/07  19:00:00,33776622.5210187,21600000.0,1136544.5956399357,11040077.925378758,9664477.56665428,0.0,16200000.0,5446927.306285144,5446927.306285144,0.0,-2.7939677238464355e-9 
 01/07  20:00:00,22749535.736751206,10800000.0,1136544.5956399357,10812991.141111271,9527323.19606285,0.0,5400000.0,5216061.102300365,5216061.102300365,0.0,-9.313225746154785e-10 
 01/07  21:00:00,6896544.595639936,5760000.0,1136544.5956399357,0.0,0.0,0.0,5400000.0,0.0,0.0,0.0,-3.725290298461914e-9 
 01/07  22:00:00,2846544.5956399357,1710000.0,1136544.5956399357,0.0,0.0,0.0,1350000.0,0.0,0.0,0.0,-4.307366907596588e-9 
 01/07  23:00:00,2846544.5956399357,1710000.0,1136544.5956399357,0.0,0.0,0.0,1350000.0,0.0,0.0,0.0,-2.9103830456733704e-10 
 01/07  24:00:00,2846544.5956399357,1710000.0,1136544.5956399357,0.0,0.0,0.0,1350000.0,0.0,0.0,0.0,-2.3865140974521637e-9 
 01/08  01:00:00,2846544.5956399357,1710000.0,1136544.5956399357,0.0,0.0,0.0,1350000.0,0.0,0.0,0.0,1.6298145055770874e-9 
 01/08  02:00:00,2846544.5956399357,1710000.0,1136544.5956399357,0.0,0.0,0.0,1350000.0,0.0,0.0,0.0,-3.4924596548080444e-10 
 01/08  03:00:00,2846544.5956399357,1710000.0,1136544.5956399357,0.0,0.0,0.0,1350000.0,0.0,0.0,0.0,-8.731149137020111e-10 
 01/08  04:00:00,2846544.5956399357,1710000.0,1136544.5956399357,0.0,0.0,0.0,1350000.0,0.0,0.0,0.0,-1.1059455573558807e-9 
 01/08  05:00:00,2846544.5956399357,1710000.0,1136544.5956399357,0.0,0.0,0.0,1350000.0,0.0,0.0,0.0,-5.238689482212067e-10 
 01/08  06:00:00,2846544.5956399357,1710000.0,1136544.5956399357,0.0,0.0,0.0,1350000.0,0.0,0.0,0.0,-1.57160684466362e-9 
 01/08  07:00:00,13915356.209192958,1710000.0,1136544.5956399357,11068811.613553021,9845173.705536956,0.0,1350000.0,5104394.820196176,5104394.820196176,50343.36427081241,-9.313225746154785e-10 
 01/08  08:00:00,14493680.298190946,1710000.0,1136544.5956399357,11647135.702551011,10374625.325677613,0.0,1350000.0,5096503.640281831,5096503.640281831,2096904.9769111578,-3.6961864680051804e-9 
 01/08  09:00:00,39691287.15516519,26960760.0,1136544.5956399357,11593982.559525255,10314402.874087647,0.0,19760760.0,5111877.620140097,5111877.620140097,10934641.142621681,-2.6775524020195007e-9 
 01/08  10:00:00,42858756.14496508,30126240.0,1142872.0837428132,11589644.06122226,10301888.270004887,0.0,13926240.0,4594166.793195614,4594166.793195614,18416117.060534403,-4.190951585769653e-9 
 01/08  11:00:00,42166580.29565202,29494800.0,1161787.592812825,11509992.702839188,10225390.247651763,0.0,13294800.0,3117240.113265666,3117240.113265666,19934742.394490045,-7.683411240577698e-9 
 01/08  12:00:00,39311629.12705162,26295840.0,1178212.106609323,11837577.0204423,10504606.173127616,0.0,10095840.0,1797431.4961949617,1797431.4961949617,21657065.927227903,-2.7939677238464355e-9 
 01/08  13:00:00,37809539.28964126,24701760.0,1167676.2160364701,11940103.073604789,10580968.604686188,0.0,8501760.0,2456938.8611086644,2456938.8611086644,21428545.814240642,-3.4924596548080444e-9 
 01/08  14:00:00,39563154.3632369,25764480.0,1222498.3606016338,12576176.002635265,11172228.58535447,0.0,9564480.0,155494.4087660968,155494.4087660968,20402938.14663233,-5.122274160385132e-9 
 01/08  15:00:00,39110173.588382214,25027200.0,1268207.1383208793,12814766.450061334,11437576.471614636,0.0,10627200.0,0.0,0.0,20114738.934457682,-2.0954757928848267e-9 
 01/08  16:00:00,36597075.48830432,23227200.0,1235085.3986460632,12134790.089658253,10755409.321274105,0.0,10627200.0,0.0,0.0,19708849.849572346,-6.05359673500061e-9 
 01/08  17:00:00,32763563.526306327,20516400.0,1161361.6598868428,11085801.866419483,9729408.870722678,0.0,11516400.0,2771562.0950252023,2771562.0950252023,17433335.598774582,-9.313225746154785e-9 
 01/08  18:00:00,44698980.62114068,32734800.0,1183854.0687873298,10780326.552353352,9456376.45953833,0.0,23734800.0,1021438.4841331565,1021438.4841331565,12337205.01988037,-6.51925802230835e-9 
 01/08  19:00:00,32997903.7522532,21600000.0,1136544.5956399357,10261359.15661326,8967988.158348195,0.0,16200000.0,5672655.183116271,5672655.183116271,0.0,-3.4924596548080444e-9 
 01/08  20:00:00,21977055.878479894,10800000.0,1136544.5956399357,10040511.282839956,8843001.509332305,0.0,5400000.0,5315669.3905852055,5315669.3905852055,0.0,-2.3283064365386963e-10 
 01/08  21:00:00,6896544.595639936,5760000.0,1136544.5956399357,0.0,0.0,0.0,5400000.0,0.0,0.0,0.0,-4.540197551250458e-9 
 01/08  22:00:00,2846544.5956399357,1710000.0,1136544.5956399357,0.0,0.0,0.0,1350000.0,0.0,0.0,0.0,-1.1641532182693481e-10 
 01/08  23:00:00,2846544.5956399357,1710000.0,1136544.5956399357,0.0,0.0,0.0,1350000.0,0.0,0.0,0.0,-5.238689482212067e-9 
 01/08  24:00:00,2846544.5956399357,1710000.0,1136544.5956399357,0.0,0.0,0.0,1350000.0,0.0,0.0,0.0,-3.4924596548080444e-10 
 01/09  01:00:00,2846544.5956399357,1710000.0,1136544.5956399357,0.0,0.0,0.0,1350000.0,0.0,0.0,0.0,-1.3387762010097504e-9 
 01/09  02:00:00,2846544.5956399357,1710000.0,1136544.5956399357,0.0,0.0,0.0,1350000.0,0.0,0.0,0.0,4.0745362639427185e-10 
 01/09  03:00:00,2846544.5956399357,1710000.0,1136544.5956399357,0.0,0.0,0.0,1350000.0,0.0,0.0,0.0,-1.6298145055770874e-9 
 01/09  04:00:00,2846544.5956399357,1710000.0,1136544.5956399357,0.0,0.0,0.0,1350000.0,0.0,0.0,0.0,-6.984919309616089e-10 
 01/09  05:00:00,2846544.5956399357,1710000.0,1136544.5956399357,0.0,0.0,0.0,1350000.0,0.0,0.0,0.0,-3.4924596548080444e-10 
 01/09  06:00:00,2846544.5956399357,1710000.0,1136544.5956399357,0.0,0.0,0.0,1350000.0,0.0,0.0,0.0,-1.9208528101444244e-9 
 01/09  07:00:00,12682681.948382445,1710000.0,1136544.5956399357,9836137.35274251,8740763.30178786,0.0,1350000.0,5083088.264529959,5083088.264529959,225175.47281649552,4.656612873077393e-10 
 01/09  08:00:00,13477104.979413057,1686240.0,1136544.5956399357,10654320.38377312,9479119.920176025,0.0,1326240.0,5047235.240001127,5047235.240001127,4194055.271256754,-6.111804395914078e-10 
 01/09  09:00:00,37058881.864671536,24504840.0,1136544.5956399357,11417497.269031595,10145794.352399148,0.0,17304840.0,5063551.317783661,5063551.317783661,16890082.178549103,-4.540197551250458e-9 
 01/09  10:00:00,43855261.63302738,30577680.0,1170580.6203563008,12107001.012671083,10761298.226719715,0.0,14377680.0,2853851.075107526,2853851.075107526,24058356.311236836,-5.9371814131736755e-9 
 01/09  11:00:00,40334064.07654943,26827200.0,1195229.5335675601,12311634.542981876,10947950.386859462,0.0,10627200.0,1159510.096230106,1159510.096230106,24580448.42666611,-5.3551048040390015e-9 
 01/09  12:00:00,39867636.59025794,26295840.0,1211983.3131018037,12359813.27715614,10997377.797697244,0.0,10095840.0,241933.8407701053,241933.8407701053,23941061.812293768,-9.080395102500916e-9 
 01/09  13:00:00,37920983.93270349,24701760.0,1186283.0765245783,12032940.856178908,10669458.605429603,0.0,8501760.0,1015059.8525010305,1015059.8525010305,22087889.872139994,-4.889443516731262e-9 
 01/09  14:00:00,39356998.23142977,25764480.0,1256014.1816896577,12336504.049740111,11011181.559315037,0.0,9564480.0,0.0,0.0,20181868.749112207,-3.259629011154175e-9 
 01/09  15:00:00,38663655.31787266,25027200.0,1284221.66373295,12352233.654139709,11052566.569858959,0.0,10627200.0,0.0,0.0,19547763.398239236,-3.958120942115784e-9 
 01/09  16:00:00,36275167.492710635,23227200.0,1234201.8499319935,11813765.642778635,10474098.130321397,0.0,10627200.0,0.0,0.0,18205926.645996757,-6.28642737865448e-9 
 01/09  17:00:00,38178828.1958091,25851600.0,1149335.886349201,11177892.309459897,9802135.787335467,0.0,16851600.0,4119233.48481939,4119233.48481939,8935725.550656617,-7.450580596923828e-9 
 01/09  18:00:00,48207928.16755909,36000000.0,1154385.5718020005,11053542.595757086,9670221.815584151,0.0,27000000.0,3267188.5562967258,3267188.5562967258,2482747.5061375457,-6.28642737865448e-9 
 01/09  19:00:00,33620377.822266,21600000.0,1136544.5956399357,10883833.226626063,9518956.67380309,0.0,16200000.0,5510499.425877133,5510499.425877133,0.0,-4.423782229423523e-9 
 01/09  20:00:00,22340042.600079846,10800000.0,1136544.5956399357,10403498.004439909,9161480.802125454,0.0,5400000.0,5253880.418186612,5253880.418186612,0.0,-4.773028194904327e-9 
 01/09  21:00:00,6896544.595639936,5760000.0,1136544.5956399357,0.0,0.0,0.0,5400000.0,0.0,0.0,0.0,-3.4924596548080444e-10 
 01/09  22:00:00,2846544.5956399357,1710000.0,1136544.5956399357,0.0,0.0,0.0,1350000.0,0.0,0.0,0.0,0.0 
 01/09  23:00:00,2846544.5956399357,1710000.0,1136544.5956399357,0.0,0.0,0.0,1350000.0,0.0,0.0,0.0,1.862645149230957e-9 
 01/09  24:00:00,2846544.5956399357,1710000.0,1136544.5956399357,0.0,0.0,0.0,1350000.0,0.0,0.0,0.0,-1.57160684466362e-9 
 01/10  01:00:00,2846544.5956399357,1710000.0,1136544.5956399357,0.0,0.0,0.0,1350000.0,0.0,0.0,0.0,-7.566995918750763e-10 
 01/10  02:00:00,2846544.5956399357,1710000.0,1136544.5956399357,0.0,0.0,0.0,1350000.0,0.0,0.0,0.0,-9.313225746154785e-10 
 01/10  03:00:00,2846544.5956399357,1710000.0,1136544.5956399357,0.0,0.0,0.0,1350000.0,0.0,0.0,0.0,-5.820766091346741e-10 
 01/10  04:00:00,2846544.5956399357,1710000.0,1136544.5956399357,0.0,0.0,0.0,1350000.0,0.0,0.0,0.0,-2.270098775625229e-9 
 01/10  05:00:00,2846544.5956399357,1710000.0,1136544.5956399357,0.0,0.0,0.0,1350000.0,0.0,0.0,0.0,6.402842700481415e-10 
 01/10  06:00:00,2846544.5956399357,1710000.0,1136544.5956399357,0.0,0.0,0.0,1350000.0,0.0,0.0,0.0,-1.6589183360338211e-9 
 01/10  07:00:00,11824290.561633952,1710000.0,1136544.5956399357,8977745.965994015,7989357.25626681,0.0,1350000.0,5073731.334552095,5073731.334552095,189658.9958724623,1.949956640601158e-9 
 01/10  08:00:00,12649344.963891251,1686240.0,1136544.5956399357,9826560.368251314,8746311.80117532,0.0,1326240.0,5048218.534447712,5048218.534447712,4152875.718601281,-1.8044374883174896e-9 
 01/10  09:00:00,36540755.48216613,24504840.0,1136544.595639936,10899370.88652619,9687286.671424592,0.0,17304840.0,5054132.921062059,5054132.921062059,17205092.269238487,8.731149137020111e-10 
 01/10  10:00:00,42956126.41744122,30126240.0,1168276.7170897003,11661609.700351518,10368252.571006026,0.0,13926240.0,3046833.4367814544,3046833.4367814544,23735564.722321276,-6.05359673500061e-9 
 01/10  11:00:00,40933255.896072224,27716400.0,1199486.1012635585,12017369.794808673,10690584.253499798,0.0,11516400.0,992789.1623419783,992789.1623419783,25348968.581417993,-2.561137080192566e-9 
 01/10  12:00:00,39428563.840957694,26295840.0,1213203.8548431837,11919519.986114511,10612912.103239581,0.0,10095840.0,236392.41425731522,236392.41425731522,23375959.09746603,-3.958120942115784e-9 
 01/10  13:00:00,37527913.152445905,24701760.0,1184970.676248983,11641182.476196922,10351085.663516644,0.0,8501760.0,1074964.6890258184,1074964.6890258184,20748338.951973215,-8.149072527885437e-9 
 01/10  14:00:00,39098192.582319036,25764480.0,1273870.3797485298,12059842.202570505,10811245.0463826,0.0,9564480.0,0.0,0.0,19811320.592264593,-3.958120942115784e-9 
 01/10  15:00:00,38116005.982272305,25027200.0,1280688.8768897187,11808117.105382584,10590559.617377304,0.0,10627200.0,0.0,0.0,16627738.797647882,-4.423782229423523e-9 
 01/10  16:00:00,35522900.42866564,23227200.0,1244552.5880485512,11051147.840617087,9836630.471637782,0.0,10627200.0,0.0,0.0,18775885.632312324,-5.122274160385132e-9 
 01/10  17:00:00,37970192.340807565,26802000.0,1149765.7854881075,10018426.555319458,8800524.892629452,0.0,17802000.0,4051479.3527741386,4051479.3527741386,7388264.259241555,-9.080395102500916e-9 
 01/10  18:00:00,45238535.37022715,34574400.0,1163371.7763057395,9500763.593921412,8322898.778607978,0.0,25574400.0,2326100.874677461,2326100.874677461,6513076.204261258,-5.3551048040390015e-9 
 01/10  19:00:00,32026291.052042738,21600000.0,1136544.5956399357,9289746.456402801,8125906.952478413,0.0,16200000.0,5570964.78906142,5570964.78906142,0.0,-3.958120942115784e-9 
 01/10  20:00:00,20956618.117244598,10800000.0,1136544.5956399357,9020073.521604659,7944511.284547371,0.0,5400000.0,5277163.950049599,5277163.950049599,0.0,-2.0954757928848267e-9 
 01/10  21:00:00,6896544.595639936,5760000.0,1136544.5956399357,0.0,0.0,0.0,5400000.0,0.0,0.0,0.0,-1.0477378964424133e-9 
 01/10  22:00:00,2846544.5956399357,1710000.0,1136544.5956399357,0.0,0.0,0.0,1350000.0,0.0,0.0,0.0,6.984919309616089e-10 
 01/10  23:00:00,2846544.5956399357,1710000.0,1136544.5956399357,0.0,0.0,0.0,1350000.0,0.0,0.0,0.0,5.820766091346741e-10 
 01/10  24:00:00,2846544.5956399357,1710000.0,1136544.5956399357,0.0,0.0,0.0,1350000.0,0.0,0.0,0.0,6.402842700481415e-10 
 01/11  01:00:00,2846544.5956399357,1710000.0,1136544.5956399357,0.0,0.0,0.0,1350000.0,0.0,0.0,0.0,-1.3387762010097504e-9 
 01/11  02:00:00,2846544.5956399357,1710000.0,1136544.5956399357,0.0,0.0,0.0,1350000.0,0.0,0.0,0.0,3.4924596548080444e-10 
 01/11  03:00:00,2846544.5956399357,1710000.0,1136544.5956399357,0.0,0.0,0.0,1350000.0,0.0,0.0,0.0,1.1641532182693481e-10 
 01/11  04:00:00,2846544.5956399357,1710000.0,1136544.5956399357,0.0,0.0,0.0,1350000.0,0.0,0.0,0.0,-1.57160684466362e-9 
 01/11  05:00:00,2846544.5956399357,1710000.0,1136544.5956399357,0.0,0.0,0.0,1350000.0,0.0,0.0,0.0,2.852175384759903e-9 
 01/11  06:00:00,2846544.5956399357,1710000.0,1136544.5956399357,0.0,0.0,0.0,1350000.0,0.0,0.0,0.0,-2.648448571562767e-9 
 01/11  07:00:00,11445880.30937182,1710000.0,1136544.5956399357,8599335.713731883,7652036.684897715,0.0,1350000.0,5068514.558590035,5068514.558590035,0.0,1.7462298274040222e-10 
 01/11  08:00:00,12602770.969147101,1686240.0,1136544.5956399357,9779986.373507163,8698754.935193503,0.0,1326240.0,5005380.572185322,5005380.572185322,3050045.960442612,-7.275957614183426e-11 
 01/11  09:00:00,37624674.25360267,25305120.0,1136544.5956399357,11183009.657962728,9929878.707954457,0.0,18105120.0,4989030.140378845,4989030.140378845,14597434.559014164,-2.444721758365631e-9 
 01/11  10:00:00,44777780.93174292,31422420.0,1144862.6474628753,12210498.284280049,10840703.047331668,0.0,15222420.0,4468569.16167442,4468569.16167442,17961359.345766433,-3.841705620288849e-9 
 01/11  11:00:00,42259634.92341617,28605600.0,1185904.1919244402,12468130.731491722,11085932.34173684,0.0,12405600.0,1780480.6209996894,1780480.6209996894,25380618.789530195,-3.259629011154175e-9 
 01/11  12:00:00,39505788.193253234,26295840.0,1196668.0666137133,12013280.12663952,10686441.446462391,0.0,10095840.0,783611.340896545,783611.340896545,23588475.416119035,-2.7939677238464355e-9 
 01/11  13:00:00,37122650.61587384,24701760.0,1178260.5046053885,11242630.111268448,9992498.86537283,0.0,8501760.0,1623556.0430804754,1623556.0430804754,20680195.601554602,-6.28642737865448e-9 
 01/11  14:00:00,37970971.75865258,25764480.0,1236668.7350750898,10969823.023577496,9786661.781102542,0.0,9564480.0,0.0,0.0,18717647.2931612,-3.259629011154175e-9 
 01/11  15:00:00,37355244.89195355,25027200.0,1271934.024283757,11056110.867669791,9901798.732719729,0.0,10627200.0,0.0,0.0,18465038.42839476,-6.51925802230835e-9 
 01/11  16:00:00,35639986.53978363,24116400.0,1207370.3385076483,10316216.201275975,9127401.40555046,0.0,11516400.0,0.0,0.0,14395767.739851685,-3.4924596548080444e-9 
 01/11  17:00:00,35450164.74178809,24073200.0,1150685.5851356047,10226279.15665248,8977383.933499165,0.0,15073200.0,3925580.951922551,3925580.951922551,11704625.220497712,-7.683411240577698e-9 
 01/11  18:00:00,46952828.21236926,35524800.0,1152094.1721136705,10275934.040255595,9000719.584257798,0.0,26524800.0,3537910.545419352,3537910.545419352,1456260.0548072604,-6.05359673500061e-9 
 01/11  19:00:00,32740770.75570666,21600000.0,1136544.5956399357,10004226.160066722,8758314.114409506,0.0,16200000.0,5502666.315469775,5502666.315469775,0.0,-6.51925802230835e-9 
 01/11  20:00:00,21234558.992858455,10800000.0,1136544.5956399357,9298014.397218518,8191847.866670629,0.0,5400000.0,5250482.673830608,5250482.673830608,0.0,-1.5133991837501526e-9 
 01/11  21:00:00,6896544.595639936,5760000.0,1136544.5956399357,0.0,0.0,0.0,5400000.0,0.0,0.0,0.0,-2.444721758365631e-9 
 01/11  22:00:00,2846544.5956399357,1710000.0,1136544.5956399357,0.0,0.0,0.0,1350000.0,0.0,0.0,0.0,-1.5133991837501526e-9 
 01/11  23:00:00,2846544.5956399357,1710000.0,1136544.5956399357,0.0,0.0,0.0,1350000.0,0.0,0.0,0.0,0.0 
 01/11  24:00:00,2846544.5956399357,1710000.0,1136544.5956399357,0.0,0.0,0.0,1350000.0,0.0,0.0,0.0,9.313225746154785e-10 
 01/12  01:00:00,6086544.595639936,4950000.0,1136544.5956399357,0.0,0.0,0.0,1350000.0,0.0,0.0,0.0,-3.026798367500305e-9 
 01/12  02:00:00,6086544.595639936,4950000.0,1136544.5956399357,0.0,0.0,0.0,1350000.0,0.0,0.0,0.0,-5.529727786779404e-9 
 01/12  03:00:00,6086544.595639936,4950000.0,1136544.5956399357,0.0,0.0,0.0,1350000.0,0.0,0.0,0.0,-2.7939677238464355e-9 
 01/12  04:00:00,6086544.595639936,4950000.0,1136544.5956399357,0.0,0.0,0.0,1350000.0,0.0,0.0,0.0,4.656612873077393e-10 
 01/12  05:00:00,6086544.595639936,4950000.0,1136544.5956399357,0.0,0.0,0.0,1350000.0,0.0,0.0,0.0,-2.6193447411060333e-9 
 01/12  06:00:00,6086544.595639936,4950000.0,1136544.5956399357,0.0,0.0,0.0,1350000.0,0.0,0.0,0.0,-2.735760062932968e-9 
 01/12  07:00:00,6086544.595639936,4950000.0,1136544.5956399357,0.0,0.0,0.0,1350000.0,0.0,0.0,95403.26265463323,-1.2223608791828156e-9 
 01/12  08:00:00,6062784.595639936,4926240.0,1136544.5956399357,0.0,0.0,0.0,1326240.0,0.0,0.0,4024727.529763304,-8.149072527885437e-10 
 01/12  09:00:00,5789904.595639936,4653360.0,1136544.595639936,0.0,0.0,0.0,1053360.0,0.0,0.0,20559875.093691826,-4.0745362639427185e-10 
 01/12  10:00:00,5881884.595639936,4745340.0,1136544.5956399357,0.0,0.0,0.0,1145340.0,0.0,0.0,33295157.265338767,-1.6880221664905548e-9 
 01/12  11:00:00,5586593.305320698,4448700.0,1137893.3053206978,0.0,0.0,0.0,848700.0,0.0,0.0,27590750.0938511,-4.0745362639427185e-9 
 01/12  12:00:00,5451814.7619493725,4312260.0,1139554.761949372,0.0,0.0,0.0,712260.0,0.0,0.0,22983909.778110206,-2.9103830456733704e-9 
 01/12  13:00:00,5267904.595639936,4131360.0,1136544.5956399357,0.0,0.0,0.0,531360.0,0.0,0.0,19141479.64177629,-4.423782229423523e-9 
 01/12  14:00:00,5267904.595639936,4131360.0,1136544.5956399357,0.0,0.0,0.0,531360.0,0.0,0.0,20380001.261479788,-3.4924596548080444e-9 
 01/12  15:00:00,5267904.595639936,4131360.0,1136544.5956399357,0.0,0.0,0.0,531360.0,0.0,0.0,19232056.611482494,-2.561137080192566e-9 
 01/12  16:00:00,5267904.595639936,4131360.0,1136544.5956399357,0.0,0.0,0.0,531360.0,0.0,0.0,20549757.863728005,-8.149072527885437e-9 
 01/12  17:00:00,5401284.595639936,4264740.0,1136544.5956399357,0.0,0.0,0.0,664740.0,0.0,0.0,14278712.120403823,-4.6566128730773926e-9 
 01/12  18:00:00,5810604.595639936,4674060.0,1136544.5956399357,0.0,0.0,0.0,1074060.0,0.0,0.0,14846739.341517791,-3.026798367500305e-9 
 01/12  19:00:00,6086544.595639936,4950000.0,1136544.5956399357,0.0,0.0,0.0,1350000.0,0.0,0.0,0.0,-5.704350769519806e-9 
 01/12  20:00:00,6086544.595639936,4950000.0,1136544.5956399357,0.0,0.0,0.0,1350000.0,0.0,0.0,0.0,-1.1641532182693481e-10 
 01/12  21:00:00,6086544.595639936,4950000.0,1136544.5956399357,0.0,0.0,0.0,1350000.0,0.0,0.0,0.0,-8.149072527885437e-10 
 01/12  22:00:00,6086544.595639936,4950000.0,1136544.5956399357,0.0,0.0,0.0,1350000.0,0.0,0.0,0.0,-1.7462298274040222e-9 
 01/12  23:00:00,6086544.595639936,4950000.0,1136544.5956399357,0.0,0.0,0.0,1350000.0,0.0,0.0,0.0,4.656612873077393e-10 
 01/12  24:00:00,6086544.595639936,4950000.0,1136544.5956399357,0.0,0.0,0.0,1350000.0,0.0,0.0,0.0,4.656612873077393e-10 
 01/13  01:00:00,6086544.595639936,4950000.0,1136544.5956399357,0.0,0.0,0.0,1350000.0,0.0,0.0,0.0,5.820766091346741e-10 
 01/13  02:00:00,6086544.595639936,4950000.0,1136544.5956399357,0.0,0.0,0.0,1350000.0,0.0,0.0,0.0,-3.4924596548080444e-10 
 01/13  03:00:00,6086544.595639936,4950000.0,1136544.5956399357,0.0,0.0,0.0,1350000.0,0.0,0.0,0.0,-2.6193447411060333e-9 
 01/13  04:00:00,6086544.595639936,4950000.0,1136544.5956399357,0.0,0.0,0.0,1350000.0,0.0,0.0,0.0,-1.9208528101444244e-9 
 01/13  05:00:00,6086544.595639936,4950000.0,1136544.5956399357,0.0,0.0,0.0,1350000.0,0.0,0.0,0.0,-4.48198989033699e-9 
 01/13  06:00:00,6086544.595639936,4950000.0,1136544.5956399357,0.0,0.0,0.0,1350000.0,0.0,0.0,0.0,6.402842700481415e-10 
 01/13  07:00:00,6086544.595639936,4950000.0,1136544.5956399357,0.0,0.0,0.0,1350000.0,0.0,0.0,254272.21250563342,-4.6566128730773926e-9 
 01/13  08:00:00,6062784.595639936,4926240.0,1136544.5956399357,0.0,0.0,0.0,1326240.0,0.0,0.0,5313644.714033738,7.566995918750763e-10 
 01/13  09:00:00,5766144.595639936,4629600.0,1136544.595639936,0.0,0.0,0.0,1029600.0,0.0,0.0,20710944.951847546,-3.2014213502407074e-9 
 01/13  10:00:00,5540784.595639936,4404240.0,1136544.5956399357,0.0,0.0,0.0,804240.0,0.0,0.0,25679073.358189367,-1.8044374883174896e-9 
 01/13  11:00:00,5540784.595639936,4404240.0,1136544.5956399357,0.0,0.0,0.0,804240.0,0.0,0.0,26838165.295377824,-1.280568540096283e-9 
 01/13  12:00:00,5448804.595639936,4312260.0,1136544.5956399357,0.0,0.0,0.0,712260.0,0.0,0.0,23671330.99180667,-2.6775524020195007e-9 
 01/13  13:00:00,5267904.595639936,4131360.0,1136544.5956399357,0.0,0.0,0.0,531360.0,0.0,0.0,20121316.1716384,-5.005858838558197e-9 
 01/13  14:00:00,5267904.595639936,4131360.0,1136544.5956399357,0.0,0.0,0.0,531360.0,0.0,0.0,17764638.98478645,-5.587935447692871e-9 
 01/13  15:00:00,5267904.595639936,4131360.0,1136544.5956399357,0.0,0.0,0.0,531360.0,0.0,0.0,16419514.213570874,-5.587935447692871e-9 
 01/13  16:00:00,5312364.595639936,4175820.0,1136544.5956399357,0.0,0.0,0.0,575820.0,0.0,0.0,14698208.405434657,0.0 
 01/13  17:00:00,5534664.595639936,4398120.0,1136544.5956399357,0.0,0.0,0.0,798120.0,0.0,0.0,9631007.06619312,-8.149072527885437e-9 
 01/13  18:00:00,6062784.595639936,4926240.0,1136544.5956399357,0.0,0.0,0.0,1326240.0,0.0,0.0,1391448.9105920428,-3.026798367500305e-9 
 01/13  19:00:00,6086544.595639936,4950000.0,1136544.5956399357,0.0,0.0,0.0,1350000.0,0.0,0.0,0.0,2.3283064365386963e-9 
 01/13  20:00:00,6086544.595639936,4950000.0,1136544.5956399357,0.0,0.0,0.0,1350000.0,0.0,0.0,0.0,1.1641532182693481e-10 
 01/13  21:00:00,6086544.595639936,4950000.0,1136544.5956399357,0.0,0.0,0.0,1350000.0,0.0,0.0,0.0,-2.561137080192566e-9 
 01/13  22:00:00,6086544.595639936,4950000.0,1136544.5956399357,0.0,0.0,0.0,1350000.0,0.0,0.0,0.0,-4.423782229423523e-9 
 01/13  23:00:00,6086544.595639936,4950000.0,1136544.5956399357,0.0,0.0,0.0,1350000.0,0.0,0.0,0.0,-1.5133991837501526e-9 
 01/13  24:00:00,6086544.595639936,4950000.0,1136544.5956399357,0.0,0.0,0.0,1350000.0,0.0,0.0,0.0,-1.1059455573558807e-9 
 01/14  01:00:00,2846544.5956399357,1710000.0,1136544.5956399357,0.0,0.0,0.0,1350000.0,0.0,0.0,0.0,-8.149072527885437e-10 
 01/14  02:00:00,2846544.5956399357,1710000.0,1136544.5956399357,0.0,0.0,0.0,1350000.0,0.0,0.0,0.0,1.7462298274040222e-9 
 01/14  03:00:00,2846544.5956399357,1710000.0,1136544.5956399357,0.0,0.0,0.0,1350000.0,0.0,0.0,0.0,3.812601789832115e-9 
 01/14  04:00:00,2846544.5956399357,1710000.0,1136544.5956399357,0.0,0.0,0.0,1350000.0,0.0,0.0,0.0,-3.1141098588705063e-9 
 01/14  05:00:00,2846544.5956399357,1710000.0,1136544.5956399357,0.0,0.0,0.0,1350000.0,0.0,0.0,0.0,5.820766091346741e-11 
 01/14  06:00:00,2846544.5956399357,1710000.0,1136544.5956399357,0.0,0.0,0.0,1350000.0,0.0,0.0,0.0,8.731149137020111e-10 
 01/14  07:00:00,9212139.861792427,1710000.0,1136544.5956399357,6365595.266152491,5678384.798357444,0.0,1350000.0,5109627.332186071,5109627.332186071,0.0,1.076841726899147e-9 
 01/14  08:00:00,10351190.535626952,1710000.0,1136544.5956399357,7504645.939987017,6704906.168597864,0.0,1350000.0,5056034.094018232,5056034.094018232,2750606.827071711,4.5838532969355583e-10 
 01/14  09:00:00,36008013.132389754,25732800.0,1136544.5956399357,9138668.536749821,8137025.724243488,0.0,18532800.0,5045318.758630658,5045318.758630658,16192655.035617698,-3.899913281202316e-9 
 01/14  10:00:00,46687460.51010161,34859520.0,1169714.754306447,10658225.755795164,9485211.802754767,0.0,18659520.0,3161174.806712888,3161174.806712888,26872438.24073517,-5.122274160385132e-9 
 01/14  11:00:00,48461692.83198172,35841600.0,1212411.673293598,11407681.158688119,10168157.513963519,0.0,19641600.0,668430.4196109078,668430.4196109078,27288290.274998114,-3.4924596548080444e-9 
 01/14  12:00:00,44114532.74629235,31422420.0,1255270.4853125452,11436842.260979813,10258209.547722414,0.0,15222420.0,0.0,0.0,24135005.347173482,-2.7939677238464355e-9 
 01/14  13:00:00,36026925.54904867,24701760.0,1224422.8150185356,10100742.734030135,9057364.304850807,0.0,8501760.0,0.0,0.0,22226517.605215654,-1.6298145055770874e-9 
 01/14  14:00:00,37211519.1727757,25764480.0,1340164.274028624,10106874.898747073,9186306.821182786,0.0,9564480.0,0.0,0.0,18778558.853224292,-6.51925802230835e-9 
 01/14  15:00:00,36189890.53123261,25027200.0,1373135.9361762458,9789554.59505637,8929516.57760975,0.0,10627200.0,0.0,0.0,18861978.637259133,-3.725290298461914e-9 
 01/14  16:00:00,33553985.611641943,23227200.0,1291749.644336982,9035035.96730496,8164910.420224499,0.0,10627200.0,0.0,0.0,16792567.97655145,-3.958120942115784e-9 
 01/14  17:00:00,33462652.06979756,24073200.0,1179320.032628276,8210132.037169289,7241718.081651379,0.0,15073200.0,841829.807089044,841829.807089044,11575357.524749542,-3.725290298461914e-9 
 01/14  18:00:00,45187606.733999416,35524800.0,1162764.9783302941,8500041.755669123,7438229.122606645,0.0,26524800.0,2218921.6764894575,2218921.6764894575,1890233.1152723173,-4.889443516731262e-9 
 01/14  19:00:00,31225259.63459099,21600000.0,1136544.5956399357,8488715.038951052,7403565.445497984,0.0,16200000.0,5583300.017648733,5583300.017648733,0.0,-5.587935447692871e-9 
 01/14  20:00:00,19836795.55391692,10800000.0,1136544.5956399357,7900250.95827698,6934277.974114431,0.0,5400000.0,5282481.669174084,5282481.669174084,0.0,-3.259629011154175e-9 
 01/14  21:00:00,6896544.595639936,5760000.0,1136544.5956399357,0.0,0.0,0.0,5400000.0,0.0,0.0,0.0,-3.3760443329811096e-9 
 01/14  22:00:00,2846544.5956399357,1710000.0,1136544.5956399357,0.0,0.0,0.0,1350000.0,0.0,0.0,0.0,-3.4924596548080444e-9 
 01/14  23:00:00,2846544.5956399357,1710000.0,1136544.5956399357,0.0,0.0,0.0,1350000.0,0.0,0.0,0.0,-2.2118911147117615e-9 
 01/14  24:00:00,2846544.5956399357,1710000.0,1136544.5956399357,0.0,0.0,0.0,1350000.0,0.0,0.0,0.0,-4.656612873077393e-10 
 01/15  01:00:00,2846544.5956399357,1710000.0,1136544.5956399357,0.0,0.0,0.0,1350000.0,0.0,0.0,0.0,1.57160684466362e-9 
 01/15  02:00:00,2846544.5956399357,1710000.0,1136544.5956399357,0.0,0.0,0.0,1350000.0,0.0,0.0,0.0,9.89530235528946e-10 
 01/15  03:00:00,2846544.5956399357,1710000.0,1136544.5956399357,0.0,0.0,0.0,1350000.0,0.0,0.0,0.0,2.3283064365386963e-9 
 01/15  04:00:00,2846544.5956399357,1710000.0,1136544.5956399357,0.0,0.0,0.0,1350000.0,0.0,0.0,0.0,5.238689482212067e-10 
 01/15  05:00:00,2846544.5956399357,1710000.0,1136544.5956399357,0.0,0.0,0.0,1350000.0,0.0,0.0,0.0,-8.149072527885437e-10 
 01/15  06:00:00,2846544.5956399357,1710000.0,1136544.5956399357,0.0,0.0,0.0,1350000.0,0.0,0.0,0.0,-6.111804395914078e-10 
 01/15  07:00:00,8996328.181976032,1710000.0,1136544.5956399357,6149783.586336097,5497802.371936422,0.0,1350000.0,5154825.3640717,5154825.3640717,0.0,-1.6807462088763714e-9 
 01/15  08:00:00,10020116.037007885,1686240.0,1136544.5956399357,7197331.44136795,6430172.960744729,0.0,1326240.0,5105382.894765504,5105382.894765504,3927610.528790866,2.0445440895855427e-9 
 01/15  09:00:00,35616716.67714755,25732800.0,1136544.5956399357,8747372.081507616,7791421.105315831,0.0,18532800.0,5102241.516309665,5102241.516309665,20012764.233805493,-1.3969838619232178e-9 
 01/15  10:00:00,43549823.92278798,32325300.0,1181232.7018960929,10043291.220891887,8944720.738121655,0.0,16125300.0,2565787.5239052353,2565787.5239052353,26564088.069623217,-4.889443516731262e-9 
 01/15  11:00:00,41735173.827807486,29556000.0,1210582.0519052113,10968591.775902279,9772729.864602668,0.0,13356000.0,660655.6813665248,660655.6813665248,26601728.25918782,-3.4924596548080444e-9 
 01/15  12:00:00,38688355.40401344,26295840.0,1219604.8718675678,11172910.532145869,9968890.704195328,0.0,10095840.0,129599.422032664,129599.422032664,23553106.93615015,-3.725290298461914e-9 
 01/15  13:00:00,36436002.54939595,24701760.0,1190934.612847436,10543307.936548512,9393302.821592167,0.0,8501760.0,623902.1932610666,623902.1932610666,20287734.338741563,-5.587935447692871e-9 
 01/15  14:00:00,37719384.08204557,25764480.0,1296217.6563904393,10658686.425655134,9605146.554580385,0.0,9564480.0,0.0,0.0,20337805.19289223,-4.190951585769653e-9 
 01/15  15:00:00,36831131.37239312,25027200.0,1351790.4988572572,10452140.87353586,9475653.13155297,0.0,10627200.0,0.0,0.0,21133178.394428376,-9.313225746154785e-10 
 01/15  16:00:00,33782067.28876927,23227200.0,1285180.175375849,9269687.113393418,8348720.35025709,0.0,10627200.0,0.0,0.0,18903307.49480193,-4.190951585769653e-9 
 01/15  17:00:00,35822635.22999278,26740800.0,1169819.423713329,7912015.806279447,6953536.68516911,0.0,17740800.0,1753483.7120140903,1753483.7120140903,9098359.099682026,2.3283064365386963e-10 
 01/15  18:00:00,44889092.95882875,36000000.0,1158638.2258071473,7730454.7330216,6747022.16822632,0.0,27000000.0,2786128.35627185,2786128.35627185,1899455.137897658,-7.450580596923828e-9 
 01/15  19:00:00,30544617.02752857,21600000.0,1136544.5956399357,7808072.431888634,6804234.561812453,0.0,16200000.0,5647811.911272236,5647811.911272236,0.0,-9.313225746154785e-9 
 01/15  20:00:00,19761061.92991221,10800000.0,1136544.5956399357,7824517.334272269,6873171.988965737,0.0,5400000.0,5307554.212808514,5307554.212808514,0.0,-1.7462298274040222e-9 
 01/15  21:00:00,6896544.595639936,5760000.0,1136544.5956399357,0.0,0.0,0.0,5400000.0,0.0,0.0,0.0,-2.561137080192566e-9 
 01/15  22:00:00,2846544.5956399357,1710000.0,1136544.5956399357,0.0,0.0,0.0,1350000.0,0.0,0.0,0.0,1.5133991837501526e-9 
 01/15  23:00:00,2846544.5956399357,1710000.0,1136544.5956399357,0.0,0.0,0.0,1350000.0,0.0,0.0,0.0,-8.149072527885437e-10 
 01/15  24:00:00,2846544.5956399357,1710000.0,1136544.5956399357,0.0,0.0,0.0,1350000.0,0.0,0.0,0.0,-1.280568540096283e-9 
 01/16  01:00:00,2846544.5956399357,1710000.0,1136544.5956399357,0.0,0.0,0.0,1350000.0,0.0,0.0,0.0,-3.841705620288849e-9 
 01/16  02:00:00,2846544.5956399357,1710000.0,1136544.5956399357,0.0,0.0,0.0,1350000.0,0.0,0.0,0.0,1.57160684466362e-9 
 01/16  03:00:00,2846544.5956399357,1710000.0,1136544.5956399357,0.0,0.0,0.0,1350000.0,0.0,0.0,0.0,1.0477378964424133e-9 
 01/16  04:00:00,2846544.5956399357,1710000.0,1136544.5956399357,0.0,0.0,0.0,1350000.0,0.0,0.0,0.0,-2.939486876130104e-9 
 01/16  05:00:00,2846544.5956399357,1710000.0,1136544.5956399357,0.0,0.0,0.0,1350000.0,0.0,0.0,0.0,0.0 
 01/16  06:00:00,2846544.5956399357,1710000.0,1136544.5956399357,0.0,0.0,0.0,1350000.0,0.0,0.0,0.0,1.4551915228366852e-9 
 01/16  07:00:00,9385399.055823362,1710000.0,1136544.5956399357,6538854.460183425,5840251.222800767,0.0,1350000.0,5146561.368533359,5146561.368533359,40244.89095488642,-1.1350493878126144e-9 
 01/16  08:00:00,10588001.302314691,1686240.0,1136544.5956399357,7765216.706674757,6927541.517314796,0.0,1326240.0,5057630.013679618,5057630.013679618,3678406.2479988607,-8.949427865445614e-10 
 01/16  09:00:00,35380733.3762722,24504840.0,1136544.595639936,9739348.780632265,8659251.478272503,0.0,17304840.0,5003078.673660955,5003078.673660955,17392704.86888947,-1.57160684466362e-9 
 01/16  10:00:00,43928216.88932093,31480560.0,1164710.5917617898,11282946.297559146,10027218.322412835,0.0,15280560.0,3394624.729911036,3394624.729911036,24476550.62986683,-2.0954757928848267e-9 
 01/16  11:00:00,45191644.9224191,31809600.0,1203653.3345692358,12178391.587849865,10831849.695768353,0.0,15609600.0,999168.7170055803,999168.7170055803,26698472.60450019,-4.656612873077393e-10 
 01/16  12:00:00,40330053.248600714,27140580.0,1208060.8428505363,11981412.405750182,10662610.854225177,0.0,10940580.0,304657.3288204516,304657.3288204516,23710426.86350415,-3.958120942115784e-9 
 01/16  13:00:00,37344613.63126554,24701760.0,1184051.9523941837,11458801.678871363,10187987.29380171,0.0,8501760.0,1107889.7732898633,1107889.7732898633,20564434.796338588,-4.889443516731262e-9 
 01/16  14:00:00,38246532.55034058,25764480.0,1269746.821374099,11212305.728966484,10052521.177283011,0.0,9564480.0,0.0,0.0,19428181.386312038,-4.423782229423523e-9 
 01/16  15:00:00,37176244.05152498,25027200.0,1298538.455984008,10850505.595540978,9763216.634293368,0.0,10627200.0,0.0,0.0,18273663.82842108,-3.259629011154175e-9 
 01/16  16:00:00,35550662.062175184,25005600.0,1216486.212496813,9328575.849678373,8276613.382962799,0.0,12405600.0,0.0,0.0,12991120.339556469,-4.423782229423523e-9 
 01/16  17:00:00,30217344.3625748,20516400.0,1158545.0769840537,8542399.285590746,7496829.249059284,0.0,11516400.0,2986417.3742639343,2986417.3742639343,16808682.051079407,-3.725290298461914e-9 
 01/16  18:00:00,42849421.6724659,33685200.0,1157738.0775882395,8006483.5948776575,7003706.863381613,0.0,24685200.0,3022800.0692208693,3022800.0692208693,5178323.85955088,-5.122274160385132e-9 
 01/16  19:00:00,30513301.872821078,21600000.0,1136544.5956399357,7776757.277181145,6786191.9340146,0.0,16200000.0,5607095.080148475,5607095.080148475,0.0,-2.3283064365386963e-9 
 01/16  20:00:00,19413716.89707744,10800000.0,1136544.5956399357,7477172.301437506,6578038.193079937,0.0,5400000.0,5291354.5650633555,5291354.5650633555,0.0,1.6298145055770874e-9 
 01/16  21:00:00,6896544.595639936,5760000.0,1136544.5956399357,0.0,0.0,0.0,5400000.0,0.0,0.0,0.0,1.1641532182693481e-10 
 01/16  22:00:00,2846544.5956399357,1710000.0,1136544.5956399357,0.0,0.0,0.0,1350000.0,0.0,0.0,0.0,-2.7939677238464355e-9 
 01/16  23:00:00,2846544.5956399357,1710000.0,1136544.5956399357,0.0,0.0,0.0,1350000.0,0.0,0.0,0.0,2.561137080192566e-9 
 01/16  24:00:00,2846544.5956399357,1710000.0,1136544.5956399357,0.0,0.0,0.0,1350000.0,0.0,0.0,0.0,1.3969838619232178e-9 
 01/17  01:00:00,2846544.5956399357,1710000.0,1136544.5956399357,0.0,0.0,0.0,1350000.0,0.0,0.0,0.0,-1.979060471057892e-9 
 01/17  02:00:00,2846544.5956399357,1710000.0,1136544.5956399357,0.0,0.0,0.0,1350000.0,0.0,0.0,0.0,7.566995918750763e-10 
 01/17  03:00:00,2846544.5956399357,1710000.0,1136544.5956399357,0.0,0.0,0.0,1350000.0,0.0,0.0,0.0,8.149072527885437e-10 
 01/17  04:00:00,2846544.5956399357,1710000.0,1136544.5956399357,0.0,0.0,0.0,1350000.0,0.0,0.0,0.0,8.149072527885437e-10 
 01/17  05:00:00,2846544.5956399357,1710000.0,1136544.5956399357,0.0,0.0,0.0,1350000.0,0.0,0.0,0.0,-4.0745362639427185e-10 
 01/17  06:00:00,2846544.5956399357,1710000.0,1136544.5956399357,0.0,0.0,0.0,1350000.0,0.0,0.0,0.0,-4.656612873077393e-10 
 01/17  07:00:00,9948087.789484825,1710000.0,1136544.5956399357,7101543.193844888,6336999.641231193,0.0,1350000.0,5120241.202549809,5120241.202549809,40244.6300484214,-1.2951204553246498e-9 
 01/17  08:00:00,10789032.351327028,1686240.0,1136544.5956399357,7966247.755687095,7108021.452765344,0.0,1326240.0,5080494.45008412,5080494.45008412,3885318.898087523,1.3242242857813835e-9 
 01/17  09:00:00,35063657.875842154,24504840.0,1136544.595639936,9422273.280202216,8386799.850834587,0.0,17304840.0,5082323.545685437,5082323.545685437,19033584.706696294,-1.4551915228366852e-9 
 01/17  10:00:00,42576554.68712992,31029120.0,1173614.1856575166,10373820.501472408,9235869.476757582,0.0,14829120.0,2907478.3431919436,2907478.3431919436,25007124.42426607,-8.149072527885437e-10 
 01/17  11:00:00,40930166.78341148,28605600.0,1205165.3817059896,11119401.401705487,9902078.51049702,0.0,12405600.0,890449.773423652,890449.773423652,26073544.318367578,-3.4924596548080444e-9 
 01/17  12:00:00,38511374.91218495,26295840.0,1205174.314700617,11010360.597484335,9800119.728962358,0.0,10095840.0,370226.16770517593,370226.16770517593,23669838.849694975,-7.450580596923828e-9 
 01/17  13:00:00,36610200.16199358,24701760.0,1182022.1658926797,10726417.996100893,9532888.973069191,0.0,8501760.0,1322317.727760885,1322317.727760885,21160209.21792777,-4.6566128730773926e-9 
 01/17  14:00:00,38009290.901457354,25764480.0,1258642.4177773744,10986168.48367998,9824886.550624758,0.0,9564480.0,0.0,0.0,20636810.62318939,-5.820766091346741e-9 
 01/17  15:00:00,37551727.34286946,25027200.0,1290868.563904605,11233658.778964859,10081711.411015864,0.0,10627200.0,0.0,0.0,19431391.95932746,-4.190951585769653e-9 
 01/17  16:00:00,34402764.17752493,23227200.0,1224169.8750589935,9951394.302465938,8826949.800307829,0.0,10627200.0,0.0,0.0,16444317.578124631,-5.587935447692871e-9 
 01/17  17:00:00,30614728.99396913,20516400.0,1166975.1192749871,8931353.874694144,7845970.113055052,0.0,11516400.0,2147567.969354945,2147567.969354945,18727119.94938136,-6.752088665962219e-9 
 01/17  18:00:00,42871948.18641585,33685200.0,1162877.3712513035,8023870.8151645465,7021316.58717745,0.0,24685200.0,2482603.4494943763,2482603.4494943763,5537731.202026858,-6.05359673500061e-9 
 01/17  19:00:00,30163252.83096648,21600000.0,1136544.5956399357,7426708.235326542,6476557.009613038,0.0,16200000.0,5712833.38385418,5712833.38385418,0.0,-3.725290298461914e-9 
 01/17  20:00:00,18766117.06359462,10800000.0,1136544.5956399357,6829572.467954684,6003418.8007379,0.0,5400000.0,5331351.266593198,5331351.266593198,0.0,-6.984919309616089e-9 
 01/17  21:00:00,6896544.595639936,5760000.0,1136544.5956399357,0.0,0.0,0.0,5400000.0,0.0,0.0,0.0,-1.979060471057892e-9 
 01/17  22:00:00,2846544.5956399357,1710000.0,1136544.5956399357,0.0,0.0,0.0,1350000.0,0.0,0.0,0.0,-2.3283064365386963e-9 
 01/17  23:00:00,2846544.5956399357,1710000.0,1136544.5956399357,0.0,0.0,0.0,1350000.0,0.0,0.0,0.0,-9.313225746154785e-10 
 01/17  24:00:00,2846544.5956399357,1710000.0,1136544.5956399357,0.0,0.0,0.0,1350000.0,0.0,0.0,0.0,-2.270098775625229e-9 
 01/18  01:00:00,2846544.5956399357,1710000.0,1136544.5956399357,0.0,0.0,0.0,1350000.0,0.0,0.0,0.0,1.7462298274040222e-10 
 01/18  02:00:00,2846544.5956399357,1710000.0,1136544.5956399357,0.0,0.0,0.0,1350000.0,0.0,0.0,0.0,-5.820766091346741e-11 
 01/18  03:00:00,2846544.5956399357,1710000.0,1136544.5956399357,0.0,0.0,0.0,1350000.0,0.0,0.0,0.0,1.57160684466362e-9 
 01/18  04:00:00,2846544.5956399357,1710000.0,1136544.5956399357,0.0,0.0,0.0,1350000.0,0.0,0.0,0.0,4.94765117764473e-10 
 01/18  05:00:00,2846544.5956399357,1710000.0,1136544.5956399357,0.0,0.0,0.0,1350000.0,0.0,0.0,0.0,1.2223608791828156e-9 
 01/18  06:00:00,2846544.5956399357,1710000.0,1136544.5956399357,0.0,0.0,0.0,1350000.0,0.0,0.0,0.0,-9.89530235528946e-10 
 01/18  07:00:00,9205036.780617863,1710000.0,1136544.5956399357,6358492.184977929,5676145.15007405,0.0,1350000.0,5143078.9320528,5143078.9320528,0.0,2.3283064365386963e-9 
 01/18  08:00:00,10111071.588373292,1710000.0,1136544.5956399357,7264526.9927333575,6480403.067381519,0.0,1350000.0,5062211.56135608,5062211.56135608,2475722.184535172,-6.83940015733242e-10 
 01/18  09:00:00,35556552.991458625,25732800.0,1136544.5956399357,8687208.395818695,7724631.986078382,0.0,18532800.0,5021640.380046116,5021640.380046116,14123243.83521063,-3.4924596548080444e-10 
 01/18  10:00:00,41701110.58886827,30577680.0,1153557.8716477088,9969872.71722056,8856714.87926527,0.0,14377680.0,4001798.4100076477,4001798.4100076477,23461069.670303497,-4.190951585769653e-9 
 01/18  11:00:00,38865095.04165684,26827200.0,1177667.808454874,10860227.233201958,9653520.697060375,0.0,10627200.0,2405387.174980199,2405387.174980199,23028881.085427143,-5.122274160385132e-9 
 01/18  12:00:00,38491334.41291121,26295840.0,1188186.5986610404,11007307.814250171,9793133.28266436,0.0,10095840.0,1411369.0903366099,1411369.0903366099,23619523.32132462,-2.561137080192566e-9 
 01/18  13:00:00,36473473.73668513,24701760.0,1172700.8338458794,10599012.902839243,9434267.986137474,0.0,8501760.0,2178925.0585281327,2178925.0585281327,20673937.38320297,-5.3551048040390015e-9 
 01/18  14:00:00,37324698.632469274,25764480.0,1238145.338678454,10322073.293790817,9233965.144585487,0.0,9564480.0,106094.48729494339,106094.48729494339,18773473.870305836,-1.6298145055770874e-9 
 01/18  15:00:00,36843794.78114827,25027200.0,1326794.474218451,10489800.30692982,9479891.828501847,0.0,10627200.0,0.0,0.0,21774926.80406829,-3.026798367500305e-9 
 01/18  16:00:00,34123463.6554667,23227200.0,1294501.693081693,9601761.962384999,8650823.264967406,0.0,10627200.0,0.0,0.0,21642861.478187487,-6.752088665962219e-9 
 01/18  17:00:00,33154164.54772366,24073200.0,1176155.534142422,7904809.01358124,6954718.2106117625,0.0,15073200.0,1235314.875349151,1235314.875349151,11959677.685443066,-4.190951585769653e-9 
 01/18  18:00:00,42707759.3072456,34099200.0,1172110.042422342,7436449.264823251,6501028.659136695,0.0,25099200.0,1449323.215396693,1449323.215396693,6363538.124721203,-6.05359673500061e-9 
 01/18  19:00:00,29930010.49578389,21600000.0,1136544.5956399357,7193465.900143955,6265064.628148581,0.0,16200000.0,5787899.544222304,5787899.544222304,0.0,-1.862645149230957e-9 
 01/18  20:00:00,18732712.12879893,10800000.0,1136544.5956399357,6796167.533158998,5966680.594987782,0.0,5400000.0,5360307.497290298,5360307.497290298,0.0,-4.0745362639427185e-9 
 01/18  21:00:00,6896544.595639936,5760000.0,1136544.5956399357,0.0,0.0,0.0,5400000.0,0.0,0.0,0.0,2.3283064365386963e-10 
 01/18  22:00:00,2846544.5956399357,1710000.0,1136544.5956399357,0.0,0.0,0.0,1350000.0,0.0,0.0,0.0,-2.561137080192566e-9 
 01/18  23:00:00,2846544.5956399357,1710000.0,1136544.5956399357,0.0,0.0,0.0,1350000.0,0.0,0.0,0.0,-3.4924596548080444e-9 
 01/18  24:00:00,2846544.5956399357,1710000.0,1136544.5956399357,0.0,0.0,0.0,1350000.0,0.0,0.0,0.0,-4.016328603029251e-9 
 01/19  01:00:00,6086544.595639936,4950000.0,1136544.5956399357,0.0,0.0,0.0,1350000.0,0.0,0.0,0.0,2.3283064365386963e-9 
 01/19  02:00:00,6086544.595639936,4950000.0,1136544.5956399357,0.0,0.0,0.0,1350000.0,0.0,0.0,0.0,1.4551915228366852e-9 
 01/19  03:00:00,6086544.595639936,4950000.0,1136544.5956399357,0.0,0.0,0.0,1350000.0,0.0,0.0,0.0,-3.2014213502407074e-9 
 01/19  04:00:00,6086544.595639936,4950000.0,1136544.5956399357,0.0,0.0,0.0,1350000.0,0.0,0.0,0.0,-3.958120942115784e-9 
 01/19  05:00:00,6086544.595639936,4950000.0,1136544.5956399357,0.0,0.0,0.0,1350000.0,0.0,0.0,0.0,1.7462298274040222e-9 
 01/19  06:00:00,6086544.595639936,4950000.0,1136544.5956399357,0.0,0.0,0.0,1350000.0,0.0,0.0,0.0,2.2118911147117615e-9 
 01/19  07:00:00,6086544.595639936,4950000.0,1136544.5956399357,0.0,0.0,0.0,1350000.0,0.0,0.0,50340.33988627352,8.731149137020111e-11 
 01/19  08:00:00,6086544.595639936,4950000.0,1136544.5956399357,0.0,0.0,0.0,1350000.0,0.0,0.0,2436989.8170219082,-1.280568540096283e-9 
 01/19  09:00:00,5766144.595639936,4629600.0,1136544.5956399357,0.0,0.0,0.0,1029600.0,0.0,0.0,14508712.396274598,3.637978807091713e-9 
 01/19  10:00:00,5718624.595639936,4582080.0,1136544.595639936,0.0,0.0,0.0,982080.0,0.0,0.0,26727452.08405307,2.735760062932968e-9 
 01/19  11:00:00,5629704.595639936,4493160.0,1136544.5956399357,0.0,0.0,0.0,893160.0,0.0,0.0,27397109.977410145,-9.313225746154785e-10 
 01/19  12:00:00,5356824.595639936,4220280.0,1136544.5956399357,0.0,0.0,0.0,620280.0,0.0,0.0,24101813.699498158,-3.4924596548080444e-9 
 01/19  13:00:00,5267904.595639936,4131360.0,1136544.5956399357,0.0,0.0,0.0,531360.0,0.0,0.0,22453304.26994098,-5.3551048040390015e-9 
 01/19  14:00:00,5267904.595639936,4131360.0,1136544.5956399357,0.0,0.0,0.0,531360.0,0.0,0.0,21118483.283901792,-7.334165275096893e-9 
 01/19  15:00:00,5267904.595639936,4131360.0,1136544.5956399357,0.0,0.0,0.0,531360.0,0.0,0.0,21499498.62045444,-4.190951585769653e-9 
 01/19  16:00:00,5267904.595639936,4131360.0,1136544.5956399357,0.0,0.0,0.0,531360.0,0.0,0.0,17642667.45113453,-3.725290298461914e-9 
 01/19  17:00:00,5445744.595639936,4309200.0,1136544.5956399357,0.0,0.0,0.0,709200.0,0.0,0.0,13210543.477868052,-3.958120942115784e-9 
 01/19  18:00:00,6015264.595639936,4878720.0,1136544.5956399357,0.0,0.0,0.0,1278720.0,0.0,0.0,5823289.684276253,-1.3969838619232178e-9 
 01/19  19:00:00,6086544.595639936,4950000.0,1136544.5956399357,0.0,0.0,0.0,1350000.0,0.0,0.0,0.0,-1.979060471057892e-9 
 01/19  20:00:00,6086544.595639936,4950000.0,1136544.5956399357,0.0,0.0,0.0,1350000.0,0.0,0.0,0.0,-5.471520125865936e-9 
 01/19  21:00:00,6086544.595639936,4950000.0,1136544.5956399357,0.0,0.0,0.0,1350000.0,0.0,0.0,0.0,-1.280568540096283e-9 
 01/19  22:00:00,6086544.595639936,4950000.0,1136544.5956399357,0.0,0.0,0.0,1350000.0,0.0,0.0,0.0,-1.979060471057892e-9 
 01/19  23:00:00,6086544.595639936,4950000.0,1136544.5956399357,0.0,0.0,0.0,1350000.0,0.0,0.0,0.0,-3.259629011154175e-9 
 01/19  24:00:00,6086544.595639936,4950000.0,1136544.5956399357,0.0,0.0,0.0,1350000.0,0.0,0.0,0.0,-1.2223608791828156e-9 
 01/20  01:00:00,6086544.595639936,4950000.0,1136544.5956399357,0.0,0.0,0.0,1350000.0,0.0,0.0,0.0,-6.402842700481415e-10 
 01/20  02:00:00,6086544.595639936,4950000.0,1136544.5956399357,0.0,0.0,0.0,1350000.0,0.0,0.0,0.0,-3.725290298461914e-9 
 01/20  03:00:00,6086544.595639936,4950000.0,1136544.5956399357,0.0,0.0,0.0,1350000.0,0.0,0.0,0.0,-1.7462298274040222e-9 
 01/20  04:00:00,6086544.595639936,4950000.0,1136544.5956399357,0.0,0.0,0.0,1350000.0,0.0,0.0,0.0,-2.3283064365386963e-10 
 01/20  05:00:00,6086544.595639936,4950000.0,1136544.5956399357,0.0,0.0,0.0,1350000.0,0.0,0.0,0.0,-1.280568540096283e-9 
 01/20  06:00:00,6086544.595639936,4950000.0,1136544.5956399357,0.0,0.0,0.0,1350000.0,0.0,0.0,0.0,2.9103830456733704e-11 
 01/20  07:00:00,6086544.595639936,4950000.0,1136544.5956399357,0.0,0.0,0.0,1350000.0,0.0,0.0,456466.6770302426,1.1059455573558807e-9 
 01/20  08:00:00,6086544.595639936,4950000.0,1136544.5956399357,0.0,0.0,0.0,1350000.0,0.0,0.0,6992811.065647166,-1.367880031466484e-9 
 01/20  09:00:00,5858124.595639936,4721580.0,1136544.5956399357,0.0,0.0,0.0,1121580.0,0.0,0.0,24785160.03598144,1.8917489796876907e-9 
 01/20  10:00:00,5697924.595639936,4561380.0,1136544.5956399357,0.0,0.0,0.0,961380.0,0.0,0.0,26967874.74335042,8.731149137020111e-10 
 01/20  11:00:00,5721684.595639936,4585140.0,1136544.5956399357,0.0,0.0,0.0,985140.0,0.0,0.0,28420107.26508133,5.238689482212067e-10 
 01/20  12:00:00,5357042.263425356,4220280.0,1136762.2634253558,0.0,0.0,0.0,620280.0,0.0,0.0,23737308.60551749,-1.6298145055770874e-9 
 01/20  13:00:00,5425044.595639936,4288500.0,1136544.5956399357,0.0,0.0,0.0,688500.0,0.0,0.0,18753076.82468556,-1.0477378964424133e-9 
 01/20  14:00:00,5267904.595639936,4131360.0,1136544.5956399357,0.0,0.0,0.0,531360.0,0.0,0.0,18742853.579799157,2.3283064365386963e-10 
 01/20  15:00:00,5267904.595639936,4131360.0,1136544.5956399357,0.0,0.0,0.0,531360.0,0.0,0.0,21659513.583526786,-3.4924596548080444e-9 
 01/20  16:00:00,5267904.595639936,4131360.0,1136544.5956399357,0.0,0.0,0.0,531360.0,0.0,0.0,21727344.79035526,0.0 
 01/20  17:00:00,5312364.595639936,4175820.0,1136544.5956399357,0.0,0.0,0.0,575820.0,0.0,0.0,17733157.117835134,-7.683411240577698e-9 
 01/20  18:00:00,6015264.595639936,4878720.0,1136544.5956399357,0.0,0.0,0.0,1278720.0,0.0,0.0,3684269.497222205,-1.862645149230957e-9 
 01/20  19:00:00,6086544.595639936,4950000.0,1136544.5956399357,0.0,0.0,0.0,1350000.0,0.0,0.0,0.0,-2.7939677238464355e-9 
 01/20  20:00:00,6086544.595639936,4950000.0,1136544.5956399357,0.0,0.0,0.0,1350000.0,0.0,0.0,0.0,-2.561137080192566e-9 
 01/20  21:00:00,6086544.595639936,4950000.0,1136544.5956399357,0.0,0.0,0.0,1350000.0,0.0,0.0,0.0,-2.444721758365631e-9 
 01/20  22:00:00,6086544.595639936,4950000.0,1136544.5956399357,0.0,0.0,0.0,1350000.0,0.0,0.0,0.0,-3.259629011154175e-9 
 01/20  23:00:00,6086544.595639936,4950000.0,1136544.5956399357,0.0,0.0,0.0,1350000.0,0.0,0.0,0.0,-4.6566128730773926e-9 
 01/20  24:00:00,6086544.595639936,4950000.0,1136544.5956399357,0.0,0.0,0.0,1350000.0,0.0,0.0,0.0,-2.6775524020195007e-9 
 01/21  01:00:00,2846544.5956399357,1710000.0,1136544.5956399357,0.0,0.0,0.0,1350000.0,0.0,0.0,0.0,-1.1059455573558807e-9 
 01/21  02:00:00,2846544.5956399357,1710000.0,1136544.5956399357,0.0,0.0,0.0,1350000.0,0.0,0.0,0.0,1.3387762010097504e-9 
 01/21  03:00:00,2846544.5956399357,1710000.0,1136544.5956399357,0.0,0.0,0.0,1350000.0,0.0,0.0,0.0,-2.9103830456733704e-10 
 01/21  04:00:00,2846544.5956399357,1710000.0,1136544.5956399357,0.0,0.0,0.0,1350000.0,0.0,0.0,0.0,2.35741026699543e-9 
 01/21  05:00:00,2846544.5956399357,1710000.0,1136544.5956399357,0.0,0.0,0.0,1350000.0,0.0,0.0,0.0,-1.6589183360338211e-9 
 01/21  06:00:00,2846544.5956399357,1710000.0,1136544.5956399357,0.0,0.0,0.0,1350000.0,0.0,0.0,0.0,-1.57160684466362e-9 
 01/21  07:00:00,8835660.69759711,1710000.0,1136544.5956399357,5989116.101957175,5361286.985928521,0.0,1350000.0,5208484.6813928075,5208484.6813928075,499392.63749582204,-2.7066562324762344e-9 
 01/21  08:00:00,9667898.566200176,1710000.0,1136544.5956399357,6821353.970560241,6106533.436294807,0.0,1350000.0,5141140.675308,5141140.675308,7209885.282815628,1.4260876923799515e-9 
 01/21  09:00:00,37268851.61570983,28188720.0,1144249.1194594614,7935882.496250361,7087787.952624371,0.0,20988720.0,4660205.111334698,4660205.111334698,25509200.142844714,-4.016328603029251e-9 
 01/21  10:00:00,48057005.26305171,38354760.0,1208021.4643586301,8494223.798693078,7597225.998277388,0.0,22154760.0,1158951.5183555633,1158951.5183555633,29984159.06220563,-4.6566128730773926e-9 
 01/21  11:00:00,47817190.81186731,37742400.0,1243570.2238058385,8831220.588061476,7934897.394783495,0.0,21542400.0,219522.49467796157,219522.49467796157,27668525.96134776,-6.05359673500061e-9 
 01/21  12:00:00,43696238.662045576,33170040.0,1329054.9385100822,9197143.723535493,8364594.381816653,0.0,16970040.0,0.0,0.0,23472775.397468638,-9.313225746154785e-10 
 01/21  13:00:00,35179545.88594247,25413120.0,1267656.135861178,8498769.750081291,7693499.869459449,0.0,9213120.0,0.0,0.0,19855861.896914408,-3.026798367500305e-9 
 01/21  14:00:00,36697805.992860615,25764480.0,1410066.9203274227,9523259.072533188,8725239.062865064,0.0,9564480.0,0.0,0.0,20692894.664201617,1.6298145055770874e-9 
 01/21  15:00:00,36400965.619425096,25027200.0,1437950.0307524737,9935815.588672629,9114811.348373469,0.0,10627200.0,0.0,0.0,21337937.153688353,-2.561137080192566e-9 
 01/21  16:00:00,33774049.89082142,23227200.0,1344237.5306389397,9202612.360182483,8370955.15699294,0.0,10627200.0,0.0,0.0,20251244.862488817,-3.725290298461914e-9 
 01/21  17:00:00,32090684.429622013,23184000.0,1197773.0419961023,7708911.387625912,6843374.605079786,0.0,14184000.0,177653.8354380721,177653.8354380721,12356398.424851732,0.0 
 01/21  18:00:00,41761200.76608607,33210000.0,1177917.8659084758,7373282.900177603,6463942.596579849,0.0,24210000.0,726015.7542821361,726015.7542821361,6572901.390671874,-3.026798367500305e-9 
 01/21  19:00:00,29957751.325401116,21600000.0,1136544.5956399357,7221206.729761181,6292184.292689581,0.0,16200000.0,5528114.85703929,5528114.85703929,0.0,-3.725290298461914e-9 
 01/21  20:00:00,18763885.787733205,10800000.0,1136544.5956399357,6827341.192093263,5993224.577279164,0.0,5400000.0,5260784.157740843,5260784.157740843,0.0,5.820766091346741e-10 
 01/21  21:00:00,6896544.595639936,5760000.0,1136544.5956399357,0.0,0.0,0.0,5400000.0,0.0,0.0,0.0,-4.773028194904327e-9 
 01/21  22:00:00,2846544.5956399357,1710000.0,1136544.5956399357,0.0,0.0,0.0,1350000.0,0.0,0.0,0.0,9.313225746154785e-10 
 01/21  23:00:00,2846544.5956399357,1710000.0,1136544.5956399357,0.0,0.0,0.0,1350000.0,0.0,0.0,0.0,1.280568540096283e-9 
 01/21  24:00:00,2846544.5956399357,1710000.0,1136544.5956399357,0.0,0.0,0.0,1350000.0,0.0,0.0,0.0,0.0 
 01/22  01:00:00,2846544.5956399357,1710000.0,1136544.5956399357,0.0,0.0,0.0,1350000.0,0.0,0.0,0.0,-1.280568540096283e-9 
 01/22  02:00:00,2846544.5956399357,1710000.0,1136544.5956399357,0.0,0.0,0.0,1350000.0,0.0,0.0,0.0,1.7462298274040222e-9 
 01/22  03:00:00,2846544.5956399357,1710000.0,1136544.5956399357,0.0,0.0,0.0,1350000.0,0.0,0.0,0.0,-1.57160684466362e-9 
 01/22  04:00:00,2846544.5956399357,1710000.0,1136544.5956399357,0.0,0.0,0.0,1350000.0,0.0,0.0,0.0,-4.3655745685100555e-10 
 01/22  05:00:00,2846544.5956399357,1710000.0,1136544.5956399357,0.0,0.0,0.0,1350000.0,0.0,0.0,0.0,-7.566995918750763e-10 
 01/22  06:00:00,2846544.5956399357,1710000.0,1136544.5956399357,0.0,0.0,0.0,1350000.0,0.0,0.0,0.0,1.7462298274040222e-10 
 01/22  07:00:00,9770780.477118835,1710000.0,1136544.5956399357,6924235.881478899,6181014.5400479045,0.0,1350000.0,5147949.950948888,5147949.950948888,298543.21942574414,1.4115357771515846e-9 
 01/22  08:00:00,10920212.26500076,1686240.0,1136544.5956399357,8097427.669360824,7226035.949051064,0.0,1326240.0,5102286.725911139,5102286.725911139,5233607.462176252,1.1932570487260818e-9 
 01/22  09:00:00,35703536.939194284,24932520.0,1136544.595639936,9634472.343554351,8577693.682255603,0.0,17732520.0,5105760.596619854,5105760.596619854,18131570.484771624,-3.259629011154175e-9 
 01/22  10:00:00,42487811.02130103,30577680.0,1156709.50230023,10753421.519000806,9575555.783216104,0.0,14377680.0,3795121.1825098777,3795121.1825098777,20290152.52620693,-3.259629011154175e-9 
 01/22  11:00:00,42357262.55618267,29494800.0,1195651.7794550515,11666810.776727617,10396878.861654503,0.0,13294800.0,1317674.0349983978,1317674.0349983978,25559050.764909506,-3.026798367500305e-9 
 01/22  12:00:00,39429268.72326891,26295840.0,1210538.338873419,11922890.384395499,10628115.73296376,0.0,10095840.0,321126.7124190592,321126.7124190592,23682137.06846127,-4.656612873077393e-10 
 01/22  13:00:00,37742601.20984025,24701760.0,1189573.9002696455,11851267.309570607,10543991.781920645,0.0,8501760.0,719250.8468722423,719250.8468722423,20958372.89447884,-9.313225746154785e-10 
 01/22  14:00:00,39661562.81830184,25764480.0,1277555.1032752725,12619527.715026567,11314969.121820696,0.0,9564480.0,0.0,0.0,18960977.992979072,-4.190951585769653e-9 
 01/22  15:00:00,41612607.737311095,27694800.0,1281390.7688278942,12636416.968483202,11331382.838319588,0.0,13294800.0,0.0,0.0,14042888.016659187,-3.725290298461914e-9 
 01/22  16:00:00,42832628.20047034,29988000.0,1222896.924886474,11621731.275583861,10304505.496507928,0.0,17388000.0,0.0,0.0,10659352.505492862,-3.4924596548080444e-9 
 01/22  17:00:00,39708421.740053385,27691200.0,1149713.5648546848,10867508.175198693,9538632.04272346,0.0,18691200.0,4008395.082330072,4008395.082330072,7800819.338333671,-5.587935447692871e-9 
 01/22  18:00:00,42181868.776815675,30895200.0,1167925.3052937468,10118743.471521933,8868202.92915472,0.0,21895200.0,1986479.0716642833,1986479.0716642833,12475820.141263064,-3.958120942115784e-9 
 01/22  19:00:00,32322634.68632718,21600000.0,1136544.5956399357,9586090.090687241,8389140.043634659,0.0,16200000.0,5538664.53420434,5538664.53420434,0.0,-1.1641532182693481e-9 
 01/22  20:00:00,20925021.339986026,10800000.0,1136544.5956399357,8988476.744346092,7920662.697072186,0.0,5400000.0,5264130.5348319085,5264130.5348319085,0.0,-4.656612873077393e-10 
 01/22  21:00:00,6896544.595639936,5760000.0,1136544.5956399357,0.0,0.0,0.0,5400000.0,0.0,0.0,0.0,-1.1641532182693481e-9 
 01/22  22:00:00,2846544.5956399357,1710000.0,1136544.5956399357,0.0,0.0,0.0,1350000.0,0.0,0.0,0.0,-3.6088749766349792e-9 
 01/22  23:00:00,2846544.5956399357,1710000.0,1136544.5956399357,0.0,0.0,0.0,1350000.0,0.0,0.0,0.0,-6.984919309616089e-10 
 01/22  24:00:00,2846544.5956399357,1710000.0,1136544.5956399357,0.0,0.0,0.0,1350000.0,0.0,0.0,0.0,5.238689482212067e-10 
 01/23  01:00:00,2846544.5956399357,1710000.0,1136544.5956399357,0.0,0.0,0.0,1350000.0,0.0,0.0,0.0,-1.4551915228366852e-9 
 01/23  02:00:00,2846544.5956399357,1710000.0,1136544.5956399357,0.0,0.0,0.0,1350000.0,0.0,0.0,0.0,-1.4551915228366852e-9 
 01/23  03:00:00,2846544.5956399357,1710000.0,1136544.5956399357,0.0,0.0,0.0,1350000.0,0.0,0.0,0.0,-8.731149137020111e-10 
 01/23  04:00:00,2846544.5956399357,1710000.0,1136544.5956399357,0.0,0.0,0.0,1350000.0,0.0,0.0,0.0,1.3969838619232178e-9 
 01/23  05:00:00,2846544.5956399357,1710000.0,1136544.5956399357,0.0,0.0,0.0,1350000.0,0.0,0.0,0.0,-1.6298145055770874e-9 
 01/23  06:00:00,2846544.5956399357,1710000.0,1136544.5956399357,0.0,0.0,0.0,1350000.0,0.0,0.0,0.0,-1.1932570487260818e-9 
 01/23  07:00:00,11743449.643657988,1710000.0,1136544.5956399357,8896905.048018051,7921490.214949922,0.0,1350000.0,5050353.766569626,5050353.766569626,40244.03439340385,-1.6880221664905548e-9 
 01/23  08:00:00,12982323.948120274,1686240.0,1136544.5956399357,10159539.352480339,9040353.422867004,0.0,1326240.0,4987651.61310352,4987651.61310352,3829699.031214169,5.820766091346741e-10 
 01/23  09:00:00,38210500.81259104,25305120.0,1136544.595639936,11768836.216951104,10456765.141915364,0.0,18105120.0,4944321.517351657,4944321.517351657,18441794.590813056,-1.7462298274040222e-9 
 01/23  10:00:00,44558528.428591765,31029120.0,1175578.9614635855,12353829.467128178,10985579.719352841,0.0,14829120.0,2713451.6260570074,2713451.6260570074,24994842.24631482,-2.7939677238464355e-9 
 01/23  11:00:00,41305056.41060903,27716400.0,1200218.8441510536,12388437.566457974,11028031.671621183,0.0,11516400.0,1018240.9144241264,1018240.9144241264,24758717.380138,-1.3969838619232178e-9 
 01/23  12:00:00,38806871.37223509,26295840.0,1214975.5549119236,11296055.817323161,10072753.922444478,0.0,10095840.0,172590.28217702903,172590.28217702903,23804948.45965188,-4.6566128730773926e-9 
 01/23  13:00:00,36091911.684756964,24701760.0,1192767.22749827,10197384.457258698,9083762.818427645,0.0,8501760.0,568925.4869786834,568925.4869786834,21650071.494377244,-4.889443516731262e-9 
 01/23  14:00:00,36998497.18624586,25764480.0,1261641.117148049,9972376.069097815,8949873.484777069,0.0,9564480.0,0.0,0.0,18097742.69306933,9.313225746154785e-10 
 01/23  15:00:00,36483683.22434141,25027200.0,1311529.71609766,10144953.508243749,9158039.714026695,0.0,10627200.0,0.0,0.0,19891803.098008934,-9.546056389808655e-9 
 01/23  16:00:00,33776496.20003102,23227200.0,1259131.5768616856,9290164.623169336,8333555.392583625,0.0,10627200.0,0.0,0.0,18536209.49711907,-4.423782229423523e-9 
 01/23  17:00:00,29929272.89473507,20516400.0,1179235.8209520313,8233637.073783039,7257510.4678009655,0.0,11516400.0,1081401.0059676357,1081401.0059676357,17253442.186095897,-8.847564458847046e-9 
 01/23  18:00:00,42568760.785580024,33685200.0,1159289.2617260932,7724271.523853933,6767040.539394049,0.0,24685200.0,2797199.516302428,2797199.516302428,1935375.6980833705,-3.259629011154175e-9 
 01/23  19:00:00,30320362.463621456,21600000.0,1136544.5956399357,7583817.867981521,6620552.695070419,0.0,16200000.0,5669731.666122778,5669731.666122778,0.0,-3.958120942115784e-9 
 01/23  20:00:00,19188349.961129002,10800000.0,1136544.5956399357,7251805.3654890675,6376542.107495799,0.0,5400000.0,5315509.226803256,5315509.226803256,0.0,0.0 
 01/23  21:00:00,6896544.595639936,5760000.0,1136544.5956399357,0.0,0.0,0.0,5400000.0,0.0,0.0,0.0,-2.9103830456733704e-9 
 01/23  22:00:00,2846544.5956399357,1710000.0,1136544.5956399357,0.0,0.0,0.0,1350000.0,0.0,0.0,0.0,-3.026798367500305e-9 
 01/23  23:00:00,2846544.5956399357,1710000.0,1136544.5956399357,0.0,0.0,0.0,1350000.0,0.0,0.0,0.0,-4.656612873077393e-10 
 01/23  24:00:00,2846544.5956399357,1710000.0,1136544.5956399357,0.0,0.0,0.0,1350000.0,0.0,0.0,0.0,-4.656612873077393e-10 
 01/24  01:00:00,2846544.5956399357,1710000.0,1136544.5956399357,0.0,0.0,0.0,1350000.0,0.0,0.0,0.0,-1.3387762010097504e-9 
 01/24  02:00:00,2846544.5956399357,1710000.0,1136544.5956399357,0.0,0.0,0.0,1350000.0,0.0,0.0,0.0,-1.5133991837501526e-9 
 01/24  03:00:00,2846544.5956399357,1710000.0,1136544.5956399357,0.0,0.0,0.0,1350000.0,0.0,0.0,0.0,-2.9685907065868378e-9 
 01/24  04:00:00,2846544.5956399357,1710000.0,1136544.5956399357,0.0,0.0,0.0,1350000.0,0.0,0.0,0.0,1.775333657860756e-9 
 01/24  05:00:00,2846544.5956399357,1710000.0,1136544.5956399357,0.0,0.0,0.0,1350000.0,0.0,0.0,0.0,4.656612873077393e-10 
 01/24  06:00:00,2846544.5956399357,1710000.0,1136544.5956399357,0.0,0.0,0.0,1350000.0,0.0,0.0,0.0,-1.2514647096395493e-9 
 01/24  07:00:00,10390101.309541777,1710000.0,1136544.5956399357,7543556.713901842,6722705.99091287,0.0,1350000.0,5139144.41431134,5139144.41431134,180197.865345235,-2.1973391994833946e-9 
 01/24  08:00:00,11526923.47094373,1686240.0,1136544.5956399357,8704138.875303796,7755283.615424455,0.0,1326240.0,5079691.3087870795,5079691.3087870795,3236237.474455353,1.4260876923799515e-9 
 01/24  09:00:00,36999143.26543708,25732800.0,1136544.5956399357,10129798.669797145,9007903.036662994,0.0,18532800.0,5064594.235561307,5064594.235561307,14201972.469996918,2.561137080192566e-9 
 01/24  10:00:00,42921034.395778425,30577680.0,1156490.2319003094,11186864.163878115,9947296.663968444,0.0,14377680.0,3792648.071657734,3792648.071657734,23005143.38095911,-3.4924596548080444e-9 
 01/24  11:00:00,40012053.5865759,26827200.0,1188474.9115530911,11996378.67502281,10673640.955389287,0.0,10627200.0,1683386.3294877154,1683386.3294877154,24423453.023179114,-6.984919309616089e-9 
 01/24  12:00:00,39563679.92092769,26295840.0,1202076.556813507,12065763.364114182,10737122.149307618,0.0,10095840.0,555593.8836750053,555593.8836750053,23701432.090795934,-6.984919309616089e-9 
 01/24  13:00:00,37483651.88501051,24701760.0,1186639.427509222,11595252.457501289,10310568.674558913,0.0,8501760.0,994261.2720212621,994261.2720212621,21439060.202076565,-2.7939677238464355e-9 
 01/24  14:00:00,38908918.65279952,25764480.0,1276340.370776186,11868098.282023327,10640099.18577336,0.0,9564480.0,0.0,0.0,20216263.353011776,-3.958120942115784e-9 
 01/24  15:00:00,38029778.75806244,25027200.0,1300318.9913994616,11702259.76666298,10517981.756754445,0.0,10627200.0,0.0,0.0,18436544.070850495,-5.587935447692871e-9 
 01/24  16:00:00,35020527.205549255,23227200.0,1223931.9941557925,10569395.211393462,9376162.964821573,0.0,10627200.0,0.0,0.0,15829537.730197065,-2.3283064365386963e-9 
 01/24  17:00:00,32404705.229409836,21405600.0,1154091.4772227104,9845013.752187125,8641762.446030391,0.0,12405600.0,3513070.544719957,3513070.544719957,15107802.78801608,-4.190951585769653e-9 
 01/24  18:00:00,42920926.27801845,32259600.0,1165644.3380523592,9495681.939966094,8311709.671380462,0.0,23259600.0,2112240.6437416095,2112240.6437416095,9778695.6211205,-3.026798367500305e-9 
 01/24  19:00:00,31984044.888807237,21600000.0,1136544.5956399357,9247500.293167302,8077386.750957578,0.0,16200000.0,5651116.574600909,5651116.574600909,0.0,-7.916241884231567e-9 
 01/24  20:00:00,20795142.285623886,10800000.0,1136544.5956399357,8858597.689983947,7793499.470149125,0.0,5400000.0,5308467.881145731,5308467.881145731,0.0,-2.561137080192566e-9 
 01/24  21:00:00,6896544.595639936,5760000.0,1136544.5956399357,0.0,0.0,0.0,5400000.0,0.0,0.0,0.0,-2.7939677238464355e-9 
 01/24  22:00:00,2846544.5956399357,1710000.0,1136544.5956399357,0.0,0.0,0.0,1350000.0,0.0,0.0,0.0,9.313225746154785e-10 
 01/24  23:00:00,2846544.5956399357,1710000.0,1136544.5956399357,0.0,0.0,0.0,1350000.0,0.0,0.0,0.0,1.0477378964424133e-9 
 01/24  24:00:00,2846544.5956399357,1710000.0,1136544.5956399357,0.0,0.0,0.0,1350000.0,0.0,0.0,0.0,-6.984919309616089e-10 
 01/25  01:00:00,2846544.5956399357,1710000.0,1136544.5956399357,0.0,0.0,0.0,1350000.0,0.0,0.0,0.0,1.3387762010097504e-9 
 01/25  02:00:00,2846544.5956399357,1710000.0,1136544.5956399357,0.0,0.0,0.0,1350000.0,0.0,0.0,0.0,-1.3387762010097504e-9 
 01/25  03:00:00,2846544.5956399357,1710000.0,1136544.5956399357,0.0,0.0,0.0,1350000.0,0.0,0.0,0.0,-2.735760062932968e-9 
 01/25  04:00:00,2846544.5956399357,1710000.0,1136544.5956399357,0.0,0.0,0.0,1350000.0,0.0,0.0,0.0,3.6088749766349792e-9 
 01/25  05:00:00,2846544.5956399357,1710000.0,1136544.5956399357,0.0,0.0,0.0,1350000.0,0.0,0.0,0.0,-2.270098775625229e-9 
 01/25  06:00:00,2846544.5956399357,1710000.0,1136544.5956399357,0.0,0.0,0.0,1350000.0,0.0,0.0,0.0,-4.0745362639427185e-10 
 01/25  07:00:00,11013051.928884063,1710000.0,1136544.5956399357,8166507.333244126,7273337.268226174,0.0,1350000.0,5094382.207427554,5094382.207427554,0.0,-1.3096723705530167e-9 
 01/25  08:00:00,12139457.949658629,1710000.0,1136544.5956399357,9292913.354018694,8273316.328345585,0.0,1350000.0,5026227.017726719,5026227.017726719,2049725.6039937064,-1.2660166248679161e-9 
 01/25  09:00:00,38839877.257615626,26960760.0,1136544.5956399357,10742572.661975691,9547077.631499942,0.0,19760760.0,5010994.65484787,5010994.65484787,12565289.377508022,-2.0954757928848267e-9 
 01/25  10:00:00,44124210.97401922,31029120.0,1156241.5097353575,11938849.464283865,10613822.309578434,0.0,14829120.0,3804697.5571835763,3804697.5571835763,23748493.592137497,-6.984919309616089e-10 
 01/25  11:00:00,44418255.33521803,30445200.0,1198983.657941155,12774071.677276883,11379426.462013364,0.0,14245200.0,1075246.210223023,1075246.210223023,26339523.614954993,-4.889443516731262e-9 
 01/25  12:00:00,40489324.08281708,26295840.0,1218980.895877235,12974503.186939843,11574431.485524286,0.0,10095840.0,202275.42728850397,202275.42728850397,23962012.976831585,-3.259629011154175e-9 
 01/25  13:00:00,38460828.906551234,24701760.0,1204625.9819357255,12554442.924615504,11186924.667616902,0.0,8501760.0,62989.97512011379,62989.97512011379,22312454.21748736,-5.3551048040390015e-9 
 01/25  14:00:00,40300363.281991914,25764480.0,1313159.4715117966,13222723.810480116,11909194.138296757,0.0,9564480.0,0.0,0.0,19466581.148587026,-2.7939677238464355e-9 
 01/25  15:00:00,39143509.9508243,25027200.0,1320341.4667093814,12795968.484114919,11532004.92598949,0.0,10627200.0,0.0,0.0,17121227.783176582,-2.0954757928848267e-9 
 01/25  16:00:00,35799348.35481402,23227200.0,1244258.9581913576,11327889.396622667,10088781.573219262,0.0,10627200.0,0.0,0.0,15571229.849655855,-5.820766091346741e-9 
 01/25  17:00:00,35353429.070810474,24073200.0,1158685.381164555,10121543.68964592,8890966.028796094,0.0,15073200.0,2937350.8714642976,2937350.8714642976,11653915.431109311,-4.6566128730773926e-9 
 01/25  18:00:00,45898251.69065842,35049600.0,1154014.1888962355,9694637.501762183,8480177.219299296,0.0,26049600.0,3278357.0474519716,3278357.0474519716,3091712.4085083744,-4.190951585769653e-9 
 01/25  19:00:00,32073097.59992638,21600000.0,1136544.5956399357,9336553.004286438,8157913.637922188,0.0,16200000.0,5517482.091332536,5517482.091332536,0.0,-5.3551048040390015e-9 
 01/25  20:00:00,20856869.126991652,10800000.0,1136544.5956399357,8920324.531351715,7849831.424733287,0.0,5400000.0,5256750.528845009,5256750.528845009,0.0,0.0 
 01/25  21:00:00,6896544.595639936,5760000.0,1136544.5956399357,0.0,0.0,0.0,5400000.0,0.0,0.0,0.0,-2.2118911147117615e-9 
 01/25  22:00:00,2846544.5956399357,1710000.0,1136544.5956399357,0.0,0.0,0.0,1350000.0,0.0,0.0,0.0,-1.5133991837501526e-9 
 01/25  23:00:00,2846544.5956399357,1710000.0,1136544.5956399357,0.0,0.0,0.0,1350000.0,0.0,0.0,0.0,9.313225746154785e-10 
 01/25  24:00:00,2846544.5956399357,1710000.0,1136544.5956399357,0.0,0.0,0.0,1350000.0,0.0,0.0,0.0,1.1059455573558807e-9 
 01/26  01:00:00,6086544.595639936,4950000.0,1136544.5956399357,0.0,0.0,0.0,1350000.0,0.0,0.0,0.0,-5.238689482212067e-10 
 01/26  02:00:00,6086544.595639936,4950000.0,1136544.5956399357,0.0,0.0,0.0,1350000.0,0.0,0.0,0.0,-3.4924596548080444e-10 
 01/26  03:00:00,6086544.595639936,4950000.0,1136544.5956399357,0.0,0.0,0.0,1350000.0,0.0,0.0,0.0,-3.7834979593753815e-9 
 01/26  04:00:00,6086544.595639936,4950000.0,1136544.5956399357,0.0,0.0,0.0,1350000.0,0.0,0.0,0.0,1.280568540096283e-9 
 01/26  05:00:00,6086544.595639936,4950000.0,1136544.5956399357,0.0,0.0,0.0,1350000.0,0.0,0.0,0.0,-4.132743924856186e-9 
 01/26  06:00:00,6086544.595639936,4950000.0,1136544.5956399357,0.0,0.0,0.0,1350000.0,0.0,0.0,0.0,-2.561137080192566e-9 
 01/26  07:00:00,6086544.595639936,4950000.0,1136544.5956399357,0.0,0.0,0.0,1350000.0,0.0,0.0,75362.60240003075,-3.2014213502407074e-9 
 01/26  08:00:00,6086544.595639936,4950000.0,1136544.5956399357,0.0,0.0,0.0,1350000.0,0.0,0.0,3219565.846516018,2.9103830456733704e-10 
 01/26  09:00:00,5721684.595639936,4585140.0,1136544.5956399357,0.0,0.0,0.0,985140.0,0.0,0.0,15674002.926195256,-1.6880221664905548e-9 
 01/26  10:00:00,5469504.595639936,4332960.0,1136544.5956399357,0.0,0.0,0.0,732960.0,0.0,0.0,22975693.587767206,-4.94765117764473e-9 
 01/26  11:00:00,5312364.595639936,4175820.0,1136544.5956399357,0.0,0.0,0.0,575820.0,0.0,0.0,25466679.11522483,-2.9685907065868378e-9 
 01/26  12:00:00,5267904.595639936,4131360.0,1136544.5956399357,0.0,0.0,0.0,531360.0,0.0,0.0,23570296.39629055,-2.9103830456733704e-9 
 01/26  13:00:00,5267904.595639936,4131360.0,1136544.5956399357,0.0,0.0,0.0,531360.0,0.0,0.0,21291204.833474442,-3.4924596548080444e-10 
 01/26  14:00:00,5267904.595639936,4131360.0,1136544.5956399357,0.0,0.0,0.0,531360.0,0.0,0.0,19760200.89019311,-3.259629011154175e-9 
 01/26  15:00:00,5267904.595639936,4131360.0,1136544.5956399357,0.0,0.0,0.0,531360.0,0.0,0.0,17312997.82103694,-3.026798367500305e-9 
 01/26  16:00:00,5267904.595639936,4131360.0,1136544.5956399357,0.0,0.0,0.0,531360.0,0.0,0.0,20641379.05813813,-4.190951585769653e-9 
 01/26  17:00:00,5445744.595639936,4309200.0,1136544.5956399357,0.0,0.0,0.0,709200.0,0.0,0.0,13145686.767120417,-3.4924596548080444e-9 
 01/26  18:00:00,5855064.595639936,4718520.0,1136544.5956399357,0.0,0.0,0.0,1118520.0,0.0,0.0,10169671.890706483,-5.122274160385132e-9 
 01/26  19:00:00,6086544.595639936,4950000.0,1136544.5956399357,0.0,0.0,0.0,1350000.0,0.0,0.0,0.0,-2.6775524020195007e-9 
 01/26  20:00:00,6086544.595639936,4950000.0,1136544.5956399357,0.0,0.0,0.0,1350000.0,0.0,0.0,0.0,1.0477378964424133e-9 
 01/26  21:00:00,6086544.595639936,4950000.0,1136544.5956399357,0.0,0.0,0.0,1350000.0,0.0,0.0,0.0,-3.026798367500305e-9 
 01/26  22:00:00,6086544.595639936,4950000.0,1136544.5956399357,0.0,0.0,0.0,1350000.0,0.0,0.0,0.0,1.7462298274040222e-9 
 01/26  23:00:00,6086544.595639936,4950000.0,1136544.5956399357,0.0,0.0,0.0,1350000.0,0.0,0.0,0.0,0.0 
 01/26  24:00:00,6086544.595639936,4950000.0,1136544.5956399357,0.0,0.0,0.0,1350000.0,0.0,0.0,0.0,1.0477378964424133e-9 
 01/27  01:00:00,6086544.595639936,4950000.0,1136544.5956399357,0.0,0.0,0.0,1350000.0,0.0,0.0,0.0,-5.820766091346741e-11 
 01/27  02:00:00,6086544.595639936,4950000.0,1136544.5956399357,0.0,0.0,0.0,1350000.0,0.0,0.0,0.0,-4.3655745685100555e-9 
 01/27  03:00:00,6086544.595639936,4950000.0,1136544.5956399357,0.0,0.0,0.0,1350000.0,0.0,0.0,0.0,2.2118911147117615e-9 
 01/27  04:00:00,6086544.595639936,4950000.0,1136544.5956399357,0.0,0.0,0.0,1350000.0,0.0,0.0,0.0,4.0745362639427185e-10 
 01/27  05:00:00,6086544.595639936,4950000.0,1136544.5956399357,0.0,0.0,0.0,1350000.0,0.0,0.0,0.0,-2.3865140974521637e-9 
 01/27  06:00:00,6086544.595639936,4950000.0,1136544.5956399357,0.0,0.0,0.0,1350000.0,0.0,0.0,0.0,-1.1641532182693481e-9 
 01/27  07:00:00,6086544.595639936,4950000.0,1136544.5956399357,0.0,0.0,0.0,1350000.0,0.0,0.0,1808374.7250891158,-2.5029294192790985e-9 
 01/27  08:00:00,6062784.595639936,4926240.0,1136544.5956399357,0.0,0.0,0.0,1326240.0,0.0,0.0,11115356.278658653,-1.0477378964424133e-9 
 01/27  09:00:00,5789904.595639936,4653360.0,1136544.595639936,0.0,0.0,0.0,1053360.0,0.0,0.0,23827343.7305776,-4.598405212163925e-9 
 01/27  10:00:00,5517024.595639936,4380480.0,1136544.5956399357,0.0,0.0,0.0,780480.0,0.0,0.0,25005318.78911174,-8.731149137020111e-10 
 01/27  11:00:00,5312364.595639936,4175820.0,1136544.5956399357,0.0,0.0,0.0,575820.0,0.0,0.0,25459183.2451836,-2.7939677238464355e-9 
 01/27  12:00:00,5267904.595639936,4131360.0,1136544.5956399357,0.0,0.0,0.0,531360.0,0.0,0.0,23477000.15418134,-1.280568540096283e-9 
 01/27  13:00:00,5267904.595639936,4131360.0,1136544.5956399357,0.0,0.0,0.0,531360.0,0.0,0.0,21146474.248032726,-1.3969838619232178e-9 
 01/27  14:00:00,5267904.595639936,4131360.0,1136544.5956399357,0.0,0.0,0.0,531360.0,0.0,0.0,20654423.083819594,-3.725290298461914e-9 
 01/27  15:00:00,5267904.595639936,4131360.0,1136544.5956399357,0.0,0.0,0.0,531360.0,0.0,0.0,20524544.552811474,-1.3969838619232178e-9 
 01/27  16:00:00,5267904.595639936,4131360.0,1136544.5956399357,0.0,0.0,0.0,531360.0,0.0,0.0,23860402.350191265,-2.0954757928848267e-9 
 01/27  17:00:00,5267904.595639936,4131360.0,1136544.5956399357,0.0,0.0,0.0,531360.0,0.0,0.0,19650942.250001237,-2.3283064365386963e-9 
 01/27  18:00:00,5786844.595639936,4650300.0,1136544.5956399357,0.0,0.0,0.0,1050300.0,0.0,0.0,12618309.839413844,-6.05359673500061e-9 
 01/27  19:00:00,6086544.595639936,4950000.0,1136544.5956399357,0.0,0.0,0.0,1350000.0,0.0,0.0,0.0,-5.122274160385132e-9 
 01/27  20:00:00,6086544.595639936,4950000.0,1136544.5956399357,0.0,0.0,0.0,1350000.0,0.0,0.0,0.0,-2.444721758365631e-9 
 01/27  21:00:00,6086544.595639936,4950000.0,1136544.5956399357,0.0,0.0,0.0,1350000.0,0.0,0.0,0.0,-3.841705620288849e-9 
 01/27  22:00:00,6086544.595639936,4950000.0,1136544.5956399357,0.0,0.0,0.0,1350000.0,0.0,0.0,0.0,-3.026798367500305e-9 
 01/27  23:00:00,6086544.595639936,4950000.0,1136544.5956399357,0.0,0.0,0.0,1350000.0,0.0,0.0,0.0,2.7939677238464355e-9 
 01/27  24:00:00,6086544.595639936,4950000.0,1136544.5956399357,0.0,0.0,0.0,1350000.0,0.0,0.0,0.0,-4.190951585769653e-9 
 01/28  01:00:00,2846544.5956399357,1710000.0,1136544.5956399357,0.0,0.0,0.0,1350000.0,0.0,0.0,0.0,-4.190951585769653e-9 
 01/28  02:00:00,2846544.5956399357,1710000.0,1136544.5956399357,0.0,0.0,0.0,1350000.0,0.0,0.0,0.0,-2.7939677238464355e-9 
 01/28  03:00:00,2846544.5956399357,1710000.0,1136544.5956399357,0.0,0.0,0.0,1350000.0,0.0,0.0,0.0,-1.7462298274040222e-10 
 01/28  04:00:00,2846544.5956399357,1710000.0,1136544.5956399357,0.0,0.0,0.0,1350000.0,0.0,0.0,0.0,2.0954757928848267e-9 
 01/28  05:00:00,2846544.5956399357,1710000.0,1136544.5956399357,0.0,0.0,0.0,1350000.0,0.0,0.0,0.0,1.3096723705530167e-9 
 01/28  06:00:00,2846544.5956399357,1710000.0,1136544.5956399357,0.0,0.0,0.0,1350000.0,0.0,0.0,0.0,4.94765117764473e-10 
 01/28  07:00:00,10502441.26300559,1710000.0,1136544.5956399357,7655896.667365656,6779672.7665750785,0.0,1350000.0,5149566.977906689,5149566.977906689,135770.66957440402,-4.656612873077393e-10 
 01/28  08:00:00,11274276.422000926,1686240.0,1136544.5956399357,8451491.82636099,7536035.432522108,0.0,1326240.0,5119603.389745405,5119603.389745405,4806662.1898951065,-5.820766091346741e-10 
 01/28  09:00:00,36346459.274446025,25732800.0,1136544.595639936,9477114.678806093,8443476.826527808,0.0,18532800.0,5111232.625420762,5111232.625420762,20379997.522450514,-5.820766091346741e-10 
 01/28  10:00:00,42675712.94539215,31480560.0,1184839.2316367268,10010313.71375542,8921082.338456161,0.0,15280560.0,2229964.14809967,2229964.14809967,26004916.579665806,-1.5133991837501526e-9 
 01/28  11:00:00,42818668.46996408,31334400.0,1211122.4133173206,10273146.056646759,9155178.710498845,0.0,15134400.0,464190.71437799814,464190.71437799814,26761552.054616906,-6.51925802230835e-9 
 01/28  12:00:00,38541536.362511,27140580.0,1225256.4548477898,10175699.90766321,9082696.4102147,0.0,10940580.0,0.0,0.0,23818992.483616613,-3.4924596548080444e-9 
 01/28  13:00:00,35649640.244024895,24701760.0,1187329.4230819445,9760550.820942948,8687670.126826383,0.0,8501760.0,859838.819171758,859838.819171758,20505910.827614646,-6.984919309616089e-9 
 01/28  14:00:00,37460957.26554676,25764480.0,1277485.168978123,10418992.096568637,9357758.99635483,0.0,9564480.0,0.0,0.0,19835081.337195903,-3.725290298461914e-9 
 01/28  15:00:00,37234681.10970932,25027200.0,1325363.2845576443,10882117.825151676,9821007.07975461,0.0,10627200.0,0.0,0.0,20859445.783951964,-4.190951585769653e-9 
 01/28  16:00:00,34581221.4154744,23227200.0,1260215.3366051167,10093806.078869289,9032071.56167338,0.0,10627200.0,0.0,0.0,18268468.45104577,-6.752088665962219e-9 
 01/28  17:00:00,34406774.58662524,24073200.0,1165728.6468460767,9167845.939779164,8062568.813165718,0.0,15073200.0,2192091.230350416,2192091.230350416,11891611.273965959,-5.122274160385132e-9 
 01/28  18:00:00,41216148.88906121,31370400.0,1172583.2879898245,8673165.601071395,7597928.76772286,0.0,22370400.0,1453520.253066106,1453520.253066106,10801225.334194949,-4.656612873077393e-10 
 01/28  19:00:00,31044591.136388075,21600000.0,1136544.5956399357,8308046.54074814,7253406.463211391,0.0,16200000.0,5679460.36468569,5679460.36468569,0.0,-3.958120942115784e-9 
 01/28  20:00:00,19977845.680445567,10800000.0,1136544.5956399357,8041301.084805629,7076325.830760415,0.0,5400000.0,5318613.424866767,5318613.424866767,0.0,-2.9103830456733704e-9 
 01/28  21:00:00,6896544.595639936,5760000.0,1136544.5956399357,0.0,0.0,0.0,5400000.0,0.0,0.0,0.0,-3.4924596548080444e-9 
 01/28  22:00:00,2846544.5956399357,1710000.0,1136544.5956399357,0.0,0.0,0.0,1350000.0,0.0,0.0,0.0,-3.4924596548080444e-9 
 01/28  23:00:00,2846544.5956399357,1710000.0,1136544.5956399357,0.0,0.0,0.0,1350000.0,0.0,0.0,0.0,-3.259629011154175e-9 
 01/28  24:00:00,2846544.5956399357,1710000.0,1136544.5956399357,0.0,0.0,0.0,1350000.0,0.0,0.0,0.0,0.0 
 01/29  01:00:00,2846544.5956399357,1710000.0,1136544.5956399357,0.0,0.0,0.0,1350000.0,0.0,0.0,0.0,-1.862645149230957e-9 
 01/29  02:00:00,2846544.5956399357,1710000.0,1136544.5956399357,0.0,0.0,0.0,1350000.0,0.0,0.0,0.0,5.238689482212067e-10 
 01/29  03:00:00,2846544.5956399357,1710000.0,1136544.5956399357,0.0,0.0,0.0,1350000.0,0.0,0.0,0.0,2.9685907065868378e-9 
 01/29  04:00:00,2846544.5956399357,1710000.0,1136544.5956399357,0.0,0.0,0.0,1350000.0,0.0,0.0,0.0,2.444721758365631e-9 
 01/29  05:00:00,2846544.5956399357,1710000.0,1136544.5956399357,0.0,0.0,0.0,1350000.0,0.0,0.0,0.0,-1.367880031466484e-9 
 01/29  06:00:00,2846544.5956399357,1710000.0,1136544.5956399357,0.0,0.0,0.0,1350000.0,0.0,0.0,0.0,-6.693881005048752e-10 
 01/29  07:00:00,10986671.216587773,1710000.0,1136544.5956399357,8140126.620947837,7249063.243008665,0.0,1350000.0,5111312.230725244,5111312.230725244,0.0,-2.153683453798294e-9 
 01/29  08:00:00,11974627.506842203,1686240.0,1136544.5956399357,9151842.911202265,8149462.399370164,0.0,1326240.0,5050722.314081782,5050722.314081782,3345366.305964187,4.511093720793724e-10 
 01/29  09:00:00,35905041.84218689,24504840.0,1136544.595639936,10263657.246546956,9124364.436610177,0.0,17304840.0,5058513.732488845,5058513.732488845,16883877.189301267,-1.8044374883174896e-9 
 01/29  10:00:00,42369474.461825304,30126240.0,1158712.5846407157,11084521.877184583,9856126.689456377,0.0,13926240.0,3640633.0349948136,3640633.0349948136,22252581.718523268,3.4924596548080444e-10 
 01/29  11:00:00,39327669.37650743,26827200.0,1187721.2212165322,11312748.15529091,10069170.87910669,0.0,10627200.0,1693527.2168089326,1693527.2168089326,24402734.620439842,-6.28642737865448e-9 
 01/29  12:00:00,38527869.389941834,26295840.0,1200827.6588344788,11031201.731107354,9822314.053532131,0.0,10095840.0,562595.3940083478,562595.3940083478,23766328.431648813,-5.122274160385132e-9 
 01/29  13:00:00,36640115.677372634,24701760.0,1180670.0008793264,10757685.676493308,9572126.857893966,0.0,8501760.0,1462459.0616621075,1462459.0616621075,21348977.98266442,-1.3969838619232178e-9 
 01/29  14:00:00,38330101.54137502,25764480.0,1272838.7697829132,11292782.771592103,10128066.287136208,0.0,9564480.0,0.0,0.0,21586996.339939088,-2.7939677238464355e-9 
 01/29  15:00:00,38129542.259505354,25027200.0,1333484.8753941637,11768857.384111188,10618624.793420803,0.0,10627200.0,0.0,0.0,21537716.465420984,-4.190951585769653e-9 
 01/29  16:00:00,35563411.79097666,23227200.0,1289074.3933022234,11047137.397674438,9910539.747541353,0.0,10627200.0,0.0,0.0,21507846.89971712,-4.423782229423523e-9 
 01/29  17:00:00,31426133.58422013,20516400.0,1194760.7740405984,9714972.810179532,8570467.878379147,0.0,11516400.0,331191.9928590915,331191.9928590915,18669663.727863796,-2.7939677238464355e-9 
 01/29  18:00:00,43965449.56755984,33685200.0,1171419.350766013,9108830.216793824,7985857.831850037,0.0,24685200.0,1492354.1531628722,1492354.1531628722,4939795.525534268,-5.587935447692871e-9 
 01/29  19:00:00,31461250.510587852,21600000.0,1136544.5956399357,8724705.914947916,7617206.779681205,0.0,16200000.0,5773329.949048797,5773329.949048797,0.0,-6.984919309616089e-10 
 01/29  20:00:00,20228797.472684592,10800000.0,1136544.5956399357,8292252.8770446535,7291964.06577945,0.0,5400000.0,5354962.332619463,5354962.332619463,0.0,-2.561137080192566e-9 
 01/29  21:00:00,6896544.595639936,5760000.0,1136544.5956399357,0.0,0.0,0.0,5400000.0,0.0,0.0,0.0,2.3283064365386963e-10 
 01/29  22:00:00,2846544.5956399357,1710000.0,1136544.5956399357,0.0,0.0,0.0,1350000.0,0.0,0.0,0.0,-3.14321368932724e-9 
 01/29  23:00:00,2846544.5956399357,1710000.0,1136544.5956399357,0.0,0.0,0.0,1350000.0,0.0,0.0,0.0,-3.14321368932724e-9 
 01/29  24:00:00,2846544.5956399357,1710000.0,1136544.5956399357,0.0,0.0,0.0,1350000.0,0.0,0.0,0.0,-1.7462298274040222e-10 
 01/30  01:00:00,2846544.5956399357,1710000.0,1136544.5956399357,0.0,0.0,0.0,1350000.0,0.0,0.0,0.0,-3.6670826375484467e-9 
 01/30  02:00:00,2846544.5956399357,1710000.0,1136544.5956399357,0.0,0.0,0.0,1350000.0,0.0,0.0,0.0,-1.0477378964424133e-9 
 01/30  03:00:00,2846544.5956399357,1710000.0,1136544.5956399357,0.0,0.0,0.0,1350000.0,0.0,0.0,0.0,1.979060471057892e-9 
 01/30  04:00:00,2846544.5956399357,1710000.0,1136544.5956399357,0.0,0.0,0.0,1350000.0,0.0,0.0,0.0,-4.0745362639427185e-10 
 01/30  05:00:00,2846544.5956399357,1710000.0,1136544.5956399357,0.0,0.0,0.0,1350000.0,0.0,0.0,0.0,-7.566995918750763e-10 
 01/30  06:00:00,2846544.5956399357,1710000.0,1136544.5956399357,0.0,0.0,0.0,1350000.0,0.0,0.0,0.0,-1.0477378964424133e-9 
 01/30  07:00:00,11076819.334910357,1710000.0,1136544.5956399357,8230274.739270422,7328833.6620644545,0.0,1350000.0,5125609.287632789,5125609.287632789,175422.17266911874,-2.8230715543031693e-9 
 01/30  08:00:00,12198437.89824605,1686240.0,1136544.5956399357,9375653.302606113,8347490.559959327,0.0,1326240.0,5060221.382399446,5060221.382399446,4341925.988189135,-1.4551915228366852e-10 
 01/30  09:00:00,37183885.117419325,25305120.0,1136544.595639936,10742220.521779388,9547445.018208686,0.0,18105120.0,5053144.148525561,5053144.148525561,18697853.652143076,2.153683453798294e-9 
 01/30  10:00:00,44408971.115238026,31480560.0,1180064.3020299175,11748346.813208105,10448566.940600872,0.0,15280560.0,2442629.7710617133,2442629.7710617133,25979219.10052097,-4.0745362639427185e-9 
 01/30  11:00:00,43062764.14848013,29556000.0,1210517.1132453366,12296247.035234794,10944632.006706897,0.0,13356000.0,472921.15880442003,472921.15880442003,26671155.525800154,-6.05359673500061e-9 
 01/30  12:00:00,40203636.08765202,26295840.0,1239654.6140088872,12668141.473643132,11315511.289230037,0.0,10095840.0,5338.661237433199,5338.661237433199,23898096.206198033,-1.6298145055770874e-9 
 01/30  13:00:00,38132569.98838724,24701760.0,1196747.3857973733,12234062.602589872,10872615.662525881,0.0,8501760.0,325003.7828591939,325003.7828591939,21224045.345485512,-7.2177499532699585e-9 
 01/30  14:00:00,40000536.96633184,25764480.0,1286019.1278866166,12950037.838445228,11615450.19915517,0.0,9564480.0,0.0,0.0,19477298.171624567,-5.587935447692871e-9 
 01/30  15:00:00,39486108.46098744,25027200.0,1311173.4288447057,13147735.032142736,11807610.235706206,0.0,10627200.0,0.0,0.0,18562634.26350765,-2.7939677238464355e-9 
 01/30  16:00:00,36833181.76834985,23227200.0,1270839.8789839486,12335141.889365902,11011309.804434776,0.0,10627200.0,0.0,0.0,20453800.333056647,-4.423782229423523e-9 
 01/30  17:00:00,32640962.09032824,20516400.0,1182014.49995296,10942547.590375278,9631341.672876967,0.0,11516400.0,855010.9629465553,855010.9629465553,18300841.10269967,-2.3283064365386963e-9 
 01/30  18:00:00,42915272.343384854,31370400.0,1177363.4802473276,10367508.863137528,9093785.976253482,0.0,22370400.0,1062246.4824323806,1062246.4824323806,10303893.045406187,-6.51925802230835e-9 
 01/30  19:00:00,32546189.74106828,21600000.0,1136544.5956399357,9809645.145428345,8572666.485454861,0.0,16200000.0,5661227.914780493,5661227.914780493,0.0,-5.820766091346741e-9 
 01/30  20:00:00,20990286.50484683,10800000.0,1136544.5956399357,9053741.909206893,7966797.5896875635,0.0,5400000.0,5310920.776379783,5310920.776379783,0.0,-2.3283064365386963e-9 
 01/30  21:00:00,6896544.595639936,5760000.0,1136544.5956399357,0.0,0.0,0.0,5400000.0,0.0,0.0,0.0,-1.1641532182693481e-9 
 01/30  22:00:00,2846544.5956399357,1710000.0,1136544.5956399357,0.0,0.0,0.0,1350000.0,0.0,0.0,0.0,6.984919309616089e-10 
 01/30  23:00:00,2846544.5956399357,1710000.0,1136544.5956399357,0.0,0.0,0.0,1350000.0,0.0,0.0,0.0,-1.979060471057892e-9 
 01/30  24:00:00,2846544.5956399357,1710000.0,1136544.5956399357,0.0,0.0,0.0,1350000.0,0.0,0.0,0.0,-6.984919309616089e-10 
 01/31  01:00:00,2846544.5956399357,1710000.0,1136544.5956399357,0.0,0.0,0.0,1350000.0,0.0,0.0,0.0,-4.0745362639427185e-9 
 01/31  02:00:00,2846544.5956399357,1710000.0,1136544.5956399357,0.0,0.0,0.0,1350000.0,0.0,0.0,0.0,4.0745362639427185e-10 
 01/31  03:00:00,2846544.5956399357,1710000.0,1136544.5956399357,0.0,0.0,0.0,1350000.0,0.0,0.0,0.0,-1.7462298274040222e-10 
 01/31  04:00:00,2846544.5956399357,1710000.0,1136544.5956399357,0.0,0.0,0.0,1350000.0,0.0,0.0,0.0,-2.2992026060819626e-9 
 01/31  05:00:00,2846544.5956399357,1710000.0,1136544.5956399357,0.0,0.0,0.0,1350000.0,0.0,0.0,0.0,-1.0186340659856796e-9 
 01/31  06:00:00,2846544.5956399357,1710000.0,1136544.5956399357,0.0,0.0,0.0,1350000.0,0.0,0.0,0.0,2.3283064365386963e-10 
 01/31  07:00:00,10880437.156412631,1710000.0,1136544.5956399357,8033892.560772696,7156840.301905153,0.0,1350000.0,5096622.143389898,5096622.143389898,40245.69196711804,1.3969838619232178e-9 
 01/31  08:00:00,11812075.62050296,1710000.0,1136544.5956399357,8965531.02486302,7985845.602726851,0.0,1350000.0,5045685.789436502,5045685.789436502,3063613.5087814564,1.6880221664905548e-9 
 01/31  09:00:00,36266177.06917502,24932520.0,1136544.5956399357,10197112.473535085,9064394.630281096,0.0,17732520.0,5032317.648142401,5032317.648142401,15821877.51627166,-2.0954757928848267e-9 
 01/31  10:00:00,42981264.27120572,30577680.0,1161056.1563403346,11242528.114865389,9991253.004384253,0.0,14377680.0,3533325.818066066,3533325.818066066,23906932.65534441,-2.9103830456733704e-9 
 01/31  11:00:00,40805184.39527252,27716400.0,1196187.954834839,11892596.44043769,10575375.982604273,0.0,11516400.0,1281076.5871697478,1281076.5871697478,25668429.56940023,-1.862645149230957e-9 
 01/31  12:00:00,39604562.83181501,26295840.0,1205958.3921734674,12102764.439641543,10766528.712548882,0.0,10095840.0,410632.14871191466,410632.14871191466,23954540.377275907,-5.820766091346741e-9 
 01/31  13:00:00,37751553.59071612,24701760.0,1187171.3082438605,11862622.282472262,10546470.75135018,0.0,8501760.0,948099.7732084317,948099.7732084317,21454004.047609657,-1.3969838619232178e-9 
 01/31  14:00:00,39410635.345622376,25764480.0,1284939.286218125,12361216.059404256,11092146.14690404,0.0,9564480.0,0.0,0.0,20677198.13849102,-1.3969838619232178e-9 
 01/31  15:00:00,38544153.35619871,25027200.0,1311202.7558284043,12205750.600370307,10984489.696235545,0.0,10627200.0,0.0,0.0,18364290.610985033,-5.587935447692871e-9 
 01/31  16:00:00,35268703.334223524,23227200.0,1237758.374436507,10803744.95978702,9609672.817943947,0.0,10627200.0,0.0,0.0,16208992.801970376,-7.916241884231567e-9 
 01/31  17:00:00,35892533.21923508,24962400.0,1155869.157042515,9774264.06219257,8580586.365622893,0.0,15962400.0,3312128.280413267,3312128.280413267,11166940.154899836,-1.862645149230957e-9 
 01/31  18:00:00,45535795.1227468,35049600.0,1152514.633728852,9333680.489017954,8159261.841885815,0.0,26049600.0,3523376.0496037723,3523376.0496037723,3321717.441661559,-5.122274160385132e-9 
 01/31  19:00:00,31642830.49791426,21600000.0,1136544.5956399357,8906285.902274322,7776629.329626271,0.0,16200000.0,5548797.819094635,5548797.819094635,0.0,-6.984919309616089e-10 
 01/31  20:00:00,20445255.00118593,10800000.0,1136544.5956399357,8508710.405545995,7482853.889204537,0.0,5400000.0,5269092.389925119,5269092.389925119,0.0,-3.4924596548080444e-9 
 01/31  21:00:00,6896544.595639936,5760000.0,1136544.5956399357,0.0,0.0,0.0,5400000.0,0.0,0.0,0.0,-2.0954757928848267e-9 
 01/31  22:00:00,2846544.5956399357,1710000.0,1136544.5956399357,0.0,0.0,0.0,1350000.0,0.0,0.0,0.0,-2.3283064365386963e-10 
 01/31  23:00:00,2846544.5956399357,1710000.0,1136544.5956399357,0.0,0.0,0.0,1350000.0,0.0,0.0,0.0,-3.026798367500305e-9 
 01/31  24:00:00,2846544.5956399357,1710000.0,1136544.5956399357,0.0,0.0,0.0,1350000.0,0.0,0.0,0.0,-8.149072527885437e-10 
 07/01  01:00:00,1710000.0,1710000.0,0.0,0.0,0.0,0.0,1350000.0,0.0,0.0,0.0,0.0 
 07/01  02:00:00,1710000.0,1710000.0,0.0,0.0,0.0,0.0,1350000.0,0.0,0.0,0.0,-1.1059455573558807e-9 
 07/01  03:00:00,1710000.0,1710000.0,0.0,0.0,0.0,0.0,1350000.0,0.0,0.0,0.0,1.9208528101444244e-9 
 07/01  04:00:00,1710000.0,1710000.0,0.0,0.0,0.0,0.0,1350000.0,0.0,0.0,0.0,8.731149137020111e-10 
 07/01  05:00:00,1710000.0,1710000.0,0.0,0.0,0.0,0.0,1350000.0,0.0,0.0,0.0,5.820766091346741e-10 
 07/01  06:00:00,1710000.0,1710000.0,0.0,0.0,0.0,0.0,1350000.0,0.0,0.0,0.0,-3.841705620288849e-9 
 07/01  07:00:00,18080430.828653254,1710000.0,1136544.5956399357,15233886.233013319,13383796.410247024,0.0,1350000.0,0.0,0.0,3533221.508329469,1.9208528101444244e-9 
 07/01  08:00:00,18249710.473449133,1481580.0,1136544.5956399357,15631585.877809199,13830949.943114895,0.0,1121580.0,0.0,0.0,19740343.773817573,-2.5029294192790985e-9 
 07/01  09:00:00,39942642.38627056,22476600.0,1136544.5956399357,16329497.790630626,14483095.971232023,0.0,15276600.0,0.0,0.0,29728209.82999305,-2.7939677238464355e-9 
 07/01  10:00:00,51851406.71332337,33170040.0,1172403.3978954193,17508963.31542795,15584305.742101394,0.0,16970040.0,0.0,0.0,23827174.47693853,-6.170012056827545e-9 
 07/01  11:00:00,49288365.663875625,27716400.0,1267848.8285736605,20304116.835301965,18376795.77099222,0.0,11516400.0,0.0,0.0,29446580.996219713,-3.725290298461914e-9 
 07/01  12:00:00,48715485.39130696,26295840.0,1287977.823792907,21131667.567514054,19204346.50320431,0.0,10095840.0,0.0,0.0,27368572.283586916,-2.561137080192566e-9 
 07/01  13:00:00,46400858.145895265,24701760.0,1230355.0646027052,20468743.081292562,18541422.016982816,0.0,8501760.0,0.0,0.0,26506435.669782497,-3.958120942115784e-9 
 07/01  14:00:00,49665749.42265502,25764480.0,1312111.3167694216,22589158.105885606,20661837.041575857,0.0,9564480.0,0.0,0.0,26020268.63349122,-4.6566128730773926e-9 
 07/01  15:00:00,49997399.97341842,25027200.0,1340092.7935973115,23630107.179821108,21702786.115511358,0.0,10627200.0,0.0,0.0,26875637.980080865,-6.28642737865448e-9 
 07/01  16:00:00,46868738.870664075,23227200.0,1300295.3213418003,22341243.549322277,20413922.48501253,0.0,10627200.0,0.0,0.0,23286464.604591206,-3.4924596548080444e-9 
 07/01  17:00:00,40023733.851504326,19627200.0,1223825.7571407289,19172708.0943636,17245387.030053854,0.0,10627200.0,0.0,0.0,21427854.57986333,-4.889443516731262e-9 
 07/01  18:00:00,38050041.720603645,21052800.0,1174970.7138741415,15822271.00672951,13894949.94241976,0.0,12052800.0,0.0,0.0,11362746.896043435,-6.28642737865448e-9 
 07/01  19:00:00,36341973.25866909,21600000.0,1136544.5956399357,13605428.663029157,11700065.666006519,0.0,16200000.0,508469.0078860681,508469.0078860681,1021323.786352561,-3.4924596548080444e-9 
 07/01  20:00:00,24514418.68760425,10800000.0,1136544.5956399357,12577874.091964316,10759581.813608835,0.0,5400000.0,530176.9979719177,530176.9979719177,0.0,5.820766091346741e-10 
 07/01  21:00:00,5760000.0,5760000.0,0.0,0.0,0.0,0.0,5400000.0,0.0,0.0,0.0,8.149072527885437e-10 
 07/01  22:00:00,1710000.0,1710000.0,0.0,0.0,0.0,0.0,1350000.0,0.0,0.0,0.0,-8.149072527885437e-10 
 07/01  23:00:00,1710000.0,1710000.0,0.0,0.0,0.0,0.0,1350000.0,0.0,0.0,0.0,-2.7939677238464355e-9 
 07/01  24:00:00,1710000.0,1710000.0,0.0,0.0,0.0,0.0,1350000.0,0.0,0.0,0.0,-2.9103830456733704e-9 
 07/02  01:00:00,1710000.0,1710000.0,0.0,0.0,0.0,0.0,1350000.0,0.0,0.0,0.0,-7.566995918750763e-10 
 07/02  02:00:00,1710000.0,1710000.0,0.0,0.0,0.0,0.0,1350000.0,0.0,0.0,0.0,-1.6880221664905548e-9 
 07/02  03:00:00,1710000.0,1710000.0,0.0,0.0,0.0,0.0,1350000.0,0.0,0.0,0.0,-5.180481821298599e-9 
 07/02  04:00:00,1710000.0,1710000.0,0.0,0.0,0.0,0.0,1350000.0,0.0,0.0,0.0,5.820766091346741e-10 
 07/02  05:00:00,1710000.0,1710000.0,0.0,0.0,0.0,0.0,1350000.0,0.0,0.0,0.0,0.0 
 07/02  06:00:00,1710000.0,1710000.0,0.0,0.0,0.0,0.0,1350000.0,0.0,0.0,53576.53520387532,-1.5133991837501526e-9 
 07/02  07:00:00,16091510.312829401,1710000.0,1136544.5956399357,13244965.717189467,11454647.876232151,0.0,1350000.0,486734.74899706704,486734.74899706704,5821760.496883737,-2.852175384759903e-9 
 07/02  08:00:00,16859086.54463115,1437120.0,1136544.5956399357,14285421.948991215,12541560.479963444,0.0,1077120.0,123001.11944100185,123001.11944100185,27777235.563029222,1.2223608791828156e-9 
 07/02  09:00:00,39015731.198430866,22476600.0,1145038.717639544,15394092.480791323,13585286.753441922,0.0,15276600.0,0.0,0.0,36387792.31124741,-3.259629011154175e-9 
 07/02  10:00:00,50698647.37999737,30126240.0,1244089.9221525257,19328317.457844842,17435755.191224612,0.0,13926240.0,0.0,0.0,34393792.38098291,-1.7462298274040222e-9 
 07/02  11:00:00,50686373.534078576,26827200.0,1332464.26054941,22526709.273529164,20599388.209219415,0.0,10627200.0,0.0,0.0,29734637.743672863,-4.889443516731262e-9 
 07/02  12:00:00,51572978.70849404,26295840.0,1324481.731554961,23952656.976939067,22025335.91262932,0.0,10095840.0,0.0,0.0,25097733.42803788,1.1641532182693481e-9 
 07/02  13:00:00,48121275.65193592,24701760.0,1246018.7564678236,22173496.895468097,20246175.83115835,0.0,8501760.0,0.0,0.0,23681696.977903873,-9.313225746154785e-10 
 07/02  14:00:00,50435584.81492348,25764480.0,1337635.6200290455,23333469.19489443,21406148.130584683,0.0,9564480.0,0.0,0.0,24895657.505436003,-4.423782229423523e-9 
 07/02  15:00:00,48491968.57337274,25027200.0,1361179.934761635,22103588.6386111,20176267.574301355,0.0,10627200.0,0.0,0.0,23994459.615018312,-4.6566128730773926e-9 
 07/02  16:00:00,44212375.66215961,23227200.0,1283835.530324538,19701340.131835073,17774019.067525323,0.0,10627200.0,0.0,0.0,17905038.91598004,-8.381903171539307e-9 
 07/02  17:00:00,44662640.85602021,26863200.0,1191056.082840829,16608384.773179386,14681063.70886964,0.0,17863200.0,0.0,0.0,10642986.280698612,-4.423782229423523e-9 
 07/02  18:00:00,42633245.40358503,25682400.0,1157021.3775006237,15793824.026084404,13866502.961774657,0.0,16682400.0,0.0,0.0,7106662.7793619875,-5.820766091346741e-9 
 07/02  19:00:00,37916482.82592668,21600000.0,1136544.5956399357,15179938.230286743,13252617.165976996,0.0,16200000.0,0.0,0.0,840628.7010327373,-3.958120942115784e-9 
 07/02  20:00:00,27476455.56799441,10800000.0,1136544.5956399357,15539910.972354472,13612589.908044724,0.0,5400000.0,0.0,0.0,0.0,-5.820766091346741e-10 
 07/02  21:00:00,5760000.0,5760000.0,0.0,0.0,0.0,0.0,5400000.0,0.0,0.0,0.0,-2.0954757928848267e-9 
 07/02  22:00:00,1710000.0,1710000.0,0.0,0.0,0.0,0.0,1350000.0,0.0,0.0,0.0,-4.307366907596588e-9 
 07/02  23:00:00,1710000.0,1710000.0,0.0,0.0,0.0,0.0,1350000.0,0.0,0.0,0.0,-1.5133991837501526e-9 
 07/02  24:00:00,1710000.0,1710000.0,0.0,0.0,0.0,0.0,1350000.0,0.0,0.0,0.0,-2.3283064365386963e-9 
 07/03  01:00:00,1710000.0,1710000.0,0.0,0.0,0.0,0.0,1350000.0,0.0,0.0,0.0,-4.132743924856186e-9 
 07/03  02:00:00,1710000.0,1710000.0,0.0,0.0,0.0,0.0,1350000.0,0.0,0.0,0.0,-1.2223608791828156e-9 
 07/03  03:00:00,1710000.0,1710000.0,0.0,0.0,0.0,0.0,1350000.0,0.0,0.0,0.0,-8.149072527885437e-10 
 07/03  04:00:00,1710000.0,1710000.0,0.0,0.0,0.0,0.0,1350000.0,0.0,0.0,0.0,4.0745362639427185e-10 
 07/03  05:00:00,1710000.0,1710000.0,0.0,0.0,0.0,0.0,1350000.0,0.0,0.0,0.0,-3.14321368932724e-9 
 07/03  06:00:00,1710000.0,1710000.0,0.0,0.0,0.0,0.0,1350000.0,0.0,0.0,0.0,2.3283064365386963e-10 
 07/03  07:00:00,18523901.348419897,1710000.0,1136544.5956399357,15677356.75277996,13793966.434116973,0.0,1350000.0,0.0,0.0,476771.8837513148,3.2014213502407074e-10 
 07/03  08:00:00,19507144.22221273,1710000.0,1136544.5956399357,16660599.626572795,14825780.474868726,0.0,1350000.0,0.0,0.0,5084189.074655968,-9.022187441587448e-10 
 07/03  09:00:00,43749022.846951045,24932520.0,1136544.5956399357,17679958.25131111,15823375.180160604,0.0,17732520.0,0.0,0.0,20071717.77425388,-6.984919309616089e-10 
 07/03  10:00:00,49700456.80808653,30126240.0,1162217.8371390752,18411998.97094746,16484720.261207497,0.0,13926240.0,0.0,0.0,32383524.794797536,-5.238689482212067e-9 
 07/03  11:00:00,52213348.74731089,30384000.0,1253872.3150394277,20575476.432271466,18648155.36796172,0.0,14184000.0,0.0,0.0,29360170.08845883,-6.05359673500061e-9 
 07/03  12:00:00,52090823.78826005,29732940.0,1277229.9859701763,21080653.802289873,19153332.737980127,0.0,13532940.0,0.0,0.0,24577607.646989547,-4.423782229423523e-9 
 07/03  13:00:00,45576687.14561108,24701760.0,1206514.47228227,19668412.673328806,17741091.60901906,0.0,8501760.0,0.0,0.0,23389841.71754165,-4.190951585769653e-9 
 07/03  14:00:00,49220767.64905572,25764480.0,1290728.1589240415,22165559.49013168,20238238.42582193,0.0,9564480.0,0.0,0.0,24804776.96037086,1.3969838619232178e-9 
 07/03  15:00:00,50004736.203164876,25027200.0,1324048.2963563113,23653487.90680856,21726166.842498813,0.0,10627200.0,0.0,0.0,23426950.702141527,-4.423782229423523e-9 
 07/03  16:00:00,48111297.79914249,23227200.0,1315850.6607487083,23568247.13839379,21640926.074084036,0.0,10627200.0,0.0,0.0,26287888.047638338,-3.725290298461914e-9 
 07/03  17:00:00,41818553.99916295,19627200.0,1234092.559640191,20957261.43952276,19029940.375213012,0.0,10627200.0,0.0,0.0,20974422.723711148,-7.450580596923828e-9 
 07/03  18:00:00,41023751.48512681,21052800.0,1187120.9147254347,18783830.570401378,16856509.506091632,0.0,12052800.0,0.0,0.0,12142766.041376812,-2.7939677238464355e-9 
 07/03  19:00:00,39151218.819512,21600000.0,1136544.5956399357,16414674.22387207,14487353.15956232,0.0,16200000.0,0.0,0.0,1423723.2077196343,-1.6298145055770874e-9 
 07/03  20:00:00,27842581.872420758,10800000.0,1136544.5956399357,15906037.276780825,13978716.21247108,0.0,5400000.0,0.0,0.0,0.0,-4.6566128730773926e-9 
 07/03  21:00:00,5760000.0,5760000.0,0.0,0.0,0.0,0.0,5400000.0,0.0,0.0,0.0,5.820766091346741e-10 
 07/03  22:00:00,1710000.0,1710000.0,0.0,0.0,0.0,0.0,1350000.0,0.0,0.0,0.0,-3.026798367500305e-9 
 07/03  23:00:00,1710000.0,1710000.0,0.0,0.0,0.0,0.0,1350000.0,0.0,0.0,0.0,1.1641532182693481e-10 
 07/03  24:00:00,1710000.0,1710000.0,0.0,0.0,0.0,0.0,1350000.0,0.0,0.0,0.0,-6.984919309616089e-10 
 07/04  01:00:00,1710000.0,1710000.0,0.0,0.0,0.0,0.0,1350000.0,0.0,0.0,0.0,-2.5029294192790985e-9 
 07/04  02:00:00,1710000.0,1710000.0,0.0,0.0,0.0,0.0,1350000.0,0.0,0.0,0.0,1.7462298274040222e-10 
 07/04  03:00:00,1710000.0,1710000.0,0.0,0.0,0.0,0.0,1350000.0,0.0,0.0,0.0,1.1059455573558807e-9 
 07/04  04:00:00,1710000.0,1710000.0,0.0,0.0,0.0,0.0,1350000.0,0.0,0.0,0.0,-2.2118911147117615e-9 
 07/04  05:00:00,1710000.0,1710000.0,0.0,0.0,0.0,0.0,1350000.0,0.0,0.0,0.0,-7.566995918750763e-10 
 07/04  06:00:00,1710000.0,1710000.0,0.0,0.0,0.0,0.0,1350000.0,0.0,0.0,0.0,1.280568540096283e-9 
 07/04  07:00:00,16649604.917593788,1710000.0,1136544.5956399357,13803060.321953852,11965651.870018627,0.0,1350000.0,61162.46484258142,61162.46484258142,1980227.4215457444,-4.0745362639427185e-10 
 07/04  08:00:00,16647422.849929743,1618020.0,1136544.5956399357,13892858.25428981,12111814.558771068,0.0,1258020.0,7917.043217322225,7917.043217322225,11168150.67982211,-2.3283064365386963e-9 
 07/04  09:00:00,41661075.955774814,26160480.0,1136544.5956399357,14364051.360134881,12566225.71889212,0.0,18960480.0,0.0,0.0,19024865.726702455,-3.6088749766349792e-9 
 07/04  10:00:00,48685551.96921642,32325300.0,1144825.836592454,15215426.132623965,13305872.76860784,0.0,16125300.0,0.0,0.0,25727614.583025876,-3.3760443329811096e-9 
 07/04  11:00:00,50927162.6381017,32284800.0,1217007.7968266988,17425354.841275007,15498033.776965255,0.0,16084800.0,0.0,0.0,26547947.572971005,-5.122274160385132e-9 
 07/04  12:00:00,50927390.13973386,31480560.0,1236129.6429173378,18210700.496816523,16283379.432506774,0.0,15280560.0,0.0,0.0,23607128.122322887,-2.7939677238464355e-9 
 07/04  13:00:00,46752242.05678787,28687680.0,1186719.519890425,16877842.536897443,14950521.472587697,0.0,12487680.0,0.0,0.0,23006045.152195837,-2.561137080192566e-9 
 07/04  14:00:00,45534802.399828576,25764480.0,1256229.9958746976,18514092.403953873,16586771.339644128,0.0,9564480.0,0.0,0.0,25350358.950276,-4.190951585769653e-9 
 07/04  15:00:00,45416835.47432847,25027200.0,1267525.713985126,19122109.76034334,17194788.69603359,0.0,10627200.0,0.0,0.0,22796759.177476376,1.1641532182693481e-9 
 07/04  16:00:00,45373589.12509515,25894800.0,1215404.3819038998,18263384.743191253,16336063.678881507,0.0,13294800.0,0.0,0.0,15288479.092907373,-4.6566128730773926e-9 
 07/04  17:00:00,41456977.90600667,23659200.0,1158106.5581497196,16639671.347856954,14712350.283547206,0.0,14659200.0,0.0,0.0,13128631.158337887,-3.259629011154175e-9 
 07/04  18:00:00,40899728.85661627,23842800.0,1141651.9897399156,15915276.866876356,13987955.80256661,0.0,14842800.0,0.0,0.0,7801123.622830821,-3.725290298461914e-9 
 07/04  19:00:00,38495758.69280362,21600000.0,1136544.5956399357,15759214.097163687,13831893.03285394,0.0,16200000.0,0.0,0.0,721472.3945923713,-6.28642737865448e-9 
 07/04  20:00:00,27656374.756335124,10800000.0,1136544.5956399357,15719830.160695186,13792509.096385438,0.0,5400000.0,0.0,0.0,0.0,-8.149072527885437e-10 
 07/04  21:00:00,5760000.0,5760000.0,0.0,0.0,0.0,0.0,5400000.0,0.0,0.0,0.0,-2.3283064365386963e-9 
 07/04  22:00:00,1710000.0,1710000.0,0.0,0.0,0.0,0.0,1350000.0,0.0,0.0,0.0,-3.4924596548080444e-10 
 07/04  23:00:00,1710000.0,1710000.0,0.0,0.0,0.0,0.0,1350000.0,0.0,0.0,0.0,-1.3969838619232178e-9 
 07/04  24:00:00,1710000.0,1710000.0,0.0,0.0,0.0,0.0,1350000.0,0.0,0.0,0.0,-3.7834979593753815e-9 
 07/05  01:00:00,4950000.0,4950000.0,0.0,0.0,0.0,0.0,1350000.0,0.0,0.0,0.0,-4.656612873077393e-10 
 07/05  02:00:00,4950000.0,4950000.0,0.0,0.0,0.0,0.0,1350000.0,0.0,0.0,0.0,-9.89530235528946e-10 
 07/05  03:00:00,4950000.0,4950000.0,0.0,0.0,0.0,0.0,1350000.0,0.0,0.0,0.0,-3.14321368932724e-9 
 07/05  04:00:00,4950000.0,4950000.0,0.0,0.0,0.0,0.0,1350000.0,0.0,0.0,0.0,-2.444721758365631e-9 
 07/05  05:00:00,4950000.0,4950000.0,0.0,0.0,0.0,0.0,1350000.0,0.0,0.0,0.0,-8.149072527885437e-10 
 07/05  06:00:00,4950000.0,4950000.0,0.0,0.0,0.0,0.0,1350000.0,0.0,0.0,0.0,-6.402842700481415e-10 
 07/05  07:00:00,4950000.0,4950000.0,0.0,0.0,0.0,0.0,1350000.0,0.0,0.0,3810541.8246723474,1.0477378964424133e-9 
 07/05  08:00:00,4721580.0,4721580.0,0.0,0.0,0.0,0.0,1121580.0,0.0,0.0,20960510.561658874,8.149072527885437e-10 
 07/05  09:00:00,4448700.0,4448700.0,0.0,0.0,0.0,0.0,848700.0,0.0,0.0,32035715.29144997,-3.3760443329811096e-9 
 07/05  10:00:00,4332960.0,4332960.0,0.0,0.0,0.0,0.0,732960.0,0.0,0.0,34237415.3907011,-9.313225746154785e-10 
 07/05  11:00:00,4332960.0,4332960.0,0.0,0.0,0.0,0.0,732960.0,0.0,0.0,28135405.036401056,-5.704350769519806e-9 
 07/05  12:00:00,4288500.0,4288500.0,0.0,0.0,0.0,0.0,688500.0,0.0,0.0,26243342.610685226,-4.6566128730773926e-9 
 07/05  13:00:00,4312260.0,4312260.0,0.0,0.0,0.0,0.0,712260.0,0.0,0.0,23139508.39801824,-1.6298145055770874e-9 
 07/05  14:00:00,4131360.0,4131360.0,0.0,0.0,0.0,0.0,531360.0,0.0,0.0,25369314.592635702,-4.190951585769653e-9 
 07/05  15:00:00,4131360.0,4131360.0,0.0,0.0,0.0,0.0,531360.0,0.0,0.0,19497710.895561337,-5.122274160385132e-9 
 07/05  16:00:00,4131360.0,4131360.0,0.0,0.0,0.0,0.0,531360.0,0.0,0.0,16700092.876062792,-5.3551048040390015e-9 
 07/05  17:00:00,4380480.0,4380480.0,0.0,0.0,0.0,0.0,780480.0,0.0,0.0,12164361.221560374,-4.889443516731262e-9 
 07/05  18:00:00,4273920.0,4273920.0,0.0,0.0,0.0,0.0,673920.0,0.0,0.0,9474649.205987338,0.0 
 07/05  19:00:00,4905540.0,4905540.0,0.0,0.0,0.0,0.0,1305540.0,0.0,0.0,2087740.7933610377,-4.540197551250458e-9 
 07/05  20:00:00,4950000.0,4950000.0,0.0,0.0,0.0,0.0,1350000.0,0.0,0.0,0.0,-1.979060471057892e-9 
 07/05  21:00:00,4950000.0,4950000.0,0.0,0.0,0.0,0.0,1350000.0,0.0,0.0,0.0,2.6775524020195007e-9 
 07/05  22:00:00,4950000.0,4950000.0,0.0,0.0,0.0,0.0,1350000.0,0.0,0.0,0.0,-1.1641532182693481e-10 
 07/05  23:00:00,4950000.0,4950000.0,0.0,0.0,0.0,0.0,1350000.0,0.0,0.0,0.0,-3.259629011154175e-9 
 07/05  24:00:00,4950000.0,4950000.0,0.0,0.0,0.0,0.0,1350000.0,0.0,0.0,0.0,-2.561137080192566e-9 
 07/06  01:00:00,4950000.0,4950000.0,0.0,0.0,0.0,0.0,1350000.0,0.0,0.0,0.0,-3.4924596548080444e-10 
 07/06  02:00:00,4950000.0,4950000.0,0.0,0.0,0.0,0.0,1350000.0,0.0,0.0,0.0,-3.14321368932724e-9 
 07/06  03:00:00,4950000.0,4950000.0,0.0,0.0,0.0,0.0,1350000.0,0.0,0.0,0.0,-2.0954757928848267e-9 
 07/06  04:00:00,4950000.0,4950000.0,0.0,0.0,0.0,0.0,1350000.0,0.0,0.0,0.0,1.979060471057892e-9 
 07/06  05:00:00,4950000.0,4950000.0,0.0,0.0,0.0,0.0,1350000.0,0.0,0.0,0.0,-2.3283064365386963e-9 
 07/06  06:00:00,4950000.0,4950000.0,0.0,0.0,0.0,0.0,1350000.0,0.0,0.0,0.0,-1.6298145055770874e-9 
 07/06  07:00:00,4950000.0,4950000.0,0.0,0.0,0.0,0.0,1350000.0,0.0,0.0,1936731.4625544725,5.820766091346741e-11 
 07/06  08:00:00,4902480.0,4902480.0,0.0,0.0,0.0,0.0,1302480.0,0.0,0.0,10295124.200438295,1.6880221664905548e-9 
 07/06  09:00:00,4721580.0,4721580.0,0.0,0.0,0.0,0.0,1121580.0,0.0,0.0,15856534.875260152,-2.3283064365386963e-10 
 07/06  10:00:00,4493160.0,4493160.0,0.0,0.0,0.0,0.0,893160.0,0.0,0.0,23599343.721776567,-3.841705620288849e-9 
 07/06  11:00:00,4605840.0,4605840.0,0.0,0.0,0.0,0.0,1005840.0,0.0,0.0,19928950.579199683,-3.3760443329811096e-9 
 07/06  12:00:00,4404240.0,4404240.0,0.0,0.0,0.0,0.0,804240.0,0.0,0.0,24890874.069102794,-3.958120942115784e-9 
 07/06  13:00:00,4175820.0,4175820.0,0.0,0.0,0.0,0.0,575820.0,0.0,0.0,25677096.60517764,-1.1641532182693481e-10 
 07/06  14:00:00,4175820.0,4175820.0,0.0,0.0,0.0,0.0,575820.0,0.0,0.0,22054814.483029805,-9.313225746154785e-10 
 07/06  15:00:00,4131360.0,4131360.0,0.0,0.0,0.0,0.0,531360.0,0.0,0.0,24749342.477760833,-4.6566128730773926e-9 
 07/06  16:00:00,4131360.0,4131360.0,0.0,0.0,0.0,0.0,531360.0,0.0,0.0,21479983.244672127,-4.889443516731262e-9 
 07/06  17:00:00,4653360.0,4653360.0,0.0,0.0,0.0,0.0,1053360.0,0.0,0.0,7382225.197567647,-3.259629011154175e-9 
 07/06  18:00:00,4881780.0,4881780.0,0.0,0.0,0.0,0.0,1281780.0,0.0,0.0,3665620.170382545,-5.820766091346741e-9 
 07/06  19:00:00,4950000.0,4950000.0,0.0,0.0,0.0,0.0,1350000.0,0.0,0.0,263743.48220086226,-4.423782229423523e-9 
 07/06  20:00:00,4950000.0,4950000.0,0.0,0.0,0.0,0.0,1350000.0,0.0,0.0,0.0,1.1641532182693481e-10 
 07/06  21:00:00,4950000.0,4950000.0,0.0,0.0,0.0,0.0,1350000.0,0.0,0.0,0.0,-1.1641532182693481e-10 
 07/06  22:00:00,4950000.0,4950000.0,0.0,0.0,0.0,0.0,1350000.0,0.0,0.0,0.0,0.0 
 07/06  23:00:00,4950000.0,4950000.0,0.0,0.0,0.0,0.0,1350000.0,0.0,0.0,0.0,-2.561137080192566e-9 
 07/06  24:00:00,4950000.0,4950000.0,0.0,0.0,0.0,0.0,1350000.0,0.0,0.0,0.0,-3.026798367500305e-9 
 07/07  01:00:00,1710000.0,1710000.0,0.0,0.0,0.0,0.0,1350000.0,0.0,0.0,0.0,5.820766091346741e-10 
 07/07  02:00:00,1710000.0,1710000.0,0.0,0.0,0.0,0.0,1350000.0,0.0,0.0,0.0,-1.1641532182693481e-9 
 07/07  03:00:00,1710000.0,1710000.0,0.0,0.0,0.0,0.0,1350000.0,0.0,0.0,0.0,5.820766091346741e-11 
 07/07  04:00:00,1710000.0,1710000.0,0.0,0.0,0.0,0.0,1350000.0,0.0,0.0,0.0,-1.57160684466362e-9 
 07/07  05:00:00,1710000.0,1710000.0,0.0,0.0,0.0,0.0,1350000.0,0.0,0.0,0.0,-2.561137080192566e-9 
 07/07  06:00:00,1710000.0,1710000.0,0.0,0.0,0.0,0.0,1350000.0,0.0,0.0,0.0,-8.731149137020111e-10 
 07/07  07:00:00,15663522.053275613,1710000.0,1136544.5956399357,12816977.457635676,11010844.424544603,0.0,1350000.0,518788.0098306726,518788.0098306726,3159197.4891127995,-2.35741026699543e-9 
 07/07  08:00:00,15772975.31619288,1505340.0,1136544.5956399357,13131090.720552947,11367779.843307924,0.0,1145340.0,466739.92139910953,466739.92139910953,18708608.985929847,-6.402842700481415e-10 
 07/07  09:00:00,37484735.82582766,22476600.0,1136544.5956399357,13871591.230187727,12080671.67262236,0.0,15276600.0,176079.30933421795,176079.30933421795,31143981.96300063,-1.7462298274040222e-9 
 07/07  10:00:00,48089320.12663573,31480560.0,1179516.4335303523,15429243.693105377,13543012.19933309,0.0,15280560.0,6604.424550347703,6604.424550347703,28785293.96083647,-2.3283064365386963e-10 
 07/07  11:00:00,51265363.5058686,32284800.0,1248778.411995152,17731785.09387345,15804464.029563699,0.0,16084800.0,0.0,0.0,24704410.327568337,-7.2177499532699585e-9 
 07/07  12:00:00,51803974.56936246,32325300.0,1254078.2417334812,18224596.327628985,16297275.263319237,0.0,16125300.0,0.0,0.0,23099575.741153076,-5.122274160385132e-9 
 07/07  13:00:00,47978070.727874696,29779200.0,1190492.8803399957,17008377.8475347,15081056.783224951,0.0,13579200.0,0.0,0.0,21144305.65489108,-3.958120942115784e-9 
 07/07  14:00:00,46744011.406222716,27365040.0,1236551.8723872493,18142419.53383547,16215098.469525723,0.0,11165040.0,0.0,0.0,20437295.213082634,-6.984919309616089e-9 
 07/07  15:00:00,45293878.579998076,25027200.0,1255200.9292780482,19011477.65072003,17084156.58641028,0.0,10627200.0,0.0,0.0,23238888.604139753,-3.725290298461914e-9 
 07/07  16:00:00,42478586.59195912,23227200.0,1205039.013663019,18046347.578296095,16119026.51398635,0.0,10627200.0,0.0,0.0,16614609.844569279,-4.190951585769653e-9 
 07/07  17:00:00,37789559.97835705,20516400.0,1147966.3936908091,16125193.584666243,14197872.520356497,0.0,11516400.0,0.0,0.0,14271144.49537353,-6.984919309616089e-9 
 07/07  18:00:00,38590127.35923189,22478400.0,1139371.6207835844,14972355.738448309,13045034.67413856,0.0,13478400.0,0.0,0.0,9060728.56338176,-5.122274160385132e-9 
 07/07  19:00:00,36822676.845004275,21600000.0,1136544.5956399357,14086132.249364339,12158674.00034201,0.0,16200000.0,97753.96398142813,97753.96398142813,744076.348748026,-2.3283064365386963e-9 
 07/07  20:00:00,25502962.252393387,10800000.0,1136544.5956399357,13566417.656753443,11638697.272479335,0.0,5400000.0,287549.99622410745,287549.99622410745,0.0,-1.1641532182693481e-9 
 07/07  21:00:00,5760000.0,5760000.0,0.0,0.0,0.0,0.0,5400000.0,0.0,0.0,0.0,-2.0954757928848267e-9 
 07/07  22:00:00,1710000.0,1710000.0,0.0,0.0,0.0,0.0,1350000.0,0.0,0.0,0.0,-2.0954757928848267e-9 
 07/07  23:00:00,1710000.0,1710000.0,0.0,0.0,0.0,0.0,1350000.0,0.0,0.0,0.0,-3.958120942115784e-9 
 07/07  24:00:00,1710000.0,1710000.0,0.0,0.0,0.0,0.0,1350000.0,0.0,0.0,0.0,-2.0372681319713593e-9 
 07/08  01:00:00,1710000.0,1710000.0,0.0,0.0,0.0,0.0,1350000.0,0.0,0.0,0.0,-1.3969838619232178e-9 
 07/08  02:00:00,1710000.0,1710000.0,0.0,0.0,0.0,0.0,1350000.0,0.0,0.0,0.0,-3.14321368932724e-9 
 07/08  03:00:00,1710000.0,1710000.0,0.0,0.0,0.0,0.0,1350000.0,0.0,0.0,0.0,-3.899913281202316e-9 
 07/08  04:00:00,1710000.0,1710000.0,0.0,0.0,0.0,0.0,1350000.0,0.0,0.0,0.0,7.566995918750763e-10 
 07/08  05:00:00,1710000.0,1710000.0,0.0,0.0,0.0,0.0,1350000.0,0.0,0.0,0.0,-3.725290298461914e-9 
 07/08  06:00:00,1710000.0,1710000.0,0.0,0.0,0.0,0.0,1350000.0,0.0,0.0,0.0,2.2118911147117615e-9 
 07/08  07:00:00,15887969.710128559,1710000.0,1136544.5956399357,13041425.114488622,11226232.452084424,0.0,1350000.0,414856.33493876876,414856.33493876876,2226331.729594823,-4.656612873077393e-10 
 07/08  08:00:00,16008256.743684577,1573560.0,1136544.5956399357,13298152.14804464,11541631.628057135,0.0,1213560.0,254921.10608945132,254921.10608945132,13505134.246982358,3.4924596548080444e-10 
 07/08  09:00:00,39650455.17628412,24504840.0,1136544.5956399357,14009070.580644177,12225497.53027724,0.0,17304840.0,29352.763326976983,29352.763326976983,24633221.75813419,-4.190951585769653e-9 
 07/08  10:00:00,47377739.36132033,31029120.0,1156805.4680199348,15191813.893300397,13294531.843510501,0.0,14829120.0,0.0,0.0,28754851.85856667,-7.566995918750763e-9 
 07/08  11:00:00,49221442.07448261,30384000.0,1236016.8649134713,17601425.20956914,15674104.145259393,0.0,14184000.0,0.0,0.0,29656672.81012747,-3.026798367500305e-9 
 07/08  12:00:00,49267335.11344761,29674800.0,1266525.974570856,18326009.13887676,16398688.07456701,0.0,13474800.0,0.0,0.0,27226292.559803564,-2.3283064365386963e-9 
 07/08  13:00:00,42803419.40929507,24701760.0,1208765.6080064613,16892893.801288605,14965572.736978859,0.0,8501760.0,0.0,0.0,26636994.748431005,-1.1641532182693481e-9 
 07/08  14:00:00,45197502.425504416,25764480.0,1280024.261019204,18152998.16448522,16225677.100175474,0.0,9564480.0,0.0,0.0,26192694.76558531,-1.862645149230957e-9 
 07/08  15:00:00,45056196.11357047,25027200.0,1295569.3118902692,18733426.8016802,16806105.737370454,0.0,10627200.0,0.0,0.0,25025335.762574352,-4.423782229423523e-9 
 07/08  16:00:00,42274286.69675436,23227200.0,1237933.7193649109,17809152.977389455,15881831.913079701,0.0,10627200.0,0.0,0.0,19683468.52179953,-3.958120942115784e-9 
 07/08  17:00:00,36597654.5091938,19627200.0,1163134.6999205379,15807319.809273262,13879998.744963516,0.0,10627200.0,0.0,0.0,15406402.338251576,-4.656612873077393e-10 
 07/08  18:00:00,38652712.39200003,22478400.0,1143981.7903852682,15030330.601614757,13103009.537305009,0.0,13478400.0,0.0,0.0,9791854.424167326,-5.3551048040390015e-9 
 07/08  19:00:00,37418860.64033629,21600000.0,1136544.5956399357,14682316.04469635,12754994.980386602,0.0,16200000.0,0.0,0.0,1642964.9403896583,-2.0954757928848267e-9 
 07/08  20:00:00,26319105.9690675,10800000.0,1136544.5956399357,14382561.37342756,12455240.309117813,0.0,5400000.0,0.0,0.0,0.0,2.3283064365386963e-10 
 07/08  21:00:00,5760000.0,5760000.0,0.0,0.0,0.0,0.0,5400000.0,0.0,0.0,0.0,-9.313225746154785e-10 
 07/08  22:00:00,1710000.0,1710000.0,0.0,0.0,0.0,0.0,1350000.0,0.0,0.0,0.0,-2.2118911147117615e-9 
 07/08  23:00:00,1710000.0,1710000.0,0.0,0.0,0.0,0.0,1350000.0,0.0,0.0,0.0,-1.862645149230957e-9 
 07/08  24:00:00,1710000.0,1710000.0,0.0,0.0,0.0,0.0,1350000.0,0.0,0.0,0.0,-9.313225746154785e-10 
 07/09  01:00:00,1710000.0,1710000.0,0.0,0.0,0.0,0.0,1350000.0,0.0,0.0,0.0,-2.270098775625229e-9 
 07/09  02:00:00,1710000.0,1710000.0,0.0,0.0,0.0,0.0,1350000.0,0.0,0.0,0.0,3.550667315721512e-9 
 07/09  03:00:00,1710000.0,1710000.0,0.0,0.0,0.0,0.0,1350000.0,0.0,0.0,0.0,-1.57160684466362e-9 
 07/09  04:00:00,1710000.0,1710000.0,0.0,0.0,0.0,0.0,1350000.0,0.0,0.0,0.0,-2.9103830456733704e-9 
 07/09  05:00:00,1710000.0,1710000.0,0.0,0.0,0.0,0.0,1350000.0,0.0,0.0,0.0,-4.540197551250458e-9 
 07/09  06:00:00,1710000.0,1710000.0,0.0,0.0,0.0,0.0,1350000.0,0.0,0.0,0.0,1.8044374883174896e-9 
 07/09  07:00:00,15636821.63951148,1710000.0,1136544.5956399357,12790277.043871546,10987129.52874546,0.0,1350000.0,547311.6726276504,547311.6726276504,3515792.3739642976,-1.1641532182693481e-10 
 07/09  08:00:00,15770473.203733891,1505340.0,1136544.5956399357,13128588.608093955,11372800.413593508,0.0,1145340.0,424111.5160483747,424111.5160483747,18449434.56813007,9.604264050722122e-10 
 07/09  09:00:00,37974472.044958055,23276880.0,1136544.5956399357,13561047.449318122,11789316.48064274,0.0,16076880.0,267412.3851742178,267412.3851742178,27120316.110321,-5.471520125865936e-9 
 07/09  10:00:00,47223928.877776876,31029120.0,1165380.8554349104,15029428.022341957,13147404.824127302,0.0,14829120.0,22398.4286443452,22398.4286443452,29292542.83668951,-5.9371814131736755e-9 
 07/09  11:00:00,48270233.60902852,29494800.0,1237799.9190881988,17537633.68994032,15610312.625630572,0.0,13294800.0,0.0,0.0,29004275.054955,-3.958120942115784e-9 
 07/09  12:00:00,51081664.01254684,30577680.0,1268375.4846554548,19235608.527891383,17308287.463581637,0.0,14377680.0,0.0,0.0,25669266.025236316,-8.149072527885437e-9 
 07/09  13:00:00,44126934.74570243,24701760.0,1213587.8790751456,18211586.86662728,16284265.802317534,0.0,8501760.0,0.0,0.0,26122798.452431887,-3.4924596548080444e-9 
 07/09  14:00:00,46771064.91655622,25764480.0,1290173.7787301454,19716411.13782607,17789090.073516324,0.0,9564480.0,0.0,0.0,25941647.449131586,-5.3551048040390015e-9 
 07/09  15:00:00,46341215.314616255,25027200.0,1327833.27121269,19986182.043403562,18058860.979093812,0.0,10627200.0,0.0,0.0,26558589.99775473,-6.05359673500061e-9 
 07/09  16:00:00,42985114.53344304,23227200.0,1269582.6640312052,18488331.86941184,16561010.805102095,0.0,10627200.0,0.0,0.0,20036281.11221594,-4.190951585769653e-9 
 07/09  17:00:00,36901285.86606782,19627200.0,1190999.3465280556,16083086.51953977,14155765.45523002,0.0,10627200.0,0.0,0.0,17396129.018378563,-1.1641532182693481e-9 
 07/09  18:00:00,37210865.41522883,21052800.0,1160580.025704194,14997485.389524631,13070164.325214883,0.0,12052800.0,0.0,0.0,11967266.83123372,-4.6566128730773926e-9 
 07/09  19:00:00,36390242.9824525,21066480.0,1136544.5956399357,14187218.386812564,12259360.084390042,0.0,15666480.0,419185.2220817374,419185.2220817374,2902365.1068059746,-2.561137080192566e-9 
 07/09  20:00:00,25799736.381636262,10800000.0,1136544.5956399357,13863191.785996327,11935108.145981502,0.0,5400000.0,601564.8495793643,601564.8495793643,0.0,2.2118911147117615e-9 
 07/09  21:00:00,5760000.0,5760000.0,0.0,0.0,0.0,0.0,5400000.0,0.0,0.0,0.0,1.280568540096283e-9 
 07/09  22:00:00,1710000.0,1710000.0,0.0,0.0,0.0,0.0,1350000.0,0.0,0.0,0.0,-2.3283064365386963e-9 
 07/09  23:00:00,1710000.0,1710000.0,0.0,0.0,0.0,0.0,1350000.0,0.0,0.0,0.0,-9.313225746154785e-10 
 07/09  24:00:00,1710000.0,1710000.0,0.0,0.0,0.0,0.0,1350000.0,0.0,0.0,0.0,4.656612873077393e-10 
 07/10  01:00:00,1710000.0,1710000.0,0.0,0.0,0.0,0.0,1350000.0,0.0,0.0,0.0,-2.7939677238464355e-9 
 07/10  02:00:00,1710000.0,1710000.0,0.0,0.0,0.0,0.0,1350000.0,0.0,0.0,0.0,-4.423782229423523e-9 
 07/10  03:00:00,1710000.0,1710000.0,0.0,0.0,0.0,0.0,1350000.0,0.0,0.0,0.0,1.1059455573558807e-9 
 07/10  04:00:00,1710000.0,1710000.0,0.0,0.0,0.0,0.0,1350000.0,0.0,0.0,0.0,1.7462298274040222e-9 
 07/10  05:00:00,1710000.0,1710000.0,0.0,0.0,0.0,0.0,1350000.0,0.0,0.0,0.0,-2.735760062932968e-9 
 07/10  06:00:00,1710000.0,1710000.0,0.0,0.0,0.0,0.0,1350000.0,0.0,0.0,13391.084269269693,-2.270098775625229e-9 
 07/10  07:00:00,15658507.841782419,1710000.0,1136544.5956399357,12811963.246142484,11050274.059055341,0.0,1350000.0,657120.3573876979,657120.3573876979,4141755.3265018417,-1.4551915228366852e-10 
 07/10  08:00:00,16246163.640669037,1481580.0,1136544.5956399357,13628039.0450291,11878390.947502414,0.0,1121580.0,424355.00771663326,424355.00771663326,20769906.155986734,1.7462298274040222e-10 
 07/10  09:00:00,38935178.46026728,23276880.0,1136544.5956399357,14521753.864627348,12718564.251420729,0.0,16076880.0,83042.34113380795,83042.34113380795,28326411.09153434,-2.561137080192566e-9 
 07/10  10:00:00,47686991.47486767,30126240.0,1202293.6248031643,16358457.850064505,14472684.235986922,0.0,13926240.0,0.0,0.0,32849159.69133307,-6.6356733441352844e-9 
 07/10  11:00:00,48627777.56948167,28605600.0,1300417.2102368353,18721760.35924484,16794439.294935092,0.0,12405600.0,0.0,0.0,30192466.306081183,-3.026798367500305e-9 
 07/10  12:00:00,50589389.96833204,30126240.0,1320165.7513496901,19142984.216982342,17215663.152672596,0.0,13926240.0,0.0,0.0,26655134.672278605,-3.259629011154175e-9 
 07/10  13:00:00,44465064.97051735,25413120.0,1242811.9147525216,17809133.055764828,15881811.991455082,0.0,9213120.0,0.0,0.0,25924787.363597304,-2.3283064365386963e-9 
 07/10  14:00:00,46533796.306990884,25764480.0,1311970.740571943,19457345.56641894,17530024.502109192,0.0,9564480.0,0.0,0.0,25731552.592666153,-6.984919309616089e-9 
 07/10  15:00:00,47286507.178167924,25027200.0,1346859.5686874404,20912447.609480485,18985126.54517074,0.0,10627200.0,0.0,0.0,27798989.670821186,-2.561137080192566e-9 
 07/10  16:00:00,45082500.045182146,23227200.0,1318362.7375177832,20536937.307664357,18609616.24335461,0.0,10627200.0,0.0,0.0,26641379.93099408,-5.3551048040390015e-9 
 07/10  17:00:00,38551627.26355831,19627200.0,1225935.5566076173,17698491.706950694,15771170.642640945,0.0,10627200.0,0.0,0.0,18965416.15914675,-2.0954757928848267e-9 
 07/10  18:00:00,38117306.47480396,22003200.0,1175606.8303851967,14938499.644418767,13031854.16205478,0.0,13003200.0,0.0,0.0,10316148.378144434,-5.3551048040390015e-9 
 07/10  19:00:00,35849996.8674788,21600000.0,1136544.5956399357,13113452.271838862,11249846.902560715,0.0,16200000.0,686368.945273028,686368.945273028,1418306.1537506678,-4.190951585769653e-9 
 07/10  20:00:00,24430727.341059215,10800000.0,1136544.5956399357,12494182.74541928,10663766.992256356,0.0,5400000.0,691566.8965948459,691566.8965948459,0.0,-1.3969838619232178e-9 
 07/10  21:00:00,5760000.0,5760000.0,0.0,0.0,0.0,0.0,5400000.0,0.0,0.0,0.0,-6.984919309616089e-10 
 07/10  22:00:00,1710000.0,1710000.0,0.0,0.0,0.0,0.0,1350000.0,0.0,0.0,0.0,-2.0954757928848267e-9 
 07/10  23:00:00,1710000.0,1710000.0,0.0,0.0,0.0,0.0,1350000.0,0.0,0.0,0.0,2.3283064365386963e-10 
 07/10  24:00:00,1710000.0,1710000.0,0.0,0.0,0.0,0.0,1350000.0,0.0,0.0,0.0,2.3283064365386963e-10 
 07/11  01:00:00,1710000.0,1710000.0,0.0,0.0,0.0,0.0,1350000.0,0.0,0.0,0.0,-5.820766091346741e-10 
 07/11  02:00:00,1710000.0,1710000.0,0.0,0.0,0.0,0.0,1350000.0,0.0,0.0,0.0,-5.820766091346741e-10 
 07/11  03:00:00,1710000.0,1710000.0,0.0,0.0,0.0,0.0,1350000.0,0.0,0.0,0.0,1.4551915228366852e-9 
 07/11  04:00:00,1710000.0,1710000.0,0.0,0.0,0.0,0.0,1350000.0,0.0,0.0,0.0,-5.122274160385132e-9 
 07/11  05:00:00,1710000.0,1710000.0,0.0,0.0,0.0,0.0,1350000.0,0.0,0.0,0.0,1.3969838619232178e-9 
 07/11  06:00:00,1710000.0,1710000.0,0.0,0.0,0.0,0.0,1350000.0,0.0,0.0,6686.5888988218885,-5.820766091346741e-10 
 07/11  07:00:00,15899875.462680083,1710000.0,1136544.5956399357,13053330.867040148,11287822.499575553,0.0,1350000.0,703161.1345372185,703161.1345372185,2370525.6000807593,2.8812792152166367e-9 
 07/11  08:00:00,15694011.864874152,1573560.0,1136544.5956399357,12983907.269234216,11284953.014042834,0.0,1213560.0,705272.2234873966,705272.2234873966,14307210.115140025,-3.7834979593753815e-9 
 07/11  09:00:00,39642228.316764936,24504840.0,1136544.5956399357,14000843.721125,12224527.69890453,0.0,17304840.0,372300.4312816755,372300.4312816755,24836093.79092311,-3.958120942115784e-9 
 07/11  10:00:00,48146867.73693444,31029120.0,1170123.9067777412,15947623.830156695,14053216.395143969,0.0,14829120.0,1603.194033282313,1603.194033282313,27607631.84283746,-4.6566128730773926e-9 
 07/11  11:00:00,49259196.04574475,27716400.0,1277089.839396915,20265706.20634783,18338385.142038085,0.0,11516400.0,0.0,0.0,29782335.59585561,-3.725290298461914e-9 
 07/11  12:00:00,49745400.87988401,26295840.0,1303681.7634474058,22145879.116436612,20218558.052126862,0.0,10095840.0,0.0,0.0,26259354.997933626,-1.6298145055770874e-9 
 07/11  13:00:00,46924010.521870196,24701760.0,1232287.9143032783,20989962.607566915,19062641.54325717,0.0,8501760.0,0.0,0.0,23255337.767957855,-4.423782229423523e-9 
 07/11  14:00:00,49817520.32924243,25764480.0,1344603.3827535608,22708436.946488872,20781115.882179122,0.0,9564480.0,0.0,0.0,27309623.795968853,-6.51925802230835e-9 
 07/11  15:00:00,49195452.43850224,25027200.0,1375736.875247469,22792515.563254766,20865194.49894502,0.0,10627200.0,0.0,0.0,24953021.85077527,-9.313225746154785e-9 
 07/11  16:00:00,44750988.1235546,23227200.0,1290077.4991824485,20233710.624372154,18306389.560062405,0.0,10627200.0,0.0,0.0,17310226.160116572,-6.28642737865448e-9 
 07/11  17:00:00,40371997.21144041,21880800.0,1200299.545581364,17290897.665859044,15363576.6015493,0.0,12880800.0,0.0,0.0,14292119.276004972,-9.313225746154785e-10 
 07/11  18:00:00,45468976.57928502,28764000.0,1165735.23517712,15539241.3441079,13611920.279798154,0.0,19764000.0,0.0,0.0,5848990.410742304,-4.889443516731262e-9 
 07/11  19:00:00,37377892.51676384,21600000.0,1136544.5956399357,14641347.921123905,12713713.3112007,0.0,16200000.0,263320.7936196656,263320.7936196656,480682.1692658556,-2.3283064365386963e-9 
 07/11  20:00:00,26503994.611137554,10800000.0,1136544.5956399357,14567450.015497614,12639834.012892157,0.0,5400000.0,249091.74820604365,249091.74820604365,0.0,-5.704350769519806e-9 
 07/11  21:00:00,5760000.0,5760000.0,0.0,0.0,0.0,0.0,5400000.0,0.0,0.0,0.0,-4.423782229423523e-9 
 07/11  22:00:00,1710000.0,1710000.0,0.0,0.0,0.0,0.0,1350000.0,0.0,0.0,0.0,-1.1641532182693481e-10 
 07/11  23:00:00,1710000.0,1710000.0,0.0,0.0,0.0,0.0,1350000.0,0.0,0.0,0.0,3.4924596548080444e-10 
 07/11  24:00:00,1710000.0,1710000.0,0.0,0.0,0.0,0.0,1350000.0,0.0,0.0,0.0,-2.9103830456733704e-9 
 07/12  01:00:00,4950000.0,4950000.0,0.0,0.0,0.0,0.0,1350000.0,0.0,0.0,0.0,-4.0745362639427185e-9 
 07/12  02:00:00,4950000.0,4950000.0,0.0,0.0,0.0,0.0,1350000.0,0.0,0.0,0.0,-5.9371814131736755e-9 
 07/12  03:00:00,4950000.0,4950000.0,0.0,0.0,0.0,0.0,1350000.0,0.0,0.0,0.0,-2.444721758365631e-9 
 07/12  04:00:00,4950000.0,4950000.0,0.0,0.0,0.0,0.0,1350000.0,0.0,0.0,0.0,-1.2223608791828156e-9 
 07/12  05:00:00,4950000.0,4950000.0,0.0,0.0,0.0,0.0,1350000.0,0.0,0.0,0.0,-6.984919309616089e-10 
 07/12  06:00:00,4950000.0,4950000.0,0.0,0.0,0.0,0.0,1350000.0,0.0,0.0,0.0,-1.6298145055770874e-9 
 07/12  07:00:00,4950000.0,4950000.0,0.0,0.0,0.0,0.0,1350000.0,0.0,0.0,3403553.8237892836,-1.6880221664905548e-9 
 07/12  08:00:00,4745340.0,4745340.0,0.0,0.0,0.0,0.0,1145340.0,0.0,0.0,20045908.714566544,-2.3283064365386963e-10 
 07/12  09:00:00,4493160.0,4493160.0,0.0,0.0,0.0,0.0,893160.0,0.0,0.0,33583869.26124706,-2.2118911147117615e-9 
 07/12  10:00:00,4380480.0,4380480.0,0.0,0.0,0.0,0.0,780480.0,0.0,0.0,30350366.05444631,-4.307366907596588e-9 
 07/12  11:00:00,4175820.0,4175820.0,0.0,0.0,0.0,0.0,575820.0,0.0,0.0,29775977.159296174,-3.6088749766349792e-9 
 07/12  12:00:00,4264740.0,4264740.0,0.0,0.0,0.0,0.0,664740.0,0.0,0.0,26676133.893149234,-2.2118911147117615e-9 
 07/12  13:00:00,4131360.0,4131360.0,0.0,0.0,0.0,0.0,531360.0,0.0,0.0,26145448.279483918,-3.259629011154175e-9 
 07/12  14:00:00,4131360.0,4131360.0,0.0,0.0,0.0,0.0,531360.0,0.0,0.0,26261880.11784851,-4.190951585769653e-9 
 07/12  15:00:00,4131360.0,4131360.0,0.0,0.0,0.0,0.0,531360.0,0.0,0.0,21886793.216970168,-3.4924596548080444e-9 
 07/12  16:00:00,4131360.0,4131360.0,0.0,0.0,0.0,0.0,531360.0,0.0,0.0,23059299.995698582,-1.6298145055770874e-9 
 07/12  17:00:00,4336020.0,4336020.0,0.0,0.0,0.0,0.0,736020.0,0.0,0.0,12340718.686400494,-3.026798367500305e-9 
 07/12  18:00:00,4410360.0,4410360.0,0.0,0.0,0.0,0.0,810360.0,0.0,0.0,7179289.745640584,-2.3283064365386963e-9 
 07/12  19:00:00,4950000.0,4950000.0,0.0,0.0,0.0,0.0,1350000.0,0.0,0.0,573572.606609831,-3.259629011154175e-9 
 07/12  20:00:00,4950000.0,4950000.0,0.0,0.0,0.0,0.0,1350000.0,0.0,0.0,0.0,-4.190951585769653e-9 
 07/12  21:00:00,4950000.0,4950000.0,0.0,0.0,0.0,0.0,1350000.0,0.0,0.0,0.0,-2.6775524020195007e-9 
 07/12  22:00:00,4950000.0,4950000.0,0.0,0.0,0.0,0.0,1350000.0,0.0,0.0,0.0,-2.2118911147117615e-9 
 07/12  23:00:00,4950000.0,4950000.0,0.0,0.0,0.0,0.0,1350000.0,0.0,0.0,0.0,-5.3551048040390015e-9 
 07/12  24:00:00,4950000.0,4950000.0,0.0,0.0,0.0,0.0,1350000.0,0.0,0.0,0.0,-2.6775524020195007e-9 
 07/13  01:00:00,4950000.0,4950000.0,0.0,0.0,0.0,0.0,1350000.0,0.0,0.0,0.0,-2.9103830456733704e-9 
 07/13  02:00:00,4950000.0,4950000.0,0.0,0.0,0.0,0.0,1350000.0,0.0,0.0,0.0,-2.6775524020195007e-9 
 07/13  03:00:00,4950000.0,4950000.0,0.0,0.0,0.0,0.0,1350000.0,0.0,0.0,0.0,8.149072527885437e-10 
 07/13  04:00:00,4950000.0,4950000.0,0.0,0.0,0.0,0.0,1350000.0,0.0,0.0,0.0,-5.0640664994716644e-9 
 07/13  05:00:00,4950000.0,4950000.0,0.0,0.0,0.0,0.0,1350000.0,0.0,0.0,0.0,-2.9103830456733704e-10 
 07/13  06:00:00,4950000.0,4950000.0,0.0,0.0,0.0,0.0,1350000.0,0.0,0.0,0.0,-2.3283064365386963e-9 
 07/13  07:00:00,4950000.0,4950000.0,0.0,0.0,0.0,0.0,1350000.0,0.0,0.0,1972900.1779891336,1.57160684466362e-9 
 07/13  08:00:00,4858020.0,4858020.0,0.0,0.0,0.0,0.0,1258020.0,0.0,0.0,12776205.280845176,-3.14321368932724e-9 
 07/13  09:00:00,4561380.0,4561380.0,0.0,0.0,0.0,0.0,961380.0,0.0,0.0,26004974.68168337,-7.101334631443024e-9 
 07/13  10:00:00,4356720.0,4356720.0,0.0,0.0,0.0,0.0,756720.0,0.0,0.0,31198464.027831964,-6.984919309616089e-9 
 07/13  11:00:00,4220280.0,4220280.0,0.0,0.0,0.0,0.0,620280.0,0.0,0.0,29662754.466630954,-6.984919309616089e-10 
 07/13  12:00:00,4264740.0,4264740.0,0.0,0.0,0.0,0.0,664740.0,0.0,0.0,23195755.753034122,-2.7939677238464355e-9 
 07/13  13:00:00,4131360.0,4131360.0,0.0,0.0,0.0,0.0,531360.0,0.0,0.0,21065037.569431655,0.0 
 07/13  14:00:00,4131360.0,4131360.0,0.0,0.0,0.0,0.0,531360.0,0.0,0.0,24914622.59560557,-4.190951585769653e-9 
 07/13  15:00:00,4131360.0,4131360.0,0.0,0.0,0.0,0.0,531360.0,0.0,0.0,27063895.49047848,-3.725290298461914e-9 
 07/13  16:00:00,4131360.0,4131360.0,0.0,0.0,0.0,0.0,531360.0,0.0,0.0,24556528.945233326,-5.3551048040390015e-9 
 07/13  17:00:00,4131360.0,4131360.0,0.0,0.0,0.0,0.0,531360.0,0.0,0.0,22291780.598812707,-3.4924596548080444e-9 
 07/13  18:00:00,4202640.0,4202640.0,0.0,0.0,0.0,0.0,602640.0,0.0,0.0,14201714.33796883,-5.820766091346741e-9 
 07/13  19:00:00,4905540.0,4905540.0,0.0,0.0,0.0,0.0,1305540.0,0.0,0.0,3024138.2064043405,-2.561137080192566e-9 
 07/13  20:00:00,4950000.0,4950000.0,0.0,0.0,0.0,0.0,1350000.0,0.0,0.0,0.0,-5.820766091346741e-9 
 07/13  21:00:00,4950000.0,4950000.0,0.0,0.0,0.0,0.0,1350000.0,0.0,0.0,0.0,-1.6298145055770874e-9 
 07/13  22:00:00,4950000.0,4950000.0,0.0,0.0,0.0,0.0,1350000.0,0.0,0.0,0.0,-2.444721758365631e-9 
 07/13  23:00:00,4950000.0,4950000.0,0.0,0.0,0.0,0.0,1350000.0,0.0,0.0,0.0,-3.4924596548080444e-10 
 07/13  24:00:00,4950000.0,4950000.0,0.0,0.0,0.0,0.0,1350000.0,0.0,0.0,0.0,-1.862645149230957e-9 
 07/14  01:00:00,1710000.0,1710000.0,0.0,0.0,0.0,0.0,1350000.0,0.0,0.0,0.0,-2.9103830456733704e-9 
 07/14  02:00:00,1710000.0,1710000.0,0.0,0.0,0.0,0.0,1350000.0,0.0,0.0,0.0,-1.6298145055770874e-9 
 07/14  03:00:00,1710000.0,1710000.0,0.0,0.0,0.0,0.0,1350000.0,0.0,0.0,0.0,9.313225746154785e-10 
 07/14  04:00:00,1710000.0,1710000.0,0.0,0.0,0.0,0.0,1350000.0,0.0,0.0,0.0,-2.7939677238464355e-9 
 07/14  05:00:00,1710000.0,1710000.0,0.0,0.0,0.0,0.0,1350000.0,0.0,0.0,0.0,-5.238689482212067e-10 
 07/14  06:00:00,1710000.0,1710000.0,0.0,0.0,0.0,0.0,1350000.0,0.0,0.0,20114.49046444328,-3.4924596548080444e-9 
 07/14  07:00:00,15326971.817545583,1710000.0,1136544.5956399357,12480427.221905647,10741257.75292035,0.0,1350000.0,723643.5609282112,723643.5609282112,1851145.694452493,-2.7939677238464355e-9 
 07/14  08:00:00,15924426.834174167,1618020.0,1136544.5956399357,13169862.23853423,11432897.194479369,0.0,1258020.0,726297.5015263897,726297.5015263897,11174443.572904067,1.7462298274040222e-9 
 07/14  09:00:00,40149921.318342924,24932520.0,1136544.5956399357,14080856.722702984,12289608.06888422,0.0,17732520.0,480877.64641314687,480877.64641314687,23751039.845038,-3.259629011154175e-9 
 07/14  10:00:00,47737744.54009411,30577680.0,1199348.9715580284,15960715.568536088,14070812.895741066,0.0,14377680.0,28704.019592200402,28704.019592200402,34123893.00657595,-7.450580596923828e-9 
 07/14  11:00:00,50539969.889345884,29494800.0,1326939.1467118608,19718230.74263403,17792152.041477375,0.0,13294800.0,0.0,0.0,30354097.963087637,-4.889443516731262e-9 
 07/14  12:00:00,48127411.029836416,26295840.0,1315067.13406836,20516503.895768054,18589182.831458308,0.0,10095840.0,0.0,0.0,23760700.080960438,-3.725290298461914e-9 
 07/14  13:00:00,45744950.729933344,24701760.0,1236988.3256599633,19806202.404273383,17878881.339963637,0.0,8501760.0,0.0,0.0,21655044.211938187,-3.958120942115784e-9 
 07/14  14:00:00,49569890.66356598,25764480.0,1340155.7751044983,22465254.888461486,20537933.82415174,0.0,9564480.0,0.0,0.0,25253727.867827266,-4.190951585769653e-9 
 07/14  15:00:00,50164513.11808251,25027200.0,1394473.4868845977,23742839.631197914,21815518.56688817,0.0,10627200.0,0.0,0.0,27862283.11632606,-5.3551048040390015e-9 
 07/14  16:00:00,46829286.97973035,23227200.0,1358409.5076095543,22243677.472120803,20316356.407811053,0.0,10627200.0,0.0,0.0,27872329.593460366,-4.423782229423523e-9 
 07/14  17:00:00,39475278.56160518,19627200.0,1253321.3617419302,18594757.199863248,16667436.135553502,0.0,10627200.0,0.0,0.0,21175416.36734884,-4.6566128730773926e-9 
 07/14  18:00:00,39632792.527102195,22892400.0,1188644.0944824633,15551748.432619728,13649327.41633046,0.0,13892400.0,0.0,0.0,9292136.720827745,-2.7939677238464355e-9 
 07/14  19:00:00,36732722.16438406,21600000.0,1136544.5956399357,13996177.568744123,12082059.604847513,0.0,16200000.0,706072.9078240197,706072.9078240197,711856.0340263288,-3.4924596548080444e-9 
 07/14  20:00:00,26009895.88143678,10800000.0,1136544.5956399357,14073351.285796843,12145383.576821694,0.0,5400000.0,556980.2200904265,556980.2200904265,0.0,-4.540197551250458e-9 
 07/14  21:00:00,5760000.0,5760000.0,0.0,0.0,0.0,0.0,5400000.0,0.0,0.0,0.0,1.280568540096283e-9 
 07/14  22:00:00,1710000.0,1710000.0,0.0,0.0,0.0,0.0,1350000.0,0.0,0.0,0.0,-4.190951585769653e-9 
 07/14  23:00:00,1710000.0,1710000.0,0.0,0.0,0.0,0.0,1350000.0,0.0,0.0,0.0,-1.5133991837501526e-9 
 07/14  24:00:00,1710000.0,1710000.0,0.0,0.0,0.0,0.0,1350000.0,0.0,0.0,0.0,-5.820766091346741e-10 
 07/15  01:00:00,1710000.0,1710000.0,0.0,0.0,0.0,0.0,1350000.0,0.0,0.0,0.0,6.984919309616089e-10 
 07/15  02:00:00,1710000.0,1710000.0,0.0,0.0,0.0,0.0,1350000.0,0.0,0.0,0.0,-3.14321368932724e-9 
 07/15  03:00:00,1710000.0,1710000.0,0.0,0.0,0.0,0.0,1350000.0,0.0,0.0,0.0,1.0477378964424133e-9 
 07/15  04:00:00,1710000.0,1710000.0,0.0,0.0,0.0,0.0,1350000.0,0.0,0.0,0.0,4.0745362639427185e-10 
 07/15  05:00:00,1710000.0,1710000.0,0.0,0.0,0.0,0.0,1350000.0,0.0,0.0,0.0,2.0372681319713593e-9 
 07/15  06:00:00,1710000.0,1710000.0,0.0,0.0,0.0,0.0,1350000.0,0.0,0.0,0.0,-2.0372681319713593e-9 
 07/15  07:00:00,15328249.70755123,1710000.0,1136544.5956399357,12481705.111911291,10756109.646848872,0.0,1350000.0,736841.8493153122,736841.8493153122,5463798.369101001,-1.6298145055770874e-9 
 07/15  08:00:00,16137748.185168225,1481580.0,1136544.5956399357,13519623.589528292,11768918.977478776,0.0,1121580.0,565129.9362462396,565129.9362462396,27345605.01885982,1.8044374883174896e-9 
 07/15  09:00:00,39533188.31457194,24077160.0,1148958.221922497,14307070.092649441,12501567.918567846,0.0,16877160.0,212926.6053912908,212926.6053912908,38177418.42149472,-4.0745362639427185e-9 
 07/15  10:00:00,49492085.114219464,30577680.0,1263519.0993945794,17650886.014824886,15767305.02769015,0.0,14377680.0,0.0,0.0,37221646.11664169,-6.752088665962219e-9 
 07/15  11:00:00,52011226.00376649,30859200.0,1348005.2260572554,19804020.77770923,17877416.787926026,0.0,14659200.0,0.0,0.0,27354531.517049063,-5.820766091346741e-9 
 07/15  12:00:00,48240774.14224915,27140580.0,1311397.5997123413,19788796.542536817,17861475.47822707,0.0,10940580.0,0.0,0.0,24793117.332776897,-4.6566128730773926e-9 
 07/15  13:00:00,46620265.26777957,27596160.0,1232396.5595919557,17791708.70818761,15864387.64387786,0.0,11396160.0,0.0,0.0,23544648.049992695,-2.3283064365386963e-9 
 07/15  14:00:00,45986522.426026605,25764480.0,1299998.157031865,18922044.26899474,16994723.204684995,0.0,9564480.0,0.0,0.0,25177790.73722998,-7.2177499532699585e-9 
 07/15  15:00:00,44579839.91318094,25027200.0,1287384.8006283422,18265255.112552606,16337934.048242856,0.0,10627200.0,0.0,0.0,21214262.386263147,-5.122274160385132e-9 
 07/15  16:00:00,42337300.41814389,23227200.0,1235171.3795487327,17874929.03859516,15947607.974285409,0.0,10627200.0,0.0,0.0,18565581.888528034,-2.561137080192566e-9 
 07/15  17:00:00,37376694.52658343,19627200.0,1173598.8331195721,16575895.693463858,14648574.629154112,0.0,10627200.0,0.0,0.0,17671992.79379972,-1.1641532182693481e-9 
 07/15  18:00:00,38130400.66324802,20102400.0,1161736.5239137092,16866264.139334314,14938943.075024564,0.0,11102400.0,0.0,0.0,16400973.627925646,-2.561137080192566e-9 
 07/15  19:00:00,36825538.43079587,20247840.0,1136544.5956399357,15441153.835155938,13513797.993936524,0.0,14847840.0,30261.391332959036,30261.391332959036,5032382.672039201,-5.587935447692871e-9 
 07/15  20:00:00,26568027.86215301,10800000.0,1136544.5956399357,14631483.266513076,12703882.792441776,0.0,5400000.0,243735.56772634917,243735.56772634917,0.0,6.984919309616089e-10 
 07/15  21:00:00,5760000.0,5760000.0,0.0,0.0,0.0,0.0,5400000.0,0.0,0.0,0.0,3.4924596548080444e-9 
 07/15  22:00:00,1710000.0,1710000.0,0.0,0.0,0.0,0.0,1350000.0,0.0,0.0,0.0,-4.656612873077393e-10 
 07/15  23:00:00,1710000.0,1710000.0,0.0,0.0,0.0,0.0,1350000.0,0.0,0.0,0.0,-1.979060471057892e-9 
 07/15  24:00:00,1710000.0,1710000.0,0.0,0.0,0.0,0.0,1350000.0,0.0,0.0,0.0,-2.444721758365631e-9 
 07/16  01:00:00,1710000.0,1710000.0,0.0,0.0,0.0,0.0,1350000.0,0.0,0.0,0.0,5.820766091346741e-10 
 07/16  02:00:00,1710000.0,1710000.0,0.0,0.0,0.0,0.0,1350000.0,0.0,0.0,0.0,-1.2223608791828156e-9 
 07/16  03:00:00,1710000.0,1710000.0,0.0,0.0,0.0,0.0,1350000.0,0.0,0.0,0.0,-9.313225746154785e-10 
 07/16  04:00:00,1710000.0,1710000.0,0.0,0.0,0.0,0.0,1350000.0,0.0,0.0,0.0,-1.7462298274040222e-9 
 07/16  05:00:00,1710000.0,1710000.0,0.0,0.0,0.0,0.0,1350000.0,0.0,0.0,0.0,4.0745362639427185e-10 
 07/16  06:00:00,1710000.0,1710000.0,0.0,0.0,0.0,0.0,1350000.0,0.0,0.0,0.0,1.9208528101444244e-9 
 07/16  07:00:00,16620560.222263113,1710000.0,1136544.5956399357,13774015.626623178,11915844.610035053,0.0,1350000.0,321680.7896065038,321680.7896065038,2987472.8463704465,1.280568540096283e-9 
 07/16  08:00:00,16668561.703117533,1549800.0,1136544.5956399357,13982217.107477598,12191869.006241065,0.0,1189800.0,262374.44851793617,262374.44851793617,18960566.494283956,-1.7462298274040222e-9 
 07/16  09:00:00,39012797.811864406,23276880.0,1137305.8227157788,14598611.989148624,12776835.837328598,0.0,16076880.0,68667.66673726917,68667.66673726917,33699167.832372665,-2.9103830456733704e-9 
 07/16  10:00:00,48507847.68649698,30126240.0,1216130.3251636405,17165477.361333348,15275298.096053895,0.0,13926240.0,0.0,0.0,32598684.32568818,-3.841705620288849e-9 
 07/16  11:00:00,49018194.62570048,27716400.0,1312316.2103129588,19989478.415387526,18062157.351077776,0.0,11516400.0,0.0,0.0,29819086.16852631,-5.122274160385132e-9 
 07/16  12:00:00,48074793.41550432,26295840.0,1300103.8721520253,20478849.54335229,18551528.479042545,0.0,10095840.0,0.0,0.0,23961575.838364854,-4.423782229423523e-9 
 07/16  13:00:00,46358502.74330512,25413120.0,1240945.1177535807,19704437.625551537,17777116.561241787,0.0,9213120.0,0.0,0.0,24232465.70743788,-7.450580596923828e-9 
 07/16  14:00:00,48717051.551715136,25764480.0,1327911.2229002581,21624660.328814875,19697339.264505126,0.0,9564480.0,0.0,0.0,25692579.88876652,-3.958120942115784e-9 
 07/16  15:00:00,48927536.05115208,25027200.0,1370320.6498057607,22530015.40134632,20602694.33703657,0.0,10627200.0,0.0,0.0,27455078.7852654,-1.0011717677116394e-8 
 07/16  16:00:00,45744886.76683644,23227200.0,1295285.816968146,21222400.9498683,19295079.88555855,0.0,10627200.0,0.0,0.0,18791594.650863387,-6.752088665962219e-9 
 07/16  17:00:00,47960734.26370405,28227600.0,1201144.0102607084,18531990.253443338,16604669.189133588,0.0,19227600.0,0.0,0.0,9704735.764072035,-3.725290298461914e-9 
 07/16  18:00:00,44786802.4906349,26571600.0,1166019.3181079382,17049183.17252697,15121862.108217223,0.0,17571600.0,0.0,0.0,6945568.110648332,-4.889443516731262e-9 
 07/16  19:00:00,38285670.521118075,21600000.0,1136544.5956399357,15549125.925478142,13621804.861168394,0.0,16200000.0,0.0,0.0,1257342.4238166297,-3.259629011154175e-9 
 07/16  20:00:00,27052307.995565258,10800000.0,1136544.5956399357,15115763.399925323,13188442.335615577,0.0,5400000.0,0.0,0.0,0.0,-3.3760443329811096e-9 
 07/16  21:00:00,5760000.0,5760000.0,0.0,0.0,0.0,0.0,5400000.0,0.0,0.0,0.0,2.561137080192566e-9 
 07/16  22:00:00,1710000.0,1710000.0,0.0,0.0,0.0,0.0,1350000.0,0.0,0.0,0.0,1.1641532182693481e-10 
 07/16  23:00:00,1710000.0,1710000.0,0.0,0.0,0.0,0.0,1350000.0,0.0,0.0,0.0,3.4924596548080444e-10 
 07/16  24:00:00,1710000.0,1710000.0,0.0,0.0,0.0,0.0,1350000.0,0.0,0.0,0.0,2.3283064365386963e-10 
 07/17  01:00:00,1710000.0,1710000.0,0.0,0.0,0.0,0.0,1350000.0,0.0,0.0,0.0,-8.149072527885437e-10 
 07/17  02:00:00,1710000.0,1710000.0,0.0,0.0,0.0,0.0,1350000.0,0.0,0.0,0.0,-7.566995918750763e-10 
 07/17  03:00:00,1710000.0,1710000.0,0.0,0.0,0.0,0.0,1350000.0,0.0,0.0,0.0,2.3283064365386963e-9 
 07/17  04:00:00,1710000.0,1710000.0,0.0,0.0,0.0,0.0,1350000.0,0.0,0.0,0.0,2.0372681319713593e-9 
 07/17  05:00:00,1710000.0,1710000.0,0.0,0.0,0.0,0.0,1350000.0,0.0,0.0,0.0,9.313225746154785e-10 
 07/17  06:00:00,1710000.0,1710000.0,0.0,0.0,0.0,0.0,1350000.0,0.0,0.0,0.0,-2.5029294192790985e-9 
 07/17  07:00:00,15890183.039627023,1710000.0,1136544.5956399357,13043638.443987086,11233866.189639455,0.0,1350000.0,720748.9839632409,720748.9839632409,2734154.023415741,-6.984919309616089e-10 
 07/17  08:00:00,16259979.20946914,1549800.0,1136544.5956399357,13573634.613829205,11791744.246357562,0.0,1189800.0,527190.3349221607,527190.3349221607,16812923.05153066,-3.7834979593753815e-9 
 07/17  09:00:00,40862549.70880991,25305120.0,1136544.5956399357,14420885.113169972,12612791.888096489,0.0,18105120.0,130161.91315032284,130161.91315032284,25477015.473135814,-5.471520125865936e-9 
 07/17  10:00:00,50362793.86011568,33170040.0,1166161.0998125905,16026592.76030309,14109822.680392677,0.0,16970040.0,0.0,0.0,23954236.536353488,-2.0954757928848267e-9 
 07/17  11:00:00,48426267.769483835,27716400.0,1270675.093907814,19439192.675576024,17511871.611266278,0.0,11516400.0,0.0,0.0,29352680.868799377,-3.259629011154175e-9 
 07/17  12:00:00,48826324.21717718,27140580.0,1294716.7318847624,20391027.485292424,18463706.420982674,0.0,10940580.0,0.0,0.0,26705180.190177362,-1.862645149230957e-9 
 07/17  13:00:00,45219104.066546395,24701760.0,1229862.9138649676,19287481.152681425,17360160.08837168,0.0,8501760.0,0.0,0.0,26073290.859505896,-2.0954757928848267e-9 
 07/17  14:00:00,48283498.10563003,25764480.0,1310027.1103751073,21208990.995254926,19281669.930945177,0.0,9564480.0,0.0,0.0,26129971.30497096,-7.2177499532699585e-9 
 07/17  15:00:00,47870037.519500986,25027200.0,1308232.288078102,21534605.23142288,19607284.167113133,0.0,10627200.0,0.0,0.0,22218064.872477468,-1.3969838619232178e-9 
 07/17  16:00:00,45218182.74911435,23227200.0,1262338.0224377243,20728644.72667662,18801323.662366875,0.0,10627200.0,0.0,0.0,20738262.23754789,-5.122274160385132e-9 
 07/17  17:00:00,41071151.58797472,21880800.0,1177146.9733525275,18013204.614622194,16085883.550312448,0.0,12880800.0,0.0,0.0,12939191.12217255,-3.026798367500305e-9 
 07/17  18:00:00,38432533.33558336,21052800.0,1153773.7376099904,16225959.597973369,14298638.53366362,0.0,12052800.0,0.0,0.0,11925362.478388641,-6.984919309616089e-9 
 07/17  19:00:00,37017799.934379816,21066480.0,1136544.5956399357,14814775.338739881,12887392.364547057,0.0,15666480.0,54910.15486596923,54910.15486596923,2994512.41345081,-4.656612873077393e-10 
 07/17  20:00:00,26256544.191055756,10800000.0,1136544.5956399357,14319999.595415818,12392390.286124542,0.0,5400000.0,256277.5305058417,256277.5305058417,0.0,-4.889443516731262e-9 
 07/17  21:00:00,5760000.0,5760000.0,0.0,0.0,0.0,0.0,5400000.0,0.0,0.0,0.0,-3.841705620288849e-9 
 07/17  22:00:00,1710000.0,1710000.0,0.0,0.0,0.0,0.0,1350000.0,0.0,0.0,0.0,-5.820766091346741e-10 
 07/17  23:00:00,1710000.0,1710000.0,0.0,0.0,0.0,0.0,1350000.0,0.0,0.0,0.0,-3.725290298461914e-9 
 07/17  24:00:00,1710000.0,1710000.0,0.0,0.0,0.0,0.0,1350000.0,0.0,0.0,0.0,-3.026798367500305e-9 
 07/18  01:00:00,1710000.0,1710000.0,0.0,0.0,0.0,0.0,1350000.0,0.0,0.0,0.0,-3.259629011154175e-9 
 07/18  02:00:00,1710000.0,1710000.0,0.0,0.0,0.0,0.0,1350000.0,0.0,0.0,0.0,4.656612873077393e-10 
 07/18  03:00:00,1710000.0,1710000.0,0.0,0.0,0.0,0.0,1350000.0,0.0,0.0,0.0,-1.2223608791828156e-9 
 07/18  04:00:00,1710000.0,1710000.0,0.0,0.0,0.0,0.0,1350000.0,0.0,0.0,0.0,-8.149072527885437e-10 
 07/18  05:00:00,1710000.0,1710000.0,0.0,0.0,0.0,0.0,1350000.0,0.0,0.0,0.0,1.1641532182693481e-9 
 07/18  06:00:00,1710000.0,1710000.0,0.0,0.0,0.0,0.0,1350000.0,0.0,0.0,0.0,-2.6775524020195007e-9 
 07/18  07:00:00,16143133.908527285,1710000.0,1136544.5956399357,13296589.312887348,11471049.730416978,0.0,1350000.0,757935.9179144767,757935.9179144767,4018542.1931632357,-7.508788257837296e-9 
 07/18  08:00:00,16177410.035339361,1481580.0,1136544.5956399357,13559285.439699426,11796246.22167872,0.0,1121580.0,613690.9265268374,613690.9265268374,20396950.42946095,-1.1059455573558807e-9 
 07/18  09:00:00,40040249.939382136,24504840.0,1136544.5956399357,14398865.343742197,12589959.415396089,0.0,17304840.0,186318.75865258442,186318.75865258442,25997347.85643243,-5.820766091346741e-10 
 07/18  10:00:00,49362260.69572847,30577680.0,1206270.6433184333,17578310.052410044,15677343.850235177,0.0,14377680.0,0.0,0.0,33179610.02763543,-3.026798367500305e-9 
 07/18  11:00:00,54024672.32260533,30859200.0,1318672.7554529805,21846799.56715235,19919478.502842605,0.0,14659200.0,0.0,0.0,27202814.664268114,-3.026798367500305e-9 
 07/18  12:00:00,50865768.195505776,26295840.0,1314043.0029174145,23255885.192588367,21328564.128278617,0.0,10095840.0,0.0,0.0,24778585.78478644,-2.7939677238464355e-9 
 07/18  13:00:00,48161816.648943424,24701760.0,1239493.2693985398,22220563.379544888,20293242.315235138,0.0,8501760.0,0.0,0.0,23135218.294400405,-4.190951585769653e-9 
 07/18  14:00:00,51152471.08625499,25764480.0,1339761.0144426865,24048230.071812306,22120909.00750256,0.0,9564480.0,0.0,0.0,25703573.44851958,-4.423782229423523e-9 
 07/18  15:00:00,50497954.75848682,25027200.0,1385841.533611254,24084913.224875577,22157592.16056583,0.0,10627200.0,0.0,0.0,26840135.114537742,-2.7939677238464355e-9 
 07/18  16:00:00,46090880.2863957,23227200.0,1313023.0326415438,21550657.25375416,19623336.18944441,0.0,10627200.0,0.0,0.0,21251184.7954915,-4.889443516731262e-9 
 07/18  17:00:00,40908846.28061204,21880800.0,1200758.0844458954,17827288.19616614,15899967.131856391,0.0,12880800.0,0.0,0.0,13848570.40898091,-4.889443516731262e-9 
 07/18  18:00:00,43538966.905660614,26096400.0,1160266.6718093262,16282300.233851295,14354979.169541545,0.0,17096400.0,0.0,0.0,7132369.806488153,-3.725290298461914e-9 
 07/18  19:00:00,38402950.17570588,21600000.0,1136544.5956399357,15666405.580065943,13739084.515756194,0.0,16200000.0,0.0,0.0,1026003.2943762781,-2.561137080192566e-9 
 07/18  20:00:00,28024845.817449424,10800000.0,1136544.5956399357,16088301.221809488,14160980.15749974,0.0,5400000.0,0.0,0.0,0.0,-4.0745362639427185e-9 
 07/18  21:00:00,5760000.0,5760000.0,0.0,0.0,0.0,0.0,5400000.0,0.0,0.0,0.0,-1.862645149230957e-9 
 07/18  22:00:00,1710000.0,1710000.0,0.0,0.0,0.0,0.0,1350000.0,0.0,0.0,0.0,-6.170012056827545e-9 
 07/18  23:00:00,1710000.0,1710000.0,0.0,0.0,0.0,0.0,1350000.0,0.0,0.0,0.0,0.0 
 07/18  24:00:00,1710000.0,1710000.0,0.0,0.0,0.0,0.0,1350000.0,0.0,0.0,0.0,-1.979060471057892e-9 
 07/19  01:00:00,4950000.0,4950000.0,0.0,0.0,0.0,0.0,1350000.0,0.0,0.0,0.0,1.1641532182693481e-10 
 07/19  02:00:00,4950000.0,4950000.0,0.0,0.0,0.0,0.0,1350000.0,0.0,0.0,0.0,-9.313225746154785e-10 
 07/19  03:00:00,4950000.0,4950000.0,0.0,0.0,0.0,0.0,1350000.0,0.0,0.0,0.0,8.731149137020111e-10 
 07/19  04:00:00,4950000.0,4950000.0,0.0,0.0,0.0,0.0,1350000.0,0.0,0.0,0.0,-1.8044374883174896e-9 
 07/19  05:00:00,4950000.0,4950000.0,0.0,0.0,0.0,0.0,1350000.0,0.0,0.0,0.0,-1.6880221664905548e-9 
 07/19  06:00:00,4950000.0,4950000.0,0.0,0.0,0.0,0.0,1350000.0,0.0,0.0,0.0,-3.3760443329811096e-9 
 07/19  07:00:00,4950000.0,4950000.0,0.0,0.0,0.0,0.0,1350000.0,0.0,0.0,4918297.012635616,1.7462298274040222e-10 
 07/19  08:00:00,4721580.0,4721580.0,0.0,0.0,0.0,0.0,1121580.0,0.0,0.0,23382970.12142796,-4.249159246683121e-9 
 07/19  09:00:00,4516920.0,4516920.0,0.0,0.0,0.0,0.0,916920.0,0.0,0.0,28180852.31228398,-6.752088665962219e-9 
 07/19  10:00:00,4356720.0,4356720.0,0.0,0.0,0.0,0.0,756720.0,0.0,0.0,35533741.18475036,-4.6566128730773926e-9 
 07/19  11:00:00,4220280.0,4220280.0,0.0,0.0,0.0,0.0,620280.0,0.0,0.0,30127002.390127182,-3.3760443329811096e-9 
 07/19  12:00:00,4131360.0,4131360.0,0.0,0.0,0.0,0.0,531360.0,0.0,0.0,24088094.254423723,-9.313225746154785e-10 
 07/19  13:00:00,4131360.0,4131360.0,0.0,0.0,0.0,0.0,531360.0,0.0,0.0,25087215.846115753,-3.4924596548080444e-9 
 07/19  14:00:00,4131360.0,4131360.0,0.0,0.0,0.0,0.0,531360.0,0.0,0.0,23998652.112095337,-2.3283064365386963e-9 
 07/19  15:00:00,4175820.0,4175820.0,0.0,0.0,0.0,0.0,575820.0,0.0,0.0,18791870.5757954,-6.752088665962219e-9 
 07/19  16:00:00,4131360.0,4131360.0,0.0,0.0,0.0,0.0,531360.0,0.0,0.0,16992247.488994695,-6.984919309616089e-9 
 07/19  17:00:00,4424940.0,4424940.0,0.0,0.0,0.0,0.0,824940.0,0.0,0.0,11635498.942912659,2.3283064365386963e-10 
 07/19  18:00:00,4523040.0,4523040.0,0.0,0.0,0.0,0.0,923040.0,0.0,0.0,6323338.903062242,-5.3551048040390015e-9 
 07/19  19:00:00,4950000.0,4950000.0,0.0,0.0,0.0,0.0,1350000.0,0.0,0.0,698970.9749710216,-2.7939677238464355e-9 
 07/19  20:00:00,4950000.0,4950000.0,0.0,0.0,0.0,0.0,1350000.0,0.0,0.0,0.0,-1.3969838619232178e-9 
 07/19  21:00:00,4950000.0,4950000.0,0.0,0.0,0.0,0.0,1350000.0,0.0,0.0,0.0,3.4924596548080444e-10 
 07/19  22:00:00,4950000.0,4950000.0,0.0,0.0,0.0,0.0,1350000.0,0.0,0.0,0.0,9.313225746154785e-10 
 07/19  23:00:00,4950000.0,4950000.0,0.0,0.0,0.0,0.0,1350000.0,0.0,0.0,0.0,-3.841705620288849e-9 
 07/19  24:00:00,4950000.0,4950000.0,0.0,0.0,0.0,0.0,1350000.0,0.0,0.0,0.0,-1.3969838619232178e-9 
 07/20  01:00:00,4950000.0,4950000.0,0.0,0.0,0.0,0.0,1350000.0,0.0,0.0,0.0,-5.820766091346741e-10 
 07/20  02:00:00,4950000.0,4950000.0,0.0,0.0,0.0,0.0,1350000.0,0.0,0.0,0.0,-6.984919309616089e-10 
 07/20  03:00:00,4950000.0,4950000.0,0.0,0.0,0.0,0.0,1350000.0,0.0,0.0,0.0,8.149072527885437e-10 
 07/20  04:00:00,4950000.0,4950000.0,0.0,0.0,0.0,0.0,1350000.0,0.0,0.0,0.0,5.820766091346741e-10 
 07/20  05:00:00,4950000.0,4950000.0,0.0,0.0,0.0,0.0,1350000.0,0.0,0.0,0.0,-2.0372681319713593e-9 
 07/20  06:00:00,4950000.0,4950000.0,0.0,0.0,0.0,0.0,1350000.0,0.0,0.0,0.0,-1.1059455573558807e-9 
 07/20  07:00:00,4950000.0,4950000.0,0.0,0.0,0.0,0.0,1350000.0,0.0,0.0,2664834.2841804,2.9685907065868378e-9 
 07/20  08:00:00,4789800.0,4789800.0,0.0,0.0,0.0,0.0,1189800.0,0.0,0.0,16606247.559681706,-3.3178366720676422e-9 
 07/20  09:00:00,4516920.0,4516920.0,0.0,0.0,0.0,0.0,916920.0,0.0,0.0,29204729.10498881,-9.313225746154785e-10 
 07/20  10:00:00,4356720.0,4356720.0,0.0,0.0,0.0,0.0,756720.0,0.0,0.0,35360967.09337145,-8.149072527885437e-10 
 07/20  11:00:00,4175820.0,4175820.0,0.0,0.0,0.0,0.0,575820.0,0.0,0.0,29903001.231354166,-3.725290298461914e-9 
 07/20  12:00:00,4175820.0,4175820.0,0.0,0.0,0.0,0.0,575820.0,0.0,0.0,23742509.152976487,-5.005858838558197e-9 
 07/20  13:00:00,4175820.0,4175820.0,0.0,0.0,0.0,0.0,575820.0,0.0,0.0,25342599.80971472,-6.51925802230835e-9 
 07/20  14:00:00,4131360.0,4131360.0,0.0,0.0,0.0,0.0,531360.0,0.0,0.0,26986375.012826815,-5.122274160385132e-9 
 07/20  15:00:00,4131360.0,4131360.0,0.0,0.0,0.0,0.0,531360.0,0.0,0.0,22833859.261523347,-5.587935447692871e-9 
 07/20  16:00:00,4516920.0,4516920.0,0.0,0.0,0.0,0.0,916920.0,0.0,0.0,10588934.091926172,-4.6566128730773926e-9 
 07/20  17:00:00,4950000.0,4950000.0,0.0,0.0,0.0,0.0,1350000.0,0.0,0.0,1998939.09532951,-3.725290298461914e-9 
 07/20  18:00:00,4950000.0,4950000.0,0.0,0.0,0.0,0.0,1350000.0,0.0,0.0,1837142.7781859757,-5.3551048040390015e-9 
 07/20  19:00:00,4950000.0,4950000.0,0.0,0.0,0.0,0.0,1350000.0,0.0,0.0,145651.15647463893,-6.984919309616089e-10 
 07/20  20:00:00,4950000.0,4950000.0,0.0,0.0,0.0,0.0,1350000.0,0.0,0.0,0.0,3.4924596548080444e-10 
 07/20  21:00:00,4950000.0,4950000.0,0.0,0.0,0.0,0.0,1350000.0,0.0,0.0,0.0,-5.820766091346741e-10 
 07/20  22:00:00,4950000.0,4950000.0,0.0,0.0,0.0,0.0,1350000.0,0.0,0.0,0.0,0.0 
 07/20  23:00:00,4950000.0,4950000.0,0.0,0.0,0.0,0.0,1350000.0,0.0,0.0,0.0,-1.6298145055770874e-9 
 07/20  24:00:00,4950000.0,4950000.0,0.0,0.0,0.0,0.0,1350000.0,0.0,0.0,0.0,-5.005858838558197e-9 
 07/21  01:00:00,1710000.0,1710000.0,0.0,0.0,0.0,0.0,1350000.0,0.0,0.0,0.0,-1.6298145055770874e-9 
 07/21  02:00:00,1710000.0,1710000.0,0.0,0.0,0.0,0.0,1350000.0,0.0,0.0,0.0,-1.862645149230957e-9 
 07/21  03:00:00,1710000.0,1710000.0,0.0,0.0,0.0,0.0,1350000.0,0.0,0.0,0.0,-1.1641532182693481e-10 
 07/21  04:00:00,1710000.0,1710000.0,0.0,0.0,0.0,0.0,1350000.0,0.0,0.0,0.0,1.862645149230957e-9 
 07/21  05:00:00,1710000.0,1710000.0,0.0,0.0,0.0,0.0,1350000.0,0.0,0.0,0.0,-3.6088749766349792e-9 
 07/21  06:00:00,1710000.0,1710000.0,0.0,0.0,0.0,0.0,1350000.0,0.0,0.0,0.0,1.3387762010097504e-9 
 07/21  07:00:00,17033909.94401128,1710000.0,1136544.5956399357,14187365.348371342,12314225.67594836,0.0,1350000.0,373210.70066371094,373210.70066371094,1909227.4549290577,1.1641532182693481e-10 
 07/21  08:00:00,17208815.286283437,1573560.0,1136544.5956399357,14498710.6906435,12688800.65726801,0.0,1213560.0,153899.30704567733,153899.30704567733,13650163.78657177,-2.444721758365631e-9 
 07/21  09:00:00,38668284.108565465,22476600.0,1136544.5956399357,15055139.51292553,13217423.397445863,0.0,15276600.0,0.0,0.0,28792088.67711334,-1.979060471057892e-9 
 07/21  10:00:00,51279498.80726959,32325300.0,1191015.1159156864,17763183.691353895,15840098.404784072,0.0,16125300.0,0.0,0.0,25506585.36890077,-5.820766091346741e-10 
 07/21  11:00:00,51834809.12339902,28605600.0,1312795.630758931,21916413.492640086,19989092.42833034,0.0,12405600.0,0.0,0.0,29156801.679713152,-5.122274160385132e-9 
 07/21  12:00:00,50648331.00954789,26295840.0,1297946.714764316,23054544.294783577,21127223.230473828,0.0,10095840.0,0.0,0.0,23196207.020479754,-4.423782229423523e-9 
 07/21  13:00:00,47451821.307318956,24701760.0,1226494.8856652689,21523566.421653688,19596245.35734394,0.0,8501760.0,0.0,0.0,21943734.282623135,-3.4924596548080444e-9 
 07/21  14:00:00,50702361.28862486,25764480.0,1342867.8540580822,23595013.43456678,21667692.370257035,0.0,9564480.0,0.0,0.0,26538150.114793733,-3.958120942115784e-9 
 07/21  15:00:00,48938786.02206488,25027200.0,1357203.0267743745,22554382.995290503,20627061.930980757,0.0,10627200.0,0.0,0.0,23089632.785051756,-5.3551048040390015e-9 
 07/21  16:00:00,45504251.89241453,24116400.0,1272537.4329053485,20115314.459509183,18187993.395199437,0.0,11516400.0,0.0,0.0,16077733.347633528,-4.889443516731262e-9 
 07/21  17:00:00,42997883.79814734,24609600.0,1186486.7868311459,17201797.011316195,15274475.947006447,0.0,15609600.0,0.0,0.0,11577271.31331132,-6.984919309616089e-9 
 07/21  18:00:00,43477409.67901819,26096400.0,1153539.720230475,16227469.958787717,14300148.894477969,0.0,17096400.0,0.0,0.0,6743676.356236266,-3.958120942115784e-9 
 07/21  19:00:00,38543013.357085265,21600000.0,1136544.5956399357,15806468.761445332,13879147.697135584,0.0,16200000.0,0.0,0.0,879958.3540461613,-5.3551048040390015e-9 
 07/21  20:00:00,28359767.989204597,10800000.0,1136544.5956399357,16423223.39356466,14495902.329254912,0.0,5400000.0,0.0,0.0,0.0,-5.005858838558197e-9 
 07/21  21:00:00,5760000.0,5760000.0,0.0,0.0,0.0,0.0,5400000.0,0.0,0.0,0.0,-3.725290298461914e-9 
 07/21  22:00:00,1710000.0,1710000.0,0.0,0.0,0.0,0.0,1350000.0,0.0,0.0,0.0,2.3283064365386963e-10 
 07/21  23:00:00,1710000.0,1710000.0,0.0,0.0,0.0,0.0,1350000.0,0.0,0.0,0.0,-2.7939677238464355e-9 
 07/21  24:00:00,1710000.0,1710000.0,0.0,0.0,0.0,0.0,1350000.0,0.0,0.0,0.0,-1.0477378964424133e-9 
 07/22  01:00:00,1710000.0,1710000.0,0.0,0.0,0.0,0.0,1350000.0,0.0,0.0,0.0,1.7462298274040222e-10 
 07/22  02:00:00,1710000.0,1710000.0,0.0,0.0,0.0,0.0,1350000.0,0.0,0.0,0.0,-2.270098775625229e-9 
 07/22  03:00:00,1710000.0,1710000.0,0.0,0.0,0.0,0.0,1350000.0,0.0,0.0,0.0,-3.4924596548080444e-10 
 07/22  04:00:00,1710000.0,1710000.0,0.0,0.0,0.0,0.0,1350000.0,0.0,0.0,0.0,-2.153683453798294e-9 
 07/22  05:00:00,1710000.0,1710000.0,0.0,0.0,0.0,0.0,1350000.0,0.0,0.0,0.0,1.7462298274040222e-10 
 07/22  06:00:00,1710000.0,1710000.0,0.0,0.0,0.0,0.0,1350000.0,0.0,0.0,0.0,-3.958120942115784e-9 
 07/22  07:00:00,16896155.819339436,1710000.0,1136544.5956399357,14049611.223699499,12186505.56643983,0.0,1350000.0,401078.04073369026,401078.04073369026,2581714.0611373708,-1.1059455573558807e-9 
 07/22  08:00:00,17152186.58729475,1549800.0,1136544.5956399357,14465841.991654815,12662838.0908641,0.0,1189800.0,123897.05342494577,123897.05342494577,16677027.529445983,-3.14321368932724e-9 
 07/22  09:00:00,38840906.00450143,22476600.0,1136544.5956399357,15227761.408861501,13388203.357197091,0.0,15276600.0,0.0,0.0,30925079.395989683,-4.423782229423523e-9 
 07/22  10:00:00,49562893.74688232,30126240.0,1218643.8573536265,18218009.8895287,16306297.696070604,0.0,13926240.0,0.0,0.0,32389464.032999333,-5.005858838558197e-9 
 07/22  11:00:00,52970737.21223438,29970000.0,1324770.795075805,21675966.41715858,19748645.35284883,0.0,13770000.0,0.0,0.0,26511031.697097093,-5.587935447692871e-9 
 07/22  12:00:00,50038831.49715349,26295840.0,1308015.8866653591,22434975.61048813,20507654.546178386,0.0,10095840.0,0.0,0.0,23294077.9007069,-3.4924596548080444e-9 
 07/22  13:00:00,48049285.35266694,24701760.0,1259635.2957745113,22087890.05689243,20160568.99258268,0.0,8501760.0,0.0,0.0,26004322.20419278,-4.889443516731262e-9 
 07/22  14:00:00,52042482.48373988,25764480.0,1379728.4673642567,24898274.016375627,22970952.95206588,0.0,9564480.0,0.0,0.0,27121064.245265283,-5.820766091346741e-9 
 07/22  15:00:00,51870679.461047396,25027200.0,1414774.936740159,25428704.524307247,23501383.459997497,0.0,10627200.0,0.0,0.0,26804531.092253007,-8.381903171539307e-9 
 07/22  16:00:00,48828149.89323072,23227200.0,1360271.3670843071,24240678.526146416,22313357.46183667,0.0,10627200.0,0.0,0.0,25676639.30074937,-1.862645149230957e-9 
 07/22  17:00:00,44745984.59183772,22770000.0,1236831.463558252,20739153.12827947,18811832.063969724,0.0,13770000.0,0.0,0.0,13689329.228139838,-3.259629011154175e-9 
 07/22  18:00:00,43280254.62560752,23367600.0,1187822.713065142,18724831.912542373,16797510.848232627,0.0,14367600.0,0.0,0.0,7893239.319533961,-6.51925802230835e-9 
 07/22  19:00:00,39143321.57083707,21600000.0,1136544.5956399357,16406776.975197144,14479455.910887396,0.0,16200000.0,0.0,0.0,1010016.9077615718,-4.190951585769653e-9 
 07/22  20:00:00,27927033.736904453,10800000.0,1136544.5956399357,15990489.141264519,14063168.076954769,0.0,5400000.0,0.0,0.0,0.0,-1.6298145055770874e-9 
 07/22  21:00:00,5760000.0,5760000.0,0.0,0.0,0.0,0.0,5400000.0,0.0,0.0,0.0,-1.5133991837501526e-9 
 07/22  22:00:00,1710000.0,1710000.0,0.0,0.0,0.0,0.0,1350000.0,0.0,0.0,0.0,-1.979060471057892e-9 
 07/22  23:00:00,1710000.0,1710000.0,0.0,0.0,0.0,0.0,1350000.0,0.0,0.0,0.0,-6.984919309616089e-10 
 07/22  24:00:00,1710000.0,1710000.0,0.0,0.0,0.0,0.0,1350000.0,0.0,0.0,0.0,-2.3283064365386963e-10 
 07/23  01:00:00,1710000.0,1710000.0,0.0,0.0,0.0,0.0,1350000.0,0.0,0.0,0.0,-3.14321368932724e-9 
 07/23  02:00:00,1710000.0,1710000.0,0.0,0.0,0.0,0.0,1350000.0,0.0,0.0,0.0,-1.3969838619232178e-9 
 07/23  03:00:00,1710000.0,1710000.0,0.0,0.0,0.0,0.0,1350000.0,0.0,0.0,0.0,-1.7462298274040222e-9 
 07/23  04:00:00,1710000.0,1710000.0,0.0,0.0,0.0,0.0,1350000.0,0.0,0.0,0.0,-2.0954757928848267e-9 
 07/23  05:00:00,1710000.0,1710000.0,0.0,0.0,0.0,0.0,1350000.0,0.0,0.0,0.0,-1.979060471057892e-9 
 07/23  06:00:00,1710000.0,1710000.0,0.0,0.0,0.0,0.0,1350000.0,0.0,0.0,0.0,8.731149137020111e-10 
 07/23  07:00:00,17326429.67016004,1710000.0,1136544.5956399357,14479885.074520105,12601707.302604595,0.0,1350000.0,158121.48191282467,158121.48191282467,5213471.927327524,2.153683453798294e-9 
 07/23  08:00:00,17527110.268463608,1481580.0,1136544.5956399357,14908985.672823673,13099030.715647195,0.0,1121580.0,0.0,0.0,26345699.686620273,-2.9103830456733704e-10 
 07/23  09:00:00,40645036.256723225,23276880.0,1152436.6281233144,16215719.628599906,14360532.972337024,0.0,16076880.0,0.0,0.0,37466534.203256354,-7.450580596923828e-9 
 07/23  10:00:00,51583993.25002565,30577680.0,1280851.9038413046,19725461.346184347,17814663.544357322,0.0,14377680.0,0.0,0.0,35643642.63490749,-3.14321368932724e-9 
 07/23  11:00:00,51657108.95090927,27716400.0,1368658.7089961572,22572050.24191311,20644729.177603364,0.0,11516400.0,0.0,0.0,28885985.12554655,-2.561137080192566e-9 
 07/23  12:00:00,53525855.49929031,29281500.0,1349539.8581364583,22894815.64115385,20967494.5768441,0.0,13081500.0,0.0,0.0,24160192.026796095,-4.6566128730773926e-9 
 07/23  13:00:00,46923523.12441569,24701760.0,1239928.759716173,20981834.36469952,19054513.300389774,0.0,8501760.0,0.0,0.0,21167002.94086802,-4.889443516731262e-9 
 07/23  14:00:00,50162985.293320805,25764480.0,1325164.2997102814,23073340.993610524,21146019.929300774,0.0,9564480.0,0.0,0.0,24137560.074033946,-3.958120942115784e-9 
 07/23  15:00:00,50908712.5171437,25027200.0,1378941.5687781242,24502570.948365573,22575249.884055827,0.0,10627200.0,0.0,0.0,27744579.24970423,-2.3283064365386963e-9 
 07/23  16:00:00,48136133.55387457,23227200.0,1363646.0371642758,23545287.516710296,21617966.45240055,0.0,10627200.0,0.0,0.0,28202121.107828487,-2.3283064365386963e-9 
 07/23  17:00:00,41635520.83344184,19627200.0,1270501.56694523,20737819.266496606,18810498.20218686,0.0,10627200.0,0.0,0.0,22762315.913650133,-4.423782229423523e-9 
 07/23  18:00:00,40483789.291410595,21052800.0,1206033.2454880117,18224956.04592259,16297634.981612839,0.0,12052800.0,0.0,0.0,11661862.165248122,-7.2177499532699585e-9 
 07/23  19:00:00,38102706.59975744,21066480.0,1136544.5956399357,15899682.00411751,13972360.939807761,0.0,15666480.0,0.0,0.0,1307181.1700041802,-3.259629011154175e-9 
 07/23  20:00:00,28040839.703487694,10800000.0,1136544.5956399357,16104295.107847758,14176974.04353801,0.0,5400000.0,0.0,0.0,0.0,-1.5133991837501526e-9 
 07/23  21:00:00,5760000.0,5760000.0,0.0,0.0,0.0,0.0,5400000.0,0.0,0.0,0.0,-4.423782229423523e-9 
 07/23  22:00:00,1710000.0,1710000.0,0.0,0.0,0.0,0.0,1350000.0,0.0,0.0,0.0,2.3283064365386963e-10 
 07/23  23:00:00,1710000.0,1710000.0,0.0,0.0,0.0,0.0,1350000.0,0.0,0.0,0.0,-4.773028194904327e-9 
 07/23  24:00:00,1710000.0,1710000.0,0.0,0.0,0.0,0.0,1350000.0,0.0,0.0,0.0,-4.0745362639427185e-9 
 07/24  01:00:00,1710000.0,1710000.0,0.0,0.0,0.0,0.0,1350000.0,0.0,0.0,0.0,-1.1641532182693481e-9 
 07/24  02:00:00,1710000.0,1710000.0,0.0,0.0,0.0,0.0,1350000.0,0.0,0.0,0.0,4.656612873077393e-10 
 07/24  03:00:00,1710000.0,1710000.0,0.0,0.0,0.0,0.0,1350000.0,0.0,0.0,0.0,-2.0954757928848267e-9 
 07/24  04:00:00,1710000.0,1710000.0,0.0,0.0,0.0,0.0,1350000.0,0.0,0.0,0.0,-6.402842700481415e-10 
 07/24  05:00:00,1710000.0,1710000.0,0.0,0.0,0.0,0.0,1350000.0,0.0,0.0,0.0,-1.6880221664905548e-9 
 07/24  06:00:00,1710000.0,1710000.0,0.0,0.0,0.0,0.0,1350000.0,0.0,0.0,0.0,-1.8044374883174896e-9 
 07/24  07:00:00,16617924.689852133,1710000.0,1136544.5956399357,13771380.094212199,11908432.450842172,0.0,1350000.0,558035.624520604,558035.624520604,3363616.005087453,2.6193447411060333e-9 
 07/24  08:00:00,17025183.321834907,1505340.0,1136544.5956399357,14383298.726194974,12579534.083039407,0.0,1145340.0,158694.61645364366,158694.61645364366,18555640.41763537,-9.313225746154785e-10 
 07/24  09:00:00,39185157.65116401,22476600.0,1136824.19510625,15571733.456057757,13721950.857950946,0.0,15276600.0,0.0,0.0,31220186.33865193,-3.958120942115784e-9 
 07/24  10:00:00,51190843.19644965,30577680.0,1236862.7884589348,19376300.407990724,17460556.98331048,0.0,14377680.0,0.0,0.0,35338489.42753083,-7.334165275096893e-9 
 07/24  11:00:00,53507269.26218307,29080800.0,1348371.6054041644,23078097.65677891,21150776.592469163,0.0,12880800.0,0.0,0.0,29630988.623886872,-2.3283064365386963e-9 
 07/24  12:00:00,51276379.12382753,26295840.0,1326981.9291904785,23653557.194637053,21726236.130327307,0.0,10095840.0,0.0,0.0,24433912.651368536,-4.889443516731262e-9 
 07/24  13:00:00,48262073.02558046,24701760.0,1258283.990258097,22302029.035322364,20374707.97101262,0.0,8501760.0,0.0,0.0,25444254.123790715,-3.026798367500305e-9 
 07/24  14:00:00,50914616.11733748,25764480.0,1352659.4504859645,23797476.666851513,21870155.602541767,0.0,9564480.0,0.0,0.0,26360251.30651352,-1.6298145055770874e-9 
 07/24  15:00:00,50256844.477296144,25027200.0,1378475.1464752709,23851169.330820877,21923848.266511127,0.0,10627200.0,0.0,0.0,26188128.84908693,-4.6566128730773926e-9 
 07/24  16:00:00,47385165.94303411,23227200.0,1322879.58633586,22835086.356698256,20907765.29238851,0.0,10627200.0,0.0,0.0,22668128.937340003,-3.958120942115784e-9 
 07/24  17:00:00,42015695.43721718,20516400.0,1217273.5845153606,20282021.852701824,18354700.788392074,0.0,11516400.0,0.0,0.0,15126996.370734312,-4.889443516731262e-9 
 07/24  18:00:00,44048462.1513263,23842800.0,1175514.4801851164,19030147.67114118,17102826.606831435,0.0,14842800.0,0.0,0.0,8110781.339498738,-4.190951585769653e-9 
 07/24  19:00:00,39776003.84261195,21600000.0,1136544.5956399357,17039459.246972013,15112138.182662264,0.0,16200000.0,0.0,0.0,657950.0002327516,-4.6566128730773926e-9 
 07/24  20:00:00,28221834.430206105,10800000.0,1136544.5956399357,16285289.83456617,14357968.770256422,0.0,5400000.0,0.0,0.0,0.0,-2.7939677238464355e-9 
 07/24  21:00:00,5760000.0,5760000.0,0.0,0.0,0.0,0.0,5400000.0,0.0,0.0,0.0,-1.0477378964424133e-9 
 07/24  22:00:00,1710000.0,1710000.0,0.0,0.0,0.0,0.0,1350000.0,0.0,0.0,0.0,-2.3283064365386963e-9 
 07/24  23:00:00,1710000.0,1710000.0,0.0,0.0,0.0,0.0,1350000.0,0.0,0.0,0.0,-9.313225746154785e-10 
 07/24  24:00:00,1710000.0,1710000.0,0.0,0.0,0.0,0.0,1350000.0,0.0,0.0,0.0,-5.820766091346741e-10 
 07/25  01:00:00,1710000.0,1710000.0,0.0,0.0,0.0,0.0,1350000.0,0.0,0.0,0.0,-3.3760443329811096e-9 
 07/25  02:00:00,1710000.0,1710000.0,0.0,0.0,0.0,0.0,1350000.0,0.0,0.0,0.0,-1.0477378964424133e-9 
 07/25  03:00:00,1710000.0,1710000.0,0.0,0.0,0.0,0.0,1350000.0,0.0,0.0,0.0,-4.190951585769653e-9 
 07/25  04:00:00,1710000.0,1710000.0,0.0,0.0,0.0,0.0,1350000.0,0.0,0.0,0.0,-5.238689482212067e-10 
 07/25  05:00:00,1710000.0,1710000.0,0.0,0.0,0.0,0.0,1350000.0,0.0,0.0,0.0,-2.0372681319713593e-9 
 07/25  06:00:00,1710000.0,1710000.0,0.0,0.0,0.0,0.0,1350000.0,0.0,0.0,0.0,-1.9208528101444244e-9 
 07/25  07:00:00,16956834.13359822,1710000.0,1136544.5956399357,14110289.537958283,12241141.714175586,0.0,1350000.0,332880.71443843,332880.71443843,3487854.105682062,1.3969838619232178e-9 
 07/25  08:00:00,17601001.76839311,1505340.0,1136544.5956399357,14959117.172753172,13147412.134618748,0.0,1145340.0,15781.64319131987,15781.64319131987,20800044.552811142,1.3969838619232178e-9 
 07/25  09:00:00,40925518.942639984,23276880.0,1141569.6370584,16507069.305581586,14638415.323212203,0.0,16076880.0,0.0,0.0,35549784.594605014,-2.3283064365386963e-9 
 07/25  10:00:00,53025943.70365094,31480560.0,1233749.706086554,20311633.99756439,18388792.687688436,0.0,15280560.0,0.0,0.0,28327351.515433412,-6.170012056827545e-9 
 07/25  11:00:00,57555273.202818915,32284800.0,1338825.9370965804,23931647.265722334,22004326.20141259,0.0,16084800.0,0.0,0.0,25874614.119379517,-7.683411240577698e-9 
 07/25  12:00:00,55914358.737813056,30126240.0,1343363.5863846252,24444755.15142843,22517434.087118685,0.0,13926240.0,0.0,0.0,26341721.83652388,-4.6566128730773926e-9 
 07/25  13:00:00,47871620.244256385,24701760.0,1254392.5753016854,21915467.6689547,19988146.60464495,0.0,8501760.0,0.0,0.0,25434576.01566972,-2.3283064365386963e-9 
 07/25  14:00:00,50035830.98132153,25764480.0,1355948.5436387502,22915402.437682778,20988081.373373028,0.0,9564480.0,0.0,0.0,26661776.551524237,-3.4924596548080444e-9 
 07/25  15:00:00,49136194.69452371,25027200.0,1394653.1655799383,22714341.528943773,20787020.464634027,0.0,10627200.0,0.0,0.0,27471855.890378952,-3.958120942115784e-9 
 07/25  16:00:00,46757343.6059169,23227200.0,1360222.540400379,22169921.06551653,20242600.00120678,0.0,10627200.0,0.0,0.0,25504022.123818647,-7.916241884231567e-9 
 07/25  17:00:00,40927276.76268268,19627200.0,1248027.4564036068,20052049.30627907,18124728.241969325,0.0,10627200.0,0.0,0.0,17294161.570485845,-6.51925802230835e-9 
 07/25  18:00:00,43102877.354097754,22892400.0,1193167.7322176704,19017309.621880084,17089988.55757034,0.0,13892400.0,0.0,0.0,9234051.363302022,-4.423782229423523e-9 
 07/25  19:00:00,39877884.790981986,21600000.0,1136544.5956399357,17141340.19534205,15214019.131032305,0.0,16200000.0,0.0,0.0,1303891.750739132,-6.752088665962219e-9 
 07/25  20:00:00,29013905.9271973,10800000.0,1136544.5956399357,17077361.331557363,15150040.267247614,0.0,5400000.0,0.0,0.0,0.0,-1.280568540096283e-9 
 07/25  21:00:00,5760000.0,5760000.0,0.0,0.0,0.0,0.0,5400000.0,0.0,0.0,0.0,-3.026798367500305e-9 
 07/25  22:00:00,1710000.0,1710000.0,0.0,0.0,0.0,0.0,1350000.0,0.0,0.0,0.0,-5.005858838558197e-9 
 07/25  23:00:00,1710000.0,1710000.0,0.0,0.0,0.0,0.0,1350000.0,0.0,0.0,0.0,-3.4924596548080444e-10 
 07/25  24:00:00,1710000.0,1710000.0,0.0,0.0,0.0,0.0,1350000.0,0.0,0.0,0.0,-1.3969838619232178e-9 
 07/26  01:00:00,4950000.0,4950000.0,0.0,0.0,0.0,0.0,1350000.0,0.0,0.0,0.0,-3.725290298461914e-9 
 07/26  02:00:00,4950000.0,4950000.0,0.0,0.0,0.0,0.0,1350000.0,0.0,0.0,0.0,-4.6566128730773926e-9 
 07/26  03:00:00,4950000.0,4950000.0,0.0,0.0,0.0,0.0,1350000.0,0.0,0.0,0.0,-2.6775524020195007e-9 
 07/26  04:00:00,4950000.0,4950000.0,0.0,0.0,0.0,0.0,1350000.0,0.0,0.0,0.0,-6.752088665962219e-9 
 07/26  05:00:00,4950000.0,4950000.0,0.0,0.0,0.0,0.0,1350000.0,0.0,0.0,0.0,-1.862645149230957e-9 
 07/26  06:00:00,4950000.0,4950000.0,0.0,0.0,0.0,0.0,1350000.0,0.0,0.0,0.0,8.149072527885437e-10 
 07/26  07:00:00,4950000.0,4950000.0,0.0,0.0,0.0,0.0,1350000.0,0.0,0.0,875023.7141918156,8.731149137020111e-10 
 07/26  08:00:00,4926240.0,4926240.0,0.0,0.0,0.0,0.0,1326240.0,0.0,0.0,6921653.394058049,-2.9685907065868378e-9 
 07/26  09:00:00,4585140.0,4585140.0,0.0,0.0,0.0,0.0,985140.0,0.0,0.0,21053814.54207182,-2.3283064365386963e-9 
 07/26  10:00:00,4356720.0,4356720.0,0.0,0.0,0.0,0.0,756720.0,0.0,0.0,34853554.50331912,-2.2118911147117615e-9 
 07/26  11:00:00,4131360.0,4131360.0,0.0,0.0,0.0,0.0,531360.0,0.0,0.0,28870910.074063122,-8.149072527885437e-9 
 07/26  12:00:00,4131360.0,4131360.0,0.0,0.0,0.0,0.0,531360.0,0.0,0.0,22665606.660674058,-1.6298145055770874e-9 
 07/26  13:00:00,4131360.0,4131360.0,0.0,0.0,0.0,0.0,531360.0,0.0,0.0,21900694.933408175,-2.3283064365386963e-9 
 07/26  14:00:00,4131360.0,4131360.0,0.0,0.0,0.0,0.0,531360.0,0.0,0.0,27538412.956445873,-6.28642737865448e-9 
 07/26  15:00:00,4131360.0,4131360.0,0.0,0.0,0.0,0.0,531360.0,0.0,0.0,28509709.480776496,-2.7939677238464355e-9 
 07/26  16:00:00,4131360.0,4131360.0,0.0,0.0,0.0,0.0,531360.0,0.0,0.0,25387803.428516313,-5.587935447692871e-9 
 07/26  17:00:00,4131360.0,4131360.0,0.0,0.0,0.0,0.0,531360.0,0.0,0.0,22587727.002020877,-1.862645149230957e-9 
 07/26  18:00:00,4155120.0,4155120.0,0.0,0.0,0.0,0.0,555120.0,0.0,0.0,15796482.156704953,-1.862645149230957e-9 
 07/26  19:00:00,4881780.0,4881780.0,0.0,0.0,0.0,0.0,1281780.0,0.0,0.0,4045900.455712226,-4.656612873077393e-10 
 07/26  20:00:00,4950000.0,4950000.0,0.0,0.0,0.0,0.0,1350000.0,0.0,0.0,0.0,-5.820766091346741e-9 
 07/26  21:00:00,4950000.0,4950000.0,0.0,0.0,0.0,0.0,1350000.0,0.0,0.0,0.0,-3.026798367500305e-9 
 07/26  22:00:00,4950000.0,4950000.0,0.0,0.0,0.0,0.0,1350000.0,0.0,0.0,0.0,-1.979060471057892e-9 
 07/26  23:00:00,4950000.0,4950000.0,0.0,0.0,0.0,0.0,1350000.0,0.0,0.0,0.0,-3.958120942115784e-9 
 07/26  24:00:00,4950000.0,4950000.0,0.0,0.0,0.0,0.0,1350000.0,0.0,0.0,0.0,-3.026798367500305e-9 
 07/27  01:00:00,4950000.0,4950000.0,0.0,0.0,0.0,0.0,1350000.0,0.0,0.0,0.0,-5.820766091346741e-10 
 07/27  02:00:00,4950000.0,4950000.0,0.0,0.0,0.0,0.0,1350000.0,0.0,0.0,0.0,-5.820766091346741e-10 
 07/27  03:00:00,4950000.0,4950000.0,0.0,0.0,0.0,0.0,1350000.0,0.0,0.0,0.0,-2.561137080192566e-9 
 07/27  04:00:00,4950000.0,4950000.0,0.0,0.0,0.0,0.0,1350000.0,0.0,0.0,0.0,-1.5133991837501526e-9 
 07/27  05:00:00,4950000.0,4950000.0,0.0,0.0,0.0,0.0,1350000.0,0.0,0.0,0.0,-5.820766091346741e-10 
 07/27  06:00:00,4950000.0,4950000.0,0.0,0.0,0.0,0.0,1350000.0,0.0,0.0,0.0,4.656612873077393e-10 
 07/27  07:00:00,4950000.0,4950000.0,0.0,0.0,0.0,0.0,1350000.0,0.0,0.0,2122793.9090608517,-1.6298145055770874e-9 
 07/27  08:00:00,4813560.0,4813560.0,0.0,0.0,0.0,0.0,1213560.0,0.0,0.0,15165147.268836686,-2.9103830456733704e-9 
 07/27  09:00:00,4448700.0,4448700.0,0.0,0.0,0.0,0.0,848700.0,0.0,0.0,33176807.1953934,-3.725290298461914e-9 
 07/27  10:00:00,4356720.0,4356720.0,0.0,0.0,0.0,0.0,756720.0,0.0,0.0,34933000.88845981,-2.3283064365386963e-10 
 07/27  11:00:00,4264740.0,4264740.0,0.0,0.0,0.0,0.0,664740.0,0.0,0.0,28039065.14696627,-5.005858838558197e-9 
 07/27  12:00:00,4131360.0,4131360.0,0.0,0.0,0.0,0.0,531360.0,0.0,0.0,22605293.051244076,-3.841705620288849e-9 
 07/27  13:00:00,4131360.0,4131360.0,0.0,0.0,0.0,0.0,531360.0,0.0,0.0,21095533.056368344,-4.423782229423523e-9 
 07/27  14:00:00,4131360.0,4131360.0,0.0,0.0,0.0,0.0,531360.0,0.0,0.0,24257089.025301345,-2.3283064365386963e-10 
 07/27  15:00:00,4131360.0,4131360.0,0.0,0.0,0.0,0.0,531360.0,0.0,0.0,25887205.357813172,-4.190951585769653e-9 
 07/27  16:00:00,4131360.0,4131360.0,0.0,0.0,0.0,0.0,531360.0,0.0,0.0,23184566.105389502,-3.026798367500305e-9 
 07/27  17:00:00,4131360.0,4131360.0,0.0,0.0,0.0,0.0,531360.0,0.0,0.0,17893238.56370517,-1.3969838619232178e-9 
 07/27  18:00:00,4410360.0,4410360.0,0.0,0.0,0.0,0.0,810360.0,0.0,0.0,7665583.456152673,-3.026798367500305e-9 
 07/27  19:00:00,4950000.0,4950000.0,0.0,0.0,0.0,0.0,1350000.0,0.0,0.0,1283660.4505666872,-4.190951585769653e-9 
 07/27  20:00:00,4950000.0,4950000.0,0.0,0.0,0.0,0.0,1350000.0,0.0,0.0,0.0,-4.889443516731262e-9 
 07/27  21:00:00,4950000.0,4950000.0,0.0,0.0,0.0,0.0,1350000.0,0.0,0.0,0.0,-3.4924596548080444e-9 
 07/27  22:00:00,4950000.0,4950000.0,0.0,0.0,0.0,0.0,1350000.0,0.0,0.0,0.0,-8.149072527885437e-10 
 07/27  23:00:00,4950000.0,4950000.0,0.0,0.0,0.0,0.0,1350000.0,0.0,0.0,0.0,2.0954757928848267e-9 
 07/27  24:00:00,4950000.0,4950000.0,0.0,0.0,0.0,0.0,1350000.0,0.0,0.0,0.0,1.1641532182693481e-10 
 07/28  01:00:00,1710000.0,1710000.0,0.0,0.0,0.0,0.0,1350000.0,0.0,0.0,0.0,-1.280568540096283e-9 
 07/28  02:00:00,1710000.0,1710000.0,0.0,0.0,0.0,0.0,1350000.0,0.0,0.0,0.0,1.1641532182693481e-9 
 07/28  03:00:00,1710000.0,1710000.0,0.0,0.0,0.0,0.0,1350000.0,0.0,0.0,0.0,5.820766091346741e-10 
 07/28  04:00:00,1710000.0,1710000.0,0.0,0.0,0.0,0.0,1350000.0,0.0,0.0,0.0,-1.57160684466362e-9 
 07/28  05:00:00,1710000.0,1710000.0,0.0,0.0,0.0,0.0,1350000.0,0.0,0.0,0.0,-3.725290298461914e-9 
 07/28  06:00:00,1710000.0,1710000.0,0.0,0.0,0.0,0.0,1350000.0,0.0,0.0,0.0,1.6298145055770874e-9 
 07/28  07:00:00,17428076.26722697,1710000.0,1136544.5956399357,14581531.671587039,12702062.539945086,0.0,1350000.0,107285.76206904971,107285.76206904971,4040689.3181397635,-6.402842700481415e-10 
 07/28  08:00:00,17999996.753117234,1481580.0,1136544.5956399357,15381872.1574773,13556369.8441471,0.0,1121580.0,0.0,0.0,22016697.23716589,-8.149072527885437e-10 
 07/28  09:00:00,41128557.19795593,23276880.0,1136544.5956399357,16715132.602315988,14834757.587589242,0.0,16076880.0,0.0,0.0,27335615.446724646,-3.958120942115784e-9 
 07/28  10:00:00,51614489.81370963,31029120.0,1204328.2797368057,19381041.533972826,17453783.953848794,0.0,14829120.0,0.0,0.0,26697756.547647607,-3.259629011154175e-9 
 07/28  11:00:00,51865098.98023881,27716400.0,1307172.8501733541,22841526.13006546,20914205.065755714,0.0,11516400.0,0.0,0.0,28948456.89669338,-4.423782229423523e-9 
 07/28  12:00:00,53441005.2622087,28436760.0,1312446.2665384954,23691798.9956702,21764477.931360453,0.0,12236760.0,0.0,0.0,24434036.635943633,-3.725290298461914e-9 
 07/28  13:00:00,48137498.439780846,24701760.0,1219878.2968532196,22215860.142927624,20288539.07861788,0.0,8501760.0,0.0,0.0,21684761.224287197,-3.958120942115784e-9 
 07/28  14:00:00,51736889.465178534,25764480.0,1316274.3749156236,24656135.090262912,22728814.025953162,0.0,9564480.0,0.0,0.0,25949864.296915643,-5.820766091346741e-9 
 07/28  15:00:00,51477099.89262867,25027200.0,1343533.4607801712,25106366.431848504,23179045.367538758,0.0,10627200.0,0.0,0.0,25742855.030913264,-4.6566128730773926e-9 
 07/28  16:00:00,47102984.64630268,23227200.0,1265105.4396874555,22610679.206615224,20683358.14230548,0.0,10627200.0,0.0,0.0,16811250.780046813,-9.313225746154785e-9 
 07/28  17:00:00,44342094.820966505,24134400.0,1185856.8957678336,19021837.925198674,17094516.86088893,0.0,15134400.0,0.0,0.0,12709481.776307777,-3.725290298461914e-9 
 07/28  18:00:00,40651573.05845866,23367600.0,1151176.3044890347,16132796.75396963,14205475.689659884,0.0,14367600.0,0.0,0.0,8413609.999670897,6.984919309616089e-10 
 07/28  19:00:00,37124605.32958181,21600000.0,1136544.5956399357,14388060.733941875,12460530.245632853,0.0,16200000.0,190601.88850804762,190601.88850804762,1147195.712683308,-3.4924596548080444e-9 
 07/28  20:00:00,25771430.900149763,10800000.0,1136544.5956399357,13834886.304509826,11907144.205333821,0.0,5400000.0,383905.12704116513,383905.12704116513,0.0,-2.7939677238464355e-9 
 07/28  21:00:00,5760000.0,5760000.0,0.0,0.0,0.0,0.0,5400000.0,0.0,0.0,0.0,-5.820766091346741e-10 
 07/28  22:00:00,1710000.0,1710000.0,0.0,0.0,0.0,0.0,1350000.0,0.0,0.0,0.0,-4.423782229423523e-9 
 07/28  23:00:00,1710000.0,1710000.0,0.0,0.0,0.0,0.0,1350000.0,0.0,0.0,0.0,5.820766091346741e-10 
 07/28  24:00:00,1710000.0,1710000.0,0.0,0.0,0.0,0.0,1350000.0,0.0,0.0,0.0,-5.995389074087143e-9 
 07/29  01:00:00,1710000.0,1710000.0,0.0,0.0,0.0,0.0,1350000.0,0.0,0.0,0.0,-4.016328603029251e-9 
 07/29  02:00:00,1710000.0,1710000.0,0.0,0.0,0.0,0.0,1350000.0,0.0,0.0,0.0,-1.3387762010097504e-9 
 07/29  03:00:00,1710000.0,1710000.0,0.0,0.0,0.0,0.0,1350000.0,0.0,0.0,0.0,2.9103830456733704e-10 
 07/29  04:00:00,1710000.0,1710000.0,0.0,0.0,0.0,0.0,1350000.0,0.0,0.0,0.0,-2.852175384759903e-9 
 07/29  05:00:00,1710000.0,1710000.0,0.0,0.0,0.0,0.0,1350000.0,0.0,0.0,0.0,-8.731149137020111e-10 
 07/29  06:00:00,1710000.0,1710000.0,0.0,0.0,0.0,0.0,1350000.0,0.0,0.0,0.0,-1.1059455573558807e-9 
 07/29  07:00:00,17058271.607353978,1710000.0,1136544.5956399357,14211727.011714041,12352280.49034482,0.0,1350000.0,29042.00542837449,29042.00542837449,3203395.3241751185,1.7462298274040222e-9 
 07/29  08:00:00,17367899.78406635,1549800.0,1136544.5956399357,14681555.188426413,12878611.578527084,0.0,1189800.0,0.0,0.0,18253052.32951619,-2.2118911147117615e-9 
 07/29  09:00:00,39377608.39137456,22476600.0,1136544.5956399357,15764463.795734622,13915920.394220151,0.0,15276600.0,0.0,0.0,30994739.584601454,-5.820766091346741e-9 
 07/29  10:00:00,50249552.53193426,30577680.0,1201362.5609514306,18470509.970982827,16551070.517546427,0.0,14377680.0,0.0,0.0,30360546.969068266,-2.561137080192566e-9 
 07/29  11:00:00,50432158.787138775,26827200.0,1293242.4358854326,22311716.351253353,20384395.286943603,0.0,10627200.0,0.0,0.0,28854955.08992965,-1.1641532182693481e-9 
 07/29  12:00:00,52372671.16106288,27140580.0,1292233.3602828728,23939857.800780013,22012536.736470267,0.0,10940580.0,0.0,0.0,22389278.79651205,-3.026798367500305e-9 
 07/29  13:00:00,49331418.59794478,24701760.0,1223210.2791766848,23406448.3187681,21479127.254458353,0.0,8501760.0,0.0,0.0,21450356.003702976,-3.259629011154175e-9 
 07/29  14:00:00,53460319.77588738,25764480.0,1315098.9318841195,26380740.844003253,24453419.779693503,0.0,9564480.0,0.0,0.0,23828238.17236924,-4.423782229423523e-9 
 07/29  15:00:00,54240619.46109041,25027200.0,1361317.6796345417,27852101.781455867,25924780.71714612,0.0,10627200.0,0.0,0.0,24243565.121239386,-4.656612873077393e-10 
 07/29  16:00:00,51350318.169548705,23227200.0,1336264.1555049568,26786854.01404375,24859532.949734002,0.0,10627200.0,0.0,0.0,24594902.96492757,-7.2177499532699585e-9 
 07/29  17:00:00,44107582.698028214,19627200.0,1238505.8437786107,23241876.85424961,21314555.789939858,0.0,10627200.0,0.0,0.0,18299898.244499553,-2.3283064365386963e-9 
 07/29  18:00:00,53083189.07141428,31017600.0,1195028.9975666446,20870560.07384763,18943239.009537883,0.0,22017600.0,0.0,0.0,5447226.04668598,-2.3283064365386963e-9 
 07/29  19:00:00,40694900.99780951,21600000.0,1136544.5956399357,17958356.40216957,16031035.337859822,0.0,16200000.0,0.0,0.0,1351559.0341781653,0.0 
 07/29  20:00:00,29287628.49524861,10800000.0,1136544.5956399357,17351083.89960867,15423762.835298922,0.0,5400000.0,0.0,0.0,0.0,1.280568540096283e-9 
 07/29  21:00:00,5760000.0,5760000.0,0.0,0.0,0.0,0.0,5400000.0,0.0,0.0,0.0,-3.026798367500305e-9 
 07/29  22:00:00,1710000.0,1710000.0,0.0,0.0,0.0,0.0,1350000.0,0.0,0.0,0.0,1.0477378964424133e-9 
 07/29  23:00:00,1710000.0,1710000.0,0.0,0.0,0.0,0.0,1350000.0,0.0,0.0,0.0,-6.28642737865448e-9 
 07/29  24:00:00,1710000.0,1710000.0,0.0,0.0,0.0,0.0,1350000.0,0.0,0.0,0.0,-1.1641532182693481e-9 
 07/30  01:00:00,1710000.0,1710000.0,0.0,0.0,0.0,0.0,1350000.0,0.0,0.0,0.0,-1.862645149230957e-9 
 07/30  02:00:00,1710000.0,1710000.0,0.0,0.0,0.0,0.0,1350000.0,0.0,0.0,0.0,-3.259629011154175e-9 
 07/30  03:00:00,1710000.0,1710000.0,0.0,0.0,0.0,0.0,1350000.0,0.0,0.0,0.0,-2.2118911147117615e-9 
 07/30  04:00:00,1710000.0,1710000.0,0.0,0.0,0.0,0.0,1350000.0,0.0,0.0,0.0,-2.9685907065868378e-9 
 07/30  05:00:00,1710000.0,1710000.0,0.0,0.0,0.0,0.0,1350000.0,0.0,0.0,0.0,-1.57160684466362e-9 
 07/30  06:00:00,1710000.0,1710000.0,0.0,0.0,0.0,0.0,1350000.0,0.0,0.0,0.0,-2.561137080192566e-9 
 07/30  07:00:00,17135480.27010692,1710000.0,1136544.5956399357,14288935.674466984,12432632.817699458,0.0,1350000.0,176136.96898687212,176136.96898687212,5134577.023120543,-3.841705620288849e-9 
 07/30  08:00:00,18287837.148503337,1481580.0,1136544.5956399357,15669712.5528634,13862245.573429443,0.0,1121580.0,0.0,0.0,25028992.504160717,-1.7462298274040222e-9 
 07/30  09:00:00,40842289.22942619,22476600.0,1141444.6672511972,17224244.562174994,15353322.227882756,0.0,15276600.0,0.0,0.0,32223287.745988376,1.6298145055770874e-9 
 07/30  10:00:00,52675764.63015327,30126240.0,1247053.5071382932,21302471.123014975,19380136.279439252,0.0,13926240.0,0.0,0.0,32787868.51107602,-4.423782229423523e-9 
 07/30  11:00:00,53876048.98134155,27716400.0,1354736.8268755134,24804912.154466044,22877591.090156294,0.0,11516400.0,0.0,0.0,29263441.398408495,-8.149072527885437e-9 
 07/30  12:00:00,53895072.05318574,26295840.0,1340118.3536987253,26259113.699487016,24331792.635177266,0.0,10095840.0,0.0,0.0,24058556.350017935,-3.026798367500305e-9 
 07/30  13:00:00,50553198.29006712,24701760.0,1253238.6563076815,24598199.63375944,22670878.569449693,0.0,8501760.0,0.0,0.0,22575041.883236382,-1.234002411365509e-8 
 07/30  14:00:00,53906184.38667272,25764480.0,1368327.7101436707,26773376.67652905,24846055.612219304,0.0,9564480.0,0.0,0.0,27090435.551296853,-3.4924596548080444e-9 
 07/30  15:00:00,52372921.60365806,25027200.0,1390327.3505305466,25955394.25312752,24028073.188817773,0.0,10627200.0,0.0,0.0,25406707.355459254,-4.889443516731262e-9 
 07/30  16:00:00,48257078.50559125,24116400.0,1297743.981490136,22842934.524101116,20915613.45979137,0.0,11516400.0,0.0,0.0,17970894.93905026,-6.51925802230835e-9 
 07/30  17:00:00,50247567.79244144,30067200.0,1192341.8724251688,18988025.920016278,17060704.85570653,0.0,21067200.0,0.0,0.0,7701059.948262281,-3.958120942115784e-9 
 07/30  18:00:00,44103179.75941787,25207200.0,1156711.542679123,17739268.21673875,15811947.152429,0.0,16207200.0,0.0,0.0,7093479.152345713,-2.3283064365386963e-9 
 07/30  19:00:00,39613601.89844573,21600000.0,1136544.5956399357,16877057.302805796,14949736.23849605,0.0,16200000.0,0.0,0.0,1344142.1152731343,-2.0954757928848267e-9 
 07/30  20:00:00,29041933.868231017,10800000.0,1136544.5956399357,17105389.27259108,15178068.208281333,0.0,5400000.0,0.0,0.0,0.0,-4.423782229423523e-9 
 07/30  21:00:00,5760000.0,5760000.0,0.0,0.0,0.0,0.0,5400000.0,0.0,0.0,0.0,-1.979060471057892e-9 
 07/30  22:00:00,1710000.0,1710000.0,0.0,0.0,0.0,0.0,1350000.0,0.0,0.0,0.0,-6.984919309616089e-10 
 07/30  23:00:00,1710000.0,1710000.0,0.0,0.0,0.0,0.0,1350000.0,0.0,0.0,0.0,-4.656612873077393e-10 
 07/30  24:00:00,1710000.0,1710000.0,0.0,0.0,0.0,0.0,1350000.0,0.0,0.0,0.0,-3.4924596548080444e-10 
 07/31  01:00:00,1710000.0,1710000.0,0.0,0.0,0.0,0.0,1350000.0,0.0,0.0,0.0,-5.820766091346741e-10 
 07/31  02:00:00,1710000.0,1710000.0,0.0,0.0,0.0,0.0,1350000.0,0.0,0.0,0.0,-4.0745362639427185e-10 
 07/31  03:00:00,1710000.0,1710000.0,0.0,0.0,0.0,0.0,1350000.0,0.0,0.0,0.0,-1.2223608791828156e-9 
 07/31  04:00:00,1710000.0,1710000.0,0.0,0.0,0.0,0.0,1350000.0,0.0,0.0,0.0,-2.561137080192566e-9 
 07/31  05:00:00,1710000.0,1710000.0,0.0,0.0,0.0,0.0,1350000.0,0.0,0.0,0.0,-1.862645149230957e-9 
 07/31  06:00:00,1710000.0,1710000.0,0.0,0.0,0.0,0.0,1350000.0,0.0,0.0,0.0,-1.7462298274040222e-9 
 07/31  07:00:00,18641395.711734205,1710000.0,1136544.5956399357,15794851.116094269,13906322.287791865,0.0,1350000.0,0.0,0.0,1609922.5314105684,-1.7462298274040222e-10 
 07/31  08:00:00,19813161.428572133,1573560.0,1136544.5956399357,17103056.8329322,15261895.20091854,0.0,1213560.0,0.0,0.0,12751622.703259686,-3.0850060284137726e-9 
 07/31  09:00:00,42200569.26643887,22476600.0,1136544.5956399357,18587424.67079893,16706849.532467611,0.0,15276600.0,0.0,0.0,31234672.273328796,-1.862645149230957e-9 
 07/31  10:00:00,53634329.23982389,30577680.0,1239022.4724978167,21817626.767326068,19892444.987387657,0.0,14377680.0,0.0,0.0,34713323.56421776,-5.471520125865936e-9 
 07/31  11:00:00,53321648.527275756,26827200.0,1359926.3705374198,25134522.156738337,23207201.092428587,0.0,10627200.0,0.0,0.0,29178524.96353043,-4.889443516731262e-9 
 07/31  12:00:00,55619794.90849686,28888200.0,1361850.2125918947,25369744.69590497,23442423.631595224,0.0,12688200.0,0.0,0.0,25392226.76280293,-3.725290298461914e-9 
 07/31  13:00:00,53404380.27862892,28687680.0,1262540.9604366554,23454159.318192266,21526838.253882524,0.0,12487680.0,0.0,0.0,21745994.01190382,-5.122274160385132e-9 
 07/31  14:00:00,51930462.87823192,25764480.0,1329120.6091363584,24836862.269095562,22909541.204785816,0.0,9564480.0,0.0,0.0,24189923.843412604,-4.889443516731262e-9 
 07/31  15:00:00,51907471.8510204,25027200.0,1335504.165656916,25544767.685363494,23617446.62105374,0.0,10627200.0,0.0,0.0,24062926.919182334,-5.3551048040390015e-9 
 07/31  16:00:00,48897479.32884154,23227200.0,1278746.930455588,24391532.398385946,22464211.3340762,0.0,10627200.0,0.0,0.0,21213787.62489383,0.0 
 07/31  17:00:00,42596067.331444174,19627200.0,1200349.7341674608,21768517.59727671,19841196.532966964,0.0,10627200.0,0.0,0.0,18357935.320600506,-4.6566128730773926e-9 
 07/31  18:00:00,42362637.220969535,22003200.0,1161559.3364981827,19197877.884471357,17270556.820161607,0.0,13003200.0,0.0,0.0,9847064.393339831,-3.958120942115784e-9 
 07/31  19:00:00,39914199.36873767,21600000.0,1136544.5956399357,17177654.773097727,15250333.708787981,0.0,16200000.0,0.0,0.0,928425.1330065401,-5.122274160385132e-9 
 07/31  20:00:00,28389215.253364194,10800000.0,1136544.5956399357,16452670.657724256,14525349.593414508,0.0,5400000.0,0.0,0.0,0.0,-5.820766091346741e-10 
 07/31  21:00:00,5760000.0,5760000.0,0.0,0.0,0.0,0.0,5400000.0,0.0,0.0,0.0,5.820766091346741e-10 
 07/31  22:00:00,1710000.0,1710000.0,0.0,0.0,0.0,0.0,1350000.0,0.0,0.0,0.0,-5.471520125865936e-9 
 07/31  23:00:00,1710000.0,1710000.0,0.0,0.0,0.0,0.0,1350000.0,0.0,0.0,0.0,-1.1641532182693481e-9 
 07/31  24:00:00,1710000.0,1710000.0,0.0,0.0,0.0,0.0,1350000.0,0.0,0.0,0.0,-1.7462298274040222e-9 
