Date/Time,Electricity:Facility [J](Hourly),Electricity:Building [J](Hourly),Electricity:HVAC [J](Hourly),Electricity:Plant [J](Hourly),Cooling:Electricity [J](Hourly),Heating:Electricity [J](Hourly),InteriorLights:Electricity [J](Hourly),NaturalGas:Facility [J](Hourly),NaturalGas:Plant [J](Hourly),TOTAL BUILDING INSIDE FACE SOLAR RADIATION HEAT GAIN ENERGY [J](Hourly),TOTAL BUILDING INSIDE FACE NET SURFACE THERMAL RADIATION HEAT GAIN ENERGY [J](Hourly) 
 01/01  01:00:00,2846544.5956399357,1710000.0,1136544.5956399357,0.0,0.0,0.0,1350000.0,0.0,0.0,0.0,2.3283064365386963e-10 
 01/01  02:00:00,2846544.5956399357,1710000.0,1136544.5956399357,0.0,0.0,0.0,1350000.0,0.0,0.0,0.0,5.238689482212067e-10 
 01/01  03:00:00,2846544.5956399357,1710000.0,1136544.5956399357,0.0,0.0,0.0,1350000.0,0.0,0.0,0.0,-1.7462298274040222e-9 
 01/01  04:00:00,2846544.5956399357,1710000.0,1136544.5956399357,0.0,0.0,0.0,1350000.0,0.0,0.0,0.0,5.820766091346741e-11 
 01/01  05:00:00,2846544.5956399357,1710000.0,1136544.5956399357,0.0,0.0,0.0,1350000.0,0.0,0.0,0.0,-2.9685907065868378e-9 
 01/01  06:00:00,2846544.5956399357,1710000.0,1136544.5956399357,0.0,0.0,0.0,1350000.0,0.0,0.0,0.0,-1.1641532182693481e-10 
 01/01  07:00:00,13512058.174636904,1710000.0,1136544.5956399357,10665513.57899697,9465411.286532752,0.0,1350000.0,4954851.032670312,4954851.032670312,0.0,-5.238689482212067e-10 
 01/01  08:00:00,14073281.315689359,1710000.0,1136544.5956399357,11226736.720049422,9977813.369942443,0.0,1350000.0,4944251.166786938,4944251.166786938,1285900.8836988434,-3.2014213502407074e-9 
 01/01  09:00:00,42766565.03927712,29416680.0,1136544.5956399357,12213340.443637189,10846628.158334814,0.0,22216680.0,4817152.534044748,4817152.534044748,6940997.8258881755,-2.9103830456733704e-9 
 01/01  10:00:00,49808076.18580195,35762400.0,1136544.5956399357,12909131.59016202,11509440.395568013,0.0,19562400.0,4469028.281952992,4469028.281952992,10712775.628159016,-5.820766091346741e-10 
 01/01  11:00:00,44857051.28784382,30384000.0,1136664.1163833346,13336387.171460487,11926423.73558997,0.0,14184000.0,4309056.199375286,4309056.199375286,17521361.43223917,-3.958120942115784e-9 
 01/01  12:00:00,41745330.873371854,27140580.0,1144225.5242049845,13460525.349166866,12006521.466998607,0.0,10940580.0,3842480.827070444,3842480.827070444,19561041.61445111,-4.656612873077393e-10 
 01/01  13:00:00,39165507.05808186,24701760.0,1142903.7360831173,13320843.321998741,11836700.71961904,0.0,8501760.0,4195289.122156696,4195289.122156696,20194083.513535425,-6.984919309616089e-9 
 01/01  14:00:00,39747384.73910559,25764480.0,1145012.580304776,12837892.158800814,11357658.437046789,0.0,9564480.0,4251822.086973911,4251822.086973911,16595597.149741745,-4.6566128730773926e-9 
 01/01  15:00:00,38553308.353589974,25027200.0,1149643.0773979092,12376465.276192065,10916940.446350168,0.0,10627200.0,3820351.7156902216,3820351.7156902216,17104578.473458078,-1.862645149230957e-9 
 01/01  16:00:00,38857942.23706858,25894800.0,1137302.3403889234,11825839.89667965,10388696.885579772,0.0,13294800.0,5281525.8369723605,5281525.8369723605,13498668.382655807,-2.3283064365386963e-9 
 01/01  17:00:00,39443967.383341864,26740800.0,1136544.5956399357,11566622.787701929,10125895.651297633,0.0,17740800.0,5197579.824899313,5197579.824899313,9253428.183130987,-2.7939677238464355e-9 
 01/01  18:00:00,48321574.39023989,36000000.0,1136544.5956399357,11185029.794599956,9773726.722471522,0.0,27000000.0,5133440.333702711,5133440.333702711,917752.4543559623,-3.259629011154175e-9 
 01/01  19:00:00,33716317.73595844,21600000.0,1136544.5956399357,10979773.140318502,9604948.428134598,0.0,16200000.0,5108904.4209237425,5108904.4209237425,0.0,-5.3551048040390015e-9 
 01/01  20:00:00,22607062.71160382,10800000.0,1136544.5956399357,10670518.115963884,9397879.81979317,0.0,5400000.0,5101644.766039007,5101644.766039007,0.0,-8.149072527885437e-10 
 01/01  21:00:00,6896544.595639936,5760000.0,1136544.5956399357,0.0,0.0,0.0,5400000.0,0.0,0.0,0.0,-3.6088749766349792e-9 
 01/01  22:00:00,2846544.5956399357,1710000.0,1136544.5956399357,0.0,0.0,0.0,1350000.0,0.0,0.0,0.0,-1.6298145055770874e-9 
 01/01  23:00:00,2846544.5956399357,1710000.0,1136544.5956399357,0.0,0.0,0.0,1350000.0,0.0,0.0,0.0,-2.2118911147117615e-9 
 01/01  24:00:00,2846544.5956399357,1710000.0,1136544.5956399357,0.0,0.0,0.0,1350000.0,0.0,0.0,0.0,8.731149137020111e-10 
 01/02  01:00:00,2846544.5956399357,1710000.0,1136544.5956399357,0.0,0.0,0.0,1350000.0,0.0,0.0,0.0,-9.313225746154785e-10 
 01/02  02:00:00,2846544.5956399357,1710000.0,1136544.5956399357,0.0,0.0,0.0,1350000.0,0.0,0.0,0.0,-2.5029294192790985e-9 
 01/02  03:00:00,2846544.5956399357,1710000.0,1136544.5956399357,0.0,0.0,0.0,1350000.0,0.0,0.0,0.0,-7.566995918750763e-10 
 01/02  04:00:00,2846544.5956399357,1710000.0,1136544.5956399357,0.0,0.0,0.0,1350000.0,0.0,0.0,0.0,-8.149072527885437e-10 
 01/02  05:00:00,2846544.5956399357,1710000.0,1136544.5956399357,0.0,0.0,0.0,1350000.0,0.0,0.0,0.0,-2.561137080192566e-9 
 01/02  06:00:00,2846544.5956399357,1710000.0,1136544.5956399357,0.0,0.0,0.0,1350000.0,0.0,0.0,0.0,-1.57160684466362e-9 
 01/02  07:00:00,12299144.7423921,1710000.0,1136544.5956399357,9452600.146752164,8384839.980697118,0.0,1350000.0,4990769.068384333,4990769.068384333,120302.78100591252,1.949956640601158e-9 
 01/02  08:00:00,13324704.2969689,1686240.0,1136544.5956399357,10501919.701328963,9338819.035835493,0.0,1326240.0,4972937.034505877,4972937.034505877,3134690.785862457,3.521563485264778e-9 
 01/02  09:00:00,37875493.70873006,24932520.0,1136544.5956399357,11806429.113090115,10481927.9836631,0.0,17732520.0,4970984.124778036,4970984.124778036,15014402.2661013,-3.841705620288849e-9 
 01/02  10:00:00,43799957.99258817,30126240.0,1150848.051412204,12522869.941175967,11128867.420150673,0.0,13926240.0,3991026.099779479,3991026.099779479,22993479.751993783,-3.725290298461914e-9 
 01/02  11:00:00,40464732.387310244,26827200.0,1170358.0607135869,12467174.32659665,11083141.160129083,0.0,10627200.0,2610089.870036594,2610089.870036594,22540737.27255569,1.6298145055770874e-9 
 01/02  12:00:00,39182251.82835154,26295840.0,1170672.5523141832,11715739.276037354,10418624.469727194,0.0,10095840.0,2356957.2605767488,2356957.2605767488,23030796.836672224,-3.725290298461914e-9 
 01/02  13:00:00,36787738.419643454,24701760.0,1156470.694953537,10929507.724689914,9710643.343528124,0.0,8501760.0,3453300.137173585,3453300.137173585,20443586.31270275,-2.0954757928848267e-9 
 01/02  14:00:00,39515283.65180086,28165320.0,1157076.1697085905,10192887.482092272,9034567.51773577,0.0,11965320.0,3194529.2802347317,3194529.2802347317,14599842.867598038,-5.122274160385132e-9 
 01/02  15:00:00,37880243.45743081,26805600.0,1152345.4601495964,9922297.997281212,8770094.938268822,0.0,12405600.0,3593770.161242584,3593770.161242584,13082320.416186294,-6.51925802230835e-9 
 01/02  16:00:00,34362913.40885578,23227200.0,1144534.8419031573,9991178.566952622,8784347.581754692,0.0,10627200.0,4480089.826109323,4480089.826109323,18967001.86479556,-5.587935447692871e-9 
 01/02  17:00:00,31729615.521455415,20516400.0,1136544.5956399357,10076670.925815474,8827694.744531266,0.0,11516400.0,5418339.014672259,5418339.014672259,17432724.38889192,-6.752088665962219e-9 
 01/02  18:00:00,44477793.25435462,33210000.0,1145488.6268835422,10122304.627471073,8857596.632761298,0.0,24210000.0,4166557.0675115087,4166557.0675115087,10130322.104522584,-5.122274160385132e-9 
 01/02  19:00:00,32832127.065429345,21600000.0,1136544.5956399357,10095582.469789406,8826241.197444495,0.0,16200000.0,5223920.386746451,5223920.386746451,0.0,-2.3283064365386963e-10 
 01/02  20:00:00,21609180.290978335,10800000.0,1136544.5956399357,9672635.695338396,8516332.01697619,0.0,5400000.0,5143814.054957088,5143814.054957088,0.0,-2.6775524020195007e-9 
 01/02  21:00:00,6896544.595639936,5760000.0,1136544.5956399357,0.0,0.0,0.0,5400000.0,0.0,0.0,0.0,-2.7939677238464355e-9 
 01/02  22:00:00,2846544.5956399357,1710000.0,1136544.5956399357,0.0,0.0,0.0,1350000.0,0.0,0.0,0.0,-5.820766091346741e-10 
 01/02  23:00:00,2846544.5956399357,1710000.0,1136544.5956399357,0.0,0.0,0.0,1350000.0,0.0,0.0,0.0,-5.820766091346741e-10 
 01/02  24:00:00,2846544.5956399357,1710000.0,1136544.5956399357,0.0,0.0,0.0,1350000.0,0.0,0.0,0.0,2.153683453798294e-9 
 01/03  01:00:00,2846544.5956399357,1710000.0,1136544.5956399357,0.0,0.0,0.0,1350000.0,0.0,0.0,0.0,-2.852175384759903e-9 
 01/03  02:00:00,2846544.5956399357,1710000.0,1136544.5956399357,0.0,0.0,0.0,1350000.0,0.0,0.0,0.0,-2.735760062932968e-9 
 01/03  03:00:00,2846544.5956399357,1710000.0,1136544.5956399357,0.0,0.0,0.0,1350000.0,0.0,0.0,0.0,-5.820766091346741e-11 
 01/03  04:00:00,2846544.5956399357,1710000.0,1136544.5956399357,0.0,0.0,0.0,1350000.0,0.0,0.0,0.0,-2.3865140974521637e-9 
 01/03  05:00:00,2846544.5956399357,1710000.0,1136544.5956399357,0.0,0.0,0.0,1350000.0,0.0,0.0,0.0,-2.3283064365386963e-10 
 01/03  06:00:00,2846544.5956399357,1710000.0,1136544.5956399357,0.0,0.0,0.0,1350000.0,0.0,0.0,0.0,-1.4842953532934189e-9 
 01/03  07:00:00,12840449.197070614,1710000.0,1136544.5956399357,9993904.601430677,8890211.358426552,0.0,1350000.0,5009634.8781729825,5009634.8781729825,50347.617590523354,6.693881005048752e-10 
 01/03  08:00:00,13820445.146170808,1710000.0,1136544.5956399357,10973900.550530873,9762424.805295007,0.0,1350000.0,4997989.692560365,4997989.692560365,2345935.9210642753,3.0850060284137726e-9 
 01/03  09:00:00,38861958.90325969,25732800.0,1136544.5956399357,11992614.307619747,10654740.345571391,0.0,18532800.0,5011221.6999302115,5011221.6999302115,13098447.23353313,-2.0954757928848267e-9 
 01/03  10:00:00,43592195.65280683,30126240.0,1148027.6034529037,12317928.049353927,10945805.272630956,0.0,13926240.0,4251719.685321431,4251719.685321431,23049997.5148838,-5.9371814131736755e-9 
 01/03  11:00:00,40144262.6544613,26827200.0,1174975.0572310986,12142087.597230209,10800414.421959043,0.0,10627200.0,2325475.2984529287,2325475.2984529287,24427143.46166271,-4.423782229423523e-9 
 01/03  12:00:00,38874972.06400165,26295840.0,1170505.4815407486,11408626.582460893,10136684.118407859,0.0,10095840.0,2443409.072428661,2443409.072428661,22735536.06647984,-1.1641532182693481e-9 
 01/03  13:00:00,36671484.15664756,24701760.0,1154619.936936753,10815104.219710816,9571358.38273735,0.0,8501760.0,3665761.1633218136,3665761.1633218136,21066023.642110653,-1.3969838619232178e-9 
 01/03  14:00:00,37328895.01521849,25764480.0,1163464.2824963066,10400950.732722186,9202366.793863103,0.0,9564480.0,2613471.963102032,2613471.963102032,20210581.871490557,-5.3551048040390015e-9 
 01/03  15:00:00,36663365.01032881,25027200.0,1168237.0614687908,10467927.948860016,9252648.260960814,0.0,10627200.0,2065743.0756868217,2065743.0756868217,18668049.969245087,-3.725290298461914e-9 
 01/03  16:00:00,36802534.44095561,25005600.0,1140120.9969354859,10656813.444020126,9371250.467023978,0.0,12405600.0,5263467.8854710795,5263467.8854710795,13255184.605012933,-3.4924596548080444e-9 
 01/03  17:00:00,34454791.59166458,22294800.0,1136544.5956399357,11023446.99602465,9659807.160587586,0.0,13294800.0,5365852.889516678,5365852.889516678,15055879.488950826,-8.381903171539307e-9 
 01/03  18:00:00,47149776.78869334,35049600.0,1137303.4040289414,10962873.384664398,9588241.778295545,0.0,26049600.0,5095847.293377088,5095847.293377088,5402140.48393959,-4.423782229423523e-9 
 01/03  19:00:00,33605754.4819448,21600000.0,1136544.5956399357,10869209.886304865,9507750.540505283,0.0,16200000.0,5146169.1071307445,5146169.1071307445,0.0,-1.6298145055770874e-9 
 01/03  20:00:00,22476638.65333339,10800000.0,1136544.5956399357,10540094.057693452,9282515.437637795,0.0,5400000.0,5114103.257698312,5114103.257698312,0.0,3.4924596548080444e-10 
 01/03  21:00:00,6896544.595639936,5760000.0,1136544.5956399357,0.0,0.0,0.0,5400000.0,0.0,0.0,0.0,-3.259629011154175e-9 
 01/03  22:00:00,2846544.5956399357,1710000.0,1136544.5956399357,0.0,0.0,0.0,1350000.0,0.0,0.0,0.0,-1.280568540096283e-9 
 01/03  23:00:00,2846544.5956399357,1710000.0,1136544.5956399357,0.0,0.0,0.0,1350000.0,0.0,0.0,0.0,-2.6775524020195007e-9 
 01/03  24:00:00,2846544.5956399357,1710000.0,1136544.5956399357,0.0,0.0,0.0,1350000.0,0.0,0.0,0.0,-2.735760062932968e-9 
 01/04  01:00:00,2846544.5956399357,1710000.0,1136544.5956399357,0.0,0.0,0.0,1350000.0,0.0,0.0,0.0,-2.9685907065868378e-9 
 01/04  02:00:00,2846544.5956399357,1710000.0,1136544.5956399357,0.0,0.0,0.0,1350000.0,0.0,0.0,0.0,4.0745362639427185e-10 
 01/04  03:00:00,2846544.5956399357,1710000.0,1136544.5956399357,0.0,0.0,0.0,1350000.0,0.0,0.0,0.0,-2.3283064365386963e-9 
 01/04  04:00:00,2846544.5956399357,1710000.0,1136544.5956399357,0.0,0.0,0.0,1350000.0,0.0,0.0,0.0,1.6880221664905548e-9 
 01/04  05:00:00,2846544.5956399357,1710000.0,1136544.5956399357,0.0,0.0,0.0,1350000.0,0.0,0.0,0.0,-1.280568540096283e-9 
 01/04  06:00:00,2846544.5956399357,1710000.0,1136544.5956399357,0.0,0.0,0.0,1350000.0,0.0,0.0,0.0,-1.949956640601158e-9 
 01/04  07:00:00,13176169.561049454,1710000.0,1136544.5956399357,10329624.965409517,9201876.064316977,0.0,1350000.0,5104066.544920111,5104066.544920111,265391.7848388741,1.3387762010097504e-9 
 01/04  08:00:00,13938738.212046532,1710000.0,1136544.5956399357,11092193.616406597,9885338.17911958,0.0,1350000.0,5101134.182877374,5101134.182877374,2720215.96686369,-3.4924596548080444e-10 
 01/04  09:00:00,39545094.713686496,26960760.0,1136544.5956399357,11447790.11804656,10189791.18672079,0.0,19760760.0,5103896.743762134,5103896.743762134,10915179.99882581,-5.471520125865936e-9 
 01/04  10:00:00,42638526.805822104,30126240.0,1142929.091522513,11369357.71429959,10119546.28616547,0.0,13926240.0,4594494.489786159,4594494.489786159,20947124.196797367,-4.423782229423523e-9 
 01/04  11:00:00,41628044.839003846,29494800.0,1158131.4937522616,10975113.345251579,9770317.278187817,0.0,13294800.0,3368514.8389957016,3368514.8389957016,20008026.32819129,-2.0954757928848267e-9 
 01/04  12:00:00,38143456.977139495,26295840.0,1164889.646432031,10682727.330707466,9507156.36724798,0.0,10095840.0,2744578.5752611505,2744578.5752611505,23201729.606755972,-1.862645149230957e-9 
 01/04  13:00:00,36412672.86573167,24701760.0,1154281.705502552,10556631.160229124,9353683.562807277,0.0,8501760.0,3630323.518536958,3630323.518536958,21999499.46546644,-3.958120942115784e-9 
 01/04  14:00:00,37378025.38339217,25764480.0,1165203.9970524407,10448341.386339732,9255272.725183742,0.0,9564480.0,2404240.5932473186,2404240.5932473186,20085381.20714704,-3.259629011154175e-9 
 01/04  15:00:00,36485682.15308134,25027200.0,1181313.9104233426,10277168.242658,9100121.772203721,0.0,10627200.0,927500.345048954,927500.345048954,20720816.075937044,-1.3969838619232178e-9 
 01/04  16:00:00,34501462.8221391,23227200.0,1165218.9492645701,10109043.872874528,8898188.332869763,0.0,10627200.0,2336088.9506171304,2336088.9506171304,20598488.579537373,-4.190951585769653e-9 
 01/04  17:00:00,33225684.661943547,22294800.0,1136544.5956399357,9794340.066303613,8573186.482874077,0.0,13294800.0,5732468.255797293,5732468.255797293,14760015.06198512,-9.313225746154785e-9 
 01/04  18:00:00,43901105.395668685,33210000.0,1148634.1568481878,9542471.2388205,8342944.081375038,0.0,24210000.0,3902176.641441401,3902176.641441401,10955585.367261542,-2.561137080192566e-9 
 01/04  19:00:00,32014932.59557584,21600000.0,1136544.5956399357,9278387.999935905,8106258.814128341,0.0,16200000.0,5304473.886618181,5304473.886618181,0.0,-2.0954757928848267e-9 
 01/04  20:00:00,20950282.56833774,10800000.0,1136544.5956399357,9013737.972697798,7940021.231328415,0.0,5400000.0,5175935.692050211,5175935.692050211,0.0,-1.979060471057892e-9 
 01/04  21:00:00,6896544.595639936,5760000.0,1136544.5956399357,0.0,0.0,0.0,5400000.0,0.0,0.0,0.0,-1.5133991837501526e-9 
 01/04  22:00:00,2846544.5956399357,1710000.0,1136544.5956399357,0.0,0.0,0.0,1350000.0,0.0,0.0,0.0,-2.444721758365631e-9 
 01/04  23:00:00,2846544.5956399357,1710000.0,1136544.5956399357,0.0,0.0,0.0,1350000.0,0.0,0.0,0.0,-4.307366907596588e-9 
 01/04  24:00:00,2846544.5956399357,1710000.0,1136544.5956399357,0.0,0.0,0.0,1350000.0,0.0,0.0,0.0,1.6298145055770874e-9 
 01/05  01:00:00,6086544.595639936,4950000.0,1136544.5956399357,0.0,0.0,0.0,1350000.0,0.0,0.0,0.0,-1.2223608791828156e-9 
 01/05  02:00:00,6086544.595639936,4950000.0,1136544.5956399357,0.0,0.0,0.0,1350000.0,0.0,0.0,0.0,8.149072527885437e-10 
 01/05  03:00:00,6086544.595639936,4950000.0,1136544.5956399357,0.0,0.0,0.0,1350000.0,0.0,0.0,0.0,-3.550667315721512e-9 
 01/05  04:00:00,6086544.595639936,4950000.0,1136544.5956399357,0.0,0.0,0.0,1350000.0,0.0,0.0,0.0,-4.0745362639427185e-10 
 01/05  05:00:00,6086544.595639936,4950000.0,1136544.5956399357,0.0,0.0,0.0,1350000.0,0.0,0.0,0.0,-1.1059455573558807e-9 
 01/05  06:00:00,6086544.595639936,4950000.0,1136544.5956399357,0.0,0.0,0.0,1350000.0,0.0,0.0,0.0,1.1641532182693481e-10 
 01/05  07:00:00,6086544.595639936,4950000.0,1136544.5956399357,0.0,0.0,0.0,1350000.0,0.0,0.0,1598472.6453198807,-3.0850060284137726e-9 
 01/05  08:00:00,5994564.595639936,4858020.0,1136544.5956399357,0.0,0.0,0.0,1258020.0,0.0,0.0,9778203.5159698,-2.561137080192566e-9 
 01/05  09:00:00,5721684.595639936,4585140.0,1136544.595639936,0.0,0.0,0.0,985140.0,0.0,0.0,21363729.928510703,-3.841705620288849e-9 
 01/05  10:00:00,5469504.595639936,4332960.0,1136544.5956399357,0.0,0.0,0.0,732960.0,0.0,0.0,22485905.57154746,-1.3969838619232178e-9 
 01/05  11:00:00,5401284.595639936,4264740.0,1136544.5956399357,0.0,0.0,0.0,664740.0,0.0,0.0,20784173.603717983,-1.5133991837501526e-9 
 01/05  12:00:00,5267904.595639936,4131360.0,1136544.5956399357,0.0,0.0,0.0,531360.0,0.0,0.0,21303690.414851006,-5.122274160385132e-9 
 01/05  13:00:00,5267904.595639936,4131360.0,1136544.5956399357,0.0,0.0,0.0,531360.0,0.0,0.0,22066986.73616872,-1.6298145055770874e-9 
 01/05  14:00:00,5267904.595639936,4131360.0,1136544.5956399357,0.0,0.0,0.0,531360.0,0.0,0.0,20238939.095332496,-5.704350769519806e-9 
 01/05  15:00:00,5267904.595639936,4131360.0,1136544.5956399357,0.0,0.0,0.0,531360.0,0.0,0.0,20859409.50205967,-3.026798367500305e-9 
 01/05  16:00:00,5267904.595639936,4131360.0,1136544.5956399357,0.0,0.0,0.0,531360.0,0.0,0.0,21960070.108331166,-7.683411240577698e-9 
 01/05  17:00:00,5312364.595639936,4175820.0,1136544.5956399357,0.0,0.0,0.0,575820.0,0.0,0.0,17490900.836878277,-6.05359673500061e-9 
 01/05  18:00:00,6015264.595639936,4878720.0,1136544.5956399357,0.0,0.0,0.0,1278720.0,0.0,0.0,5331627.633841285,-2.3283064365386963e-9 
 01/05  19:00:00,6086544.595639936,4950000.0,1136544.5956399357,0.0,0.0,0.0,1350000.0,0.0,0.0,0.0,-4.190951585769653e-9 
 01/05  20:00:00,6086544.595639936,4950000.0,1136544.5956399357,0.0,0.0,0.0,1350000.0,0.0,0.0,0.0,-4.423782229423523e-9 
 01/05  21:00:00,6086544.595639936,4950000.0,1136544.5956399357,0.0,0.0,0.0,1350000.0,0.0,0.0,0.0,-3.259629011154175e-9 
 01/05  22:00:00,6086544.595639936,4950000.0,1136544.5956399357,0.0,0.0,0.0,1350000.0,0.0,0.0,0.0,-1.7462298274040222e-9 
 01/05  23:00:00,6086544.595639936,4950000.0,1136544.5956399357,0.0,0.0,0.0,1350000.0,0.0,0.0,0.0,-2.7939677238464355e-9 
 01/05  24:00:00,6086544.595639936,4950000.0,1136544.5956399357,0.0,0.0,0.0,1350000.0,0.0,0.0,0.0,-2.3283064365386963e-9 
 01/06  01:00:00,6086544.595639936,4950000.0,1136544.5956399357,0.0,0.0,0.0,1350000.0,0.0,0.0,0.0,1.5133991837501526e-9 
 01/06  02:00:00,6086544.595639936,4950000.0,1136544.5956399357,0.0,0.0,0.0,1350000.0,0.0,0.0,0.0,-1.2223608791828156e-9 
 01/06  03:00:00,6086544.595639936,4950000.0,1136544.5956399357,0.0,0.0,0.0,1350000.0,0.0,0.0,0.0,-1.9208528101444244e-9 
 01/06  04:00:00,6086544.595639936,4950000.0,1136544.5956399357,0.0,0.0,0.0,1350000.0,0.0,0.0,0.0,-6.984919309616089e-10 
 01/06  05:00:00,6086544.595639936,4950000.0,1136544.5956399357,0.0,0.0,0.0,1350000.0,0.0,0.0,0.0,-1.7462298274040222e-10 
 01/06  06:00:00,6086544.595639936,4950000.0,1136544.5956399357,0.0,0.0,0.0,1350000.0,0.0,0.0,0.0,-2.2118911147117615e-9 
 01/06  07:00:00,6086544.595639936,4950000.0,1136544.5956399357,0.0,0.0,0.0,1350000.0,0.0,0.0,0.0,-3.259629011154175e-9 
 01/06  08:00:00,6086544.595639936,4950000.0,1136544.5956399357,0.0,0.0,0.0,1350000.0,0.0,0.0,346404.72099937045,-1.57160684466362e-9 
 01/06  09:00:00,6062784.595639936,4926240.0,1136544.5956399357,0.0,0.0,0.0,1326240.0,0.0,0.0,3566458.8296851506,-4.0745362639427185e-9 
 01/06  10:00:00,5766144.595639936,4629600.0,1136544.5956399357,0.0,0.0,0.0,1029600.0,0.0,0.0,11027600.912569953,5.820766091346741e-10 
 01/06  11:00:00,5582184.595639936,4445640.0,1136544.5956399357,0.0,0.0,0.0,845640.0,0.0,0.0,15083655.248460045,-4.249159246683121e-9 
 01/06  12:00:00,5267904.595639936,4131360.0,1136544.5956399357,0.0,0.0,0.0,531360.0,0.0,0.0,21071033.54962573,-2.561137080192566e-9 
 01/06  13:00:00,5267904.595639936,4131360.0,1136544.5956399357,0.0,0.0,0.0,531360.0,0.0,0.0,19927196.872170284,-3.026798367500305e-9 
 01/06  14:00:00,5267904.595639936,4131360.0,1136544.5956399357,0.0,0.0,0.0,531360.0,0.0,0.0,20135095.146044184,-1.280568540096283e-9 
 01/06  15:00:00,5267904.595639936,4131360.0,1136544.5956399357,0.0,0.0,0.0,531360.0,0.0,0.0,19890540.42754191,-3.14321368932724e-9 
 01/06  16:00:00,5267904.595639936,4131360.0,1136544.5956399357,0.0,0.0,0.0,531360.0,0.0,0.0,17272447.526552938,-5.471520125865936e-9 
 01/06  17:00:00,5647344.595639936,4510800.0,1136544.5956399357,0.0,0.0,0.0,910800.0,0.0,0.0,8312157.613656854,-5.9371814131736755e-9 
 01/06  18:00:00,6086544.595639936,4950000.0,1136544.5956399357,0.0,0.0,0.0,1350000.0,0.0,0.0,2829472.3117994657,-3.958120942115784e-9 
 01/06  19:00:00,6086544.595639936,4950000.0,1136544.5956399357,0.0,0.0,0.0,1350000.0,0.0,0.0,0.0,-2.0954757928848267e-9 
 01/06  20:00:00,6086544.595639936,4950000.0,1136544.5956399357,0.0,0.0,0.0,1350000.0,0.0,0.0,0.0,1.0477378964424133e-9 
 01/06  21:00:00,6086544.595639936,4950000.0,1136544.5956399357,0.0,0.0,0.0,1350000.0,0.0,0.0,0.0,9.313225746154785e-10 
 01/06  22:00:00,6086544.595639936,4950000.0,1136544.5956399357,0.0,0.0,0.0,1350000.0,0.0,0.0,0.0,-3.4924596548080444e-10 
 01/06  23:00:00,6086544.595639936,4950000.0,1136544.5956399357,0.0,0.0,0.0,1350000.0,0.0,0.0,0.0,-1.1059455573558807e-9 
 01/06  24:00:00,6086544.595639936,4950000.0,1136544.5956399357,0.0,0.0,0.0,1350000.0,0.0,0.0,0.0,-5.820766091346741e-11 
 01/07  01:00:00,2846544.5956399357,1710000.0,1136544.5956399357,0.0,0.0,0.0,1350000.0,0.0,0.0,0.0,-1.5133991837501526e-9 
 01/07  02:00:00,2846544.5956399357,1710000.0,1136544.5956399357,0.0,0.0,0.0,1350000.0,0.0,0.0,0.0,-3.4924596548080444e-9 
 01/07  03:00:00,2846544.5956399357,1710000.0,1136544.5956399357,0.0,0.0,0.0,1350000.0,0.0,0.0,0.0,-1.1641532182693481e-10 
 01/07  04:00:00,2846544.5956399357,1710000.0,1136544.5956399357,0.0,0.0,0.0,1350000.0,0.0,0.0,0.0,-9.313225746154785e-10 
 01/07  05:00:00,2846544.5956399357,1710000.0,1136544.5956399357,0.0,0.0,0.0,1350000.0,0.0,0.0,0.0,-5.238689482212067e-10 
 01/07  06:00:00,2846544.5956399357,1710000.0,1136544.5956399357,0.0,0.0,0.0,1350000.0,0.0,0.0,0.0,6.984919309616089e-10 
 01/07  07:00:00,15062703.542262862,1710000.0,1136544.5956399357,12216158.946622923,10688874.708574338,0.0,1350000.0,4972663.844253587,4972663.844253587,50344.02412267684,3.2014213502407074e-10 
 01/07  08:00:00,14672594.781442989,1710000.0,1136544.5956399357,11826050.185803052,10444191.42439153,0.0,1350000.0,4994269.400640486,4994269.400640486,2165627.3863495286,1.2223608791828156e-9 
 01/07  09:00:00,40570974.42859784,27388440.0,1136544.5956399357,12045989.832957905,10700481.198779533,0.0,20188440.0,4995221.526813807,4995221.526813807,10147918.246227816,-1.1641532182693481e-9 
 01/07  10:00:00,46174609.47794716,32718600.0,1136544.5956399357,12319464.882307228,10929695.598520385,0.0,16518600.0,5003574.921705732,5003574.921705732,14877800.573219085,-2.561137080192566e-9 
 01/07  11:00:00,41491760.74417487,27716400.0,1147113.9937967458,12628246.75037812,11201320.87785556,0.0,11516400.0,4052187.956485191,4052187.956485191,21621132.52263566,-3.259629011154175e-9 
 01/07  12:00:00,40099771.63999869,26295840.0,1155192.9016488073,12648738.738349881,11185317.954177387,0.0,10095840.0,3493302.4139395067,3493302.4139395067,22510471.797267944,-4.889443516731262e-9 
 01/07  13:00:00,38512809.0271577,24701760.0,1147152.3456070074,12663896.681550693,11166843.848337032,0.0,8501760.0,4270514.645135762,4270514.645135762,20885197.2500039,-4.6566128730773926e-9 
 01/07  14:00:00,39083850.99369599,25764480.0,1145997.3810753904,12173373.612620594,10731351.270889997,0.0,9564480.0,4288820.794805368,4288820.794805368,17375090.03628128,-6.51925802230835e-9 
 01/07  15:00:00,37950777.22028719,25027200.0,1147009.5280960568,11776567.692191137,10372631.658013565,0.0,10627200.0,4104264.3704673415,4104264.3704673415,16272783.668956472,-3.259629011154175e-9 
 01/07  16:00:00,38916744.306477286,26370000.0,1137328.3766188559,11409415.92985843,10015560.280968726,0.0,13770000.0,5248369.518766156,5248369.518766156,13055864.10459906,-5.587935447692871e-9 
 01/07  17:00:00,45537879.64165267,33210000.0,1136544.5956399357,11191335.046012737,9791770.414601795,0.0,24210000.0,5192176.583855061,5192176.583855061,5039771.596142034,-5.820766091346741e-9 
 01/07  18:00:00,48160792.279104024,36000000.0,1136544.5956399357,11024247.683464086,9629187.067544686,0.0,27000000.0,5133368.9539373405,5133368.9539373405,2506114.091783045,-3.4924596548080444e-9 
 01/07  19:00:00,33786891.74258452,21600000.0,1136544.5956399357,11050347.146944584,9665604.241099777,0.0,16200000.0,5098571.76064636,5098571.76064636,0.0,-3.4924596548080444e-9 
 01/07  20:00:00,22757209.027755335,10800000.0,1136544.5956399357,10820664.432115398,9527574.977018515,0.0,5400000.0,5082140.301292365,5082140.301292365,0.0,2.3283064365386963e-10 
 01/07  21:00:00,6896544.595639936,5760000.0,1136544.5956399357,0.0,0.0,0.0,5400000.0,0.0,0.0,0.0,4.773028194904327e-9 
 01/07  22:00:00,2846544.5956399357,1710000.0,1136544.5956399357,0.0,0.0,0.0,1350000.0,0.0,0.0,0.0,-9.313225746154785e-10 
 01/07  23:00:00,2846544.5956399357,1710000.0,1136544.5956399357,0.0,0.0,0.0,1350000.0,0.0,0.0,0.0,1.6298145055770874e-9 
 01/07  24:00:00,2846544.5956399357,1710000.0,1136544.5956399357,0.0,0.0,0.0,1350000.0,0.0,0.0,0.0,5.820766091346741e-11 
 01/08  01:00:00,2846544.5956399357,1710000.0,1136544.5956399357,0.0,0.0,0.0,1350000.0,0.0,0.0,0.0,-2.3283064365386963e-9 
 01/08  02:00:00,2846544.5956399357,1710000.0,1136544.5956399357,0.0,0.0,0.0,1350000.0,0.0,0.0,0.0,-7.566995918750763e-10 
 01/08  03:00:00,2846544.5956399357,1710000.0,1136544.5956399357,0.0,0.0,0.0,1350000.0,0.0,0.0,0.0,-4.598405212163925e-9 
 01/08  04:00:00,2846544.5956399357,1710000.0,1136544.5956399357,0.0,0.0,0.0,1350000.0,0.0,0.0,0.0,-2.153683453798294e-9 
 01/08  05:00:00,2846544.5956399357,1710000.0,1136544.5956399357,0.0,0.0,0.0,1350000.0,0.0,0.0,0.0,1.1641532182693481e-10 
 01/08  06:00:00,2846544.5956399357,1710000.0,1136544.5956399357,0.0,0.0,0.0,1350000.0,0.0,0.0,0.0,2.3283064365386963e-9 
 01/08  07:00:00,13918694.211857438,1710000.0,1136544.5956399357,11072149.616217501,9845466.50948654,0.0,1350000.0,5053134.957544753,5053134.957544753,50343.36427081241,-2.2118911147117615e-9 
 01/08  08:00:00,14493340.172206838,1710000.0,1136544.5956399357,11646795.576566901,10374606.180964377,0.0,1350000.0,5076799.166774832,5076799.166774832,2096904.9769111578,2.270098775625229e-9 
 01/08  09:00:00,39691172.651363395,26960760.0,1136544.5956399357,11593868.055723466,10314404.071951697,0.0,19760760.0,5104200.674575618,5104200.674575618,10934641.142621681,-1.7462298274040222e-9 
 01/08  10:00:00,42855671.90663828,30126240.0,1137692.8614611751,11591739.0451771,10302391.078460848,0.0,13926240.0,5000948.240760928,5000948.240760928,18416117.060534403,-4.6566128730773926e-9 
 01/08  11:00:00,42164492.175526366,29494800.0,1151989.784537149,11517702.390989218,10227037.907912357,0.0,13294800.0,3793859.895168118,3793859.895168118,19934742.394490045,-1.1641532182693481e-9 
 01/08  12:00:00,39295092.20498639,26295840.0,1157199.3800738493,11842052.824912544,10504568.735962119,0.0,10095840.0,3331713.487165418,3331713.487165418,21657065.927227903,-9.313225746154785e-10 
 01/08  13:00:00,37833421.25048183,24701760.0,1149699.8623487793,11981961.388133058,10592858.590671124,0.0,8501760.0,3998935.1829743623,3998935.1829743623,21428545.814240642,-5.820766091346741e-9 
 01/08  14:00:00,39212356.65916579,25764480.0,1160236.2339808566,12287640.425184937,10856033.232454294,0.0,9564480.0,2805120.226123383,2805120.226123383,20402938.14663233,-4.423782229423523e-9 
 01/08  15:00:00,38181915.51162722,25027200.0,1174419.718738554,11980295.792888666,10585116.341764411,0.0,10627200.0,1439084.6217148867,1439084.6217148867,20114738.934457682,-5.820766091346741e-9 
 01/08  16:00:00,36033952.76892742,23227200.0,1159059.2874873544,11647693.481440071,10235131.29803602,0.0,10627200.0,2920728.7872715467,2920728.7872715467,19708849.849572346,-5.122274160385132e-9 
 01/08  17:00:00,32770965.76972662,20516400.0,1136544.5956399357,11118021.17408668,9724990.342292327,0.0,11516400.0,5647090.10298066,5647090.10298066,17433335.598774582,-5.587935447692871e-9 
 01/08  18:00:00,44649558.33529408,32734800.0,1151017.7065322297,10763740.628761854,9407790.698681425,0.0,23734800.0,3636015.8080452206,3636015.8080452206,12337205.01988037,-6.752088665962219e-9 
 01/08  19:00:00,33006013.860190555,21600000.0,1136544.5956399357,10269469.264550623,8966369.203056583,0.0,16200000.0,5298559.8260096405,5298559.8260096405,0.0,-3.259629011154175e-9 
 01/08  20:00:00,21994854.553687654,10800000.0,1136544.5956399357,10058309.958047718,8847911.17628706,0.0,5400000.0,5172341.216290956,5172341.216290956,0.0,-1.5133991837501526e-9 
 01/08  21:00:00,6896544.595639936,5760000.0,1136544.5956399357,0.0,0.0,0.0,5400000.0,0.0,0.0,0.0,-2.9103830456733704e-9 
 01/08  22:00:00,2846544.5956399357,1710000.0,1136544.5956399357,0.0,0.0,0.0,1350000.0,0.0,0.0,0.0,1.1641532182693481e-10 
 01/08  23:00:00,2846544.5956399357,1710000.0,1136544.5956399357,0.0,0.0,0.0,1350000.0,0.0,0.0,0.0,4.889443516731262e-9 
 01/08  24:00:00,2846544.5956399357,1710000.0,1136544.5956399357,0.0,0.0,0.0,1350000.0,0.0,0.0,0.0,1.7462298274040222e-10 
 01/09  01:00:00,2846544.5956399357,1710000.0,1136544.5956399357,0.0,0.0,0.0,1350000.0,0.0,0.0,0.0,3.259629011154175e-9 
 01/09  02:00:00,2846544.5956399357,1710000.0,1136544.5956399357,0.0,0.0,0.0,1350000.0,0.0,0.0,0.0,2.3865140974521637e-9 
 01/09  03:00:00,2846544.5956399357,1710000.0,1136544.5956399357,0.0,0.0,0.0,1350000.0,0.0,0.0,0.0,1.6880221664905548e-9 
 01/09  04:00:00,2846544.5956399357,1710000.0,1136544.5956399357,0.0,0.0,0.0,1350000.0,0.0,0.0,0.0,-4.249159246683121e-9 
 01/09  05:00:00,2846544.5956399357,1710000.0,1136544.5956399357,0.0,0.0,0.0,1350000.0,0.0,0.0,0.0,-9.89530235528946e-10 
 01/09  06:00:00,2846544.5956399357,1710000.0,1136544.5956399357,0.0,0.0,0.0,1350000.0,0.0,0.0,0.0,3.841705620288849e-9 
 01/09  07:00:00,12684890.00772753,1710000.0,1136544.5956399357,9838345.412087593,8738827.015304953,0.0,1350000.0,5028963.339564982,5028963.339564982,225175.47281649552,9.022187441587448e-10 
 01/09  08:00:00,13476751.898202214,1686240.0,1136544.5956399357,10653967.302562278,9479125.698307918,0.0,1326240.0,5026062.069236745,5026062.069236745,4194055.271256754,1.076841726899147e-9 
 01/09  09:00:00,37058746.73688597,24504840.0,1136544.5956399357,11417362.141246036,10145785.555328403,0.0,17304840.0,5055265.150504625,5055265.150504625,16890082.178549103,-3.259629011154175e-9 
 01/09  10:00:00,43848117.838261366,30577680.0,1158455.07833975,12111982.759921616,10762340.828409106,0.0,14377680.0,3556792.863024987,3556792.863024987,24058356.311236836,-2.444721758365631e-9 
 01/09  11:00:00,40324219.45849935,26827200.0,1182124.1208523628,12314895.337646987,10948200.797263402,0.0,10627200.0,1858116.9734400606,1858116.9734400606,24580448.42666611,-4.889443516731262e-9 
 01/09  12:00:00,39766571.14200178,26295840.0,1177425.602521968,12293305.539479807,10925602.94514156,0.0,10095840.0,1873598.9673533295,1873598.9673533295,23941061.812293768,-3.725290298461914e-9 
 01/09  13:00:00,37914739.97238353,24701760.0,1160596.6462435285,12052383.326139996,10668390.81562835,0.0,8501760.0,3083865.1197107295,3083865.1197107295,22087889.872139994,-3.958120942115784e-9 
 01/09  14:00:00,38622051.290387854,25764480.0,1172373.2641687817,11685198.02621907,10334276.448028114,0.0,9564480.0,1762262.5040599692,1762262.5040599692,20181868.749112207,-3.958120942115784e-9 
 01/09  15:00:00,37549176.56478014,25027200.0,1187475.763865881,11334500.800914261,10008676.672657555,0.0,10627200.0,399274.8370623822,399274.8370623822,19547763.398239236,-4.889443516731262e-9 
 01/09  16:00:00,35708799.43840605,23227200.0,1160359.8218169499,11321239.616589103,9948307.928270925,0.0,10627200.0,2939812.0839524334,2939812.0839524334,18205926.645996757,-3.026798367500305e-9 
 01/09  17:00:00,38198271.561654344,25851600.0,1136544.5956399357,11210126.966014406,9802055.890764218,0.0,16851600.0,5699191.467806014,5699191.467806014,8935725.550656617,-8.149072527885437e-9 
 01/09  18:00:00,48223954.31378437,36000000.0,1136544.5956399357,11087409.718144426,9675534.861986924,0.0,27000000.0,5314960.9114085315,5314960.9114085315,2482747.5061375457,-2.0954757928848267e-9 
 01/09  19:00:00,33635326.84696164,21600000.0,1136544.5956399357,10898782.251321705,9520300.797031667,0.0,16200000.0,5178335.23507884,5178335.23507884,0.0,-4.889443516731262e-9 
 01/09  20:00:00,22355980.697438166,10800000.0,1136544.5956399357,10419436.101798229,9164631.962741276,0.0,5400000.0,5127207.145038138,5127207.145038138,0.0,-3.259629011154175e-9 
 01/09  21:00:00,6896544.595639936,5760000.0,1136544.5956399357,0.0,0.0,0.0,5400000.0,0.0,0.0,0.0,2.444721758365631e-9 
 01/09  22:00:00,2846544.5956399357,1710000.0,1136544.5956399357,0.0,0.0,0.0,1350000.0,0.0,0.0,0.0,-1.5133991837501526e-9 
 01/09  23:00:00,2846544.5956399357,1710000.0,1136544.5956399357,0.0,0.0,0.0,1350000.0,0.0,0.0,0.0,-1.0477378964424133e-9 
 01/09  24:00:00,2846544.5956399357,1710000.0,1136544.5956399357,0.0,0.0,0.0,1350000.0,0.0,0.0,0.0,-1.862645149230957e-9 
 01/10  01:00:00,2846544.5956399357,1710000.0,1136544.5956399357,0.0,0.0,0.0,1350000.0,0.0,0.0,0.0,-2.9103830456733704e-9 
 01/10  02:00:00,2846544.5956399357,1710000.0,1136544.5956399357,0.0,0.0,0.0,1350000.0,0.0,0.0,0.0,-1.9208528101444244e-9 
 01/10  03:00:00,2846544.5956399357,1710000.0,1136544.5956399357,0.0,0.0,0.0,1350000.0,0.0,0.0,0.0,9.89530235528946e-10 
 01/10  04:00:00,2846544.5956399357,1710000.0,1136544.5956399357,0.0,0.0,0.0,1350000.0,0.0,0.0,0.0,-1.1059455573558807e-9 
 01/10  05:00:00,2846544.5956399357,1710000.0,1136544.5956399357,0.0,0.0,0.0,1350000.0,0.0,0.0,0.0,-4.190951585769653e-9 
 01/10  06:00:00,2846544.5956399357,1710000.0,1136544.5956399357,0.0,0.0,0.0,1350000.0,0.0,0.0,0.0,1.4551915228366852e-10 
 01/10  07:00:00,11820877.900192268,1710000.0,1136544.5956399357,8974333.304552332,7986586.549551344,0.0,1350000.0,5025825.013004995,5025825.013004995,189658.9958724623,-3.6088749766349792e-9 
 01/10  08:00:00,12648986.292780358,1686240.0,1136544.5956399357,9826201.69714042,8746332.47161437,0.0,1326240.0,5029543.3253037315,5029543.3253037315,4152875.718601281,-1.8335413187742233e-9 
 01/10  09:00:00,36540639.12224988,24504840.0,1136544.595639936,10899254.526609944,9687289.280010656,0.0,17304840.0,5046854.3138164,5046854.3138164,17205092.269238487,-2.561137080192566e-9 
 01/10  10:00:00,42948897.75597523,30126240.0,1156408.656722962,11666249.099252267,10369213.367888318,0.0,13926240.0,3731064.389633328,3731064.389633328,23735564.722321276,-3.026798367500305e-9 
 01/10  11:00:00,40923072.22681612,27716400.0,1186393.3922032719,12020278.83461284,10690794.475733005,0.0,11516400.0,1649667.7520556573,1649667.7520556573,25348968.581417993,-4.190951585769653e-9 
 01/10  12:00:00,39319898.92322992,26295840.0,1182603.3522955002,11841455.570934422,10529891.894108227,0.0,10095840.0,1489681.274581366,1489681.274581366,23375959.09746603,-5.587935447692871e-9 
 01/10  13:00:00,37531841.61716539,24701760.0,1164118.9473200815,11665962.669845304,10352982.769806406,0.0,8501760.0,2739385.078216741,2739385.078216741,20748338.951973215,-3.259629011154175e-9 
 01/10  14:00:00,38130142.45506112,25764480.0,1176166.5495541727,11189495.90550696,9917389.866676264,0.0,9564480.0,1398547.0790782585,1398547.0790782585,19811320.592264593,-6.51925802230835e-9 
 01/10  15:00:00,37001681.24553015,25027200.0,1185715.6552980507,10788765.590232098,9552626.637654189,0.0,10627200.0,480825.1216700349,480825.1216700349,16627738.797647882,-4.6566128730773926e-9 
 01/10  16:00:00,34816534.730826505,23227200.0,1167132.63392919,10422202.096897317,9175382.668770185,0.0,10627200.0,2187101.729518453,2187101.729518453,18775885.632312324,-3.958120942115784e-9 
 01/10  17:00:00,37983816.62142748,26802000.0,1136544.5956399357,10045272.025787538,8794608.08172171,0.0,17802000.0,5792914.506676831,5792914.506676831,7388264.259241555,-4.6566128730773926e-9 
 01/10  18:00:00,45251625.97864626,34574400.0,1137732.015625901,9539493.963020362,8329674.867197978,0.0,25574400.0,5185361.81442365,5185361.81442365,6513076.204261258,-4.423782229423523e-9 
 01/10  19:00:00,32039888.498699225,21600000.0,1136544.5956399357,9303343.903059287,8126105.3035529675,0.0,16200000.0,5210931.805382431,5210931.805382431,0.0,-3.259629011154175e-9 
 01/10  20:00:00,20963242.908263404,10800000.0,1136544.5956399357,9026698.312623467,7943760.06462349,0.0,5400000.0,5139475.033526555,5139475.033526555,0.0,-1.862645149230957e-9 
 01/10  21:00:00,6896544.595639936,5760000.0,1136544.5956399357,0.0,0.0,0.0,5400000.0,0.0,0.0,0.0,2.3283064365386963e-10 
 01/10  22:00:00,2846544.5956399357,1710000.0,1136544.5956399357,0.0,0.0,0.0,1350000.0,0.0,0.0,0.0,-2.3283064365386963e-9 
 01/10  23:00:00,2846544.5956399357,1710000.0,1136544.5956399357,0.0,0.0,0.0,1350000.0,0.0,0.0,0.0,-2.3283064365386963e-9 
 01/10  24:00:00,2846544.5956399357,1710000.0,1136544.5956399357,0.0,0.0,0.0,1350000.0,0.0,0.0,0.0,-8.149072527885437e-10 
 01/11  01:00:00,2846544.5956399357,1710000.0,1136544.5956399357,0.0,0.0,0.0,1350000.0,0.0,0.0,0.0,-2.9103830456733704e-9 
 01/11  02:00:00,2846544.5956399357,1710000.0,1136544.5956399357,0.0,0.0,0.0,1350000.0,0.0,0.0,0.0,-1.7462298274040222e-9 
 01/11  03:00:00,2846544.5956399357,1710000.0,1136544.5956399357,0.0,0.0,0.0,1350000.0,0.0,0.0,0.0,-2.852175384759903e-9 
 01/11  04:00:00,2846544.5956399357,1710000.0,1136544.5956399357,0.0,0.0,0.0,1350000.0,0.0,0.0,0.0,-4.71482053399086e-9 
 01/11  05:00:00,2846544.5956399357,1710000.0,1136544.5956399357,0.0,0.0,0.0,1350000.0,0.0,0.0,0.0,-1.775333657860756e-9 
 01/11  06:00:00,2846544.5956399357,1710000.0,1136544.5956399357,0.0,0.0,0.0,1350000.0,0.0,0.0,0.0,-1.4551915228366852e-10 
 01/11  07:00:00,11444514.972885977,1710000.0,1136544.5956399357,8597970.377246043,7651490.364925833,0.0,1350000.0,5016339.215232634,5016339.215232634,0.0,-1.0913936421275139e-9 
 01/11  08:00:00,12602266.608831264,1686240.0,1136544.5956399357,9779482.01319133,8698765.265534267,0.0,1326240.0,4985069.562007568,4985069.562007568,3050045.960442612,1.9936123862862587e-9 
 01/11  09:00:00,37624456.46361133,25305120.0,1136544.5956399357,11182791.867971392,9929863.80850381,0.0,18105120.0,4981037.749874457,4981037.749874457,14597434.559014164,-5.471520125865936e-9 
 01/11  10:00:00,44774230.911837354,31422420.0,1139690.585644106,12212120.32619325,10841103.026005976,0.0,15222420.0,4807005.826132482,4807005.826132482,17961359.345766433,-4.423782229423523e-9 
 01/11  11:00:00,42249360.05733247,28605600.0,1173490.4527792085,12470269.604553262,11086017.64701998,0.0,12405600.0,2459740.620953748,2459740.620953748,25380618.789530195,-6.28642737865448e-9 
 01/11  12:00:00,39491531.03903007,26295840.0,1178622.0152065358,12017069.02382353,10687089.973946422,0.0,10095840.0,1843686.075399246,1843686.075399246,23588475.416119035,-1.6298145055770874e-9 
 01/11  13:00:00,37111367.68962003,24701760.0,1161691.76255875,11247915.927061293,9993175.194750626,0.0,8501760.0,2986441.1918610306,2986441.1918610306,20680195.601554602,-1.3969838619232178e-9 
 01/11  14:00:00,37450485.62269871,25764480.0,1162774.8492629228,10523230.77343578,9328509.35175856,0.0,9564480.0,2628777.9691861984,2628777.9691861984,18717647.2931612,-3.958120942115784e-9 
 01/11  15:00:00,36362649.73349922,25027200.0,1178366.6297734648,10157083.103725757,8984917.522395633,0.0,10627200.0,1053329.1306102125,1053329.1306102125,18465038.42839476,-7.683411240577698e-9 
 01/11  16:00:00,35433167.93784858,24116400.0,1145110.7398205458,10171657.198028041,8939237.254254136,0.0,11516400.0,4630180.41533535,4630180.41533535,14395767.739851685,-4.889443516731262e-9 
 01/11  17:00:00,35466326.78556372,24073200.0,1136544.5956399357,10256582.18992378,8976564.516574899,0.0,15073200.0,5493888.183409141,5493888.183409141,11704625.220497712,-8.149072527885437e-9 
 01/11  18:00:00,46969371.98909031,35524800.0,1136544.5956399357,10308027.39345037,9005715.620705668,0.0,26524800.0,5239177.546608877,5239177.546608877,1456260.0548072604,-5.3551048040390015e-9 
 01/11  19:00:00,32759417.411045104,21600000.0,1136544.5956399357,10022872.815405164,8760616.529261114,0.0,16200000.0,5149332.719031316,5149332.719031316,0.0,-5.122274160385132e-9 
 01/11  20:00:00,21245054.576555874,10800000.0,1136544.5956399357,9308509.980915938,8191720.075786557,0.0,5400000.0,5114977.552788947,5114977.552788947,0.0,-1.979060471057892e-9 
 01/11  21:00:00,6896544.595639936,5760000.0,1136544.5956399357,0.0,0.0,0.0,5400000.0,0.0,0.0,0.0,-3.4924596548080444e-10 
 01/11  22:00:00,2846544.5956399357,1710000.0,1136544.5956399357,0.0,0.0,0.0,1350000.0,0.0,0.0,0.0,-2.561137080192566e-9 
 01/11  23:00:00,2846544.5956399357,1710000.0,1136544.5956399357,0.0,0.0,0.0,1350000.0,0.0,0.0,0.0,-1.1641532182693481e-9 
 01/11  24:00:00,2846544.5956399357,1710000.0,1136544.5956399357,0.0,0.0,0.0,1350000.0,0.0,0.0,0.0,1.862645149230957e-9 
 01/12  01:00:00,6086544.595639936,4950000.0,1136544.5956399357,0.0,0.0,0.0,1350000.0,0.0,0.0,0.0,-2.2118911147117615e-9 
 01/12  02:00:00,6086544.595639936,4950000.0,1136544.5956399357,0.0,0.0,0.0,1350000.0,0.0,0.0,0.0,-1.57160684466362e-9 
 01/12  03:00:00,6086544.595639936,4950000.0,1136544.5956399357,0.0,0.0,0.0,1350000.0,0.0,0.0,0.0,-2.9103830456733704e-10 
 01/12  04:00:00,6086544.595639936,4950000.0,1136544.5956399357,0.0,0.0,0.0,1350000.0,0.0,0.0,0.0,-2.9685907065868378e-9 
 01/12  05:00:00,6086544.595639936,4950000.0,1136544.5956399357,0.0,0.0,0.0,1350000.0,0.0,0.0,0.0,-5.238689482212067e-10 
 01/12  06:00:00,6086544.595639936,4950000.0,1136544.5956399357,0.0,0.0,0.0,1350000.0,0.0,0.0,0.0,3.4924596548080444e-10 
 01/12  07:00:00,6086544.595639936,4950000.0,1136544.5956399357,0.0,0.0,0.0,1350000.0,0.0,0.0,95403.26265463323,-4.656612873077393e-10 
 01/12  08:00:00,6062784.595639936,4926240.0,1136544.5956399357,0.0,0.0,0.0,1326240.0,0.0,0.0,4024727.529763304,-3.899913281202316e-9 
 01/12  09:00:00,5789904.595639936,4653360.0,1136544.595639936,0.0,0.0,0.0,1053360.0,0.0,0.0,20559875.093691826,2.444721758365631e-9 
 01/12  10:00:00,5881884.595639936,4745340.0,1136544.5956399357,0.0,0.0,0.0,1145340.0,0.0,0.0,33295157.265338767,-1.8044374883174896e-9 
 01/12  11:00:00,5586655.583680339,4448700.0,1137955.5836803382,0.0,0.0,0.0,848700.0,0.0,0.0,27590750.0938511,-4.889443516731262e-9 
 01/12  12:00:00,5451823.211968977,4312260.0,1139563.211968977,0.0,0.0,0.0,712260.0,0.0,0.0,22983909.778110206,-3.841705620288849e-9 
 01/12  13:00:00,5267904.595639936,4131360.0,1136544.5956399357,0.0,0.0,0.0,531360.0,0.0,0.0,19141479.64177629,-9.42964106798172e-9 
 01/12  14:00:00,5267904.595639936,4131360.0,1136544.5956399357,0.0,0.0,0.0,531360.0,0.0,0.0,20380001.261479788,-6.51925802230835e-9 
 01/12  15:00:00,5267904.595639936,4131360.0,1136544.5956399357,0.0,0.0,0.0,531360.0,0.0,0.0,19232056.611482494,-5.820766091346741e-9 
 01/12  16:00:00,5267904.595639936,4131360.0,1136544.5956399357,0.0,0.0,0.0,531360.0,0.0,0.0,20549757.863728005,-5.122274160385132e-9 
 01/12  17:00:00,5401284.595639936,4264740.0,1136544.5956399357,0.0,0.0,0.0,664740.0,0.0,0.0,14278712.120403823,-4.6566128730773926e-9 
 01/12  18:00:00,5810604.595639936,4674060.0,1136544.5956399357,0.0,0.0,0.0,1074060.0,0.0,0.0,14846739.341517791,2.9103830456733704e-9 
 01/12  19:00:00,6086544.595639936,4950000.0,1136544.5956399357,0.0,0.0,0.0,1350000.0,0.0,0.0,0.0,-9.313225746154785e-10 
 01/12  20:00:00,6086544.595639936,4950000.0,1136544.5956399357,0.0,0.0,0.0,1350000.0,0.0,0.0,0.0,-2.6775524020195007e-9 
 01/12  21:00:00,6086544.595639936,4950000.0,1136544.5956399357,0.0,0.0,0.0,1350000.0,0.0,0.0,0.0,-4.423782229423523e-9 
 01/12  22:00:00,6086544.595639936,4950000.0,1136544.5956399357,0.0,0.0,0.0,1350000.0,0.0,0.0,0.0,1.1641532182693481e-10 
 01/12  23:00:00,6086544.595639936,4950000.0,1136544.5956399357,0.0,0.0,0.0,1350000.0,0.0,0.0,0.0,-4.540197551250458e-9 
 01/12  24:00:00,6086544.595639936,4950000.0,1136544.5956399357,0.0,0.0,0.0,1350000.0,0.0,0.0,0.0,-3.0850060284137726e-9 
 01/13  01:00:00,6086544.595639936,4950000.0,1136544.5956399357,0.0,0.0,0.0,1350000.0,0.0,0.0,0.0,-1.280568540096283e-9 
 01/13  02:00:00,6086544.595639936,4950000.0,1136544.5956399357,0.0,0.0,0.0,1350000.0,0.0,0.0,0.0,-1.0477378964424133e-9 
 01/13  03:00:00,6086544.595639936,4950000.0,1136544.5956399357,0.0,0.0,0.0,1350000.0,0.0,0.0,0.0,5.238689482212067e-10 
 01/13  04:00:00,6086544.595639936,4950000.0,1136544.5956399357,0.0,0.0,0.0,1350000.0,0.0,0.0,0.0,-2.5029294192790985e-9 
 01/13  05:00:00,6086544.595639936,4950000.0,1136544.5956399357,0.0,0.0,0.0,1350000.0,0.0,0.0,0.0,-1.57160684466362e-9 
 01/13  06:00:00,6086544.595639936,4950000.0,1136544.5956399357,0.0,0.0,0.0,1350000.0,0.0,0.0,0.0,-2.3283064365386963e-10 
 01/13  07:00:00,6086544.595639936,4950000.0,1136544.5956399357,0.0,0.0,0.0,1350000.0,0.0,0.0,254272.21250563342,-6.402842700481415e-10 
 01/13  08:00:00,6062784.595639936,4926240.0,1136544.5956399357,0.0,0.0,0.0,1326240.0,0.0,0.0,5313644.714033738,-8.149072527885437e-10 
 01/13  09:00:00,5766144.595639936,4629600.0,1136544.595639936,0.0,0.0,0.0,1029600.0,0.0,0.0,20710944.951847546,-2.0372681319713593e-9 
 01/13  10:00:00,5540784.595639936,4404240.0,1136544.5956399357,0.0,0.0,0.0,804240.0,0.0,0.0,25679073.358189367,-1.862645149230957e-9 
 01/13  11:00:00,5540784.595639936,4404240.0,1136544.5956399357,0.0,0.0,0.0,804240.0,0.0,0.0,26838165.295377824,-1.5133991837501526e-9 
 01/13  12:00:00,5448804.595639936,4312260.0,1136544.5956399357,0.0,0.0,0.0,712260.0,0.0,0.0,23671330.99180667,-2.6775524020195007e-9 
 01/13  13:00:00,5267904.595639936,4131360.0,1136544.5956399357,0.0,0.0,0.0,531360.0,0.0,0.0,20121316.1716384,-3.725290298461914e-9 
 01/13  14:00:00,5267904.595639936,4131360.0,1136544.5956399357,0.0,0.0,0.0,531360.0,0.0,0.0,17764638.98478645,-5.471520125865936e-9 
 01/13  15:00:00,5267904.595639936,4131360.0,1136544.5956399357,0.0,0.0,0.0,531360.0,0.0,0.0,16419514.213570874,-4.6566128730773926e-9 
 01/13  16:00:00,5312364.595639936,4175820.0,1136544.5956399357,0.0,0.0,0.0,575820.0,0.0,0.0,14698208.405434657,-6.984919309616089e-9 
 01/13  17:00:00,5534664.595639936,4398120.0,1136544.5956399357,0.0,0.0,0.0,798120.0,0.0,0.0,9631007.06619312,2.0954757928848267e-9 
 01/13  18:00:00,6062784.595639936,4926240.0,1136544.5956399357,0.0,0.0,0.0,1326240.0,0.0,0.0,1391448.9105920428,-4.656612873077393e-10 
 01/13  19:00:00,6086544.595639936,4950000.0,1136544.5956399357,0.0,0.0,0.0,1350000.0,0.0,0.0,0.0,-1.280568540096283e-9 
 01/13  20:00:00,6086544.595639936,4950000.0,1136544.5956399357,0.0,0.0,0.0,1350000.0,0.0,0.0,0.0,-9.313225746154785e-10 
 01/13  21:00:00,6086544.595639936,4950000.0,1136544.5956399357,0.0,0.0,0.0,1350000.0,0.0,0.0,0.0,-3.14321368932724e-9 
 01/13  22:00:00,6086544.595639936,4950000.0,1136544.5956399357,0.0,0.0,0.0,1350000.0,0.0,0.0,0.0,-1.7462298274040222e-9 
 01/13  23:00:00,6086544.595639936,4950000.0,1136544.5956399357,0.0,0.0,0.0,1350000.0,0.0,0.0,0.0,4.656612873077393e-10 
 01/13  24:00:00,6086544.595639936,4950000.0,1136544.5956399357,0.0,0.0,0.0,1350000.0,0.0,0.0,0.0,-8.149072527885437e-10 
 01/14  01:00:00,2846544.5956399357,1710000.0,1136544.5956399357,0.0,0.0,0.0,1350000.0,0.0,0.0,0.0,-2.3283064365386963e-10 
 01/14  02:00:00,2846544.5956399357,1710000.0,1136544.5956399357,0.0,0.0,0.0,1350000.0,0.0,0.0,0.0,1.8044374883174896e-9 
 01/14  03:00:00,2846544.5956399357,1710000.0,1136544.5956399357,0.0,0.0,0.0,1350000.0,0.0,0.0,0.0,2.3283064365386963e-10 
 01/14  04:00:00,2846544.5956399357,1710000.0,1136544.5956399357,0.0,0.0,0.0,1350000.0,0.0,0.0,0.0,-6.402842700481415e-10 
 01/14  05:00:00,2846544.5956399357,1710000.0,1136544.5956399357,0.0,0.0,0.0,1350000.0,0.0,0.0,0.0,2.0372681319713593e-10 
 01/14  06:00:00,2846544.5956399357,1710000.0,1136544.5956399357,0.0,0.0,0.0,1350000.0,0.0,0.0,0.0,1.6298145055770874e-9 
 01/14  07:00:00,9215099.831088267,1710000.0,1136544.5956399357,6368555.235448332,5679186.520949736,0.0,1350000.0,5058268.5830105,5058268.5830105,0.0,-3.0704541131854057e-9 
 01/14  08:00:00,10350279.550765408,1710000.0,1136544.5956399357,7503734.955125472,6704193.519071046,0.0,1350000.0,5036243.3337544,5036243.3337544,2750606.827071711,2.1609594114124775e-9 
 01/14  09:00:00,36007908.94605328,25732800.0,1136544.5956399357,9138564.350413341,8137029.278671798,0.0,18532800.0,5037642.462097198,5037642.462097198,16192655.035617698,-1.5133991837501526e-9 
 01/14  10:00:00,46679648.41231894,34859520.0,1158702.4377361913,10661425.974582748,9485855.59024966,0.0,18659520.0,3729648.821375272,3729648.821375272,26872438.24073517,-5.820766091346741e-9 
 01/14  11:00:00,48433451.23293101,35841600.0,1198285.1726607347,11393566.060270276,10151978.843844905,0.0,19641600.0,1183217.3892056788,1183217.3892056788,27288290.274998114,-7.916241884231567e-9 
 01/14  12:00:00,43618361.51391083,31422420.0,1198983.6393479225,10996957.874562912,9812018.110707562,0.0,15222420.0,505502.53317079024,505502.53317079024,24135005.347173482,-4.6566128730773926e-9 
 01/14  13:00:00,35698238.300365075,24701760.0,1178606.71720699,9817871.58315809,8762149.189425224,0.0,8501760.0,1363144.8989593615,1363144.8989593615,22226517.605215654,-2.7939677238464355e-9 
 01/14  14:00:00,35862623.054343864,25764480.0,1216469.89671023,8881673.157633636,7948121.490773829,0.0,9564480.0,0.0,0.0,18778558.853224292,-3.958120942115784e-9 
 01/14  15:00:00,35061653.00687322,25027200.0,1259193.6331473452,8775259.373725872,7900374.4938525,0.0,10627200.0,0.0,0.0,18861978.637259133,-2.7939677238464355e-9 
 01/14  16:00:00,32555296.345670674,23227200.0,1208301.6120577997,8119794.733612871,7220238.524500327,0.0,10627200.0,0.0,0.0,16792567.97655145,-3.725290298461914e-9 
 01/14  17:00:00,33445314.971748833,24073200.0,1141754.928083449,8230360.043665379,7211606.998321526,0.0,15073200.0,4961581.676882522,4961581.676882522,11575357.524749542,-2.3283064365386963e-9 
 01/14  18:00:00,45205378.47546145,35524800.0,1140021.2383520738,8540557.23710938,7442829.881782642,0.0,26524800.0,4912876.1329760505,4912876.1329760505,1890233.1152723173,-1.6298145055770874e-9 
 01/14  19:00:00,31241712.826342955,21600000.0,1136544.5956399357,8505168.230703015,7404415.8390549645,0.0,16200000.0,5263135.237291317,5263135.237291317,0.0,-9.313225746154785e-10 
 01/14  20:00:00,19844401.10796105,10800000.0,1136544.5956399357,7907856.5123211155,6933597.788352131,0.0,5400000.0,5159277.541638857,5159277.541638857,0.0,-2.3283064365386963e-10 
 01/14  21:00:00,6896544.595639936,5760000.0,1136544.5956399357,0.0,0.0,0.0,5400000.0,0.0,0.0,0.0,-5.471520125865936e-9 
 01/14  22:00:00,2846544.5956399357,1710000.0,1136544.5956399357,0.0,0.0,0.0,1350000.0,0.0,0.0,0.0,-4.656612873077393e-10 
 01/14  23:00:00,2846544.5956399357,1710000.0,1136544.5956399357,0.0,0.0,0.0,1350000.0,0.0,0.0,0.0,-2.7939677238464355e-9 
 01/14  24:00:00,2846544.5956399357,1710000.0,1136544.5956399357,0.0,0.0,0.0,1350000.0,0.0,0.0,0.0,1.57160684466362e-9 
 01/15  01:00:00,2846544.5956399357,1710000.0,1136544.5956399357,0.0,0.0,0.0,1350000.0,0.0,0.0,0.0,2.561137080192566e-9 
 01/15  02:00:00,2846544.5956399357,1710000.0,1136544.5956399357,0.0,0.0,0.0,1350000.0,0.0,0.0,0.0,-1.5133991837501526e-9 
 01/15  03:00:00,2846544.5956399357,1710000.0,1136544.5956399357,0.0,0.0,0.0,1350000.0,0.0,0.0,0.0,1.1641532182693481e-10 
 01/15  04:00:00,2846544.5956399357,1710000.0,1136544.5956399357,0.0,0.0,0.0,1350000.0,0.0,0.0,0.0,5.529727786779404e-10 
 01/15  05:00:00,2846544.5956399357,1710000.0,1136544.5956399357,0.0,0.0,0.0,1350000.0,0.0,0.0,0.0,3.3760443329811096e-9 
 01/15  06:00:00,2846544.5956399357,1710000.0,1136544.5956399357,0.0,0.0,0.0,1350000.0,0.0,0.0,0.0,-1.2514647096395493e-9 
 01/15  07:00:00,8995175.13229914,1710000.0,1136544.5956399357,6148630.536659203,5497158.982858505,0.0,1350000.0,5107278.4686318245,5107278.4686318245,0.0,-4.5838532969355583e-10 
 01/15  08:00:00,10020010.102541829,1686240.0,1136544.5956399357,7197225.506901894,6430286.740302306,0.0,1326240.0,5087104.915864107,5087104.915864107,3927610.528790866,6.83940015733242e-10 
 01/15  09:00:00,35616694.63973322,25732800.0,1136544.5956399357,8747350.04409328,7791418.979394652,0.0,18532800.0,5095220.328855282,5095220.328855282,20012764.233805493,-1.5133991837501526e-9 
 01/15  10:00:00,43538719.322599344,32325300.0,1168050.8851515218,10045368.43744783,8944881.276825307,0.0,16125300.0,3204914.1616585813,3204914.1616585813,26564088.069623217,-2.0954757928848267e-9 
 01/15  11:00:00,41723960.98187582,29556000.0,1198234.086218664,10969726.895657152,9772848.340440638,0.0,13356000.0,1192788.0800846936,1192788.0800846936,26601728.25918782,-5.3551048040390015e-9 
 01/15  12:00:00,38555121.69990304,26295840.0,1188693.173278804,11070588.526624236,9862836.29652769,0.0,10095840.0,1171802.5475485863,1171802.5475485863,23553106.93615015,-2.561137080192566e-9 
 01/15  13:00:00,36409386.209737554,24701760.0,1168443.857292965,10539182.35244459,9383123.44352991,0.0,8501760.0,2341941.0826788098,2341941.0826788098,20287734.338741563,-4.6566128730773926e-9 
 01/15  14:00:00,36571446.623924635,25764480.0,1189686.2077623075,9617280.41616233,8553192.215719098,0.0,9564480.0,610689.2425395597,610689.2425395597,20337805.19289223,-2.0954757928848267e-9 
 01/15  15:00:00,35647424.89513122,25027200.0,1238286.1233270285,9381938.771804193,8389751.712348608,0.0,10627200.0,0.0,0.0,21133178.394428376,-3.4924596548080444e-9 
 01/15  16:00:00,32834218.82852254,23227200.0,1203235.8519659657,8403782.976556573,7448879.903280137,0.0,10627200.0,116317.11717215509,116317.11717215509,18903307.49480193,-6.51925802230835e-9 
 01/15  17:00:00,35806537.3512455,26740800.0,1137603.5720354558,7928133.779210048,6926162.784377579,0.0,17740800.0,5641045.308979687,5641045.308979687,9098359.099682026,-2.7939677238464355e-9 
 01/15  18:00:00,44905773.00208981,36000000.0,1138388.5357969361,7767384.4662928805,6750959.748376525,0.0,27000000.0,5090601.209170962,5090601.209170962,1899455.137897658,-6.51925802230835e-9 
 01/15  19:00:00,30560631.23374282,21600000.0,1136544.5956399357,7824086.63810288,6805137.138424764,0.0,16200000.0,5213932.216994326,5213932.216994326,0.0,-2.7939677238464355e-9 
 01/15  20:00:00,19771582.157073542,10800000.0,1136544.5956399357,7835037.561433606,6872779.754538698,0.0,5400000.0,5140976.939367518,5140976.939367518,0.0,-2.0954757928848267e-9 
 01/15  21:00:00,6896544.595639936,5760000.0,1136544.5956399357,0.0,0.0,0.0,5400000.0,0.0,0.0,0.0,-1.280568540096283e-9 
 01/15  22:00:00,2846544.5956399357,1710000.0,1136544.5956399357,0.0,0.0,0.0,1350000.0,0.0,0.0,0.0,-2.9103830456733704e-9 
 01/15  23:00:00,2846544.5956399357,1710000.0,1136544.5956399357,0.0,0.0,0.0,1350000.0,0.0,0.0,0.0,-4.656612873077393e-10 
 01/15  24:00:00,2846544.5956399357,1710000.0,1136544.5956399357,0.0,0.0,0.0,1350000.0,0.0,0.0,0.0,-2.270098775625229e-9 
 01/16  01:00:00,2846544.5956399357,1710000.0,1136544.5956399357,0.0,0.0,0.0,1350000.0,0.0,0.0,0.0,-2.5029294192790985e-9 
 01/16  02:00:00,2846544.5956399357,1710000.0,1136544.5956399357,0.0,0.0,0.0,1350000.0,0.0,0.0,0.0,-2.9103830456733704e-10 
 01/16  03:00:00,2846544.5956399357,1710000.0,1136544.5956399357,0.0,0.0,0.0,1350000.0,0.0,0.0,0.0,7.566995918750763e-10 
 01/16  04:00:00,2846544.5956399357,1710000.0,1136544.5956399357,0.0,0.0,0.0,1350000.0,0.0,0.0,0.0,-1.0477378964424133e-9 
 01/16  05:00:00,2846544.5956399357,1710000.0,1136544.5956399357,0.0,0.0,0.0,1350000.0,0.0,0.0,0.0,1.6589183360338211e-9 
 01/16  06:00:00,2846544.5956399357,1710000.0,1136544.5956399357,0.0,0.0,0.0,1350000.0,0.0,0.0,0.0,-8.149072527885437e-10 
 01/16  07:00:00,9384751.786978867,1710000.0,1136544.5956399357,6538207.191338929,5839832.193233438,0.0,1350000.0,5082817.979792104,5082817.979792104,40244.89095488642,3.92901711165905e-10 
 01/16  08:00:00,10588092.842755325,1686240.0,1136544.5956399357,7765308.2471153885,6927634.4397744555,0.0,1326240.0,5033184.04712815,5033184.04712815,3678406.2479988607,3.2014213502407074e-9 
 01/16  09:00:00,35380942.611049764,24504840.0,1136544.595639936,9739558.015409825,8659282.352056079,0.0,17304840.0,4993636.141322395,4993636.141322395,17392704.86888947,-2.5029294192790985e-9 
 01/16  10:00:00,43921238.38565433,31480560.0,1154176.2495080477,11286502.136146285,10027940.0141037,0.0,15280560.0,3948863.5016937684,3948863.5016937684,24476550.62986683,-2.9103830456733704e-9 
 01/16  11:00:00,45180922.033694744,31809600.0,1190063.185251874,12181258.848442873,10832083.986520136,0.0,15609600.0,1622913.0269786573,1622913.0269786573,26698472.60450019,-4.423782229423523e-9 
 01/16  12:00:00,40295698.36777264,27140580.0,1189775.2784989146,11965343.089273727,10643254.443084516,0.0,10940580.0,1142993.9672476435,1142993.9672476435,23710426.86350415,-5.122274160385132e-9 
 01/16  13:00:00,37329201.91801107,24701760.0,1168024.5061547612,11459417.411856312,10183809.582791347,0.0,8501760.0,2391644.9281364437,2391644.9281364437,20564434.796338588,-3.4924596548080444e-9 
 01/16  14:00:00,37326705.85676764,25764480.0,1172846.2857866655,10389379.570980968,9217554.740788296,0.0,9564480.0,1696927.867024712,1696927.867024712,19428181.386312038,-3.259629011154175e-9 
 01/16  15:00:00,35947382.900808506,25027200.0,1196531.269800742,9723651.63100776,8619905.828164414,0.0,10627200.0,37986.69129187786,37986.69129187786,18273663.82842108,-3.026798367500305e-9 
 01/16  16:00:00,35199592.463073075,25005600.0,1150571.9986093072,9043420.464463763,7946729.861177739,0.0,12405600.0,3932308.994320794,3932308.994320794,12991120.339556469,-2.0954757928848267e-9 
 01/16  17:00:00,30231793.813028406,20516400.0,1136544.5956399357,8578849.21738847,7496565.219632436,0.0,11516400.0,5583074.354209214,5583074.354209214,16808682.051079407,-4.6566128730773926e-9 
 01/16  18:00:00,42864431.4244385,33685200.0,1136544.5956399357,8042686.82879856,7009138.459824765,0.0,24685200.0,5272764.602878608,5272764.602878608,5178323.85955088,-8.614733815193176e-9 
 01/16  19:00:00,30528141.72351367,21600000.0,1136544.5956399357,7791597.127873735,6786736.023498164,0.0,16200000.0,5161626.1920781825,5161626.1920781825,0.0,-4.190951585769653e-9 
 01/16  20:00:00,19423732.917462114,10800000.0,1136544.5956399357,7487188.321822179,6577520.455019176,0.0,5400000.0,5120880.521416877,5120880.521416877,0.0,-1.0477378964424133e-9 
 01/16  21:00:00,6896544.595639936,5760000.0,1136544.5956399357,0.0,0.0,0.0,5400000.0,0.0,0.0,0.0,1.1641532182693481e-9 
 01/16  22:00:00,2846544.5956399357,1710000.0,1136544.5956399357,0.0,0.0,0.0,1350000.0,0.0,0.0,0.0,-2.9103830456733704e-9 
 01/16  23:00:00,2846544.5956399357,1710000.0,1136544.5956399357,0.0,0.0,0.0,1350000.0,0.0,0.0,0.0,-1.1641532182693481e-9 
 01/16  24:00:00,2846544.5956399357,1710000.0,1136544.5956399357,0.0,0.0,0.0,1350000.0,0.0,0.0,0.0,5.820766091346741e-11 
 01/17  01:00:00,2846544.5956399357,1710000.0,1136544.5956399357,0.0,0.0,0.0,1350000.0,0.0,0.0,0.0,-1.862645149230957e-9 
 01/17  02:00:00,2846544.5956399357,1710000.0,1136544.5956399357,0.0,0.0,0.0,1350000.0,0.0,0.0,0.0,5.820766091346741e-10 
 01/17  03:00:00,2846544.5956399357,1710000.0,1136544.5956399357,0.0,0.0,0.0,1350000.0,0.0,0.0,0.0,2.0954757928848267e-9 
 01/17  04:00:00,2846544.5956399357,1710000.0,1136544.5956399357,0.0,0.0,0.0,1350000.0,0.0,0.0,0.0,-1.1059455573558807e-9 
 01/17  05:00:00,2846544.5956399357,1710000.0,1136544.5956399357,0.0,0.0,0.0,1350000.0,0.0,0.0,0.0,-1.1059455573558807e-9 
 01/17  06:00:00,2846544.5956399357,1710000.0,1136544.5956399357,0.0,0.0,0.0,1350000.0,0.0,0.0,0.0,-7.566995918750763e-10 
 01/17  07:00:00,9947358.356879877,1710000.0,1136544.5956399357,7100813.76123994,6336593.3010221375,0.0,1350000.0,5055356.1229102295,5055356.1229102295,40244.6300484214,2.9103830456733704e-11 
 01/17  08:00:00,10789007.603310162,1686240.0,1136544.5956399357,7966223.007670227,7108105.307170454,0.0,1326240.0,5055370.160235196,5055370.160235196,3885318.898087523,1.6298145055770874e-9 
 01/17  09:00:00,35063795.75403777,24504840.0,1136544.595639936,9422411.15839783,8386826.8245887365,0.0,17304840.0,5072587.419449773,5072587.419449773,19033584.706696294,-1.6880221664905548e-9 
 01/17  10:00:00,42568827.0426773,31029120.0,1161201.757932234,10378505.284745064,9236831.778257284,0.0,14829120.0,3543824.472303653,3543824.472303653,25007124.42426607,-4.773028194904327e-9 
 01/17  11:00:00,40919359.46714141,28605600.0,1191512.4347099112,11122247.0324315,9902266.224171322,0.0,12405600.0,1520679.0365081097,1520679.0365081097,26073544.318367578,-4.423782229423523e-9 
 01/17  12:00:00,38489582.762534745,26295840.0,1185994.2417486724,11007748.520786073,9793721.01483588,0.0,10095840.0,1375783.033059902,1375783.033059902,23669838.849694975,-4.889443516731262e-9 
 01/17  13:00:00,36597356.1849336,24701760.0,1165110.7618301471,10730485.423103454,9531730.818007281,0.0,8501760.0,2702115.2407536297,2702115.2407536297,21160209.21792777,2.3283064365386963e-10 
 01/17  14:00:00,37233197.03481595,25764480.0,1169927.549247239,10298789.485568713,9126280.471796887,0.0,9564480.0,1978313.1921202056,1978313.1921202056,20636810.62318939,-2.7939677238464355e-9 
 01/17  15:00:00,36352530.70324106,25027200.0,1191221.4747867375,10134109.228454325,8965713.281996936,0.0,10627200.0,109164.14942919443,109164.14942919443,19431391.95932746,-6.05359673500061e-9 
 01/17  16:00:00,33957994.59868667,23227200.0,1154122.2434776134,9576672.355209056,8416510.020783909,0.0,10627200.0,3509052.4127302477,3509052.4127302477,16444317.578124631,-2.7939677238464355e-9 
 01/17  17:00:00,30618451.611531705,20516400.0,1136622.8436060105,8965428.767925695,7839967.291909777,0.0,11516400.0,5653899.8078588275,5653899.8078588275,18727119.94938136,-6.752088665962219e-9 
 01/17  18:00:00,42885923.36571406,33685200.0,1137897.0907935887,8062826.274920465,7026732.612471098,0.0,24685200.0,5114499.639340317,5114499.639340317,5537731.202026858,-4.889443516731262e-9 
 01/17  19:00:00,30182599.91328053,21600000.0,1136544.5956399357,7446055.317640595,6478171.296394644,0.0,16200000.0,5193068.424274399,5193068.424274399,0.0,6.984919309616089e-10 
 01/17  20:00:00,18776737.852029745,10800000.0,1136544.5956399357,6840193.25638981,6002707.264877904,0.0,5400000.0,5132175.767019056,5132175.767019056,0.0,-3.026798367500305e-9 
 01/17  21:00:00,6896544.595639936,5760000.0,1136544.5956399357,0.0,0.0,0.0,5400000.0,0.0,0.0,0.0,2.7939677238464355e-9 
 01/17  22:00:00,2846544.5956399357,1710000.0,1136544.5956399357,0.0,0.0,0.0,1350000.0,0.0,0.0,0.0,-1.280568540096283e-9 
 01/17  23:00:00,2846544.5956399357,1710000.0,1136544.5956399357,0.0,0.0,0.0,1350000.0,0.0,0.0,0.0,-1.6298145055770874e-9 
 01/17  24:00:00,2846544.5956399357,1710000.0,1136544.5956399357,0.0,0.0,0.0,1350000.0,0.0,0.0,0.0,1.57160684466362e-9 
 01/18  01:00:00,2846544.5956399357,1710000.0,1136544.5956399357,0.0,0.0,0.0,1350000.0,0.0,0.0,0.0,-1.1641532182693481e-9 
 01/18  02:00:00,2846544.5956399357,1710000.0,1136544.5956399357,0.0,0.0,0.0,1350000.0,0.0,0.0,0.0,-2.444721758365631e-9 
 01/18  03:00:00,2846544.5956399357,1710000.0,1136544.5956399357,0.0,0.0,0.0,1350000.0,0.0,0.0,0.0,-5.820766091346741e-11 
 01/18  04:00:00,2846544.5956399357,1710000.0,1136544.5956399357,0.0,0.0,0.0,1350000.0,0.0,0.0,0.0,-5.820766091346741e-11 
 01/18  05:00:00,2846544.5956399357,1710000.0,1136544.5956399357,0.0,0.0,0.0,1350000.0,0.0,0.0,0.0,1.979060471057892e-9 
 01/18  06:00:00,2846544.5956399357,1710000.0,1136544.5956399357,0.0,0.0,0.0,1350000.0,0.0,0.0,0.0,2.473825588822365e-9 
 01/18  07:00:00,9203583.262450067,1710000.0,1136544.5956399357,6357038.666810133,5675424.155596005,0.0,1350000.0,5067318.480568016,5067318.480568016,0.0,9.89530235528946e-10 
 01/18  08:00:00,10110639.666529182,1710000.0,1136544.5956399357,7264095.070889247,6480427.13641171,0.0,1350000.0,5033057.098738441,5033057.098738441,2475722.184535172,-1.7316779121756554e-9 
 01/18  09:00:00,35556390.31290983,25732800.0,1136544.5956399357,8687045.717269886,7724662.5626674425,0.0,18532800.0,5010356.035677544,5010356.035677544,14123243.83521063,-8.731149137020111e-10 
 01/18  10:00:00,41694428.649049565,30577680.0,1145311.8297354851,9971436.819314077,8856850.478579737,0.0,14377680.0,4480287.784899758,4480287.784899758,23461069.670303497,8.149072527885437e-10 
 01/18  11:00:00,38855049.44986382,26827200.0,1166567.642799356,10861281.807064474,9653523.712582847,0.0,10627200.0,3028707.0206036614,3028707.0206036614,23028881.085427143,-2.561137080192566e-9 
 01/18  12:00:00,38480140.495002784,26295840.0,1174458.2621622256,11009842.232840555,9793614.341066778,0.0,10095840.0,2245318.315960129,2245318.315960129,23619523.32132462,-9.313225746154785e-10 
 01/18  13:00:00,36466808.78580768,24701760.0,1160112.0327246238,10604936.753083047,9435179.92551792,0.0,8501760.0,3181917.6939006466,3181917.6939006466,20673937.38320297,-5.820766091346741e-9 
 01/18  14:00:00,36797408.1178575,25764480.0,1161053.6481569915,9871874.469700508,8772756.648365334,0.0,9564480.0,2823529.4123863652,2823529.4123863652,18773473.870305836,-4.423782229423523e-9 
 01/18  15:00:00,35630774.631189555,25027200.0,1215629.8675807475,9387944.763608806,8362562.336286859,0.0,10627200.0,38892.282470317565,38892.282470317565,21774926.80406829,-5.820766091346741e-9 
 01/18  16:00:00,33131921.418445837,23227200.0,1208577.097229781,8696144.321216056,7711271.311455049,0.0,10627200.0,0.0,0.0,21642861.478187487,-2.7939677238464355e-9 
 01/18  17:00:00,33137155.385262806,24073200.0,1140943.645717424,7923011.739545377,6931249.738649877,0.0,15073200.0,5060320.415235293,5060320.415235293,11959677.685443066,-3.725290298461914e-9 
 01/18  18:00:00,42719225.506690346,34099200.0,1144340.9004574346,7475684.606232909,6505704.941922456,0.0,25099200.0,4298641.904940737,4298641.904940737,6363538.124721203,-3.026798367500305e-9 
 01/18  19:00:00,29944482.95499669,21600000.0,1136544.5956399357,7207938.359356755,6265188.569455107,0.0,16200000.0,5316494.483869109,5316494.483869109,0.0,-2.561137080192566e-9 
 01/18  20:00:00,18741764.742782537,10800000.0,1136544.5956399357,6805220.147142598,5966194.72536017,0.0,5400000.0,5179701.264142822,5179701.264142822,0.0,-6.984919309616089e-10 
 01/18  21:00:00,6896544.595639936,5760000.0,1136544.5956399357,0.0,0.0,0.0,5400000.0,0.0,0.0,0.0,-5.587935447692871e-9 
 01/18  22:00:00,2846544.5956399357,1710000.0,1136544.5956399357,0.0,0.0,0.0,1350000.0,0.0,0.0,0.0,-2.2118911147117615e-9 
 01/18  23:00:00,2846544.5956399357,1710000.0,1136544.5956399357,0.0,0.0,0.0,1350000.0,0.0,0.0,0.0,-9.313225746154785e-10 
 01/18  24:00:00,2846544.5956399357,1710000.0,1136544.5956399357,0.0,0.0,0.0,1350000.0,0.0,0.0,0.0,-9.89530235528946e-10 
 01/19  01:00:00,6086544.595639936,4950000.0,1136544.5956399357,0.0,0.0,0.0,1350000.0,0.0,0.0,0.0,-6.984919309616089e-10 
 01/19  02:00:00,6086544.595639936,4950000.0,1136544.5956399357,0.0,0.0,0.0,1350000.0,0.0,0.0,0.0,5.820766091346741e-10 
 01/19  03:00:00,6086544.595639936,4950000.0,1136544.5956399357,0.0,0.0,0.0,1350000.0,0.0,0.0,0.0,-3.725290298461914e-9 
 01/19  04:00:00,6086544.595639936,4950000.0,1136544.5956399357,0.0,0.0,0.0,1350000.0,0.0,0.0,0.0,3.026798367500305e-9 
 01/19  05:00:00,6086544.595639936,4950000.0,1136544.5956399357,0.0,0.0,0.0,1350000.0,0.0,0.0,0.0,-3.4924596548080444e-9 
 01/19  06:00:00,6086544.595639936,4950000.0,1136544.5956399357,0.0,0.0,0.0,1350000.0,0.0,0.0,0.0,-2.153683453798294e-9 
 01/19  07:00:00,6086544.595639936,4950000.0,1136544.5956399357,0.0,0.0,0.0,1350000.0,0.0,0.0,50340.33988627352,-7.8580342233181e-10 
 01/19  08:00:00,6086544.595639936,4950000.0,1136544.5956399357,0.0,0.0,0.0,1350000.0,0.0,0.0,2436989.8170219082,-2.561137080192566e-9 
 01/19  09:00:00,5766144.595639936,4629600.0,1136544.5956399357,0.0,0.0,0.0,1029600.0,0.0,0.0,14508712.396274598,-3.637978807091713e-9 
 01/19  10:00:00,5718624.595639936,4582080.0,1136544.595639936,0.0,0.0,0.0,982080.0,0.0,0.0,26727452.08405307,-1.1641532182693481e-9 
 01/19  11:00:00,5629704.595639936,4493160.0,1136544.5956399357,0.0,0.0,0.0,893160.0,0.0,0.0,27397109.977410145,-4.48198989033699e-9 
 01/19  12:00:00,5356824.595639936,4220280.0,1136544.5956399357,0.0,0.0,0.0,620280.0,0.0,0.0,24101813.699498158,-1.7462298274040222e-9 
 01/19  13:00:00,5267904.595639936,4131360.0,1136544.5956399357,0.0,0.0,0.0,531360.0,0.0,0.0,22453304.26994098,-5.820766091346741e-9 
 01/19  14:00:00,5267904.595639936,4131360.0,1136544.5956399357,0.0,0.0,0.0,531360.0,0.0,0.0,21118483.283901792,-5.005858838558197e-9 
 01/19  15:00:00,5267904.595639936,4131360.0,1136544.5956399357,0.0,0.0,0.0,531360.0,0.0,0.0,21499498.62045444,-4.889443516731262e-9 
 01/19  16:00:00,5267904.595639936,4131360.0,1136544.5956399357,0.0,0.0,0.0,531360.0,0.0,0.0,17642667.45113453,-2.7939677238464355e-9 
 01/19  17:00:00,5445744.595639936,4309200.0,1136544.5956399357,0.0,0.0,0.0,709200.0,0.0,0.0,13210543.477868052,-3.4924596548080444e-9 
 01/19  18:00:00,6015264.595639936,4878720.0,1136544.5956399357,0.0,0.0,0.0,1278720.0,0.0,0.0,5823289.684276253,-3.725290298461914e-9 
 01/19  19:00:00,6086544.595639936,4950000.0,1136544.5956399357,0.0,0.0,0.0,1350000.0,0.0,0.0,0.0,-5.471520125865936e-9 
 01/19  20:00:00,6086544.595639936,4950000.0,1136544.5956399357,0.0,0.0,0.0,1350000.0,0.0,0.0,0.0,-1.1641532182693481e-9 
 01/19  21:00:00,6086544.595639936,4950000.0,1136544.5956399357,0.0,0.0,0.0,1350000.0,0.0,0.0,0.0,-2.6775524020195007e-9 
 01/19  22:00:00,6086544.595639936,4950000.0,1136544.5956399357,0.0,0.0,0.0,1350000.0,0.0,0.0,0.0,-5.238689482212067e-9 
 01/19  23:00:00,6086544.595639936,4950000.0,1136544.5956399357,0.0,0.0,0.0,1350000.0,0.0,0.0,0.0,1.6298145055770874e-9 
 01/19  24:00:00,6086544.595639936,4950000.0,1136544.5956399357,0.0,0.0,0.0,1350000.0,0.0,0.0,0.0,-1.57160684466362e-9 
 01/20  01:00:00,6086544.595639936,4950000.0,1136544.5956399357,0.0,0.0,0.0,1350000.0,0.0,0.0,0.0,-1.979060471057892e-9 
 01/20  02:00:00,6086544.595639936,4950000.0,1136544.5956399357,0.0,0.0,0.0,1350000.0,0.0,0.0,0.0,-1.1641532182693481e-10 
 01/20  03:00:00,6086544.595639936,4950000.0,1136544.5956399357,0.0,0.0,0.0,1350000.0,0.0,0.0,0.0,-1.7462298274040222e-10 
 01/20  04:00:00,6086544.595639936,4950000.0,1136544.5956399357,0.0,0.0,0.0,1350000.0,0.0,0.0,0.0,-1.6298145055770874e-9 
 01/20  05:00:00,6086544.595639936,4950000.0,1136544.5956399357,0.0,0.0,0.0,1350000.0,0.0,0.0,0.0,-8.731149137020111e-10 
 01/20  06:00:00,6086544.595639936,4950000.0,1136544.5956399357,0.0,0.0,0.0,1350000.0,0.0,0.0,0.0,-4.0745362639427185e-9 
 01/20  07:00:00,6086544.595639936,4950000.0,1136544.5956399357,0.0,0.0,0.0,1350000.0,0.0,0.0,456466.6770302426,3.026798367500305e-9 
 01/20  08:00:00,6086544.595639936,4950000.0,1136544.5956399357,0.0,0.0,0.0,1350000.0,0.0,0.0,6992811.065647166,3.7834979593753815e-10 
 01/20  09:00:00,5858124.595639936,4721580.0,1136544.5956399357,0.0,0.0,0.0,1121580.0,0.0,0.0,24785160.03598144,0.0 
 01/20  10:00:00,5697924.595639936,4561380.0,1136544.5956399357,0.0,0.0,0.0,961380.0,0.0,0.0,26967874.74335042,-2.3283064365386963e-9 
 01/20  11:00:00,5721684.595639936,4585140.0,1136544.5956399357,0.0,0.0,0.0,985140.0,0.0,0.0,28420107.26508133,1.2223608791828156e-9 
 01/20  12:00:00,5357040.71312932,4220280.0,1136760.7131293195,0.0,0.0,0.0,620280.0,0.0,0.0,23737308.60551749,-4.423782229423523e-9 
 01/20  13:00:00,5425044.595639936,4288500.0,1136544.5956399357,0.0,0.0,0.0,688500.0,0.0,0.0,18753076.82468556,-9.313225746154785e-10 
 01/20  14:00:00,5267904.595639936,4131360.0,1136544.5956399357,0.0,0.0,0.0,531360.0,0.0,0.0,18742853.579799157,-7.450580596923828e-9 
 01/20  15:00:00,5267904.595639936,4131360.0,1136544.5956399357,0.0,0.0,0.0,531360.0,0.0,0.0,21659513.583526786,-2.3283064365386963e-9 
 01/20  16:00:00,5267904.595639936,4131360.0,1136544.5956399357,0.0,0.0,0.0,531360.0,0.0,0.0,21727344.79035526,-5.3551048040390015e-9 
 01/20  17:00:00,5312364.595639936,4175820.0,1136544.5956399357,0.0,0.0,0.0,575820.0,0.0,0.0,17733157.117835134,-3.725290298461914e-9 
 01/20  18:00:00,6015264.595639936,4878720.0,1136544.5956399357,0.0,0.0,0.0,1278720.0,0.0,0.0,3684269.497222205,-3.259629011154175e-9 
 01/20  19:00:00,6086544.595639936,4950000.0,1136544.5956399357,0.0,0.0,0.0,1350000.0,0.0,0.0,0.0,-3.4924596548080444e-9 
 01/20  20:00:00,6086544.595639936,4950000.0,1136544.5956399357,0.0,0.0,0.0,1350000.0,0.0,0.0,0.0,-6.984919309616089e-10 
 01/20  21:00:00,6086544.595639936,4950000.0,1136544.5956399357,0.0,0.0,0.0,1350000.0,0.0,0.0,0.0,-2.2118911147117615e-9 
 01/20  22:00:00,6086544.595639936,4950000.0,1136544.5956399357,0.0,0.0,0.0,1350000.0,0.0,0.0,0.0,-1.280568540096283e-9 
 01/20  23:00:00,6086544.595639936,4950000.0,1136544.5956399357,0.0,0.0,0.0,1350000.0,0.0,0.0,0.0,-2.444721758365631e-9 
 01/20  24:00:00,6086544.595639936,4950000.0,1136544.5956399357,0.0,0.0,0.0,1350000.0,0.0,0.0,0.0,-5.820766091346741e-9 
 01/21  01:00:00,2846544.5956399357,1710000.0,1136544.5956399357,0.0,0.0,0.0,1350000.0,0.0,0.0,0.0,-1.0477378964424133e-9 
 01/21  02:00:00,2846544.5956399357,1710000.0,1136544.5956399357,0.0,0.0,0.0,1350000.0,0.0,0.0,0.0,-1.0477378964424133e-9 
 01/21  03:00:00,2846544.5956399357,1710000.0,1136544.5956399357,0.0,0.0,0.0,1350000.0,0.0,0.0,0.0,1.7462298274040222e-10 
 01/21  04:00:00,2846544.5956399357,1710000.0,1136544.5956399357,0.0,0.0,0.0,1350000.0,0.0,0.0,0.0,5.238689482212067e-10 
 01/21  05:00:00,2846544.5956399357,1710000.0,1136544.5956399357,0.0,0.0,0.0,1350000.0,0.0,0.0,0.0,-2.9103830456733704e-10 
 01/21  06:00:00,2846544.5956399357,1710000.0,1136544.5956399357,0.0,0.0,0.0,1350000.0,0.0,0.0,0.0,-2.0954757928848267e-9 
 01/21  07:00:00,8834942.15395865,1710000.0,1136544.5956399357,5988397.558318715,5360775.885363451,0.0,1350000.0,5139500.204223631,5139500.204223631,499392.63749582204,8.87666828930378e-10 
 01/21  08:00:00,9667771.336224232,1710000.0,1136544.5956399357,6821226.740584297,6106544.6845212,0.0,1350000.0,5114810.27016606,5114810.27016606,7209885.282815628,-9.167706593871117e-10 
 01/21  09:00:00,37267394.90114532,28188720.0,1139624.4027650477,7939050.498380272,7089519.182001274,0.0,20988720.0,4911517.493846868,4911517.493846868,25509200.142844714,8.731149137020111e-10 
 01/21  10:00:00,48048767.41043052,38354760.0,1201282.1514270746,8492725.259003446,7595476.432022475,0.0,22154760.0,1421922.9296801242,1421922.9296801242,29984159.06220563,-3.725290298461914e-9 
 01/21  11:00:00,47530021.70765105,37742400.0,1211671.951795161,8575949.755855888,7678076.751112711,0.0,21542400.0,256622.77247842657,256622.77247842657,27668525.96134776,-9.313225746154785e-9 
 01/21  12:00:00,42693868.27454952,33170040.0,1228667.2291955303,8295161.045353995,7453995.678093148,0.0,16970040.0,0.0,0.0,23472775.397468638,-3.259629011154175e-9 
 01/21  13:00:00,34258299.79910676,25413120.0,1190676.3539141894,7654503.445192569,6839985.65228916,0.0,9213120.0,283916.98530303093,283916.98530303093,19855861.896914408,-6.05359673500061e-9 
 01/21  14:00:00,35468783.42923762,25764480.0,1277381.8621200896,8426921.567117533,7616647.665665665,0.0,9564480.0,0.0,0.0,20692894.664201617,-4.423782229423523e-9 
 01/21  15:00:00,35241176.81692568,25027200.0,1306365.340899154,8907611.476026528,8075501.473758677,0.0,10627200.0,0.0,0.0,21337937.153688353,-3.4924596548080444e-9 
 01/21  16:00:00,32706666.3400905,23227200.0,1244927.0352062408,8234539.304884261,7391751.543564052,0.0,10627200.0,0.0,0.0,20251244.862488817,-2.7939677238464355e-9 
 01/21  17:00:00,31921539.672482416,23184000.0,1150720.8666246254,7586818.805857791,6670863.566103368,0.0,14184000.0,3643186.8057614597,3643186.8057614597,12356398.424851732,-7.450580596923828e-9 
 01/21  18:00:00,41776484.32891102,33210000.0,1147382.729288227,7419101.5996227935,6468871.66836244,0.0,24210000.0,3888196.3095016326,3888196.3095016326,6572901.390671874,-7.2177499532699585e-9 
 01/21  19:00:00,29967768.624043807,21600000.0,1136544.5956399357,7231224.028403873,6289283.776640811,0.0,16200000.0,5418919.505017597,5418919.505017597,0.0,-6.752088665962219e-9 
 01/21  20:00:00,18774181.246300146,10800000.0,1136544.5956399357,6837636.650660211,5994426.666700194,0.0,5400000.0,5218809.846771181,5218809.846771181,0.0,-2.9103830456733704e-9 
 01/21  21:00:00,6896544.595639936,5760000.0,1136544.5956399357,0.0,0.0,0.0,5400000.0,0.0,0.0,0.0,-3.3760443329811096e-9 
 01/21  22:00:00,2846544.5956399357,1710000.0,1136544.5956399357,0.0,0.0,0.0,1350000.0,0.0,0.0,0.0,-2.0954757928848267e-9 
 01/21  23:00:00,2846544.5956399357,1710000.0,1136544.5956399357,0.0,0.0,0.0,1350000.0,0.0,0.0,0.0,-3.026798367500305e-9 
 01/21  24:00:00,2846544.5956399357,1710000.0,1136544.5956399357,0.0,0.0,0.0,1350000.0,0.0,0.0,0.0,-2.9103830456733704e-10 
 01/22  01:00:00,2846544.5956399357,1710000.0,1136544.5956399357,0.0,0.0,0.0,1350000.0,0.0,0.0,0.0,-2.3865140974521637e-9 
 01/22  02:00:00,2846544.5956399357,1710000.0,1136544.5956399357,0.0,0.0,0.0,1350000.0,0.0,0.0,0.0,2.444721758365631e-9 
 01/22  03:00:00,2846544.5956399357,1710000.0,1136544.5956399357,0.0,0.0,0.0,1350000.0,0.0,0.0,0.0,-2.0954757928848267e-9 
 01/22  04:00:00,2846544.5956399357,1710000.0,1136544.5956399357,0.0,0.0,0.0,1350000.0,0.0,0.0,0.0,1.7462298274040222e-10 
 01/22  05:00:00,2846544.5956399357,1710000.0,1136544.5956399357,0.0,0.0,0.0,1350000.0,0.0,0.0,0.0,-1.4551915228366852e-10 
 01/22  06:00:00,2846544.5956399357,1710000.0,1136544.5956399357,0.0,0.0,0.0,1350000.0,0.0,0.0,0.0,8.731149137020111e-11 
 01/22  07:00:00,9770131.532221373,1710000.0,1136544.5956399357,6923586.936581437,6180495.338038503,0.0,1350000.0,5131959.0234903125,5131959.0234903125,298543.21942574414,1.3096723705530167e-10 
 01/22  08:00:00,10920365.280024085,1686240.0,1136544.5956399357,8097580.68438415,7226129.639975013,0.0,1326240.0,5096119.8156206235,5096119.8156206235,5233607.462176252,-2.3283064365386963e-10 
 01/22  09:00:00,35703775.15691299,24932520.0,1136544.595639936,9634710.56127305,8577727.356988551,0.0,17732520.0,5103389.084592194,5103389.084592194,18131570.484771624,-1.0477378964424133e-9 
 01/22  10:00:00,42481086.77290537,30577680.0,1147183.3201709865,10756223.452734392,9576025.23864086,0.0,14377680.0,4369484.431432101,4369484.431432101,20290152.52620693,-3.958120942115784e-9 
 01/22  11:00:00,42346418.43539069,29494800.0,1182852.814519362,11668765.620871324,10396962.844129674,0.0,13294800.0,1950285.9637434413,1950285.9637434413,25559050.764909506,-7.683411240577698e-9 
 01/22  12:00:00,39360099.760933235,26295840.0,1185846.1485547712,11878413.612378469,10579836.808031283,0.0,10095840.0,1358840.069602088,1358840.069602088,23682137.06846127,-3.026798367500305e-9 
 01/22  13:00:00,37718840.56732171,24701760.0,1166803.0430454884,11850277.524276216,10536649.688761273,0.0,8501760.0,2466833.5169708747,2466833.5169708747,20958372.89447884,-7.916241884231567e-9 
 01/22  14:00:00,38621327.84617159,25764480.0,1178195.11243276,11678652.733738825,10362414.881655248,0.0,9564480.0,1198305.2534963593,1198305.2534963593,18960977.992979072,-5.3551048040390015e-9 
 01/22  15:00:00,40461989.77363427,27694800.0,1186160.9776813071,11581028.795952965,10250063.10615241,0.0,13294800.0,395570.46240742266,395570.46240742266,14042888.016659187,-6.984919309616089e-9 
 01/22  16:00:00,42371240.44197639,29988000.0,1154934.5691386624,11228305.87283773,9872559.97481799,0.0,17388000.0,3386184.4828544464,3386184.4828544464,10659352.505492862,-6.05359673500061e-9 
 01/22  17:00:00,39725732.36096516,27691200.0,1136544.5956399357,10897987.765325222,9534866.63056244,0.0,18691200.0,5714869.763557403,5714869.763557403,7800819.338333671,-3.026798367500305e-9 
 01/22  18:00:00,42193394.54749617,30895200.0,1141023.462268847,10157171.085227322,8875503.836114094,0.0,21895200.0,4715766.403130291,4715766.403130291,12475820.141263064,-4.423782229423523e-9 
 01/22  19:00:00,32337451.284200475,21600000.0,1136544.5956399357,9600906.688560534,8389216.779165648,0.0,16200000.0,5249279.300257502,5249279.300257502,0.0,-2.561137080192566e-9 
 01/22  20:00:00,20937224.84608864,10800000.0,1136544.5956399357,9000680.250448702,7921142.531570793,0.0,5400000.0,5153217.765758072,5153217.765758072,0.0,-1.6298145055770874e-9 
 01/22  21:00:00,6896544.595639936,5760000.0,1136544.5956399357,0.0,0.0,0.0,5400000.0,0.0,0.0,0.0,-2.3283064365386963e-9 
 01/22  22:00:00,2846544.5956399357,1710000.0,1136544.5956399357,0.0,0.0,0.0,1350000.0,0.0,0.0,0.0,-4.190951585769653e-9 
 01/22  23:00:00,2846544.5956399357,1710000.0,1136544.5956399357,0.0,0.0,0.0,1350000.0,0.0,0.0,0.0,-1.0477378964424133e-9 
 01/22  24:00:00,2846544.5956399357,1710000.0,1136544.5956399357,0.0,0.0,0.0,1350000.0,0.0,0.0,0.0,-2.9103830456733704e-10 
 01/23  01:00:00,2846544.5956399357,1710000.0,1136544.5956399357,0.0,0.0,0.0,1350000.0,0.0,0.0,0.0,-3.434251993894577e-9 
 01/23  02:00:00,2846544.5956399357,1710000.0,1136544.5956399357,0.0,0.0,0.0,1350000.0,0.0,0.0,0.0,-2.9685907065868378e-9 
 01/23  03:00:00,2846544.5956399357,1710000.0,1136544.5956399357,0.0,0.0,0.0,1350000.0,0.0,0.0,0.0,-3.550667315721512e-9 
 01/23  04:00:00,2846544.5956399357,1710000.0,1136544.5956399357,0.0,0.0,0.0,1350000.0,0.0,0.0,0.0,-3.259629011154175e-9 
 01/23  05:00:00,2846544.5956399357,1710000.0,1136544.5956399357,0.0,0.0,0.0,1350000.0,0.0,0.0,0.0,-2.153683453798294e-9 
 01/23  06:00:00,2846544.5956399357,1710000.0,1136544.5956399357,0.0,0.0,0.0,1350000.0,0.0,0.0,0.0,1.7462298274040222e-10 
 01/23  07:00:00,11742238.87792726,1710000.0,1136544.5956399357,8895694.282287322,7920791.55428299,0.0,1350000.0,5008500.343206624,5008500.343206624,40244.03439340385,1.280568540096283e-9 
 01/23  08:00:00,12982066.149558196,1686240.0,1136544.5956399357,10159281.553918261,9040383.212971909,0.0,1326240.0,4971325.546328448,4971325.546328448,3829699.031214169,2.35741026699543e-9 
 01/23  09:00:00,38210447.35354863,25305120.0,1136544.595639936,11768782.757908693,10456770.961113976,0.0,18105120.0,4937904.638639811,4937904.638639811,18441794.590813056,-8.149072527885437e-10 
 01/23  10:00:00,44550484.16352134,31029120.0,1162798.445649019,12358565.717872325,10986565.547795203,0.0,14829120.0,3380185.6373547725,3380185.6373547725,24994842.24631482,-2.6775524020195007e-9 
 01/23  11:00:00,41295029.12672377,27716400.0,1187058.803327595,12391570.323396172,11028333.080323,0.0,11516400.0,1673775.812271391,1673775.812271391,24758717.380138,-6.752088665962219e-9 
 01/23  12:00:00,38707507.31214446,26295840.0,1185762.690847538,11225904.62129692,9997690.609103471,0.0,10095840.0,1322490.4610920465,1322490.4610920465,23804948.45965188,-9.080395102500916e-9 
 01/23  13:00:00,36064916.705905914,24701760.0,1165445.9872887558,10197710.71861716,9075956.381683283,0.0,8501760.0,2638083.573600085,2638083.573600085,21650071.494377244,-6.05359673500061e-9 
 01/23  14:00:00,36188471.860159814,25764480.0,1174314.9424385552,9249676.917721266,8215527.078862784,0.0,9564480.0,1555746.8550444809,1555746.8550444809,18097742.69306933,-6.51925802230835e-9 
 01/23  15:00:00,35260092.832473874,25027200.0,1204928.7245141838,9027964.107959688,8024201.453396453,0.0,10627200.0,0.0,0.0,19891803.098008934,-3.4924596548080444e-9 
 01/23  16:00:00,32922893.1251555,23227200.0,1177855.938475815,8517837.186679684,7522273.289351984,0.0,10627200.0,1029636.8714193146,1029636.8714193146,18536209.49711907,-5.587935447692871e-9 
 01/23  17:00:00,29915606.027212773,20516400.0,1139616.3194588842,8259589.707753893,7240493.379106752,0.0,11516400.0,5457400.01110189,5457400.01110189,17253442.186095897,-4.190951585769653e-9 
 01/23  18:00:00,42584516.69806067,33685200.0,1136544.5956399357,7762772.102420731,6771311.172147666,0.0,24685200.0,5415882.986514387,5415882.986514387,1935375.6980833705,-2.7939677238464355e-9 
 01/23  19:00:00,30336668.27631805,21600000.0,1136544.5956399357,7600123.680678115,6621456.609997738,0.0,16200000.0,5215970.911600042,5215970.911600042,0.0,-3.725290298461914e-9 
 01/23  20:00:00,19197954.212285016,10800000.0,1136544.5956399357,7261409.616645079,6375851.73439705,0.0,5400000.0,5141283.029513036,5141283.029513036,0.0,0.0 
 01/23  21:00:00,6896544.595639936,5760000.0,1136544.5956399357,0.0,0.0,0.0,5400000.0,0.0,0.0,0.0,-3.14321368932724e-9 
 01/23  22:00:00,2846544.5956399357,1710000.0,1136544.5956399357,0.0,0.0,0.0,1350000.0,0.0,0.0,0.0,-2.3283064365386963e-9 
 01/23  23:00:00,2846544.5956399357,1710000.0,1136544.5956399357,0.0,0.0,0.0,1350000.0,0.0,0.0,0.0,-1.0477378964424133e-9 
 01/23  24:00:00,2846544.5956399357,1710000.0,1136544.5956399357,0.0,0.0,0.0,1350000.0,0.0,0.0,0.0,9.313225746154785e-10 
 01/24  01:00:00,2846544.5956399357,1710000.0,1136544.5956399357,0.0,0.0,0.0,1350000.0,0.0,0.0,0.0,-3.7834979593753815e-9 
 01/24  02:00:00,2846544.5956399357,1710000.0,1136544.5956399357,0.0,0.0,0.0,1350000.0,0.0,0.0,0.0,-1.979060471057892e-9 
 01/24  03:00:00,2846544.5956399357,1710000.0,1136544.5956399357,0.0,0.0,0.0,1350000.0,0.0,0.0,0.0,-1.280568540096283e-9 
 01/24  04:00:00,2846544.5956399357,1710000.0,1136544.5956399357,0.0,0.0,0.0,1350000.0,0.0,0.0,0.0,-1.949956640601158e-9 
 01/24  05:00:00,2846544.5956399357,1710000.0,1136544.5956399357,0.0,0.0,0.0,1350000.0,0.0,0.0,0.0,-1.1641532182693481e-9 
 01/24  06:00:00,2846544.5956399357,1710000.0,1136544.5956399357,0.0,0.0,0.0,1350000.0,0.0,0.0,0.0,8.731149137020111e-10 
 01/24  07:00:00,10388922.209696913,1710000.0,1136544.5956399357,7542377.614056976,6722091.206248504,0.0,1350000.0,5072739.640521179,5072739.640521179,180197.865345235,-2.1973391994833946e-9 
 01/24  08:00:00,11526599.90561693,1686240.0,1136544.5956399357,8703815.309976993,7755307.563907771,0.0,1326240.0,5054059.407753405,5054059.407753405,3236237.474455353,-2.4301698431372643e-9 
 01/24  09:00:00,36999088.88278118,25732800.0,1136544.5956399357,10129744.287141241,9007931.4353824,0.0,18532800.0,5054667.445294788,5054667.445294788,14201972.469996918,-2.2118911147117615e-9 
 01/24  10:00:00,42915178.21899421,30577680.0,1148119.11230862,11189379.106685584,9947728.544867475,0.0,14377680.0,4294529.036546924,4294529.036546924,23005143.38095911,-3.14321368932724e-9 
 01/24  11:00:00,40001915.85908652,26827200.0,1176370.4157506998,11998345.44333582,10673763.635045912,0.0,10627200.0,2328903.3508954253,2328903.3508954253,24423453.023179114,-5.3551048040390015e-9 
 01/24  12:00:00,39534325.1376263,26295840.0,1179870.5775288611,12058614.560097434,10726273.83872939,0.0,10095840.0,1751927.5008937086,1751927.5008937086,23701432.090795934,-4.889443516731262e-9 
 01/24  13:00:00,37467521.54762289,24701760.0,1163784.9899344959,11601976.557688396,10309465.464338254,0.0,8501760.0,2766297.444161384,2766297.444161384,21439060.202076565,-8.149072527885437e-9 
 01/24  14:00:00,37915605.15157585,25764480.0,1178825.5801143283,10972299.57146152,9733540.167814432,0.0,9564480.0,1176085.021667445,1176085.021667445,20216263.353011776,-8.614733815193176e-9 
 01/24  15:00:00,36773716.15666364,25027200.0,1197294.301919249,10549221.854744392,9348770.62713436,0.0,10627200.0,0.0,0.0,18436544.070850495,-3.4924596548080444e-9 
 01/24  16:00:00,34569944.75240678,23227200.0,1154192.829889148,10188551.922517639,8959168.305043634,0.0,10627200.0,3541726.8362430437,3541726.8362430437,15829537.730197065,-3.958120942115784e-9 
 01/24  17:00:00,32420863.172718506,21405600.0,1136544.5956399357,9878718.57707857,8640686.806653228,0.0,12405600.0,5606498.485197809,5606498.485197809,15107802.78801608,-1.862645149230957e-9 
 01/24  18:00:00,42932166.29737554,32259600.0,1139020.2876004889,9533546.009775048,8317506.802741025,0.0,23259600.0,4922420.641461574,4922420.641461574,9778695.6211205,-7.450580596923828e-9 
 01/24  19:00:00,32003717.71073548,21600000.0,1136544.5956399357,9267173.115095548,8079813.078960631,0.0,16200000.0,5218806.691971486,5218806.691971486,0.0,-5.587935447692871e-9 
 01/24  20:00:00,20811921.64439164,10800000.0,1136544.5956399357,8875377.048751703,7792938.525131006,0.0,5400000.0,5142933.858054367,5142933.858054367,0.0,-1.862645149230957e-9 
 01/24  21:00:00,6896544.595639936,5760000.0,1136544.5956399357,0.0,0.0,0.0,5400000.0,0.0,0.0,0.0,-8.149072527885437e-10 
 01/24  22:00:00,2846544.5956399357,1710000.0,1136544.5956399357,0.0,0.0,0.0,1350000.0,0.0,0.0,0.0,-4.6566128730773926e-9 
 01/24  23:00:00,2846544.5956399357,1710000.0,1136544.5956399357,0.0,0.0,0.0,1350000.0,0.0,0.0,0.0,-1.6298145055770874e-9 
 01/24  24:00:00,2846544.5956399357,1710000.0,1136544.5956399357,0.0,0.0,0.0,1350000.0,0.0,0.0,0.0,-2.7939677238464355e-9 
 01/25  01:00:00,2846544.5956399357,1710000.0,1136544.5956399357,0.0,0.0,0.0,1350000.0,0.0,0.0,0.0,-4.656612873077393e-10 
 01/25  02:00:00,2846544.5956399357,1710000.0,1136544.5956399357,0.0,0.0,0.0,1350000.0,0.0,0.0,0.0,-2.735760062932968e-9 
 01/25  03:00:00,2846544.5956399357,1710000.0,1136544.5956399357,0.0,0.0,0.0,1350000.0,0.0,0.0,0.0,6.402842700481415e-10 
 01/25  04:00:00,2846544.5956399357,1710000.0,1136544.5956399357,0.0,0.0,0.0,1350000.0,0.0,0.0,0.0,-1.9208528101444244e-9 
 01/25  05:00:00,2846544.5956399357,1710000.0,1136544.5956399357,0.0,0.0,0.0,1350000.0,0.0,0.0,0.0,1.5425030142068863e-9 
 01/25  06:00:00,2846544.5956399357,1710000.0,1136544.5956399357,0.0,0.0,0.0,1350000.0,0.0,0.0,0.0,-3.0850060284137726e-9 
 01/25  07:00:00,11011247.084170619,1710000.0,1136544.5956399357,8164702.488530682,7272939.635271796,0.0,1350000.0,5031678.841053646,5031678.841053646,0.0,-5.529727786779404e-10 
 01/25  08:00:00,12138617.154591238,1710000.0,1136544.5956399357,9292072.558951303,8273346.136470037,0.0,1350000.0,5001867.373677095,5001867.373677095,2049725.6039937064,2.1973391994833946e-9 
 01/25  09:00:00,38839625.72034451,26960760.0,1136544.5956399357,10742321.124704571,9547117.453804238,0.0,19760760.0,5001468.84967456,5001468.84967456,12565289.377508022,-2.2118911147117615e-9 
 01/25  10:00:00,44117287.617308855,31029120.0,1147801.1272857569,11940366.490023095,10613960.770577207,0.0,14829120.0,4299192.319472964,4299192.319472964,23748493.592137497,-5.704350769519806e-9 
 01/25  11:00:00,44406149.87331647,30445200.0,1185761.8863182096,12775187.986998256,11379464.51486965,0.0,14245200.0,1713819.4490150332,1713819.4490150332,26339523.614954993,-3.259629011154175e-9 
 01/25  12:00:00,40335057.37240726,26295840.0,1185882.437627594,12853334.934779663,11449362.43312404,0.0,10095840.0,1308083.033414811,1308083.033414811,23962012.976831585,-3.958120942115784e-9 
 01/25  13:00:00,38380022.720695935,24701760.0,1170628.535577036,12507634.185118906,11130389.806111708,0.0,8501760.0,2070036.9117366998,2070036.9117366998,22312454.21748736,-9.778887033462524e-9 
 01/25  14:00:00,38955215.160360515,25764480.0,1197433.4847514036,11993301.67560912,10668269.728651136,0.0,9564480.0,239329.7682745061,239329.7682745061,19466581.148587026,-3.958120942115784e-9 
 01/25  15:00:00,37872482.05080813,25027200.0,1212117.0325854525,11633165.018222673,10345854.494608847,0.0,10627200.0,0.0,0.0,17121227.783176582,-6.05359673500061e-9 
 01/25  16:00:00,35061791.50142571,23227200.0,1168375.1867808478,10666216.314644866,9393753.67629507,0.0,10627200.0,1938411.8311390337,1938411.8311390337,15571229.849655855,-3.958120942115784e-9 
 01/25  17:00:00,35363616.52832879,24073200.0,1136544.5956399357,10153871.93268885,8884844.882789869,0.0,15073200.0,5753656.831353563,5753656.831353563,11653915.431109311,-4.6566128730773926e-9 
 01/25  18:00:00,45915299.08630709,35049600.0,1136544.5956399357,9729154.490667157,8484967.169447435,0.0,26049600.0,5327439.612535395,5327439.612535395,3091712.4085083744,-4.423782229423523e-9 
 01/25  19:00:00,32089209.16392539,21600000.0,1136544.5956399357,9352664.568285456,8159496.28384645,0.0,16200000.0,5182844.370518345,5182844.370518345,0.0,-7.2177499532699585e-9 
 01/25  20:00:00,20863647.32328096,10800000.0,1136544.5956399357,8927102.72764103,7849063.260412211,0.0,5400000.0,5129237.023591613,5129237.023591613,0.0,-3.725290298461914e-9 
 01/25  21:00:00,6896544.595639936,5760000.0,1136544.5956399357,0.0,0.0,0.0,5400000.0,0.0,0.0,0.0,-8.614733815193176e-9 
 01/25  22:00:00,2846544.5956399357,1710000.0,1136544.5956399357,0.0,0.0,0.0,1350000.0,0.0,0.0,0.0,1.1641532182693481e-10 
 01/25  23:00:00,2846544.5956399357,1710000.0,1136544.5956399357,0.0,0.0,0.0,1350000.0,0.0,0.0,0.0,6.984919309616089e-10 
 01/25  24:00:00,2846544.5956399357,1710000.0,1136544.5956399357,0.0,0.0,0.0,1350000.0,0.0,0.0,0.0,-2.6775524020195007e-9 
 01/26  01:00:00,6086544.595639936,4950000.0,1136544.5956399357,0.0,0.0,0.0,1350000.0,0.0,0.0,0.0,-2.3283064365386963e-9 
 01/26  02:00:00,6086544.595639936,4950000.0,1136544.5956399357,0.0,0.0,0.0,1350000.0,0.0,0.0,0.0,1.280568540096283e-9 
 01/26  03:00:00,6086544.595639936,4950000.0,1136544.5956399357,0.0,0.0,0.0,1350000.0,0.0,0.0,0.0,-2.5029294192790985e-9 
 01/26  04:00:00,6086544.595639936,4950000.0,1136544.5956399357,0.0,0.0,0.0,1350000.0,0.0,0.0,0.0,1.9208528101444244e-9 
 01/26  05:00:00,6086544.595639936,4950000.0,1136544.5956399357,0.0,0.0,0.0,1350000.0,0.0,0.0,0.0,-7.566995918750763e-10 
 01/26  06:00:00,6086544.595639936,4950000.0,1136544.5956399357,0.0,0.0,0.0,1350000.0,0.0,0.0,0.0,4.0745362639427185e-10 
 01/26  07:00:00,6086544.595639936,4950000.0,1136544.5956399357,0.0,0.0,0.0,1350000.0,0.0,0.0,75362.60240003075,-9.89530235528946e-10 
 01/26  08:00:00,6086544.595639936,4950000.0,1136544.5956399357,0.0,0.0,0.0,1350000.0,0.0,0.0,3219565.846516018,-3.550667315721512e-9 
 01/26  09:00:00,5721684.595639936,4585140.0,1136544.5956399357,0.0,0.0,0.0,985140.0,0.0,0.0,15674002.926195256,-9.313225746154785e-10 
 01/26  10:00:00,5469504.595639936,4332960.0,1136544.5956399357,0.0,0.0,0.0,732960.0,0.0,0.0,22975693.587767206,-1.3969838619232178e-9 
 01/26  11:00:00,5312364.595639936,4175820.0,1136544.5956399357,0.0,0.0,0.0,575820.0,0.0,0.0,25466679.11522483,2.3283064365386963e-10 
 01/26  12:00:00,5267904.595639936,4131360.0,1136544.5956399357,0.0,0.0,0.0,531360.0,0.0,0.0,23570296.39629055,-1.7462298274040222e-9 
 01/26  13:00:00,5267904.595639936,4131360.0,1136544.5956399357,0.0,0.0,0.0,531360.0,0.0,0.0,21291204.833474442,-4.423782229423523e-9 
 01/26  14:00:00,5267904.595639936,4131360.0,1136544.5956399357,0.0,0.0,0.0,531360.0,0.0,0.0,19760200.89019311,-4.423782229423523e-9 
 01/26  15:00:00,5267904.595639936,4131360.0,1136544.5956399357,0.0,0.0,0.0,531360.0,0.0,0.0,17312997.82103694,-7.450580596923828e-9 
 01/26  16:00:00,5267904.595639936,4131360.0,1136544.5956399357,0.0,0.0,0.0,531360.0,0.0,0.0,20641379.05813813,-7.683411240577698e-9 
 01/26  17:00:00,5445744.595639936,4309200.0,1136544.5956399357,0.0,0.0,0.0,709200.0,0.0,0.0,13145686.767120417,-3.958120942115784e-9 
 01/26  18:00:00,5855064.595639936,4718520.0,1136544.5956399357,0.0,0.0,0.0,1118520.0,0.0,0.0,10169671.890706483,-3.4924596548080444e-9 
 01/26  19:00:00,6086544.595639936,4950000.0,1136544.5956399357,0.0,0.0,0.0,1350000.0,0.0,0.0,0.0,-2.444721758365631e-9 
 01/26  20:00:00,6086544.595639936,4950000.0,1136544.5956399357,0.0,0.0,0.0,1350000.0,0.0,0.0,0.0,-3.841705620288849e-9 
 01/26  21:00:00,6086544.595639936,4950000.0,1136544.5956399357,0.0,0.0,0.0,1350000.0,0.0,0.0,0.0,2.6775524020195007e-9 
 01/26  22:00:00,6086544.595639936,4950000.0,1136544.5956399357,0.0,0.0,0.0,1350000.0,0.0,0.0,0.0,-8.149072527885437e-10 
 01/26  23:00:00,6086544.595639936,4950000.0,1136544.5956399357,0.0,0.0,0.0,1350000.0,0.0,0.0,0.0,-3.259629011154175e-9 
 01/26  24:00:00,6086544.595639936,4950000.0,1136544.5956399357,0.0,0.0,0.0,1350000.0,0.0,0.0,0.0,-3.4924596548080444e-10 
 01/27  01:00:00,6086544.595639936,4950000.0,1136544.5956399357,0.0,0.0,0.0,1350000.0,0.0,0.0,0.0,-2.5029294192790985e-9 
 01/27  02:00:00,6086544.595639936,4950000.0,1136544.5956399357,0.0,0.0,0.0,1350000.0,0.0,0.0,0.0,-1.9208528101444244e-9 
 01/27  03:00:00,6086544.595639936,4950000.0,1136544.5956399357,0.0,0.0,0.0,1350000.0,0.0,0.0,0.0,-7.566995918750763e-10 
 01/27  04:00:00,6086544.595639936,4950000.0,1136544.5956399357,0.0,0.0,0.0,1350000.0,0.0,0.0,0.0,-6.984919309616089e-10 
 01/27  05:00:00,6086544.595639936,4950000.0,1136544.5956399357,0.0,0.0,0.0,1350000.0,0.0,0.0,0.0,-1.2223608791828156e-9 
 01/27  06:00:00,6086544.595639936,4950000.0,1136544.5956399357,0.0,0.0,0.0,1350000.0,0.0,0.0,0.0,-6.402842700481415e-10 
 01/27  07:00:00,6086544.595639936,4950000.0,1136544.5956399357,0.0,0.0,0.0,1350000.0,0.0,0.0,1808374.7250891158,-1.280568540096283e-9 
 01/27  08:00:00,6062784.595639936,4926240.0,1136544.5956399357,0.0,0.0,0.0,1326240.0,0.0,0.0,11115356.278658653,-6.984919309616089e-10 
 01/27  09:00:00,5789904.595639936,4653360.0,1136544.595639936,0.0,0.0,0.0,1053360.0,0.0,0.0,23827343.7305776,-5.9371814131736755e-9 
 01/27  10:00:00,5517024.595639936,4380480.0,1136544.5956399357,0.0,0.0,0.0,780480.0,0.0,0.0,25005318.78911174,8.731149137020111e-10 
 01/27  11:00:00,5312364.595639936,4175820.0,1136544.5956399357,0.0,0.0,0.0,575820.0,0.0,0.0,25459183.2451836,-2.6775524020195007e-9 
 01/27  12:00:00,5267904.595639936,4131360.0,1136544.5956399357,0.0,0.0,0.0,531360.0,0.0,0.0,23477000.15418134,-7.450580596923828e-9 
 01/27  13:00:00,5267904.595639936,4131360.0,1136544.5956399357,0.0,0.0,0.0,531360.0,0.0,0.0,21146474.248032726,-5.820766091346741e-9 
 01/27  14:00:00,5267904.595639936,4131360.0,1136544.5956399357,0.0,0.0,0.0,531360.0,0.0,0.0,20654423.083819594,-4.889443516731262e-9 
 01/27  15:00:00,5267904.595639936,4131360.0,1136544.5956399357,0.0,0.0,0.0,531360.0,0.0,0.0,20524544.552811474,-3.725290298461914e-9 
 01/27  16:00:00,5267904.595639936,4131360.0,1136544.5956399357,0.0,0.0,0.0,531360.0,0.0,0.0,23860402.350191265,-2.0954757928848267e-9 
 01/27  17:00:00,5267904.595639936,4131360.0,1136544.5956399357,0.0,0.0,0.0,531360.0,0.0,0.0,19650942.250001237,-5.122274160385132e-9 
 01/27  18:00:00,5786844.595639936,4650300.0,1136544.5956399357,0.0,0.0,0.0,1050300.0,0.0,0.0,12618309.839413844,-5.3551048040390015e-9 
 01/27  19:00:00,6086544.595639936,4950000.0,1136544.5956399357,0.0,0.0,0.0,1350000.0,0.0,0.0,0.0,4.656612873077393e-10 
 01/27  20:00:00,6086544.595639936,4950000.0,1136544.5956399357,0.0,0.0,0.0,1350000.0,0.0,0.0,0.0,-3.259629011154175e-9 
 01/27  21:00:00,6086544.595639936,4950000.0,1136544.5956399357,0.0,0.0,0.0,1350000.0,0.0,0.0,0.0,-9.313225746154785e-10 
 01/27  22:00:00,6086544.595639936,4950000.0,1136544.5956399357,0.0,0.0,0.0,1350000.0,0.0,0.0,0.0,-4.0745362639427185e-9 
 01/27  23:00:00,6086544.595639936,4950000.0,1136544.5956399357,0.0,0.0,0.0,1350000.0,0.0,0.0,0.0,-5.471520125865936e-9 
 01/27  24:00:00,6086544.595639936,4950000.0,1136544.5956399357,0.0,0.0,0.0,1350000.0,0.0,0.0,0.0,-5.820766091346741e-10 
 01/28  01:00:00,2846544.5956399357,1710000.0,1136544.5956399357,0.0,0.0,0.0,1350000.0,0.0,0.0,0.0,6.984919309616089e-10 
 01/28  02:00:00,2846544.5956399357,1710000.0,1136544.5956399357,0.0,0.0,0.0,1350000.0,0.0,0.0,0.0,4.132743924856186e-9 
 01/28  03:00:00,2846544.5956399357,1710000.0,1136544.5956399357,0.0,0.0,0.0,1350000.0,0.0,0.0,0.0,1.979060471057892e-9 
 01/28  04:00:00,2846544.5956399357,1710000.0,1136544.5956399357,0.0,0.0,0.0,1350000.0,0.0,0.0,0.0,-5.238689482212067e-10 
 01/28  05:00:00,2846544.5956399357,1710000.0,1136544.5956399357,0.0,0.0,0.0,1350000.0,0.0,0.0,0.0,-3.2887328416109085e-9 
 01/28  06:00:00,2846544.5956399357,1710000.0,1136544.5956399357,0.0,0.0,0.0,1350000.0,0.0,0.0,0.0,-1.5133991837501526e-9 
 01/28  07:00:00,10504151.883811291,1710000.0,1136544.5956399357,7657607.288171355,6779987.010895009,0.0,1350000.0,5100668.170806942,5100668.170806942,135770.66957440402,7.421476766467094e-10 
 01/28  08:00:00,11274518.216648499,1686240.0,1136544.5956399357,8451733.621008562,7535790.708920782,0.0,1326240.0,5100853.9594535325,5100853.9594535325,4806662.1898951065,-1.8335413187742233e-9 
 01/28  09:00:00,36346381.83535629,25732800.0,1136544.595639936,9477037.239716353,8443471.64196328,0.0,18532800.0,5104055.960386032,5104055.960386032,20379997.522450514,-1.0477378964424133e-9 
 01/28  10:00:00,42664484.66575161,31480560.0,1170834.7601519758,10013089.905599639,8921497.890514337,0.0,15280560.0,2944738.9775253227,2944738.9775253227,26004916.579665806,1.1641532182693481e-10 
 01/28  11:00:00,42809293.38074197,31334400.0,1200248.1774051986,10274645.203336772,9155291.31980847,0.0,15134400.0,934481.7892599186,934481.7892599186,26761552.054616906,-1.1641532182693481e-9 
 01/28  12:00:00,38363221.86302687,27140580.0,1193729.6713162325,10028912.191710638,8929620.029469384,0.0,10940580.0,753987.3511365212,753987.3511365212,23818992.483616613,-1.862645149230957e-9 
 01/28  13:00:00,35628263.52313304,24701760.0,1168825.1922874753,9757678.33084556,8676259.957731457,0.0,8501760.0,2285526.5753351687,2285526.5753351687,20505910.827614646,-6.984919309616089e-10 
 01/28  14:00:00,36456049.60603362,25764480.0,1178079.597216518,9513490.0088171,8440756.893247886,0.0,9564480.0,1239781.6543516717,1239781.6543516717,19835081.337195903,-4.6566128730773926e-9 
 01/28  15:00:00,35994983.6472455,25027200.0,1215355.4213929917,9752428.225852504,8675216.612583173,0.0,10627200.0,0.0,0.0,20859445.783951964,-3.259629011154175e-9 
 01/28  16:00:00,33693420.926100075,23227200.0,1180123.2050817525,9286097.721018318,8190284.193185753,0.0,10627200.0,914323.9594511823,914323.9594511823,18268468.45104577,-6.05359673500061e-9 
 01/28  17:00:00,34407035.04483797,24073200.0,1136677.6049900097,9197157.439847957,8051034.23369361,0.0,15073200.0,5770454.151777908,5770454.151777908,11891611.273965959,-4.6566128730773926e-9 
 01/28  18:00:00,41227069.821567126,31370400.0,1144124.1174734929,8712545.704093628,7603371.305483652,0.0,22370400.0,4300045.306471416,4300045.306471416,10801225.334194949,-3.958120942115784e-9 
 01/28  19:00:00,31054368.4119127,21600000.0,1136544.5956399357,8317823.816272763,7251726.360753026,0.0,16200000.0,5313635.531669196,5313635.531669196,0.0,-7.450580596923828e-9 
 01/28  20:00:00,19985882.121998977,10800000.0,1136544.5956399357,8049337.526359042,7077073.975036902,0.0,5400000.0,5178389.646283358,5178389.646283358,0.0,-2.561137080192566e-9 
 01/28  21:00:00,6896544.595639936,5760000.0,1136544.5956399357,0.0,0.0,0.0,5400000.0,0.0,0.0,0.0,-2.9103830456733704e-9 
 01/28  22:00:00,2846544.5956399357,1710000.0,1136544.5956399357,0.0,0.0,0.0,1350000.0,0.0,0.0,0.0,-9.313225746154785e-10 
 01/28  23:00:00,2846544.5956399357,1710000.0,1136544.5956399357,0.0,0.0,0.0,1350000.0,0.0,0.0,0.0,-6.984919309616089e-10 
 01/28  24:00:00,2846544.5956399357,1710000.0,1136544.5956399357,0.0,0.0,0.0,1350000.0,0.0,0.0,0.0,6.402842700481415e-10 
 01/29  01:00:00,2846544.5956399357,1710000.0,1136544.5956399357,0.0,0.0,0.0,1350000.0,0.0,0.0,0.0,1.57160684466362e-9 
 01/29  02:00:00,2846544.5956399357,1710000.0,1136544.5956399357,0.0,0.0,0.0,1350000.0,0.0,0.0,0.0,-1.862645149230957e-9 
 01/29  03:00:00,2846544.5956399357,1710000.0,1136544.5956399357,0.0,0.0,0.0,1350000.0,0.0,0.0,0.0,1.7462298274040222e-10 
 01/29  04:00:00,2846544.5956399357,1710000.0,1136544.5956399357,0.0,0.0,0.0,1350000.0,0.0,0.0,0.0,5.820766091346741e-10 
 01/29  05:00:00,2846544.5956399357,1710000.0,1136544.5956399357,0.0,0.0,0.0,1350000.0,0.0,0.0,0.0,3.4924596548080444e-10 
 01/29  06:00:00,2846544.5956399357,1710000.0,1136544.5956399357,0.0,0.0,0.0,1350000.0,0.0,0.0,0.0,3.2014213502407074e-10 
 01/29  07:00:00,10985699.718043063,1710000.0,1136544.5956399357,8139155.122403126,7248632.810396476,0.0,1350000.0,5058210.5751389945,5058210.5751389945,0.0,-3.6961864680051804e-9 
 01/29  08:00:00,11974323.509884454,1686240.0,1136544.5956399357,9151538.91424452,8149478.641588763,0.0,1326240.0,5030112.754149349,5030112.754149349,3345366.305964187,1.4988472685217857e-9 
 01/29  09:00:00,35904962.47357443,24504840.0,1136544.595639936,10263577.87793449,9124370.493243182,0.0,17304840.0,5050473.980015399,5050473.980015399,16883877.189301267,-3.3178366720676422e-9 
 01/29  10:00:00,42363303.95318393,30126240.0,1149084.0152797382,11087979.937904183,9856875.395975696,0.0,13926240.0,4222159.383886117,4222159.383886117,22252581.718523268,-3.958120942115784e-9 
 01/29  11:00:00,39318482.2495522,26827200.0,1175676.9036640276,11315605.345888168,10069382.87376462,0.0,10627200.0,2347235.249514652,2347235.249514652,24402734.620439842,-3.958120942115784e-9 
 01/29  12:00:00,38510028.66297275,26295840.0,1176938.2498052407,11037250.413167518,9823450.515708169,0.0,10095840.0,1955284.285950853,1955284.285950853,23766328.431648813,-4.190951585769653e-9 
 01/29  13:00:00,36628454.63054542,24701760.0,1161243.9011956388,10765450.729349785,9573016.385149293,0.0,8501760.0,3041887.830856224,3041887.830856224,21348977.98266442,-6.984919309616089e-9 
 01/29  14:00:00,37411954.99958182,25764480.0,1177885.7511739503,10469589.248407872,9294125.108234221,0.0,9564480.0,1310067.4935132936,1310067.4935132936,21586996.339939088,-6.51925802230835e-9 
 01/29  15:00:00,36876386.0119393,25027200.0,1220186.765746358,10628999.246192949,9463000.969477762,0.0,10627200.0,0.0,0.0,21537716.465420984,-5.3551048040390015e-9 
 01/29  16:00:00,34531541.705460854,23227200.0,1204038.2124866918,10100303.492974162,8939810.828003801,0.0,10627200.0,0.0,0.0,21507846.89971712,-6.752088665962219e-9 
 01/29  17:00:00,31309352.896992408,20516400.0,1148844.5466987174,9644108.350293692,8456924.58095874,0.0,11516400.0,4093875.060829183,4093875.060829183,18669663.727863796,-6.984919309616089e-9 
 01/29  18:00:00,43979051.37670761,33685200.0,1142123.5532366275,9151727.823470986,7991148.166832106,0.0,24685200.0,4729824.774106564,4729824.774106564,4939795.525534268,-4.6566128730773926e-9 
 01/29  19:00:00,31469257.475531753,21600000.0,1136544.5956399357,8732712.879891817,7614799.03087846,0.0,16200000.0,5369037.443126626,5369037.443126626,0.0,-4.190951585769653e-9 
 01/29  20:00:00,20237370.50537467,10800000.0,1136544.5956399357,8300825.909734735,7293160.441781299,0.0,5400000.0,5199908.338853452,5199908.338853452,0.0,-1.7462298274040222e-9 
 01/29  21:00:00,6896544.595639936,5760000.0,1136544.5956399357,0.0,0.0,0.0,5400000.0,0.0,0.0,0.0,-4.307366907596588e-9 
 01/29  22:00:00,2846544.5956399357,1710000.0,1136544.5956399357,0.0,0.0,0.0,1350000.0,0.0,0.0,0.0,-1.862645149230957e-9 
 01/29  23:00:00,2846544.5956399357,1710000.0,1136544.5956399357,0.0,0.0,0.0,1350000.0,0.0,0.0,0.0,-1.7462298274040222e-9 
 01/29  24:00:00,2846544.5956399357,1710000.0,1136544.5956399357,0.0,0.0,0.0,1350000.0,0.0,0.0,0.0,1.3969838619232178e-9 
 01/30  01:00:00,2846544.5956399357,1710000.0,1136544.5956399357,0.0,0.0,0.0,1350000.0,0.0,0.0,0.0,-1.6298145055770874e-9 
 01/30  02:00:00,2846544.5956399357,1710000.0,1136544.5956399357,0.0,0.0,0.0,1350000.0,0.0,0.0,0.0,-3.4924596548080444e-9 
 01/30  03:00:00,2846544.5956399357,1710000.0,1136544.5956399357,0.0,0.0,0.0,1350000.0,0.0,0.0,0.0,1.1641532182693481e-10 
 01/30  04:00:00,2846544.5956399357,1710000.0,1136544.5956399357,0.0,0.0,0.0,1350000.0,0.0,0.0,0.0,-1.7462298274040222e-10 
 01/30  05:00:00,2846544.5956399357,1710000.0,1136544.5956399357,0.0,0.0,0.0,1350000.0,0.0,0.0,0.0,-3.2014213502407074e-10 
 01/30  06:00:00,2846544.5956399357,1710000.0,1136544.5956399357,0.0,0.0,0.0,1350000.0,0.0,0.0,0.0,-5.529727786779404e-10 
 01/30  07:00:00,11075911.927777823,1710000.0,1136544.5956399357,8229367.332137885,7328276.226563166,0.0,1350000.0,5067035.590000196,5067035.590000196,175422.17266911874,1.3969838619232178e-9 
 01/30  08:00:00,12198292.93634531,1686240.0,1136544.5956399357,9375508.340705376,8347525.770285098,0.0,1326240.0,5037485.087159993,5037485.087159993,4341925.988189135,-1.1204974725842476e-9 
 01/30  09:00:00,37183881.9116334,25305120.0,1136544.595639936,10742217.315993462,9547454.485621713,0.0,18105120.0,5044292.640969345,5044292.640969345,18697853.652143076,2.3283064365386963e-10 
 01/30  10:00:00,44400458.45760649,31480560.0,1166637.6970603769,11753260.76054611,10449570.361206682,0.0,15280560.0,3146678.736977106,3146678.736977106,25979219.10052097,-5.238689482212067e-9 
 01/30  11:00:00,43052875.42167282,29556000.0,1197421.6218398968,12299453.799832921,10944909.283566725,0.0,13356000.0,1047501.9186336938,1047501.9186336938,26671155.525800154,-7.683411240577698e-9 
 01/30  12:00:00,39863129.08262786,26295840.0,1189057.77169645,12378231.31093141,11012594.859512158,0.0,10095840.0,1037936.6201953127,1037936.6201953127,23898096.206198033,-3.4924596548080444e-9 
 01/30  13:00:00,38107261.66648999,24701760.0,1166033.9773969688,12239467.689093022,10857277.944984037,0.0,8501760.0,2568330.0624314602,2568330.0624314602,21224045.345485512,-5.3551048040390015e-9 
 01/30  14:00:00,38898103.93463138,25764480.0,1183973.6332745405,11949650.301356833,10592175.041908385,0.0,9564480.0,804125.1859688573,804125.1859688573,19477298.171624567,-9.080395102500916e-9 
 01/30  15:00:00,38216358.12804161,25027200.0,1205584.3007299076,11983573.827311711,10625099.03976526,0.0,10627200.0,0.0,0.0,18562634.26350765,-6.752088665962219e-9 
 01/30  16:00:00,35803401.407090664,23227200.0,1187019.5942841473,11389181.812806517,10036396.448099453,0.0,10627200.0,312795.5489560508,312795.5489560508,20453800.333056647,-7.450580596923828e-9 
 01/30  17:00:00,32631389.30452683,20516400.0,1139297.3285658492,10975691.975960977,9618958.33951347,0.0,11516400.0,5448941.7840422,5448941.7840422,18300841.10269967,-2.3283064365386963e-9 
 01/30  18:00:00,42924458.613784045,31370400.0,1146706.5775878774,10407352.036196174,9098307.968093328,0.0,22370400.0,4048215.8024649057,4048215.8024649057,10303893.045406187,-2.3283064365386963e-9 
 01/30  19:00:00,32556892.58443987,21600000.0,1136544.5956399357,9820347.988799933,8571869.087588428,0.0,16200000.0,5367957.54493154,5367957.54493154,0.0,-8.614733815193176e-9 
 01/30  20:00:00,21004263.498416852,10800000.0,1136544.5956399357,9067718.902776912,7968757.994126357,0.0,5400000.0,5198502.786968587,5198502.786968587,0.0,-2.3283064365386963e-9 
 01/30  21:00:00,6896544.595639936,5760000.0,1136544.5956399357,0.0,0.0,0.0,5400000.0,0.0,0.0,0.0,3.4924596548080444e-10 
 01/30  22:00:00,2846544.5956399357,1710000.0,1136544.5956399357,0.0,0.0,0.0,1350000.0,0.0,0.0,0.0,-5.005858838558197e-9 
 01/30  23:00:00,2846544.5956399357,1710000.0,1136544.5956399357,0.0,0.0,0.0,1350000.0,0.0,0.0,0.0,-3.6088749766349792e-9 
 01/30  24:00:00,2846544.5956399357,1710000.0,1136544.5956399357,0.0,0.0,0.0,1350000.0,0.0,0.0,0.0,-3.4924596548080444e-9 
 01/31  01:00:00,2846544.5956399357,1710000.0,1136544.5956399357,0.0,0.0,0.0,1350000.0,0.0,0.0,0.0,-2.153683453798294e-9 
 01/31  02:00:00,2846544.5956399357,1710000.0,1136544.5956399357,0.0,0.0,0.0,1350000.0,0.0,0.0,0.0,-2.852175384759903e-9 
 01/31  03:00:00,2846544.5956399357,1710000.0,1136544.5956399357,0.0,0.0,0.0,1350000.0,0.0,0.0,0.0,2.270098775625229e-9 
 01/31  04:00:00,2846544.5956399357,1710000.0,1136544.5956399357,0.0,0.0,0.0,1350000.0,0.0,0.0,0.0,-5.3551048040390015e-9 
 01/31  05:00:00,2846544.5956399357,1710000.0,1136544.5956399357,0.0,0.0,0.0,1350000.0,0.0,0.0,0.0,5.820766091346741e-11 
 01/31  06:00:00,2846544.5956399357,1710000.0,1136544.5956399357,0.0,0.0,0.0,1350000.0,0.0,0.0,0.0,-6.111804395914078e-9 
 01/31  07:00:00,10879277.825411825,1710000.0,1136544.5956399357,8032733.229771888,7156308.310212841,0.0,1350000.0,5054072.457024626,5054072.457024626,40245.69196711804,-3.637978807091713e-10 
 01/31  08:00:00,11811739.525818443,1710000.0,1136544.5956399357,8965194.930178506,7985875.030420584,0.0,1350000.0,5029084.647285222,5029084.647285222,3063613.5087814564,-3.3614924177527428e-9 
 01/31  09:00:00,36266117.517242074,24932520.0,1136544.5956399357,10197052.921602141,9064416.401383772,0.0,17732520.0,5025850.623944605,5025850.623944605,15821877.51627166,-5.6461431086063385e-9 
 01/31  10:00:00,42975189.40620081,30577680.0,1151662.4202655917,11245846.985935222,9991968.92614232,0.0,14377680.0,4064903.758150232,4064903.758150232,23906932.65534441,-9.313225746154785e-10 
 01/31  11:00:00,40795140.98283352,27716400.0,1183297.2076626923,11895443.77517083,10575609.407147568,0.0,11516400.0,1929189.7761973888,1929189.7761973888,25668429.56940023,-6.984919309616089e-9 
 01/31  12:00:00,39561453.37979636,26295840.0,1182426.9089954118,12083186.470800947,10742698.296993297,0.0,10095840.0,1579831.302643273,1579831.302643273,23954540.377275907,-3.259629011154175e-9 
 01/31  13:00:00,37734601.48585403,24701760.0,1164985.5839299723,11867855.90192406,10543464.288493957,0.0,8501760.0,2662004.0503879916,2662004.0503879916,21454004.047609657,-4.6566128730773926e-9 
 01/31  14:00:00,38319783.32066377,25764480.0,1182539.3401173856,11372763.98054638,10092797.518930245,0.0,9564480.0,956512.2469233349,956512.2469233349,20677198.13849102,-1.1641532182693481e-9 
 01/31  15:00:00,37254053.80110888,25027200.0,1203960.1177863101,11022893.683322571,9785434.440355536,0.0,10627200.0,0.0,0.0,18364290.610985033,-4.190951585769653e-9 
 01/31  16:00:00,34632760.001570754,23227200.0,1163280.5693361212,10242279.432234634,9014852.451209601,0.0,10627200.0,2528265.4199943133,2528265.4199943133,16208992.801970376,-4.656612873077393e-10 
 01/31  17:00:00,35906336.465983965,24962400.0,1136544.5956399357,9807391.870344026,8577451.720018383,0.0,15962400.0,5702702.210934535,5702702.210934535,11166940.154899836,-5.122274160385132e-9 
 01/31  18:00:00,45552417.747535124,35049600.0,1136544.5956399357,9366273.151895184,8163482.153011649,0.0,26049600.0,5313560.314275635,5313560.314275635,3321717.441661559,-5.3551048040390015e-9 
 01/31  19:00:00,31658698.290970713,21600000.0,1136544.5956399357,8922153.695330776,7778199.102699298,0.0,16200000.0,5177569.187587857,5177569.187587857,0.0,-3.958120942115784e-9 
 01/31  20:00:00,20451604.964185428,10800000.0,1136544.5956399357,8515060.368545493,7481959.755103895,0.0,5400000.0,5127299.867907337,5127299.867907337,0.0,-6.984919309616089e-10 
 01/31  21:00:00,6896544.595639936,5760000.0,1136544.5956399357,0.0,0.0,0.0,5400000.0,0.0,0.0,0.0,-2.3283064365386963e-9 
 01/31  22:00:00,2846544.5956399357,1710000.0,1136544.5956399357,0.0,0.0,0.0,1350000.0,0.0,0.0,0.0,-2.3283064365386963e-10 
 01/31  23:00:00,2846544.5956399357,1710000.0,1136544.5956399357,0.0,0.0,0.0,1350000.0,0.0,0.0,0.0,6.984919309616089e-10 
 01/31  24:00:00,2846544.5956399357,1710000.0,1136544.5956399357,0.0,0.0,0.0,1350000.0,0.0,0.0,0.0,-8.149072527885437e-10 
 07/01  01:00:00,1710000.0,1710000.0,0.0,0.0,0.0,0.0,1350000.0,0.0,0.0,0.0,-4.831235855817795e-9 
 07/01  02:00:00,1710000.0,1710000.0,0.0,0.0,0.0,0.0,1350000.0,0.0,0.0,0.0,-4.3655745685100555e-9 
 07/01  03:00:00,1710000.0,1710000.0,0.0,0.0,0.0,0.0,1350000.0,0.0,0.0,0.0,-2.9685907065868378e-9 
 07/01  04:00:00,1710000.0,1710000.0,0.0,0.0,0.0,0.0,1350000.0,0.0,0.0,0.0,-2.270098775625229e-9 
 07/01  05:00:00,1710000.0,1710000.0,0.0,0.0,0.0,0.0,1350000.0,0.0,0.0,0.0,1.7462298274040222e-10 
 07/01  06:00:00,1710000.0,1710000.0,0.0,0.0,0.0,0.0,1350000.0,0.0,0.0,0.0,-1.2223608791828156e-9 
 07/01  07:00:00,18102112.050584428,1710000.0,1136544.5956399357,15255567.454944491,13389369.411675446,0.0,1350000.0,0.0,0.0,3533221.508329469,6.984919309616089e-10 
 07/01  08:00:00,18262362.42569325,1481580.0,1136544.5956399357,15644237.830053318,13832738.952842573,0.0,1121580.0,0.0,0.0,19740343.773817573,-5.238689482212067e-10 
 07/01  09:00:00,39949662.019725315,22476600.0,1136544.5956399357,16336517.424085379,14484111.423512578,0.0,15276600.0,0.0,0.0,29728209.82999305,-1.6298145055770874e-9 
 07/01  10:00:00,51269889.36976355,33170040.0,1149165.1613288806,16950684.20843467,15023628.165819596,0.0,16970040.0,0.0,0.0,23827174.47693853,-3.3760443329811096e-9 
 07/01  11:00:00,47659015.591814645,27716400.0,1196212.2841800717,18746403.307634577,16819082.243324827,0.0,11516400.0,0.0,0.0,29446580.996219713,-3.725290298461914e-9 
 07/01  12:00:00,46960467.93072082,26295840.0,1210632.404111838,19453995.526608985,17526674.46229924,0.0,10095840.0,0.0,0.0,27368572.283586916,-6.752088665962219e-9 
 07/01  13:00:00,45076451.5489648,24701760.0,1180610.503767585,19194081.045197215,17266759.980887465,0.0,8501760.0,0.0,0.0,26506435.669782497,-3.725290298461914e-9 
 07/01  14:00:00,48241087.80343953,25764480.0,1239742.4596702815,21236865.34376925,19309544.2794595,0.0,9564480.0,0.0,0.0,26020268.63349122,-2.7939677238464355e-9 
 07/01  15:00:00,48500267.42379526,25027200.0,1260935.8438763141,22212131.579918943,20284810.515609197,0.0,10627200.0,0.0,0.0,26875637.980080865,-8.149072527885437e-9 
 07/01  16:00:00,45361832.70999679,23227200.0,1232049.164034168,20902583.545962624,18975262.481652874,0.0,10627200.0,0.0,0.0,23286464.604591206,-2.0954757928848267e-9 
 07/01  17:00:00,38550409.023615204,19627200.0,1174348.1694663018,17748860.854148906,15821539.789839156,0.0,10627200.0,0.0,0.0,21427854.57986333,-9.313225746154785e-10 
 07/01  18:00:00,37098804.82858227,21052800.0,1143783.941830439,14902220.886751838,12974755.888666164,0.0,12052800.0,89147.22224152094,89147.22224152094,11362746.896043435,-5.122274160385132e-9 
 07/01  19:00:00,36333967.01265976,21600000.0,1136544.5956399357,13597422.417019822,11692060.24744331,0.0,16200000.0,534489.1494021174,534489.1494021174,1021323.786352561,-2.3283064365386963e-9 
 07/01  20:00:00,24514417.721612595,10800000.0,1136544.5956399357,12577873.125972658,10759581.813227315,0.0,5400000.0,553811.1698410184,553811.1698410184,0.0,-4.540197551250458e-9 
 07/01  21:00:00,5760000.0,5760000.0,0.0,0.0,0.0,0.0,5400000.0,0.0,0.0,0.0,-8.149072527885437e-10 
 07/01  22:00:00,1710000.0,1710000.0,0.0,0.0,0.0,0.0,1350000.0,0.0,0.0,0.0,-3.725290298461914e-9 
 07/01  23:00:00,1710000.0,1710000.0,0.0,0.0,0.0,0.0,1350000.0,0.0,0.0,0.0,-5.005858838558197e-9 
 07/01  24:00:00,1710000.0,1710000.0,0.0,0.0,0.0,0.0,1350000.0,0.0,0.0,0.0,-4.656612873077393e-10 
 07/02  01:00:00,1710000.0,1710000.0,0.0,0.0,0.0,0.0,1350000.0,0.0,0.0,0.0,-9.313225746154785e-10 
 07/02  02:00:00,1710000.0,1710000.0,0.0,0.0,0.0,0.0,1350000.0,0.0,0.0,0.0,5.820766091346741e-11 
 07/02  03:00:00,1710000.0,1710000.0,0.0,0.0,0.0,0.0,1350000.0,0.0,0.0,0.0,-1.0477378964424133e-9 
 07/02  04:00:00,1710000.0,1710000.0,0.0,0.0,0.0,0.0,1350000.0,0.0,0.0,0.0,-1.57160684466362e-9 
 07/02  05:00:00,1710000.0,1710000.0,0.0,0.0,0.0,0.0,1350000.0,0.0,0.0,0.0,-9.89530235528946e-10 
 07/02  06:00:00,1710000.0,1710000.0,0.0,0.0,0.0,0.0,1350000.0,0.0,0.0,53576.53520387532,-5.820766091346741e-10 
 07/02  07:00:00,16113488.832016276,1710000.0,1136544.5956399357,13266944.23637634,11460110.565672327,0.0,1350000.0,506082.0993283123,506082.0993283123,5821760.496883737,1.1059455573558807e-9 
 07/02  08:00:00,16871836.8089503,1437120.0,1136544.5956399357,14298172.213310365,12543380.359919673,0.0,1077120.0,127560.96057494797,127560.96057494797,27777235.563029222,-2.7939677238464355e-9 
 07/02  09:00:00,38842624.39929214,22476600.0,1137440.228794761,15228584.170497382,13406359.29722859,0.0,15276600.0,0.0,0.0,36387792.31124741,-2.2118911147117615e-9 
 07/02  10:00:00,49946102.64431033,30126240.0,1205093.0795734115,18614769.564736925,16708411.769675065,0.0,13926240.0,0.0,0.0,34393792.38098291,-6.6356733441352844e-9 
 07/02  11:00:00,48825920.23391858,26827200.0,1237484.5925926634,20761235.64132593,18833914.57701618,0.0,10627200.0,0.0,0.0,29734637.743672863,-2.561137080192566e-9 
 07/02  12:00:00,49761566.615418345,26295840.0,1238765.6783896012,22226960.937028743,20299639.872718994,0.0,10095840.0,0.0,0.0,25097733.42803788,0.0 
 07/02  13:00:00,46748926.41125911,24701760.0,1193384.1821104514,20853782.229148656,18926461.164838906,0.0,8501760.0,0.0,0.0,23681696.977903873,-3.026798367500305e-9 
 07/02  14:00:00,48980422.599766105,25764480.0,1260398.9215035746,21955543.678262535,20028222.613952786,0.0,9564480.0,0.0,0.0,24895657.505436003,-6.28642737865448e-9 
 07/02  15:00:00,46998813.510174565,25027200.0,1277602.5657758177,20694010.944398753,18766689.880089007,0.0,10627200.0,0.0,0.0,23994459.615018312,-3.958120942115784e-9 
 07/02  16:00:00,42751845.75071934,23227200.0,1220316.7596118988,18304328.99110744,16377007.926797695,0.0,10627200.0,0.0,0.0,17905038.91598004,-1.6298145055770874e-9 
 07/02  17:00:00,43349474.10157029,26863200.0,1151178.5120975766,15335095.589472711,13407774.525162965,0.0,17863200.0,0.0,0.0,10642986.280698612,-4.423782229423523e-9 
 07/02  18:00:00,41893660.95328261,25682400.0,1136949.3189212508,15074311.634361364,13146979.693196988,0.0,16682400.0,6418.519877491014,6418.519877491014,7106662.7793619875,-2.3283064365386963e-9 
 07/02  19:00:00,37963264.52634912,21600000.0,1136544.5956399357,15226719.930709185,13299398.866399437,0.0,16200000.0,0.0,0.0,840628.7010327373,-6.51925802230835e-9 
 07/02  20:00:00,27497345.958998524,10800000.0,1136544.5956399357,15560801.363358589,13633480.299048841,0.0,5400000.0,0.0,0.0,0.0,-3.841705620288849e-9 
 07/02  21:00:00,5760000.0,5760000.0,0.0,0.0,0.0,0.0,5400000.0,0.0,0.0,0.0,-2.3283064365386963e-9 
 07/02  22:00:00,1710000.0,1710000.0,0.0,0.0,0.0,0.0,1350000.0,0.0,0.0,0.0,-5.820766091346741e-10 
 07/02  23:00:00,1710000.0,1710000.0,0.0,0.0,0.0,0.0,1350000.0,0.0,0.0,0.0,-2.561137080192566e-9 
 07/02  24:00:00,1710000.0,1710000.0,0.0,0.0,0.0,0.0,1350000.0,0.0,0.0,0.0,-1.280568540096283e-9 
 07/03  01:00:00,1710000.0,1710000.0,0.0,0.0,0.0,0.0,1350000.0,0.0,0.0,0.0,9.313225746154785e-10 
 07/03  02:00:00,1710000.0,1710000.0,0.0,0.0,0.0,0.0,1350000.0,0.0,0.0,0.0,-6.984919309616089e-10 
 07/03  03:00:00,1710000.0,1710000.0,0.0,0.0,0.0,0.0,1350000.0,0.0,0.0,0.0,-3.841705620288849e-9 
 07/03  04:00:00,1710000.0,1710000.0,0.0,0.0,0.0,0.0,1350000.0,0.0,0.0,0.0,-9.89530235528946e-10 
 07/03  05:00:00,1710000.0,1710000.0,0.0,0.0,0.0,0.0,1350000.0,0.0,0.0,0.0,1.1059455573558807e-9 
 07/03  06:00:00,1710000.0,1710000.0,0.0,0.0,0.0,0.0,1350000.0,0.0,0.0,0.0,-1.6880221664905548e-9 
 07/03  07:00:00,18542431.781822722,1710000.0,1136544.5956399357,15695887.186182786,13798827.635822587,0.0,1350000.0,0.0,0.0,476771.8837513148,6.111804395914078e-10 
 07/03  08:00:00,19519277.044973016,1710000.0,1136544.5956399357,16672732.44933308,14827760.284963772,0.0,1350000.0,0.0,0.0,5084189.074655968,2.35741026699543e-9 
 07/03  09:00:00,43755160.79934737,24932520.0,1136544.5956399357,17686096.203707434,15824082.439323474,0.0,17732520.0,0.0,0.0,20071717.77425388,-2.3283064365386963e-9 
 07/03  10:00:00,49286560.44650477,30126240.0,1145390.0798012682,18014930.366703503,16087609.302393757,0.0,13926240.0,0.0,0.0,32383524.794797536,-5.820766091346741e-9 
 07/03  11:00:00,50718633.43461753,30384000.0,1189236.3153571498,19145397.11926038,17218076.054950632,0.0,14184000.0,0.0,0.0,29360170.08845883,-3.958120942115784e-9 
 07/03  12:00:00,50299520.343804985,29732940.0,1201285.3461642344,19365294.99764076,17437973.93333101,0.0,13532940.0,0.0,0.0,24577607.646989547,-8.614733815193176e-9 
 07/03  13:00:00,44331132.568100646,24701760.0,1163651.1023162669,18465721.46578438,16538400.401474632,0.0,8501760.0,0.0,0.0,23389841.71754165,-2.7939677238464355e-9 
 07/03  14:00:00,47786838.52360173,25764480.0,1223192.7725517089,20799165.751050025,18871844.686740275,0.0,9564480.0,0.0,0.0,24804776.96037086,-5.122274160385132e-9 
 07/03  15:00:00,48508375.52967334,25027200.0,1249160.9692028558,22232014.56047049,20304693.496160742,0.0,10627200.0,0.0,0.0,23426950.702141527,-6.752088665962219e-9 
 07/03  16:00:00,46571389.79319547,23227200.0,1243792.631872223,22100397.16132325,20173076.0970135,0.0,10627200.0,0.0,0.0,26287888.047638338,-5.3551048040390015e-9 
 07/03  17:00:00,40303953.873241484,19627200.0,1182356.710041449,19494397.163200036,17567076.09889029,0.0,10627200.0,0.0,0.0,20974422.723711148,-3.725290298461914e-9 
 07/03  18:00:00,39728686.670392066,21052800.0,1150648.5138166388,17525238.156575426,15597917.092265682,0.0,12052800.0,0.0,0.0,12142766.041376812,-5.3551048040390015e-9 
 07/03  19:00:00,39136183.148841165,21600000.0,1136544.5956399357,16399638.553201228,14472317.48889148,0.0,16200000.0,0.0,0.0,1423723.2077196343,-2.7939677238464355e-9 
 07/03  20:00:00,27842803.204086572,10800000.0,1136544.5956399357,15906258.608446639,13978937.54413689,0.0,5400000.0,0.0,0.0,0.0,-6.28642737865448e-9 
 07/03  21:00:00,5760000.0,5760000.0,0.0,0.0,0.0,0.0,5400000.0,0.0,0.0,0.0,-5.820766091346741e-10 
 07/03  22:00:00,1710000.0,1710000.0,0.0,0.0,0.0,0.0,1350000.0,0.0,0.0,0.0,-2.2118911147117615e-9 
 07/03  23:00:00,1710000.0,1710000.0,0.0,0.0,0.0,0.0,1350000.0,0.0,0.0,0.0,-3.4924596548080444e-10 
 07/03  24:00:00,1710000.0,1710000.0,0.0,0.0,0.0,0.0,1350000.0,0.0,0.0,0.0,-3.026798367500305e-9 
 07/04  01:00:00,1710000.0,1710000.0,0.0,0.0,0.0,0.0,1350000.0,0.0,0.0,0.0,1.1641532182693481e-10 
 07/04  02:00:00,1710000.0,1710000.0,0.0,0.0,0.0,0.0,1350000.0,0.0,0.0,0.0,2.3865140974521637e-9 
 07/04  03:00:00,1710000.0,1710000.0,0.0,0.0,0.0,0.0,1350000.0,0.0,0.0,0.0,3.4924596548080444e-10 
 07/04  04:00:00,1710000.0,1710000.0,0.0,0.0,0.0,0.0,1350000.0,0.0,0.0,0.0,-2.7939677238464355e-9 
 07/04  05:00:00,1710000.0,1710000.0,0.0,0.0,0.0,0.0,1350000.0,0.0,0.0,0.0,-1.3387762010097504e-9 
 07/04  06:00:00,1710000.0,1710000.0,0.0,0.0,0.0,0.0,1350000.0,0.0,0.0,0.0,-5.122274160385132e-9 
 07/04  07:00:00,16672822.150961868,1710000.0,1136544.5956399357,13826277.555321932,11971282.253290426,0.0,1350000.0,63319.60626709711,63319.60626709711,1980227.4215457444,-1.7171259969472885e-9 
 07/04  08:00:00,16662539.29151412,1618020.0,1136544.5956399357,13907974.69587418,12114199.36009328,0.0,1258020.0,8134.788647012008,8134.788647012008,11168150.67982211,-2.066371962428093e-9 
 07/04  09:00:00,41668612.088449195,26160480.0,1136544.5956399357,14371587.492809258,12567063.243775368,0.0,18960480.0,0.0,0.0,19024865.726702455,-2.2118911147117615e-9 
 07/04  10:00:00,48488278.95985726,32325300.0,1136701.22787633,15026277.731980933,13114572.15197786,0.0,16125300.0,0.0,0.0,25727614.583025876,-6.984919309616089e-9 
 07/04  11:00:00,49576524.69647673,32284800.0,1162970.1984648628,16128754.498011868,14201433.43370212,0.0,16084800.0,0.0,0.0,26547947.572971005,-7.916241884231567e-9 
 07/04  12:00:00,49331493.49780533,31480560.0,1173954.352695949,16676979.145109383,14749658.080799637,0.0,15280560.0,0.0,0.0,23607128.122322887,-3.026798367500305e-9 
 07/04  13:00:00,45678841.8124526,28687680.0,1150714.7020658737,15840447.11038673,13913126.04607698,0.0,12487680.0,0.0,0.0,23006045.152195837,-4.656612873077393e-10 
 07/04  14:00:00,44179393.83059341,25764480.0,1195875.4717035026,17219038.3588899,15291717.294580154,0.0,9564480.0,0.0,0.0,25350358.950276,-5.587935447692871e-9 
 07/04  15:00:00,44068828.143294975,25027200.0,1206143.9321124093,17835484.211182572,15908163.146872824,0.0,10627200.0,0.0,0.0,22796759.177476376,-5.122274160385132e-9 
 07/04  16:00:00,43992816.0308467,25894800.0,1167094.632644544,16930921.39820215,15003600.333892403,0.0,13294800.0,0.0,0.0,15288479.092907373,-5.587935447692871e-9 
 07/04  17:00:00,40669286.9363179,23659200.0,1136544.5956399357,15873542.340677962,13946221.276368214,0.0,14659200.0,0.0,0.0,13128631.158337887,9.313225746154785e-10 
 07/04  18:00:00,40706463.85794016,23842800.0,1136544.5956399357,15727119.262300223,13799798.197990477,0.0,14842800.0,0.0,0.0,7801123.622830821,-2.7939677238464355e-9 
 07/04  19:00:00,38492473.11622879,21600000.0,1136544.5956399357,15755928.520588852,13828607.456279106,0.0,16200000.0,0.0,0.0,721472.3945923713,-5.122274160385132e-9 
 07/04  20:00:00,27656511.03312874,10800000.0,1136544.5956399357,15719966.437488802,13792645.373179056,0.0,5400000.0,0.0,0.0,0.0,9.313225746154785e-10 
 07/04  21:00:00,5760000.0,5760000.0,0.0,0.0,0.0,0.0,5400000.0,0.0,0.0,0.0,-1.862645149230957e-9 
 07/04  22:00:00,1710000.0,1710000.0,0.0,0.0,0.0,0.0,1350000.0,0.0,0.0,0.0,-2.6775524020195007e-9 
 07/04  23:00:00,1710000.0,1710000.0,0.0,0.0,0.0,0.0,1350000.0,0.0,0.0,0.0,-3.4924596548080444e-9 
 07/04  24:00:00,1710000.0,1710000.0,0.0,0.0,0.0,0.0,1350000.0,0.0,0.0,0.0,-3.6088749766349792e-9 
 07/05  01:00:00,4950000.0,4950000.0,0.0,0.0,0.0,0.0,1350000.0,0.0,0.0,0.0,-3.725290298461914e-9 
 07/05  02:00:00,4950000.0,4950000.0,0.0,0.0,0.0,0.0,1350000.0,0.0,0.0,0.0,1.5133991837501526e-9 
 07/05  03:00:00,4950000.0,4950000.0,0.0,0.0,0.0,0.0,1350000.0,0.0,0.0,0.0,-1.0477378964424133e-9 
 07/05  04:00:00,4950000.0,4950000.0,0.0,0.0,0.0,0.0,1350000.0,0.0,0.0,0.0,-2.3865140974521637e-9 
 07/05  05:00:00,4950000.0,4950000.0,0.0,0.0,0.0,0.0,1350000.0,0.0,0.0,0.0,5.820766091346741e-10 
 07/05  06:00:00,4950000.0,4950000.0,0.0,0.0,0.0,0.0,1350000.0,0.0,0.0,0.0,5.820766091346741e-11 
 07/05  07:00:00,4950000.0,4950000.0,0.0,0.0,0.0,0.0,1350000.0,0.0,0.0,3810541.8246723474,-1.7462298274040222e-9 
 07/05  08:00:00,4721580.0,4721580.0,0.0,0.0,0.0,0.0,1121580.0,0.0,0.0,20960510.561658874,-2.9103830456733704e-10 
 07/05  09:00:00,4448700.0,4448700.0,0.0,0.0,0.0,0.0,848700.0,0.0,0.0,32035715.29144997,-9.89530235528946e-10 
 07/05  10:00:00,4332960.0,4332960.0,0.0,0.0,0.0,0.0,732960.0,0.0,0.0,34237415.3907011,-1.280568540096283e-9 
 07/05  11:00:00,4332960.0,4332960.0,0.0,0.0,0.0,0.0,732960.0,0.0,0.0,28135405.036401056,-3.026798367500305e-9 
 07/05  12:00:00,4288500.0,4288500.0,0.0,0.0,0.0,0.0,688500.0,0.0,0.0,26243342.610685226,-1.862645149230957e-9 
 07/05  13:00:00,4312260.0,4312260.0,0.0,0.0,0.0,0.0,712260.0,0.0,0.0,23139508.39801824,-1.1641532182693481e-9 
 07/05  14:00:00,4131360.0,4131360.0,0.0,0.0,0.0,0.0,531360.0,0.0,0.0,25369314.592635702,-2.0954757928848267e-9 
 07/05  15:00:00,4131360.0,4131360.0,0.0,0.0,0.0,0.0,531360.0,0.0,0.0,19497710.895561337,-6.984919309616089e-10 
 07/05  16:00:00,4131360.0,4131360.0,0.0,0.0,0.0,0.0,531360.0,0.0,0.0,16700092.876062792,-5.587935447692871e-9 
 07/05  17:00:00,4380480.0,4380480.0,0.0,0.0,0.0,0.0,780480.0,0.0,0.0,12164361.221560374,-2.0954757928848267e-9 
 07/05  18:00:00,4273920.0,4273920.0,0.0,0.0,0.0,0.0,673920.0,0.0,0.0,9474649.205987338,-6.984919309616089e-10 
 07/05  19:00:00,4905540.0,4905540.0,0.0,0.0,0.0,0.0,1305540.0,0.0,0.0,2087740.7933610377,0.0 
 07/05  20:00:00,4950000.0,4950000.0,0.0,0.0,0.0,0.0,1350000.0,0.0,0.0,0.0,-5.005858838558197e-9 
 07/05  21:00:00,4950000.0,4950000.0,0.0,0.0,0.0,0.0,1350000.0,0.0,0.0,0.0,6.984919309616089e-10 
 07/05  22:00:00,4950000.0,4950000.0,0.0,0.0,0.0,0.0,1350000.0,0.0,0.0,0.0,-1.1641532182693481e-10 
 07/05  23:00:00,4950000.0,4950000.0,0.0,0.0,0.0,0.0,1350000.0,0.0,0.0,0.0,-2.561137080192566e-9 
 07/05  24:00:00,4950000.0,4950000.0,0.0,0.0,0.0,0.0,1350000.0,0.0,0.0,0.0,-8.149072527885437e-10 
 07/06  01:00:00,4950000.0,4950000.0,0.0,0.0,0.0,0.0,1350000.0,0.0,0.0,0.0,5.820766091346741e-10 
 07/06  02:00:00,4950000.0,4950000.0,0.0,0.0,0.0,0.0,1350000.0,0.0,0.0,0.0,-4.540197551250458e-9 
 07/06  03:00:00,4950000.0,4950000.0,0.0,0.0,0.0,0.0,1350000.0,0.0,0.0,0.0,1.0477378964424133e-9 
 07/06  04:00:00,4950000.0,4950000.0,0.0,0.0,0.0,0.0,1350000.0,0.0,0.0,0.0,-1.1059455573558807e-9 
 07/06  05:00:00,4950000.0,4950000.0,0.0,0.0,0.0,0.0,1350000.0,0.0,0.0,0.0,-1.862645149230957e-9 
 07/06  06:00:00,4950000.0,4950000.0,0.0,0.0,0.0,0.0,1350000.0,0.0,0.0,0.0,-3.725290298461914e-9 
 07/06  07:00:00,4950000.0,4950000.0,0.0,0.0,0.0,0.0,1350000.0,0.0,0.0,1936731.4625544725,-5.820766091346741e-10 
 07/06  08:00:00,4902480.0,4902480.0,0.0,0.0,0.0,0.0,1302480.0,0.0,0.0,10295124.200438295,-9.89530235528946e-10 
 07/06  09:00:00,4721580.0,4721580.0,0.0,0.0,0.0,0.0,1121580.0,0.0,0.0,15856534.875260152,-5.413312464952469e-9 
 07/06  10:00:00,4493160.0,4493160.0,0.0,0.0,0.0,0.0,893160.0,0.0,0.0,23599343.721776567,-4.540197551250458e-9 
 07/06  11:00:00,4605840.0,4605840.0,0.0,0.0,0.0,0.0,1005840.0,0.0,0.0,19928950.579199683,-2.9103830456733704e-9 
 07/06  12:00:00,4404240.0,4404240.0,0.0,0.0,0.0,0.0,804240.0,0.0,0.0,24890874.069102794,-2.561137080192566e-9 
 07/06  13:00:00,4175820.0,4175820.0,0.0,0.0,0.0,0.0,575820.0,0.0,0.0,25677096.60517764,-2.444721758365631e-9 
 07/06  14:00:00,4175820.0,4175820.0,0.0,0.0,0.0,0.0,575820.0,0.0,0.0,22054814.483029805,-1.3969838619232178e-9 
 07/06  15:00:00,4131360.0,4131360.0,0.0,0.0,0.0,0.0,531360.0,0.0,0.0,24749342.477760833,-2.7939677238464355e-9 
 07/06  16:00:00,4131360.0,4131360.0,0.0,0.0,0.0,0.0,531360.0,0.0,0.0,21479983.244672127,-7.450580596923828e-9 
 07/06  17:00:00,4653360.0,4653360.0,0.0,0.0,0.0,0.0,1053360.0,0.0,0.0,7382225.197567647,-4.889443516731262e-9 
 07/06  18:00:00,4881780.0,4881780.0,0.0,0.0,0.0,0.0,1281780.0,0.0,0.0,3665620.170382545,-1.1641532182693481e-9 
 07/06  19:00:00,4950000.0,4950000.0,0.0,0.0,0.0,0.0,1350000.0,0.0,0.0,263743.48220086226,-4.6566128730773926e-9 
 07/06  20:00:00,4950000.0,4950000.0,0.0,0.0,0.0,0.0,1350000.0,0.0,0.0,0.0,-2.6775524020195007e-9 
 07/06  21:00:00,4950000.0,4950000.0,0.0,0.0,0.0,0.0,1350000.0,0.0,0.0,0.0,-3.841705620288849e-9 
 07/06  22:00:00,4950000.0,4950000.0,0.0,0.0,0.0,0.0,1350000.0,0.0,0.0,0.0,-2.2118911147117615e-9 
 07/06  23:00:00,4950000.0,4950000.0,0.0,0.0,0.0,0.0,1350000.0,0.0,0.0,0.0,-2.444721758365631e-9 
 07/06  24:00:00,4950000.0,4950000.0,0.0,0.0,0.0,0.0,1350000.0,0.0,0.0,0.0,3.026798367500305e-9 
 07/07  01:00:00,1710000.0,1710000.0,0.0,0.0,0.0,0.0,1350000.0,0.0,0.0,0.0,1.7462298274040222e-9 
 07/07  02:00:00,1710000.0,1710000.0,0.0,0.0,0.0,0.0,1350000.0,0.0,0.0,0.0,1.3387762010097504e-9 
 07/07  03:00:00,1710000.0,1710000.0,0.0,0.0,0.0,0.0,1350000.0,0.0,0.0,0.0,3.4924596548080444e-10 
 07/07  04:00:00,1710000.0,1710000.0,0.0,0.0,0.0,0.0,1350000.0,0.0,0.0,0.0,1.7462298274040222e-10 
 07/07  05:00:00,1710000.0,1710000.0,0.0,0.0,0.0,0.0,1350000.0,0.0,0.0,0.0,-2.2118911147117615e-9 
 07/07  06:00:00,1710000.0,1710000.0,0.0,0.0,0.0,0.0,1350000.0,0.0,0.0,0.0,5.238689482212067e-10 
 07/07  07:00:00,15679949.299653385,1710000.0,1136544.5956399357,12833404.704013446,11014709.814731348,0.0,1350000.0,536827.6622953068,536827.6622953068,3159197.4891127995,-1.3969838619232178e-9 
 07/07  08:00:00,15783769.531255355,1505340.0,1136544.5956399357,13141884.935615418,11369387.70474409,0.0,1145340.0,481414.09371352184,481414.09371352184,18708608.985929847,5.820766091346741e-10 
 07/07  09:00:00,37489925.330908015,22476600.0,1136544.5956399357,13876780.735268082,12081310.206672754,0.0,15276600.0,181249.44159416822,181249.44159416822,31143981.96300063,-2.561137080192566e-9 
 07/07  10:00:00,47538765.47310499,31480560.0,1154470.4790658527,14903734.994039144,12998107.614546748,0.0,15280560.0,5939.809873872394,5939.809873872394,28785293.96083647,-7.450580596923828e-9 
 07/07  11:00:00,49765858.36190129,32284800.0,1182833.04663419,16298225.315267108,14370904.250957359,0.0,16084800.0,0.0,0.0,24704410.327568337,-2.7939677238464355e-9 
 07/07  12:00:00,50218774.24101225,32325300.0,1188163.889718466,16705310.35129379,14777989.286984041,0.0,16125300.0,0.0,0.0,23099575.741153076,-4.423782229423523e-9 
 07/07  13:00:00,46841269.58393304,29779200.0,1152182.99967359,15909886.584259458,13982565.519949708,0.0,13579200.0,0.0,0.0,21144305.65489108,-1.6298145055770874e-9 
 07/07  14:00:00,45408629.123721644,27365040.0,1181551.8448922336,16862037.278829414,14934716.214519665,0.0,11165040.0,0.0,0.0,20437295.213082634,-4.423782229423523e-9 
 07/07  15:00:00,43934024.22637576,25027200.0,1196348.5597464077,17710475.66662935,15783154.602319606,0.0,10627200.0,0.0,0.0,23238888.604139753,-5.3551048040390015e-9 
 07/07  16:00:00,41097611.50255239,23227200.0,1158629.9998028,16711781.502749592,14784460.438439842,0.0,10627200.0,0.0,0.0,16614609.844569279,-6.984919309616089e-9 
 07/07  17:00:00,37377418.201738544,20516400.0,1136544.5956399357,15724473.60609861,13797152.541788861,0.0,11516400.0,0.0,0.0,14271144.49537353,-6.752088665962219e-9 
 07/07  18:00:00,38489695.80058076,22478400.0,1136544.5956399357,14874751.20494083,12947428.809207907,0.0,13478400.0,0.0,0.0,9060728.56338176,-3.958120942115784e-9 
 07/07  19:00:00,36822540.76990424,21600000.0,1136544.5956399357,14085996.174264306,12158538.48381066,0.0,16200000.0,100195.93083033823,100195.93083033823,744076.348748026,1.1641532182693481e-9 
 07/07  20:00:00,25502961.8960845,10800000.0,1136544.5956399357,13566417.30044456,11638697.272449251,0.0,5400000.0,295346.8901986792,295346.8901986792,0.0,-3.841705620288849e-9 
 07/07  21:00:00,5760000.0,5760000.0,0.0,0.0,0.0,0.0,5400000.0,0.0,0.0,0.0,-8.149072527885437e-10 
 07/07  22:00:00,1710000.0,1710000.0,0.0,0.0,0.0,0.0,1350000.0,0.0,0.0,0.0,2.2118911147117615e-9 
 07/07  23:00:00,1710000.0,1710000.0,0.0,0.0,0.0,0.0,1350000.0,0.0,0.0,0.0,-8.149072527885437e-10 
 07/07  24:00:00,1710000.0,1710000.0,0.0,0.0,0.0,0.0,1350000.0,0.0,0.0,0.0,-2.9685907065868378e-9 
 07/08  01:00:00,1710000.0,1710000.0,0.0,0.0,0.0,0.0,1350000.0,0.0,0.0,0.0,-1.2223608791828156e-9 
 07/08  02:00:00,1710000.0,1710000.0,0.0,0.0,0.0,0.0,1350000.0,0.0,0.0,0.0,-2.7939677238464355e-9 
 07/08  03:00:00,1710000.0,1710000.0,0.0,0.0,0.0,0.0,1350000.0,0.0,0.0,0.0,-1.57160684466362e-9 
 07/08  04:00:00,1710000.0,1710000.0,0.0,0.0,0.0,0.0,1350000.0,0.0,0.0,0.0,-1.6298145055770874e-9 
 07/08  05:00:00,1710000.0,1710000.0,0.0,0.0,0.0,0.0,1350000.0,0.0,0.0,0.0,1.8044374883174896e-9 
 07/08  06:00:00,1710000.0,1710000.0,0.0,0.0,0.0,0.0,1350000.0,0.0,0.0,0.0,4.3655745685100555e-9 
 07/08  07:00:00,15900927.772215268,1710000.0,1136544.5956399357,13054383.176575333,11229306.794818904,0.0,1350000.0,425546.8147019689,425546.8147019689,2226331.729594823,-1.6880221664905548e-9 
 07/08  08:00:00,16017520.081734747,1573560.0,1136544.5956399357,13307415.486094812,11543106.111508178,0.0,1213560.0,261084.9896116513,261084.9896116513,13505134.246982358,7.275957614183426e-10 
 07/08  09:00:00,39654688.84260752,24504840.0,1136544.5956399357,14013304.24696758,12225946.39754399,0.0,17304840.0,30032.65801154416,30032.65801154416,24633221.75813419,-3.841705620288849e-9 
 07/08  10:00:00,47026302.917012885,31029120.0,1142028.392100309,14855154.524912579,12946754.960539829,0.0,14829120.0,0.0,0.0,28754851.85856667,-3.026798367500305e-9 
 07/08  11:00:00,47996221.16429385,30384000.0,1181866.7230316678,16430354.441262191,14503033.37695244,0.0,14184000.0,0.0,0.0,29656672.81012747,-1.862645149230957e-9 
 07/08  12:00:00,47662399.479619384,29674800.0,1195920.3991599977,16791679.08045939,14864358.016149644,0.0,13474800.0,0.0,0.0,27226292.559803564,1.3969838619232178e-9 
 07/08  13:00:00,41701016.31619136,24701760.0,1167431.9161617118,15831824.400029644,13904503.335719898,0.0,8501760.0,0.0,0.0,26636994.748431005,-2.7939677238464355e-9 
 07/08  14:00:00,43858961.28978428,25764480.0,1214402.3977425261,16880078.89204175,14952757.827732002,0.0,9564480.0,0.0,0.0,26192694.76558531,-3.4924596548080444e-9 
 07/08  15:00:00,43704819.63556062,25027200.0,1227579.7160026233,17450039.91955799,15522718.855248243,0.0,10627200.0,0.0,0.0,25025335.762574352,-6.51925802230835e-9 
 07/08  16:00:00,40906621.42847144,23227200.0,1184716.6277909528,16494704.800680488,14567383.73637074,0.0,10627200.0,0.0,0.0,19683468.52179953,-2.561137080192566e-9 
 07/08  17:00:00,35651803.17775869,19627200.0,1137029.0266242796,14887574.151134413,12960253.086824667,0.0,10627200.0,0.0,0.0,15406402.338251576,-1.3969838619232178e-9 
 07/08  18:00:00,38343581.03131934,22478400.0,1136544.5956399357,14728636.435679413,12801315.371369664,0.0,13478400.0,0.0,0.0,9791854.424167326,-4.6566128730773926e-9 
 07/08  19:00:00,37416237.727109246,21600000.0,1136544.5956399357,14679693.13146931,12752372.067159561,0.0,16200000.0,0.0,0.0,1642964.9403896583,1.862645149230957e-9 
 07/08  20:00:00,26319167.170873925,10800000.0,1136544.5956399357,14382622.575233988,12455301.510924239,0.0,5400000.0,0.0,0.0,0.0,-3.958120942115784e-9 
 07/08  21:00:00,5760000.0,5760000.0,0.0,0.0,0.0,0.0,5400000.0,0.0,0.0,0.0,-1.1641532182693481e-10 
 07/08  22:00:00,1710000.0,1710000.0,0.0,0.0,0.0,0.0,1350000.0,0.0,0.0,0.0,-2.3283064365386963e-10 
 07/08  23:00:00,1710000.0,1710000.0,0.0,0.0,0.0,0.0,1350000.0,0.0,0.0,0.0,-3.4924596548080444e-9 
 07/08  24:00:00,1710000.0,1710000.0,0.0,0.0,0.0,0.0,1350000.0,0.0,0.0,0.0,5.820766091346741e-10 
 07/09  01:00:00,1710000.0,1710000.0,0.0,0.0,0.0,0.0,1350000.0,0.0,0.0,0.0,-3.899913281202316e-9 
 07/09  02:00:00,1710000.0,1710000.0,0.0,0.0,0.0,0.0,1350000.0,0.0,0.0,0.0,-3.4924596548080444e-10 
 07/09  03:00:00,1710000.0,1710000.0,0.0,0.0,0.0,0.0,1350000.0,0.0,0.0,0.0,-1.7462298274040222e-10 
 07/09  04:00:00,1710000.0,1710000.0,0.0,0.0,0.0,0.0,1350000.0,0.0,0.0,0.0,-2.0954757928848267e-9 
 07/09  05:00:00,1710000.0,1710000.0,0.0,0.0,0.0,0.0,1350000.0,0.0,0.0,0.0,-1.0477378964424133e-9 
 07/09  06:00:00,1710000.0,1710000.0,0.0,0.0,0.0,0.0,1350000.0,0.0,0.0,0.0,1.2223608791828156e-9 
 07/09  07:00:00,15654506.922115956,1710000.0,1136544.5956399357,12807962.326476019,10991292.28648059,0.0,1350000.0,559548.1331300244,559548.1331300244,3515792.3739642976,1.8044374883174896e-9 
 07/09  08:00:00,15783089.294385994,1505340.0,1136544.5956399357,13141204.698746057,11374818.760399643,0.0,1145340.0,432846.4581880937,432846.4581880937,18449434.56813007,-2.7939677238464355e-9 
 07/09  09:00:00,37980280.62443416,23276880.0,1136544.5956399357,13566856.028794223,11789910.751015376,0.0,16076880.0,272598.8881828117,272598.8881828117,27120316.110321,-3.841705620288849e-9 
 07/09  10:00:00,46834859.29692592,31029120.0,1146856.8227708144,14658882.474155111,12760902.869434528,0.0,14829120.0,42171.67941661932,42171.67941661932,29292542.83668951,-1.280568540096283e-9 
 07/09  11:00:00,47116693.40382136,29494800.0,1186027.6787792766,16435865.72504208,14508544.660732333,0.0,13294800.0,0.0,0.0,29004275.054955,-2.3283064365386963e-9 
 07/09  12:00:00,49454326.08645288,30577680.0,1198176.28148297,17678469.804969907,15751148.740660159,0.0,14377680.0,0.0,0.0,25669266.025236316,-2.561137080192566e-9 
 07/09  13:00:00,42901844.35891563,24701760.0,1168784.2767609993,17031300.082154628,15103979.01784488,0.0,8501760.0,0.0,0.0,26122798.452431887,-6.984919309616089e-10 
 07/09  14:00:00,45402311.101190865,25764480.0,1222866.836836718,18414964.264354147,16487643.2000444,0.0,9564480.0,0.0,0.0,25941647.449131586,-7.916241884231567e-9 
 07/09  15:00:00,44932834.7417342,25027200.0,1251685.4211885938,18653949.32054561,16726628.256235862,0.0,10627200.0,0.0,0.0,26558589.99775473,-6.984919309616089e-10 
 07/09  16:00:00,41577222.122767165,23227200.0,1208888.3049202212,17141133.817846946,15213812.753537197,0.0,10627200.0,0.0,0.0,20036281.11221594,-7.450580596923828e-9 
 07/09  17:00:00,35575147.00783296,19627200.0,1149236.4256699744,14798710.582162991,12871389.517853243,0.0,10627200.0,0.0,0.0,17396129.018378563,-2.0954757928848267e-9 
 07/09  18:00:00,36584285.21713927,21052800.0,1136832.4617721832,14394652.755367087,12466971.250356704,0.0,12052800.0,286441.44998657936,286441.44998657936,11967266.83123372,-1.6298145055770874e-9 
 07/09  19:00:00,36381937.02213063,21066480.0,1136544.5956399357,14178912.426490698,12251054.725289265,0.0,15666480.0,430297.1458638479,430297.1458638479,2902365.1068059746,-1.862645149230957e-9 
 07/09  20:00:00,25799735.88267961,10800000.0,1136544.5956399357,13863191.287039679,11935108.145396631,0.0,5400000.0,616496.7619092758,616496.7619092758,0.0,-2.444721758365631e-9 
 07/09  21:00:00,5760000.0,5760000.0,0.0,0.0,0.0,0.0,5400000.0,0.0,0.0,0.0,-2.6775524020195007e-9 
 07/09  22:00:00,1710000.0,1710000.0,0.0,0.0,0.0,0.0,1350000.0,0.0,0.0,0.0,-2.0954757928848267e-9 
 07/09  23:00:00,1710000.0,1710000.0,0.0,0.0,0.0,0.0,1350000.0,0.0,0.0,0.0,-5.3551048040390015e-9 
 07/09  24:00:00,1710000.0,1710000.0,0.0,0.0,0.0,0.0,1350000.0,0.0,0.0,0.0,-6.984919309616089e-10 
 07/10  01:00:00,1710000.0,1710000.0,0.0,0.0,0.0,0.0,1350000.0,0.0,0.0,0.0,-4.307366907596588e-9 
 07/10  02:00:00,1710000.0,1710000.0,0.0,0.0,0.0,0.0,1350000.0,0.0,0.0,0.0,-1.1641532182693481e-10 
 07/10  03:00:00,1710000.0,1710000.0,0.0,0.0,0.0,0.0,1350000.0,0.0,0.0,0.0,-2.270098775625229e-9 
 07/10  04:00:00,1710000.0,1710000.0,0.0,0.0,0.0,0.0,1350000.0,0.0,0.0,0.0,-1.9208528101444244e-9 
 07/10  05:00:00,1710000.0,1710000.0,0.0,0.0,0.0,0.0,1350000.0,0.0,0.0,0.0,4.656612873077393e-10 
 07/10  06:00:00,1710000.0,1710000.0,0.0,0.0,0.0,0.0,1350000.0,0.0,0.0,13391.084269269693,-8.731149137020111e-10 
 07/10  07:00:00,15678364.507952634,1710000.0,1136544.5956399357,12831819.912312698,11055029.120260753,0.0,1350000.0,672137.9465359262,672137.9465359262,4141755.3265018417,-5.9371814131736755e-9 
 07/10  08:00:00,16259779.218658604,1481580.0,1136544.5956399357,13641654.623018667,11880617.29381241,0.0,1121580.0,433277.5551546806,433277.5551546806,20769906.155986734,-3.14321368932724e-9 
 07/10  09:00:00,38942139.87573205,23276880.0,1136544.5956399357,14528715.280092113,12719371.2048759,0.0,16076880.0,84713.29762640933,84713.29762640933,28326411.09153434,-2.9103830456733704e-9 
 07/10  10:00:00,47076202.65350279,30126240.0,1172280.7740107998,15777681.879491996,13868911.593774367,0.0,13926240.0,0.0,0.0,32849159.69133307,-7.566995918750763e-9 
 07/10  11:00:00,46951690.04997005,28605600.0,1216980.4710946835,17129109.57887537,15201788.514565622,0.0,12405600.0,0.0,0.0,30192466.306081183,-7.683411240577698e-9 
 07/10  12:00:00,49006833.70687192,30126240.0,1238970.946795187,17641622.76007674,15714301.69576699,0.0,13926240.0,0.0,0.0,26655134.672278605,-5.3551048040390015e-9 
 07/10  13:00:00,43171105.158956245,25413120.0,1189845.7497819085,16568139.409174336,14640818.344864588,0.0,9213120.0,0.0,0.0,25924787.363597304,-2.7939677238464355e-9 
 07/10  14:00:00,45178874.928536475,25764480.0,1240278.6797077418,18174116.24882874,16246795.18451899,0.0,9564480.0,0.0,0.0,25731552.592666153,-4.6566128730773926e-9 
 07/10  15:00:00,45840524.74740323,25027200.0,1266292.1682022396,19547032.57920099,17619711.514891244,0.0,10627200.0,0.0,0.0,27798989.670821186,-1.862645149230957e-9 
 07/10  16:00:00,43609157.50449402,23227200.0,1245777.1055792272,19136180.39891479,17208859.334605046,0.0,10627200.0,0.0,0.0,26641379.93099408,-8.149072527885437e-9 
 07/10  17:00:00,37106248.22498608,19627200.0,1176116.7172380225,16302931.507748052,14375610.443438303,0.0,10627200.0,0.0,0.0,18965416.15914675,-3.026798367500305e-9 
 07/10  18:00:00,37242105.980790555,22003200.0,1144152.0393940513,14094753.9413965,12187914.176484114,0.0,13003200.0,163118.14823558088,163118.14823558088,10316148.378144434,4.656612873077393e-10 
 07/10  19:00:00,35842231.72333093,21600000.0,1136544.5956399357,13105687.127690995,11242082.287513124,0.0,16200000.0,700358.7235949009,700358.7235949009,1418306.1537506678,-1.862645149230957e-9 
 07/10  20:00:00,24430726.912917215,10800000.0,1136544.5956399357,12494182.31727728,10663766.99192033,0.0,5400000.0,704311.6260060373,704311.6260060373,0.0,1.6298145055770874e-9 
 07/10  21:00:00,5760000.0,5760000.0,0.0,0.0,0.0,0.0,5400000.0,0.0,0.0,0.0,-2.0954757928848267e-9 
 07/10  22:00:00,1710000.0,1710000.0,0.0,0.0,0.0,0.0,1350000.0,0.0,0.0,0.0,-4.540197551250458e-9 
 07/10  23:00:00,1710000.0,1710000.0,0.0,0.0,0.0,0.0,1350000.0,0.0,0.0,0.0,-6.984919309616089e-10 
 07/10  24:00:00,1710000.0,1710000.0,0.0,0.0,0.0,0.0,1350000.0,0.0,0.0,0.0,-2.0954757928848267e-9 
 07/11  01:00:00,1710000.0,1710000.0,0.0,0.0,0.0,0.0,1350000.0,0.0,0.0,0.0,-2.735760062932968e-9 
 07/11  02:00:00,1710000.0,1710000.0,0.0,0.0,0.0,0.0,1350000.0,0.0,0.0,0.0,-2.561137080192566e-9 
 07/11  03:00:00,1710000.0,1710000.0,0.0,0.0,0.0,0.0,1350000.0,0.0,0.0,0.0,8.149072527885437e-10 
 07/11  04:00:00,1710000.0,1710000.0,0.0,0.0,0.0,0.0,1350000.0,0.0,0.0,0.0,-2.6193447411060333e-9 
 07/11  05:00:00,1710000.0,1710000.0,0.0,0.0,0.0,0.0,1350000.0,0.0,0.0,0.0,2.0372681319713593e-9 
 07/11  06:00:00,1710000.0,1710000.0,0.0,0.0,0.0,0.0,1350000.0,0.0,0.0,6686.5888988218885,-1.9208528101444244e-9 
 07/11  07:00:00,15918922.369251207,1710000.0,1136544.5956399357,13072377.77361127,11292536.472587988,0.0,1350000.0,715054.7369425837,715054.7369425837,2370525.6000807593,1.0477378964424133e-9 
 07/11  08:00:00,15707312.521471797,1573560.0,1136544.5956399357,12997207.925831862,11287022.754906606,0.0,1213560.0,716081.1663227081,716081.1663227081,14307210.115140025,4.0745362639427185e-10 
 07/11  09:00:00,39648557.86037055,24504840.0,1136544.5956399357,14007173.26473061,12225224.234101921,0.0,17304840.0,377585.4220782786,377585.4220782786,24836093.79092311,-5.587935447692871e-9 
 07/11  10:00:00,47688353.10980336,31029120.0,1149902.0155235797,15509331.094279785,13600275.210400805,0.0,14829120.0,2435.568106921067,2435.568106921067,27607631.84283746,-6.984919309616089e-9 
 07/11  11:00:00,47553315.1741679,27716400.0,1200445.488762857,18636469.685405046,16709148.621095296,0.0,11516400.0,0.0,0.0,29782335.59585561,-3.026798367500305e-9 
 07/11  12:00:00,47935186.33484356,26295840.0,1222143.2929090643,20417203.041934505,18489881.97762476,0.0,10095840.0,0.0,0.0,26259354.997933626,-7.683411240577698e-9 
 07/11  13:00:00,45547442.14968397,24701760.0,1181882.4665974132,19663799.683086548,17736478.6187768,0.0,8501760.0,0.0,0.0,23255337.767957855,-6.05359673500061e-9 
 07/11  14:00:00,48373631.69223431,25764480.0,1264976.3378622425,21344175.35437206,19416854.290062316,0.0,9564480.0,0.0,0.0,27309623.795968853,-4.190951585769653e-9 
 07/11  15:00:00,47691884.02528438,25027200.0,1288142.976853298,21376541.04843109,19449219.98412134,0.0,10627200.0,0.0,0.0,24953021.85077527,-2.561137080192566e-9 
 07/11  16:00:00,43276299.26724915,23227200.0,1224666.9146129754,18824432.35263619,16897111.28832644,0.0,10627200.0,0.0,0.0,17310226.160116572,2.561137080192566e-9 
 07/11  17:00:00,38937667.25089601,21880800.0,1156236.0036861466,15900631.247209864,13973310.182900118,0.0,12880800.0,0.0,0.0,14292119.276004972,-4.423782229423523e-9 
 07/11  18:00:00,44663064.54615769,28764000.0,1140034.1133500065,14759030.432807684,12831680.096988015,0.0,19764000.0,24880.36182358068,24880.36182358068,5848990.410742304,-6.984919309616089e-9 
 07/11  19:00:00,37366011.811580956,21600000.0,1136544.5956399357,14629467.215941017,12701833.126981685,0.0,16200000.0,266757.16028242,266757.16028242,480682.1692658556,-4.6566128730773926e-9 
 07/11  20:00:00,26503994.272953287,10800000.0,1136544.5956399357,14567449.677313346,12639834.004779236,0.0,5400000.0,252337.7541022976,252337.7541022976,0.0,-3.958120942115784e-9 
 07/11  21:00:00,5760000.0,5760000.0,0.0,0.0,0.0,0.0,5400000.0,0.0,0.0,0.0,-5.471520125865936e-9 
 07/11  22:00:00,1710000.0,1710000.0,0.0,0.0,0.0,0.0,1350000.0,0.0,0.0,0.0,-2.3283064365386963e-10 
 07/11  23:00:00,1710000.0,1710000.0,0.0,0.0,0.0,0.0,1350000.0,0.0,0.0,0.0,1.862645149230957e-9 
 07/11  24:00:00,1710000.0,1710000.0,0.0,0.0,0.0,0.0,1350000.0,0.0,0.0,0.0,-1.1641532182693481e-9 
 07/12  01:00:00,4950000.0,4950000.0,0.0,0.0,0.0,0.0,1350000.0,0.0,0.0,0.0,-3.14321368932724e-9 
 07/12  02:00:00,4950000.0,4950000.0,0.0,0.0,0.0,0.0,1350000.0,0.0,0.0,0.0,-2.9103830456733704e-9 
 07/12  03:00:00,4950000.0,4950000.0,0.0,0.0,0.0,0.0,1350000.0,0.0,0.0,0.0,-5.820766091346741e-10 
 07/12  04:00:00,4950000.0,4950000.0,0.0,0.0,0.0,0.0,1350000.0,0.0,0.0,0.0,-2.0954757928848267e-9 
 07/12  05:00:00,4950000.0,4950000.0,0.0,0.0,0.0,0.0,1350000.0,0.0,0.0,0.0,-8.149072527885437e-10 
 07/12  06:00:00,4950000.0,4950000.0,0.0,0.0,0.0,0.0,1350000.0,0.0,0.0,0.0,-3.899913281202316e-9 
 07/12  07:00:00,4950000.0,4950000.0,0.0,0.0,0.0,0.0,1350000.0,0.0,0.0,3403553.8237892836,-2.153683453798294e-9 
 07/12  08:00:00,4745340.0,4745340.0,0.0,0.0,0.0,0.0,1145340.0,0.0,0.0,20045908.714566544,1.280568540096283e-9 
 07/12  09:00:00,4493160.0,4493160.0,0.0,0.0,0.0,0.0,893160.0,0.0,0.0,33583869.26124706,3.4924596548080444e-10 
 07/12  10:00:00,4380480.0,4380480.0,0.0,0.0,0.0,0.0,780480.0,0.0,0.0,30350366.05444631,-1.979060471057892e-9 
 07/12  11:00:00,4175820.0,4175820.0,0.0,0.0,0.0,0.0,575820.0,0.0,0.0,29775977.159296174,-1.7462298274040222e-9 
 07/12  12:00:00,4264740.0,4264740.0,0.0,0.0,0.0,0.0,664740.0,0.0,0.0,26676133.893149234,-8.149072527885437e-10 
 07/12  13:00:00,4131360.0,4131360.0,0.0,0.0,0.0,0.0,531360.0,0.0,0.0,26145448.279483918,-5.820766091346741e-9 
 07/12  14:00:00,4131360.0,4131360.0,0.0,0.0,0.0,0.0,531360.0,0.0,0.0,26261880.11784851,-3.259629011154175e-9 
 07/12  15:00:00,4131360.0,4131360.0,0.0,0.0,0.0,0.0,531360.0,0.0,0.0,21886793.216970168,-2.7939677238464355e-9 
 07/12  16:00:00,4131360.0,4131360.0,0.0,0.0,0.0,0.0,531360.0,0.0,0.0,23059299.995698582,-4.190951585769653e-9 
 07/12  17:00:00,4336020.0,4336020.0,0.0,0.0,0.0,0.0,736020.0,0.0,0.0,12340718.686400494,4.656612873077393e-10 
 07/12  18:00:00,4410360.0,4410360.0,0.0,0.0,0.0,0.0,810360.0,0.0,0.0,7179289.745640584,-1.3969838619232178e-9 
 07/12  19:00:00,4950000.0,4950000.0,0.0,0.0,0.0,0.0,1350000.0,0.0,0.0,573572.606609831,4.656612873077393e-10 
 07/12  20:00:00,4950000.0,4950000.0,0.0,0.0,0.0,0.0,1350000.0,0.0,0.0,0.0,-2.561137080192566e-9 
 07/12  21:00:00,4950000.0,4950000.0,0.0,0.0,0.0,0.0,1350000.0,0.0,0.0,0.0,-1.5133991837501526e-9 
 07/12  22:00:00,4950000.0,4950000.0,0.0,0.0,0.0,0.0,1350000.0,0.0,0.0,0.0,-9.313225746154785e-10 
 07/12  23:00:00,4950000.0,4950000.0,0.0,0.0,0.0,0.0,1350000.0,0.0,0.0,0.0,-1.862645149230957e-9 
 07/12  24:00:00,4950000.0,4950000.0,0.0,0.0,0.0,0.0,1350000.0,0.0,0.0,0.0,-5.704350769519806e-9 
 07/13  01:00:00,4950000.0,4950000.0,0.0,0.0,0.0,0.0,1350000.0,0.0,0.0,0.0,3.4924596548080444e-10 
 07/13  02:00:00,4950000.0,4950000.0,0.0,0.0,0.0,0.0,1350000.0,0.0,0.0,0.0,2.561137080192566e-9 
 07/13  03:00:00,4950000.0,4950000.0,0.0,0.0,0.0,0.0,1350000.0,0.0,0.0,0.0,1.1641532182693481e-10 
 07/13  04:00:00,4950000.0,4950000.0,0.0,0.0,0.0,0.0,1350000.0,0.0,0.0,0.0,-1.3387762010097504e-9 
 07/13  05:00:00,4950000.0,4950000.0,0.0,0.0,0.0,0.0,1350000.0,0.0,0.0,0.0,-1.7462298274040222e-10 
 07/13  06:00:00,4950000.0,4950000.0,0.0,0.0,0.0,0.0,1350000.0,0.0,0.0,0.0,-1.9208528101444244e-9 
 07/13  07:00:00,4950000.0,4950000.0,0.0,0.0,0.0,0.0,1350000.0,0.0,0.0,1972900.1779891336,-2.7939677238464355e-9 
 07/13  08:00:00,4858020.0,4858020.0,0.0,0.0,0.0,0.0,1258020.0,0.0,0.0,12776205.280845176,-2.9103830456733704e-10 
 07/13  09:00:00,4561380.0,4561380.0,0.0,0.0,0.0,0.0,961380.0,0.0,0.0,26004974.68168337,-3.026798367500305e-9 
 07/13  10:00:00,4356720.0,4356720.0,0.0,0.0,0.0,0.0,756720.0,0.0,0.0,31198464.027831964,-1.280568540096283e-9 
 07/13  11:00:00,4220280.0,4220280.0,0.0,0.0,0.0,0.0,620280.0,0.0,0.0,29662754.466630954,6.984919309616089e-10 
 07/13  12:00:00,4264740.0,4264740.0,0.0,0.0,0.0,0.0,664740.0,0.0,0.0,23195755.753034122,-3.4924596548080444e-9 
 07/13  13:00:00,4131360.0,4131360.0,0.0,0.0,0.0,0.0,531360.0,0.0,0.0,21065037.569431655,-1.862645149230957e-9 
 07/13  14:00:00,4131360.0,4131360.0,0.0,0.0,0.0,0.0,531360.0,0.0,0.0,24914622.59560557,-4.656612873077393e-10 
 07/13  15:00:00,4131360.0,4131360.0,0.0,0.0,0.0,0.0,531360.0,0.0,0.0,27063895.49047848,-5.820766091346741e-9 
 07/13  16:00:00,4131360.0,4131360.0,0.0,0.0,0.0,0.0,531360.0,0.0,0.0,24556528.945233326,-3.958120942115784e-9 
 07/13  17:00:00,4131360.0,4131360.0,0.0,0.0,0.0,0.0,531360.0,0.0,0.0,22291780.598812707,-2.561137080192566e-9 
 07/13  18:00:00,4202640.0,4202640.0,0.0,0.0,0.0,0.0,602640.0,0.0,0.0,14201714.33796883,-1.862645149230957e-9 
 07/13  19:00:00,4905540.0,4905540.0,0.0,0.0,0.0,0.0,1305540.0,0.0,0.0,3024138.2064043405,-3.259629011154175e-9 
 07/13  20:00:00,4950000.0,4950000.0,0.0,0.0,0.0,0.0,1350000.0,0.0,0.0,0.0,-1.6298145055770874e-9 
 07/13  21:00:00,4950000.0,4950000.0,0.0,0.0,0.0,0.0,1350000.0,0.0,0.0,0.0,-2.0954757928848267e-9 
 07/13  22:00:00,4950000.0,4950000.0,0.0,0.0,0.0,0.0,1350000.0,0.0,0.0,0.0,-5.9371814131736755e-9 
 07/13  23:00:00,4950000.0,4950000.0,0.0,0.0,0.0,0.0,1350000.0,0.0,0.0,0.0,-2.2118911147117615e-9 
 07/13  24:00:00,4950000.0,4950000.0,0.0,0.0,0.0,0.0,1350000.0,0.0,0.0,0.0,-1.862645149230957e-9 
 07/14  01:00:00,1710000.0,1710000.0,0.0,0.0,0.0,0.0,1350000.0,0.0,0.0,0.0,-5.820766091346741e-10 
 07/14  02:00:00,1710000.0,1710000.0,0.0,0.0,0.0,0.0,1350000.0,0.0,0.0,0.0,1.1641532182693481e-9 
 07/14  03:00:00,1710000.0,1710000.0,0.0,0.0,0.0,0.0,1350000.0,0.0,0.0,0.0,3.4924596548080444e-10 
 07/14  04:00:00,1710000.0,1710000.0,0.0,0.0,0.0,0.0,1350000.0,0.0,0.0,0.0,-1.3969838619232178e-9 
 07/14  05:00:00,1710000.0,1710000.0,0.0,0.0,0.0,0.0,1350000.0,0.0,0.0,0.0,2.153683453798294e-9 
 07/14  06:00:00,1710000.0,1710000.0,0.0,0.0,0.0,0.0,1350000.0,0.0,0.0,20114.49046444328,-5.005858838558197e-9 
 07/14  07:00:00,15346626.295444723,1710000.0,1136544.5956399357,12500081.699804787,10745881.903557358,0.0,1350000.0,733119.4994879144,733119.4994879144,1851145.694452493,-3.7834979593753815e-9 
 07/14  08:00:00,15936958.700887926,1618020.0,1136544.5956399357,13182394.10524799,11434910.412420906,0.0,1258020.0,734932.5637256859,734932.5637256859,11174443.572904067,-2.3283064365386963e-10 
 07/14  09:00:00,40155604.297310136,24932520.0,1136544.5956399357,14086539.7016702,12290149.606618898,0.0,17732520.0,486147.03865447,486147.03865447,23751039.845038,-7.566995918750763e-9 
 07/14  10:00:00,47120741.55551757,30577680.0,1168775.2807365009,15374286.274781067,13462130.882879414,0.0,14377680.0,72668.79709534606,72668.79709534606,34123893.00657595,-5.3551048040390015e-9 
 07/14  11:00:00,48648005.38342141,29494800.0,1231023.7461506296,17922181.637270786,15994860.572961036,0.0,13294800.0,0.0,0.0,30354097.963087637,-1.862645149230957e-9 
 07/14  12:00:00,46427285.81276481,26295840.0,1233072.1861952348,18898373.626569584,16971052.562259834,0.0,10095840.0,0.0,0.0,23760700.080960438,-3.958120942115784e-9 
 07/14  13:00:00,44417274.5646845,24701760.0,1186747.715250059,18528766.84943444,16601445.785124693,0.0,8501760.0,0.0,0.0,21655044.211938187,-2.7939677238464355e-9 
 07/14  14:00:00,48116219.15778734,25764480.0,1262331.9172889497,21089407.240498386,19162086.17618864,0.0,9564480.0,0.0,0.0,25253727.867827266,-6.28642737865448e-9 
 07/14  15:00:00,48621932.26071741,25027200.0,1302876.773547959,22291855.48716945,20364534.4228597,0.0,10627200.0,0.0,0.0,27862283.11632606,-5.587935447692871e-9 
 07/14  16:00:00,45295212.59648335,23227200.0,1276392.8027163516,20791619.793767005,18864298.72945726,0.0,10627200.0,0.0,0.0,27872329.593460366,-3.259629011154175e-9 
 07/14  17:00:00,37992742.97848504,19627200.0,1197557.4550686572,17167985.52341638,15240664.459106635,0.0,10627200.0,0.0,0.0,21175416.36734884,-4.190951585769653e-9 
 07/14  18:00:00,38607346.15450914,22892400.0,1152438.1461506446,14562508.008358495,12660093.104182815,0.0,13892400.0,0.0,0.0,9292136.720827745,-5.820766091346741e-9 
 07/14  19:00:00,36721657.64227914,21600000.0,1136544.5956399357,13985113.046639202,12070996.018059807,0.0,16200000.0,713035.3902386294,713035.3902386294,711856.0340263288,-5.587935447692871e-9 
 07/14  20:00:00,26009895.477074865,10800000.0,1136544.5956399357,14073350.881434925,12145383.571538541,0.0,5400000.0,562208.2356812349,562208.2356812349,0.0,-4.0745362639427185e-9 
 07/14  21:00:00,5760000.0,5760000.0,0.0,0.0,0.0,0.0,5400000.0,0.0,0.0,0.0,-1.979060471057892e-9 
 07/14  22:00:00,1710000.0,1710000.0,0.0,0.0,0.0,0.0,1350000.0,0.0,0.0,0.0,-5.820766091346741e-9 
 07/14  23:00:00,1710000.0,1710000.0,0.0,0.0,0.0,0.0,1350000.0,0.0,0.0,0.0,-3.4924596548080444e-10 
 07/14  24:00:00,1710000.0,1710000.0,0.0,0.0,0.0,0.0,1350000.0,0.0,0.0,0.0,-1.7462298274040222e-9 
 07/15  01:00:00,1710000.0,1710000.0,0.0,0.0,0.0,0.0,1350000.0,0.0,0.0,0.0,-2.9103830456733704e-9 
 07/15  02:00:00,1710000.0,1710000.0,0.0,0.0,0.0,0.0,1350000.0,0.0,0.0,0.0,-1.3969838619232178e-9 
 07/15  03:00:00,1710000.0,1710000.0,0.0,0.0,0.0,0.0,1350000.0,0.0,0.0,0.0,-5.3551048040390015e-9 
 07/15  04:00:00,1710000.0,1710000.0,0.0,0.0,0.0,0.0,1350000.0,0.0,0.0,0.0,-3.259629011154175e-9 
 07/15  05:00:00,1710000.0,1710000.0,0.0,0.0,0.0,0.0,1350000.0,0.0,0.0,0.0,-1.2223608791828156e-9 
 07/15  06:00:00,1710000.0,1710000.0,0.0,0.0,0.0,0.0,1350000.0,0.0,0.0,0.0,1.7462298274040222e-9 
 07/15  07:00:00,15347132.597732611,1710000.0,1136544.5956399357,12500588.002092674,10760639.747236814,0.0,1350000.0,743505.8617708917,743505.8617708917,5463798.369101001,6.984919309616089e-10 
 07/15  08:00:00,16148437.826902896,1481580.0,1136544.5956399357,13530313.23126296,11770455.07796521,0.0,1121580.0,569829.0532938419,569829.0532938419,27345605.01885982,-8.149072527885437e-10 
 07/15  09:00:00,39389890.459573954,24077160.0,1139124.3466916909,14173606.112882258,12351814.570411623,0.0,16877160.0,296873.0499568144,296873.0499568144,38177418.42149472,-6.752088665962219e-9 
 07/15  10:00:00,48592247.47177735,30577680.0,1215185.858353248,16799381.613424093,14898055.348525139,0.0,14377680.0,0.0,0.0,37221646.11664169,-8.731149137020111e-9 
 07/15  11:00:00,50098668.9994011,30859200.0,1244424.3588785534,17995044.640522547,16067723.576212803,0.0,14659200.0,0.0,0.0,27354531.517049063,-6.752088665962219e-9 
 07/15  12:00:00,46654132.67939842,27140580.0,1232417.5378179646,18281135.14158045,16353814.077270703,0.0,10940580.0,0.0,0.0,24793117.332776897,-2.0954757928848267e-9 
 07/15  13:00:00,45373009.830781996,27596160.0,1182835.9382136548,16594013.89256834,14666692.828258593,0.0,11396160.0,0.0,0.0,23544648.049992695,-3.725290298461914e-9 
 07/15  14:00:00,44679768.616844565,25764480.0,1231592.3259187192,17683696.29092585,15756375.2266161,0.0,9564480.0,0.0,0.0,25177790.73722998,-8.149072527885437e-9 
 07/15  15:00:00,43255437.8433326,25027200.0,1222216.8404147797,17006021.002917822,15078699.938608076,0.0,10627200.0,0.0,0.0,21214262.386263147,-4.6566128730773926e-9 
 07/15  16:00:00,40978644.61540121,23227200.0,1183030.39606749,16568414.21933372,14641093.155023972,0.0,10627200.0,0.0,0.0,18565581.888528034,-2.0954757928848267e-9 
 07/15  17:00:00,36123270.65856957,19627200.0,1138067.0525735305,15358003.605996039,13430682.54168629,0.0,10627200.0,0.0,0.0,17671992.79379972,-4.423782229423523e-9 
 07/15  18:00:00,37235219.515715964,20102400.0,1138097.0746122077,15994722.441103756,14067401.37679401,0.0,11102400.0,0.0,0.0,16400973.627925646,-6.51925802230835e-9 
 07/15  19:00:00,36812016.0334881,20247840.0,1136544.5956399357,15427631.437848164,13500275.65984742,0.0,14847840.0,30477.968605212143,30477.968605212143,5032382.672039201,-6.05359673500061e-9 
 07/15  20:00:00,26568027.57425251,10800000.0,1136544.5956399357,14631482.97861257,12703882.796658793,0.0,5400000.0,245627.2892821915,245627.2892821915,0.0,-6.984919309616089e-9 
 07/15  21:00:00,5760000.0,5760000.0,0.0,0.0,0.0,0.0,5400000.0,0.0,0.0,0.0,-2.0954757928848267e-9 
 07/15  22:00:00,1710000.0,1710000.0,0.0,0.0,0.0,0.0,1350000.0,0.0,0.0,0.0,-2.7939677238464355e-9 
 07/15  23:00:00,1710000.0,1710000.0,0.0,0.0,0.0,0.0,1350000.0,0.0,0.0,0.0,-5.122274160385132e-9 
 07/15  24:00:00,1710000.0,1710000.0,0.0,0.0,0.0,0.0,1350000.0,0.0,0.0,0.0,6.984919309616089e-10 
 07/16  01:00:00,1710000.0,1710000.0,0.0,0.0,0.0,0.0,1350000.0,0.0,0.0,0.0,1.6298145055770874e-9 
 07/16  02:00:00,1710000.0,1710000.0,0.0,0.0,0.0,0.0,1350000.0,0.0,0.0,0.0,-2.9103830456733704e-10 
 07/16  03:00:00,1710000.0,1710000.0,0.0,0.0,0.0,0.0,1350000.0,0.0,0.0,0.0,-9.89530235528946e-10 
 07/16  04:00:00,1710000.0,1710000.0,0.0,0.0,0.0,0.0,1350000.0,0.0,0.0,0.0,3.725290298461914e-9 
 07/16  05:00:00,1710000.0,1710000.0,0.0,0.0,0.0,0.0,1350000.0,0.0,0.0,0.0,5.820766091346741e-11 
 07/16  06:00:00,1710000.0,1710000.0,0.0,0.0,0.0,0.0,1350000.0,0.0,0.0,0.0,-5.820766091346741e-11 
 07/16  07:00:00,16644858.744803052,1710000.0,1136544.5956399357,13798314.149163118,11921753.65144224,0.0,1350000.0,324170.6002430953,324170.6002430953,2987472.8463704465,-1.8044374883174896e-9 
 07/16  08:00:00,16683022.864684876,1549800.0,1136544.5956399357,13996678.26904494,12194011.441383176,0.0,1189800.0,264384.5577403645,264384.5577403645,18960566.494283956,-6.402842700481415e-10 
 07/16  09:00:00,39006227.6626757,23276880.0,1136544.5956399357,14592803.06703576,12764188.828562893,0.0,16076880.0,69198.28173061533,69198.28173061533,33699167.832372665,-1.5133991837501526e-9 
 07/16  10:00:00,47809715.07752907,30126240.0,1181833.977861243,16501641.099667834,14591012.158433441,0.0,13926240.0,0.0,0.0,32598684.32568818,-1.280568540096283e-9 
 07/16  11:00:00,47253485.28790533,27716400.0,1223694.0329265166,18313391.254978813,16386070.190669067,0.0,11516400.0,0.0,0.0,29819086.16852631,-4.6566128730773926e-9 
 07/16  12:00:00,46360340.134677574,26295840.0,1220960.9834285541,18843539.151249032,16916218.086939283,0.0,10095840.0,0.0,0.0,23961575.838364854,-5.122274160385132e-9 
 07/16  13:00:00,45054831.05312141,25413120.0,1189974.4633943106,18451736.5897271,16524415.52541735,0.0,9213120.0,0.0,0.0,24232465.70743788,-5.122274160385132e-9 
 07/16  14:00:00,47304344.50908967,25764480.0,1252759.7269735308,20287104.782116137,18359783.71780639,0.0,9564480.0,0.0,0.0,25692579.88876652,-2.7939677238464355e-9 
 07/16  15:00:00,47443591.70770489,25027200.0,1284252.7019806213,21132139.00572426,19204817.94141451,0.0,10627200.0,0.0,0.0,27455078.7852654,-6.28642737865448e-9 
 07/16  16:00:00,44261486.64623001,23227200.0,1228760.108947182,19805526.53728283,17878205.472973082,0.0,10627200.0,0.0,0.0,18791594.650863387,-5.122274160385132e-9 
 07/16  17:00:00,46510888.689816035,28227600.0,1157459.4205930498,17125829.269222986,15198508.204913238,0.0,19227600.0,0.0,0.0,9704735.764072035,-9.313225746154785e-10 
 07/16  18:00:00,43797054.86046478,26571600.0,1140108.2804555318,16085346.580009252,14158025.515699502,0.0,17571600.0,0.0,0.0,6945568.110648332,-2.561137080192566e-9 
 07/16  19:00:00,38334104.44568628,21600000.0,1136544.5956399357,15597559.850046339,13670238.785736592,0.0,16200000.0,0.0,0.0,1257342.4238166297,-6.05359673500061e-9 
 07/16  20:00:00,27064845.09507569,10800000.0,1136544.5956399357,15128300.499435754,13200979.435126007,0.0,5400000.0,0.0,0.0,0.0,-1.7462298274040222e-9 
 07/16  21:00:00,5760000.0,5760000.0,0.0,0.0,0.0,0.0,5400000.0,0.0,0.0,0.0,-1.1641532182693481e-9 
 07/16  22:00:00,1710000.0,1710000.0,0.0,0.0,0.0,0.0,1350000.0,0.0,0.0,0.0,-1.280568540096283e-9 
 07/16  23:00:00,1710000.0,1710000.0,0.0,0.0,0.0,0.0,1350000.0,0.0,0.0,0.0,-2.2118911147117615e-9 
 07/16  24:00:00,1710000.0,1710000.0,0.0,0.0,0.0,0.0,1350000.0,0.0,0.0,0.0,-1.7462298274040222e-9 
 07/17  01:00:00,1710000.0,1710000.0,0.0,0.0,0.0,0.0,1350000.0,0.0,0.0,0.0,-2.0954757928848267e-9 
 07/17  02:00:00,1710000.0,1710000.0,0.0,0.0,0.0,0.0,1350000.0,0.0,0.0,0.0,6.402842700481415e-10 
 07/17  03:00:00,1710000.0,1710000.0,0.0,0.0,0.0,0.0,1350000.0,0.0,0.0,0.0,-3.6088749766349792e-9 
 07/17  04:00:00,1710000.0,1710000.0,0.0,0.0,0.0,0.0,1350000.0,0.0,0.0,0.0,-2.852175384759903e-9 
 07/17  05:00:00,1710000.0,1710000.0,0.0,0.0,0.0,0.0,1350000.0,0.0,0.0,0.0,-3.841705620288849e-9 
 07/17  06:00:00,1710000.0,1710000.0,0.0,0.0,0.0,0.0,1350000.0,0.0,0.0,0.0,-1.6880221664905548e-9 
 07/17  07:00:00,15910521.076405842,1710000.0,1136544.5956399357,13063976.480765907,11238737.249184128,0.0,1350000.0,726114.4332511419,726114.4332511419,2734154.023415741,-8.731149137020111e-10 
 07/17  08:00:00,16273993.02076345,1549800.0,1136544.5956399357,13587648.425123513,11794071.534142844,0.0,1189800.0,530816.4955711876,530816.4955711876,16812923.05153066,-1.7462298274040222e-10 
 07/17  09:00:00,40869414.63227264,25305120.0,1136544.5956399357,14427750.036632702,12613546.70351063,0.0,18105120.0,131013.90105771284,131013.90105771284,25477015.473135814,-2.561137080192566e-9 
 07/17  10:00:00,49855713.194043465,33170040.0,1146160.787756073,15539512.406287394,13618268.143402927,0.0,16970040.0,0.0,0.0,23954236.536353488,-7.450580596923828e-9 
 07/17  11:00:00,46705657.68745508,27716400.0,1194848.7479530727,17794408.939502012,15867087.875192264,0.0,11516400.0,0.0,0.0,29352680.868799377,-7.916241884231567e-9 
 07/17  12:00:00,47100556.122336246,27140580.0,1216293.6075376202,18743682.514798626,16816361.45048888,0.0,10940580.0,0.0,0.0,26705180.190177362,-7.683411240577698e-9 
 07/17  13:00:00,43926366.399181426,24701760.0,1180373.6243709745,18044232.774810456,16116911.71050071,0.0,8501760.0,0.0,0.0,26073290.859505896,-7.450580596923828e-9 
 07/17  14:00:00,46911983.32029963,25764480.0,1238641.4872026471,19908861.833096992,17981540.768787246,0.0,9564480.0,0.0,0.0,26129971.30497096,-4.6566128730773926e-9 
 07/17  15:00:00,46442226.60196006,25027200.0,1237392.5113753118,20177634.090584755,18250313.02627501,0.0,10627200.0,0.0,0.0,22218064.872477468,-5.122274160385132e-9 
 07/17  16:00:00,43769367.598930344,23227200.0,1203499.2839183984,19338668.31501195,17411347.2507022,0.0,10627200.0,0.0,0.0,20738262.23754789,-1.0011717677116394e-8 
 07/17  17:00:00,39752808.59756652,21880800.0,1140441.4494114525,16731567.148155067,14804246.08384532,0.0,12880800.0,0.0,0.0,12939191.12217255,-3.259629011154175e-9 
 07/17  18:00:00,37771635.730516,21052800.0,1136544.5956399357,15582291.134876069,13654970.07056632,0.0,12052800.0,0.0,0.0,11925362.478388641,-3.259629011154175e-9 
 07/17  19:00:00,37009075.72305625,21066480.0,1136544.5956399357,14806051.127416316,12878668.386658806,0.0,15666480.0,55064.83134789864,55064.83134789864,2994512.41345081,-5.122274160385132e-9 
 07/17  20:00:00,26256543.92027329,10800000.0,1136544.5956399357,14319999.324633352,12392390.285904465,0.0,5400000.0,257693.53531255727,257693.53531255727,0.0,-2.7939677238464355e-9 
 07/17  21:00:00,5760000.0,5760000.0,0.0,0.0,0.0,0.0,5400000.0,0.0,0.0,0.0,-2.0954757928848267e-9 
 07/17  22:00:00,1710000.0,1710000.0,0.0,0.0,0.0,0.0,1350000.0,0.0,0.0,0.0,-3.4924596548080444e-9 
 07/17  23:00:00,1710000.0,1710000.0,0.0,0.0,0.0,0.0,1350000.0,0.0,0.0,0.0,-2.0954757928848267e-9 
 07/17  24:00:00,1710000.0,1710000.0,0.0,0.0,0.0,0.0,1350000.0,0.0,0.0,0.0,-7.2177499532699585e-9 
 07/18  01:00:00,1710000.0,1710000.0,0.0,0.0,0.0,0.0,1350000.0,0.0,0.0,0.0,-1.3969838619232178e-9 
 07/18  02:00:00,1710000.0,1710000.0,0.0,0.0,0.0,0.0,1350000.0,0.0,0.0,0.0,-2.9103830456733704e-10 
 07/18  03:00:00,1710000.0,1710000.0,0.0,0.0,0.0,0.0,1350000.0,0.0,0.0,0.0,-1.9208528101444244e-9 
 07/18  04:00:00,1710000.0,1710000.0,0.0,0.0,0.0,0.0,1350000.0,0.0,0.0,0.0,4.0745362639427185e-10 
 07/18  05:00:00,1710000.0,1710000.0,0.0,0.0,0.0,0.0,1350000.0,0.0,0.0,0.0,-5.296897143125534e-9 
 07/18  06:00:00,1710000.0,1710000.0,0.0,0.0,0.0,0.0,1350000.0,0.0,0.0,0.0,-1.7462298274040222e-9 
 07/18  07:00:00,16163833.69174109,1710000.0,1136544.5956399357,13317289.096101154,11475986.073507188,0.0,1350000.0,762455.1280932247,762455.1280932247,4018542.1931632357,2.9103830456733704e-10 
 07/18  08:00:00,16190227.91047193,1481580.0,1136544.5956399357,13572103.314831994,11798328.460761307,0.0,1121580.0,617057.9687447626,617057.9687447626,20396950.42946095,1.1059455573558807e-9 
 07/18  09:00:00,40046768.417837836,24504840.0,1136544.5956399357,14405383.8221979,12590718.296506204,0.0,17304840.0,187285.73042023974,187285.73042023974,25997347.85643243,-5.005858838558197e-9 
 07/18  10:00:00,48645719.12150811,30577680.0,1173013.8633219108,16895025.2581862,14977030.199533692,0.0,14377680.0,0.0,0.0,33179610.02763543,-5.122274160385132e-9 
 07/18  11:00:00,52090887.22514744,30859200.0,1224251.042765541,20007436.18238191,18080115.118072163,0.0,14659200.0,0.0,0.0,27202814.664268114,-6.28642737865448e-9 
 07/18  12:00:00,49079151.161509946,26295840.0,1231274.9414717846,21552036.220038168,19624715.155728422,0.0,10095840.0,0.0,0.0,24778585.78478644,-7.683411240577698e-9 
 07/18  13:00:00,46769985.41664434,24701760.0,1187657.2818427694,20880568.134801574,18953247.070491824,0.0,8501760.0,0.0,0.0,23135218.294400405,-3.259629011154175e-9 
 07/18  14:00:00,49693842.05309951,25764480.0,1261992.7860024308,22667369.26709708,20740048.202787332,0.0,9564480.0,0.0,0.0,25703573.44851958,-1.3969838619232178e-9 
 07/18  15:00:00,48969106.74329373,25027200.0,1295969.0702925501,22645937.673001178,20718616.60869143,0.0,10627200.0,0.0,0.0,26840135.114537742,-2.561137080192566e-9 
 07/18  16:00:00,44600993.09789829,23227200.0,1242293.8035194539,20131499.294378832,18204178.230069086,0.0,10627200.0,0.0,0.0,21251184.7954915,-6.05359673500061e-9 
 07/18  17:00:00,39496103.99831411,21880800.0,1157125.197708864,16458178.80060525,14530857.736295503,0.0,12880800.0,0.0,0.0,13848570.40898091,-1.6298145055770874e-9 
 07/18  18:00:00,42664285.02873328,26096400.0,1137233.1579028422,15430651.870830445,13503330.806520697,0.0,17096400.0,0.0,0.0,7132369.806488153,-9.313225746154785e-10 
 07/18  19:00:00,38390108.65482853,21600000.0,1136544.5956399357,15653564.059188602,13726242.994878856,0.0,16200000.0,0.0,0.0,1026003.2943762781,-6.984919309616089e-10 
 07/18  20:00:00,28025047.12098822,10800000.0,1136544.5956399357,16088502.525348281,14161181.461038534,0.0,5400000.0,0.0,0.0,0.0,1.1641532182693481e-10 
 07/18  21:00:00,5760000.0,5760000.0,0.0,0.0,0.0,0.0,5400000.0,0.0,0.0,0.0,-4.889443516731262e-9 
 07/18  22:00:00,1710000.0,1710000.0,0.0,0.0,0.0,0.0,1350000.0,0.0,0.0,0.0,-2.3283064365386963e-10 
 07/18  23:00:00,1710000.0,1710000.0,0.0,0.0,0.0,0.0,1350000.0,0.0,0.0,0.0,-4.656612873077393e-10 
 07/18  24:00:00,1710000.0,1710000.0,0.0,0.0,0.0,0.0,1350000.0,0.0,0.0,0.0,-5.587935447692871e-9 
 07/19  01:00:00,4950000.0,4950000.0,0.0,0.0,0.0,0.0,1350000.0,0.0,0.0,0.0,1.0477378964424133e-9 
 07/19  02:00:00,4950000.0,4950000.0,0.0,0.0,0.0,0.0,1350000.0,0.0,0.0,0.0,1.280568540096283e-9 
 07/19  03:00:00,4950000.0,4950000.0,0.0,0.0,0.0,0.0,1350000.0,0.0,0.0,0.0,-3.958120942115784e-9 
 07/19  04:00:00,4950000.0,4950000.0,0.0,0.0,0.0,0.0,1350000.0,0.0,0.0,0.0,-2.9685907065868378e-9 
 07/19  05:00:00,4950000.0,4950000.0,0.0,0.0,0.0,0.0,1350000.0,0.0,0.0,0.0,-5.820766091346741e-11 
 07/19  06:00:00,4950000.0,4950000.0,0.0,0.0,0.0,0.0,1350000.0,0.0,0.0,0.0,1.280568540096283e-9 
 07/19  07:00:00,4950000.0,4950000.0,0.0,0.0,0.0,0.0,1350000.0,0.0,0.0,4918297.012635616,-2.735760062932968e-9 
 07/19  08:00:00,4721580.0,4721580.0,0.0,0.0,0.0,0.0,1121580.0,0.0,0.0,23382970.12142796,-3.841705620288849e-9 
 07/19  09:00:00,4516920.0,4516920.0,0.0,0.0,0.0,0.0,916920.0,0.0,0.0,28180852.31228398,1.0477378964424133e-9 
 07/19  10:00:00,4356720.0,4356720.0,0.0,0.0,0.0,0.0,756720.0,0.0,0.0,35533741.18475036,2.3283064365386963e-10 
 07/19  11:00:00,4220280.0,4220280.0,0.0,0.0,0.0,0.0,620280.0,0.0,0.0,30127002.390127182,-1.5133991837501526e-9 
 07/19  12:00:00,4131360.0,4131360.0,0.0,0.0,0.0,0.0,531360.0,0.0,0.0,24088094.254423723,-3.841705620288849e-9 
 07/19  13:00:00,4131360.0,4131360.0,0.0,0.0,0.0,0.0,531360.0,0.0,0.0,25087215.846115753,-9.546056389808655e-9 
 07/19  14:00:00,4131360.0,4131360.0,0.0,0.0,0.0,0.0,531360.0,0.0,0.0,23998652.112095337,-5.820766091346741e-9 
 07/19  15:00:00,4175820.0,4175820.0,0.0,0.0,0.0,0.0,575820.0,0.0,0.0,18791870.5757954,-6.984919309616089e-9 
 07/19  16:00:00,4131360.0,4131360.0,0.0,0.0,0.0,0.0,531360.0,0.0,0.0,16992247.488994695,-6.752088665962219e-9 
 07/19  17:00:00,4424940.0,4424940.0,0.0,0.0,0.0,0.0,824940.0,0.0,0.0,11635498.942912659,-5.587935447692871e-9 
 07/19  18:00:00,4523040.0,4523040.0,0.0,0.0,0.0,0.0,923040.0,0.0,0.0,6323338.903062242,-5.3551048040390015e-9 
 07/19  19:00:00,4950000.0,4950000.0,0.0,0.0,0.0,0.0,1350000.0,0.0,0.0,698970.9749710216,-4.423782229423523e-9 
 07/19  20:00:00,4950000.0,4950000.0,0.0,0.0,0.0,0.0,1350000.0,0.0,0.0,0.0,-1.280568540096283e-9 
 07/19  21:00:00,4950000.0,4950000.0,0.0,0.0,0.0,0.0,1350000.0,0.0,0.0,0.0,-2.0954757928848267e-9 
 07/19  22:00:00,4950000.0,4950000.0,0.0,0.0,0.0,0.0,1350000.0,0.0,0.0,0.0,-1.1641532182693481e-9 
 07/19  23:00:00,4950000.0,4950000.0,0.0,0.0,0.0,0.0,1350000.0,0.0,0.0,0.0,-2.6775524020195007e-9 
 07/19  24:00:00,4950000.0,4950000.0,0.0,0.0,0.0,0.0,1350000.0,0.0,0.0,0.0,-5.122274160385132e-9 
 07/20  01:00:00,4950000.0,4950000.0,0.0,0.0,0.0,0.0,1350000.0,0.0,0.0,0.0,-1.3969838619232178e-9 
 07/20  02:00:00,4950000.0,4950000.0,0.0,0.0,0.0,0.0,1350000.0,0.0,0.0,0.0,-5.122274160385132e-9 
 07/20  03:00:00,4950000.0,4950000.0,0.0,0.0,0.0,0.0,1350000.0,0.0,0.0,0.0,-2.444721758365631e-9 
 07/20  04:00:00,4950000.0,4950000.0,0.0,0.0,0.0,0.0,1350000.0,0.0,0.0,0.0,-2.0954757928848267e-9 
 07/20  05:00:00,4950000.0,4950000.0,0.0,0.0,0.0,0.0,1350000.0,0.0,0.0,0.0,-1.979060471057892e-9 
 07/20  06:00:00,4950000.0,4950000.0,0.0,0.0,0.0,0.0,1350000.0,0.0,0.0,0.0,-1.8044374883174896e-9 
 07/20  07:00:00,4950000.0,4950000.0,0.0,0.0,0.0,0.0,1350000.0,0.0,0.0,2664834.2841804,-1.862645149230957e-9 
 07/20  08:00:00,4789800.0,4789800.0,0.0,0.0,0.0,0.0,1189800.0,0.0,0.0,16606247.559681706,4.307366907596588e-9 
 07/20  09:00:00,4516920.0,4516920.0,0.0,0.0,0.0,0.0,916920.0,0.0,0.0,29204729.10498881,6.984919309616089e-10 
 07/20  10:00:00,4356720.0,4356720.0,0.0,0.0,0.0,0.0,756720.0,0.0,0.0,35360967.09337145,-1.3969838619232178e-9 
 07/20  11:00:00,4175820.0,4175820.0,0.0,0.0,0.0,0.0,575820.0,0.0,0.0,29903001.231354166,-5.238689482212067e-9 
 07/20  12:00:00,4175820.0,4175820.0,0.0,0.0,0.0,0.0,575820.0,0.0,0.0,23742509.152976487,-3.14321368932724e-9 
 07/20  13:00:00,4175820.0,4175820.0,0.0,0.0,0.0,0.0,575820.0,0.0,0.0,25342599.80971472,-5.3551048040390015e-9 
 07/20  14:00:00,4131360.0,4131360.0,0.0,0.0,0.0,0.0,531360.0,0.0,0.0,26986375.012826815,-8.381903171539307e-9 
 07/20  15:00:00,4131360.0,4131360.0,0.0,0.0,0.0,0.0,531360.0,0.0,0.0,22833859.261523347,-6.05359673500061e-9 
 07/20  16:00:00,4516920.0,4516920.0,0.0,0.0,0.0,0.0,916920.0,0.0,0.0,10588934.091926172,-4.423782229423523e-9 
 07/20  17:00:00,4950000.0,4950000.0,0.0,0.0,0.0,0.0,1350000.0,0.0,0.0,1998939.09532951,-4.423782229423523e-9 
 07/20  18:00:00,4950000.0,4950000.0,0.0,0.0,0.0,0.0,1350000.0,0.0,0.0,1837142.7781859757,-2.0954757928848267e-9 
 07/20  19:00:00,4950000.0,4950000.0,0.0,0.0,0.0,0.0,1350000.0,0.0,0.0,145651.15647463893,-3.4924596548080444e-9 
 07/20  20:00:00,4950000.0,4950000.0,0.0,0.0,0.0,0.0,1350000.0,0.0,0.0,0.0,-1.862645149230957e-9 
 07/20  21:00:00,4950000.0,4950000.0,0.0,0.0,0.0,0.0,1350000.0,0.0,0.0,0.0,-2.9103830456733704e-9 
 07/20  22:00:00,4950000.0,4950000.0,0.0,0.0,0.0,0.0,1350000.0,0.0,0.0,0.0,-8.149072527885437e-10 
 07/20  23:00:00,4950000.0,4950000.0,0.0,0.0,0.0,0.0,1350000.0,0.0,0.0,0.0,-5.820766091346741e-10 
 07/20  24:00:00,4950000.0,4950000.0,0.0,0.0,0.0,0.0,1350000.0,0.0,0.0,0.0,-2.6775524020195007e-9 
 07/21  01:00:00,1710000.0,1710000.0,0.0,0.0,0.0,0.0,1350000.0,0.0,0.0,0.0,-1.979060471057892e-9 
 07/21  02:00:00,1710000.0,1710000.0,0.0,0.0,0.0,0.0,1350000.0,0.0,0.0,0.0,2.3283064365386963e-10 
 07/21  03:00:00,1710000.0,1710000.0,0.0,0.0,0.0,0.0,1350000.0,0.0,0.0,0.0,-3.841705620288849e-9 
 07/21  04:00:00,1710000.0,1710000.0,0.0,0.0,0.0,0.0,1350000.0,0.0,0.0,0.0,-2.2118911147117615e-9 
 07/21  05:00:00,1710000.0,1710000.0,0.0,0.0,0.0,0.0,1350000.0,0.0,0.0,0.0,-2.153683453798294e-9 
 07/21  06:00:00,1710000.0,1710000.0,0.0,0.0,0.0,0.0,1350000.0,0.0,0.0,0.0,2.0954757928848267e-9 
 07/21  07:00:00,17047941.574576214,1710000.0,1136544.5956399357,14201396.978936281,12317823.075054253,0.0,1350000.0,375093.0804137671,375093.0804137671,1909227.4549290577,-3.3760443329811096e-9 
 07/21  08:00:00,17218327.8495119,1573560.0,1136544.5956399357,14508223.253871964,12690224.645966701,0.0,1213560.0,154648.85719643676,154648.85719643676,13650163.78657177,4.0745362639427185e-10 
 07/21  09:00:00,38672984.55046274,22476600.0,1136544.5956399357,15059839.954822795,13218033.756380294,0.0,15276600.0,0.0,0.0,28792088.67711334,2.0954757928848267e-9 
 07/21  10:00:00,50375831.322599426,32325300.0,1155538.28530633,16894993.03729309,14968180.930645144,0.0,16125300.0,0.0,0.0,25506585.36890077,-3.4924596548080444e-9 
 07/21  11:00:00,49742321.8236086,28605600.0,1218052.3364941261,19918669.487114474,17991348.42280473,0.0,12405600.0,0.0,0.0,29156801.679713152,-4.423782229423523e-9 
 07/21  12:00:00,48845532.65398123,26295840.0,1219355.5001834664,21330337.153797768,19403016.089488022,0.0,10095840.0,0.0,0.0,23196207.020479754,-7.683411240577698e-9 
 07/21  13:00:00,46074761.23847644,24701760.0,1178068.6152988137,20194932.623177625,18267611.55886788,0.0,8501760.0,0.0,0.0,21943734.282623135,-3.259629011154175e-9 
 07/21  14:00:00,49240987.718138084,25764480.0,1264097.2543273834,22212410.463810697,20285089.39950095,0.0,9564480.0,0.0,0.0,26538150.114793733,-3.026798367500305e-9 
 07/21  15:00:00,47443277.650760755,25027200.0,1274520.1131041455,21141557.537656613,19214236.473346863,0.0,10627200.0,0.0,0.0,23089632.785051756,-6.984919309616089e-10 
 07/21  16:00:00,44041695.37447289,24116400.0,1211649.6431493475,18713645.731323533,16786324.667013787,0.0,11516400.0,0.0,0.0,16077733.347633528,-2.3283064365386963e-9 
 07/21  17:00:00,41649026.652788185,24609600.0,1147539.4419654557,15891887.210822733,13964566.146512985,0.0,15609600.0,0.0,0.0,11577271.31331132,-6.05359673500061e-9 
 07/21  18:00:00,42816416.29306585,26096400.0,1136544.5956399357,15583471.69742592,13656150.633116173,0.0,17096400.0,0.0,0.0,6743676.356236266,-5.587935447692871e-9 
 07/21  19:00:00,38530782.86274983,21600000.0,1136544.5956399357,15794238.2671099,13866917.202800153,0.0,16200000.0,0.0,0.0,879958.3540461613,-2.7939677238464355e-9 
 07/21  20:00:00,28359958.661106735,10800000.0,1136544.5956399357,16423414.065466795,14496093.00115705,0.0,5400000.0,0.0,0.0,0.0,-3.026798367500305e-9 
 07/21  21:00:00,5760000.0,5760000.0,0.0,0.0,0.0,0.0,5400000.0,0.0,0.0,0.0,-7.101334631443024e-9 
 07/21  22:00:00,1710000.0,1710000.0,0.0,0.0,0.0,0.0,1350000.0,0.0,0.0,0.0,-2.6775524020195007e-9 
 07/21  23:00:00,1710000.0,1710000.0,0.0,0.0,0.0,0.0,1350000.0,0.0,0.0,0.0,-2.3283064365386963e-10 
 07/21  24:00:00,1710000.0,1710000.0,0.0,0.0,0.0,0.0,1350000.0,0.0,0.0,0.0,-1.6298145055770874e-9 
 07/22  01:00:00,1710000.0,1710000.0,0.0,0.0,0.0,0.0,1350000.0,0.0,0.0,0.0,-9.313225746154785e-10 
 07/22  02:00:00,1710000.0,1710000.0,0.0,0.0,0.0,0.0,1350000.0,0.0,0.0,0.0,-1.7462298274040222e-9 
 07/22  03:00:00,1710000.0,1710000.0,0.0,0.0,0.0,0.0,1350000.0,0.0,0.0,0.0,-2.3283064365386963e-10 
 07/22  04:00:00,1710000.0,1710000.0,0.0,0.0,0.0,0.0,1350000.0,0.0,0.0,0.0,-2.270098775625229e-9 
 07/22  05:00:00,1710000.0,1710000.0,0.0,0.0,0.0,0.0,1350000.0,0.0,0.0,0.0,-2.3283064365386963e-9 
 07/22  06:00:00,1710000.0,1710000.0,0.0,0.0,0.0,0.0,1350000.0,0.0,0.0,0.0,-3.4924596548080444e-10 
 07/22  07:00:00,16918344.5625467,1710000.0,1136544.5956399357,14071799.966906767,12191975.247780224,0.0,1350000.0,402939.79889628896,402939.79889628896,2581714.0611373708,5.820766091346741e-11 
 07/22  08:00:00,17164842.15955951,1549800.0,1136544.5956399357,14478497.563919572,12664690.918430835,0.0,1189800.0,124444.0294868166,124444.0294868166,16677027.529445983,-5.820766091346741e-10 
 07/22  09:00:00,38847539.603196986,22476600.0,1136544.5956399357,15234395.007557044,13389087.549096195,0.0,15276600.0,0.0,0.0,30925079.395989683,-8.149072527885437e-10 
 07/22  10:00:00,48747574.73588696,30126240.0,1180888.5052170258,17440446.230669938,15514134.895464238,0.0,13926240.0,0.0,0.0,32389464.032999333,-3.6088749766349792e-9 
 07/22  11:00:00,51006134.569421865,29970000.0,1228608.117599275,19807526.451822594,17880205.387512844,0.0,13770000.0,0.0,0.0,26511031.697097093,-4.190951585769653e-9 
 07/22  12:00:00,48306231.26708581,26295840.0,1228233.247232277,20782158.01985354,18854836.95554379,0.0,10095840.0,0.0,0.0,23294077.9007069,-4.889443516731262e-9 
 07/22  13:00:00,46655259.094146386,24701760.0,1203259.6333077452,20750239.46083864,18822918.396528892,0.0,8501760.0,0.0,0.0,26004322.20419278,-1.0011717677116394e-8 
 07/22  14:00:00,50555531.383365855,25764480.0,1292057.0678684432,23498994.315497417,21571673.251187667,0.0,9564480.0,0.0,0.0,27121064.245265283,-5.3551048040390015e-9 
 07/22  15:00:00,50310503.922507465,25027200.0,1317994.7841342734,23965309.138373204,22037988.07406345,0.0,10627200.0,0.0,0.0,26804531.092253007,-2.0954757928848267e-9 
 07/22  16:00:00,47261250.879740775,23227200.0,1277630.5427921645,22756420.33694862,20829099.272638872,0.0,10627200.0,0.0,0.0,25676639.30074937,-2.0954757928848267e-9 
 07/22  17:00:00,43220562.609782115,22770000.0,1184769.668751527,19265792.94103059,17338471.876720846,0.0,13770000.0,0.0,0.0,13689329.228139838,-5.587935447692871e-9 
 07/22  18:00:00,41889141.893133074,23367600.0,1149622.6675376566,17371919.22559542,15444598.16128567,0.0,14367600.0,0.0,0.0,7893239.319533961,-3.4924596548080444e-9 
 07/22  19:00:00,39125897.813169375,21600000.0,1136544.5956399357,16389353.217529444,14462032.153219696,0.0,16200000.0,0.0,0.0,1010016.9077615718,4.656612873077393e-10 
 07/22  20:00:00,27927092.61533086,10800000.0,1136544.5956399357,15990548.019690925,14063226.955381177,0.0,5400000.0,0.0,0.0,0.0,-6.28642737865448e-9 
 07/22  21:00:00,5760000.0,5760000.0,0.0,0.0,0.0,0.0,5400000.0,0.0,0.0,0.0,-1.7462298274040222e-9 
 07/22  22:00:00,1710000.0,1710000.0,0.0,0.0,0.0,0.0,1350000.0,0.0,0.0,0.0,-2.444721758365631e-9 
 07/22  23:00:00,1710000.0,1710000.0,0.0,0.0,0.0,0.0,1350000.0,0.0,0.0,0.0,-1.0477378964424133e-9 
 07/22  24:00:00,1710000.0,1710000.0,0.0,0.0,0.0,0.0,1350000.0,0.0,0.0,0.0,-2.3283064365386963e-10 
 07/23  01:00:00,1710000.0,1710000.0,0.0,0.0,0.0,0.0,1350000.0,0.0,0.0,0.0,-2.2118911147117615e-9 
 07/23  02:00:00,1710000.0,1710000.0,0.0,0.0,0.0,0.0,1350000.0,0.0,0.0,0.0,-1.979060471057892e-9 
 07/23  03:00:00,1710000.0,1710000.0,0.0,0.0,0.0,0.0,1350000.0,0.0,0.0,0.0,-3.4924596548080444e-10 
 07/23  04:00:00,1710000.0,1710000.0,0.0,0.0,0.0,0.0,1350000.0,0.0,0.0,0.0,-6.577465683221817e-9 
 07/23  05:00:00,1710000.0,1710000.0,0.0,0.0,0.0,0.0,1350000.0,0.0,0.0,0.0,-2.0372681319713593e-9 
 07/23  06:00:00,1710000.0,1710000.0,0.0,0.0,0.0,0.0,1350000.0,0.0,0.0,0.0,-1.3387762010097504e-9 
 07/23  07:00:00,17345829.318899427,1710000.0,1136544.5956399357,14499284.72325949,12606762.099973172,0.0,1350000.0,158805.34285912671,158805.34285912671,5213471.927327524,-1.979060471057892e-9 
 07/23  08:00:00,17537985.641947284,1481580.0,1136544.5956399357,14919861.046307351,13100423.902582172,0.0,1121580.0,0.0,0.0,26345699.686620273,-2.852175384759903e-9 
 07/23  09:00:00,40405296.023926094,23276880.0,1140503.7487929189,15987912.275133178,14113831.47436095,0.0,16076880.0,0.0,0.0,37466534.203256354,-3.026798367500305e-9 
 07/23  10:00:00,50491344.2870814,30577680.0,1222459.476966587,18691204.810114816,16770993.815898515,0.0,14377680.0,0.0,0.0,35643642.63490749,-6.05359673500061e-9 
 07/23  11:00:00,49639571.20971375,27716400.0,1259435.1654369193,20663736.044276834,18736414.979967088,0.0,11516400.0,0.0,0.0,28885985.12554655,-5.3551048040390015e-9 
 07/23  12:00:00,51965187.81535475,29281500.0,1266161.8363305372,21417525.979024217,19490204.91471447,0.0,13081500.0,0.0,0.0,24160192.026796095,-5.3551048040390015e-9 
 07/23  13:00:00,45553957.21099915,24701760.0,1188099.1903275999,19664098.020671558,17736776.95636181,0.0,8501760.0,0.0,0.0,21167002.94086802,-2.7939677238464355e-9 
 07/23  14:00:00,48712306.13688381,25764480.0,1251181.9477588204,21696644.189124987,19769323.124815237,0.0,9564480.0,0.0,0.0,24137560.074033946,-3.259629011154175e-9 
 07/23  15:00:00,49337043.709925145,25027200.0,1290847.292131559,23018996.417793587,21091675.35348384,0.0,10627200.0,0.0,0.0,27744579.24970423,-2.0954757928848267e-9 
 07/23  16:00:00,46546823.786641516,23227200.0,1280226.4422741379,22039397.344367377,20112076.28005763,0.0,10627200.0,0.0,0.0,28202121.107828487,-7.450580596923828e-9 
 07/23  17:00:00,40093677.65747914,19627200.0,1210609.0398307787,19255868.617648356,17328547.55333861,0.0,10627200.0,0.0,0.0,22762315.913650133,-2.7939677238464355e-9 
 07/23  18:00:00,39085845.60727638,21052800.0,1163777.5392461228,16869268.068030253,14941947.003720507,0.0,12052800.0,0.0,0.0,11661862.165248122,0.0 
 07/23  19:00:00,38084419.49536759,21066480.0,1136544.5956399357,15881394.899727652,13954073.835417904,0.0,15666480.0,0.0,0.0,1307181.1700041802,-4.889443516731262e-9 
 07/23  20:00:00,28041046.81699922,10800000.0,1136544.5956399357,16104502.221359283,14177181.157049535,0.0,5400000.0,0.0,0.0,0.0,-1.7462298274040222e-9 
 07/23  21:00:00,5760000.0,5760000.0,0.0,0.0,0.0,0.0,5400000.0,0.0,0.0,0.0,1.280568540096283e-9 
 07/23  22:00:00,1710000.0,1710000.0,0.0,0.0,0.0,0.0,1350000.0,0.0,0.0,0.0,-2.0954757928848267e-9 
 07/23  23:00:00,1710000.0,1710000.0,0.0,0.0,0.0,0.0,1350000.0,0.0,0.0,0.0,-2.2118911147117615e-9 
 07/23  24:00:00,1710000.0,1710000.0,0.0,0.0,0.0,0.0,1350000.0,0.0,0.0,0.0,-1.5133991837501526e-9 
 07/24  01:00:00,1710000.0,1710000.0,0.0,0.0,0.0,0.0,1350000.0,0.0,0.0,0.0,-4.889443516731262e-9 
 07/24  02:00:00,1710000.0,1710000.0,0.0,0.0,0.0,0.0,1350000.0,0.0,0.0,0.0,-2.6775524020195007e-9 
 07/24  03:00:00,1710000.0,1710000.0,0.0,0.0,0.0,0.0,1350000.0,0.0,0.0,0.0,-1.280568540096283e-9 
 07/24  04:00:00,1710000.0,1710000.0,0.0,0.0,0.0,0.0,1350000.0,0.0,0.0,0.0,-8.731149137020111e-10 
 07/24  05:00:00,1710000.0,1710000.0,0.0,0.0,0.0,0.0,1350000.0,0.0,0.0,0.0,1.2223608791828156e-9 
 07/24  06:00:00,1710000.0,1710000.0,0.0,0.0,0.0,0.0,1350000.0,0.0,0.0,0.0,-1.9208528101444244e-9 
 07/24  07:00:00,16638509.096790338,1710000.0,1136544.5956399357,13791964.501150403,11913433.522633953,0.0,1350000.0,560384.9291141313,560384.9291141313,3363616.005087453,1.280568540096283e-9 
 07/24  08:00:00,17036874.95050701,1505340.0,1136544.5956399357,14394990.354867077,12581210.856320944,0.0,1145340.0,159326.34137077705,159326.34137077705,18555640.41763537,-1.979060471057892e-9 
 07/24  09:00:00,39184496.16634767,22476600.0,1136544.5956399357,15571351.570707738,13716214.272376569,0.0,15276600.0,0.0,0.0,31220186.33865193,-4.0745362639427185e-9 
 07/24  10:00:00,50254456.604875386,30577680.0,1192394.222332391,18484382.382542998,16557285.578057323,0.0,14377680.0,0.0,0.0,35338489.42753083,-5.587935447692871e-9 
 07/24  11:00:00,51446407.31816955,29080800.0,1243757.9545890056,21121849.363580544,19194528.299270794,0.0,12880800.0,0.0,0.0,29630988.623886872,-6.984919309616089e-9 
 07/24  12:00:00,49565400.74656754,26295840.0,1244212.0303335753,22025348.71623396,20098027.651924215,0.0,10095840.0,0.0,0.0,24433912.651368536,-3.958120942115784e-9 
 07/24  13:00:00,46875430.75644544,24701760.0,1202447.328428121,20971223.428017326,19043902.363707576,0.0,8501760.0,0.0,0.0,25444254.123790715,-1.1641532182693481e-9 
 07/24  14:00:00,49467934.31624597,25764480.0,1271863.0268925524,22431591.289353423,20504270.22504367,0.0,9564480.0,0.0,0.0,26360251.30651352,-2.7939677238464355e-9 
 07/24  15:00:00,48753762.771387674,25027200.0,1290816.159506447,22435746.611881226,20508425.54757148,0.0,10627200.0,0.0,0.0,26188128.84908693,-9.080395102500916e-9 
 07/24  16:00:00,45875393.82036759,23227200.0,1249798.9188030136,21398394.901564576,19471073.83725483,0.0,10627200.0,0.0,0.0,22668128.937340003,-5.3551048040390015e-9 
 07/24  17:00:00,40524342.24815821,20516400.0,1169744.5024238126,18838197.745734397,16910876.681424648,0.0,11516400.0,0.0,0.0,15126996.370734312,-2.0954757928848267e-9 
 07/24  18:00:00,42800123.21301487,23842800.0,1142690.2847750434,17814632.928239834,15887311.863930084,0.0,14842800.0,0.0,0.0,8110781.339498738,-4.423782229423523e-9 
 07/24  19:00:00,39760583.613286324,21600000.0,1136544.5956399357,17024039.01764639,15096717.953336643,0.0,16200000.0,0.0,0.0,657950.0002327516,-3.958120942115784e-9 
 07/24  20:00:00,28222051.232196704,10800000.0,1136544.5956399357,16285506.636556767,14358185.57224702,0.0,5400000.0,0.0,0.0,0.0,-1.862645149230957e-9 
 07/24  21:00:00,5760000.0,5760000.0,0.0,0.0,0.0,0.0,5400000.0,0.0,0.0,0.0,-6.752088665962219e-9 
 07/24  22:00:00,1710000.0,1710000.0,0.0,0.0,0.0,0.0,1350000.0,0.0,0.0,0.0,-3.259629011154175e-9 
 07/24  23:00:00,1710000.0,1710000.0,0.0,0.0,0.0,0.0,1350000.0,0.0,0.0,0.0,-4.0745362639427185e-9 
 07/24  24:00:00,1710000.0,1710000.0,0.0,0.0,0.0,0.0,1350000.0,0.0,0.0,0.0,-1.862645149230957e-9 
 07/25  01:00:00,1710000.0,1710000.0,0.0,0.0,0.0,0.0,1350000.0,0.0,0.0,0.0,1.1641532182693481e-9 
 07/25  02:00:00,1710000.0,1710000.0,0.0,0.0,0.0,0.0,1350000.0,0.0,0.0,0.0,-1.5133991837501526e-9 
 07/25  03:00:00,1710000.0,1710000.0,0.0,0.0,0.0,0.0,1350000.0,0.0,0.0,0.0,-4.3655745685100555e-9 
 07/25  04:00:00,1710000.0,1710000.0,0.0,0.0,0.0,0.0,1350000.0,0.0,0.0,0.0,-2.3865140974521637e-9 
 07/25  05:00:00,1710000.0,1710000.0,0.0,0.0,0.0,0.0,1350000.0,0.0,0.0,0.0,3.4924596548080444e-10 
 07/25  06:00:00,1710000.0,1710000.0,0.0,0.0,0.0,0.0,1350000.0,0.0,0.0,0.0,2.9103830456733704e-9 
 07/25  07:00:00,16978787.131920166,1710000.0,1136544.5956399357,14132242.53628023,12246646.430195525,0.0,1350000.0,334167.43206227414,334167.43206227414,3487854.105682062,-1.7462298274040222e-10 
 07/25  08:00:00,17613775.186761603,1505340.0,1136544.5956399357,14971890.591121666,13149232.168380773,0.0,1145340.0,15837.646384294221,15837.646384294221,20800044.552811142,4.016328603029251e-9 
 07/25  09:00:00,40822410.27329971,23276880.0,1136544.595639936,16408985.677659778,14530439.416013505,0.0,16076880.0,0.0,0.0,35549784.594605014,-5.9371814131736755e-9 
 07/25  10:00:00,51909561.34307543,31480560.0,1184679.421478244,19244321.92159719,17317000.85728744,0.0,15280560.0,0.0,0.0,28327351.515433412,-6.28642737865448e-9 
 07/25  11:00:00,55541334.60602265,32284800.0,1240154.7821577503,22016379.8238649,20089058.759555146,0.0,16084800.0,0.0,0.0,25874614.119379517,-7.2177499532699585e-9 
 07/25  12:00:00,54310896.070535004,30126240.0,1260160.2192748003,22924495.851260208,20997174.786950458,0.0,13926240.0,0.0,0.0,26341721.83652388,-4.889443516731262e-9 
 07/25  13:00:00,46480426.00237863,24701760.0,1198521.6086516746,20580144.39372695,18652823.3294172,0.0,8501760.0,0.0,0.0,25434576.01566972,-7.2177499532699585e-9 
 07/25  14:00:00,48615179.80210647,25764480.0,1274333.6332349945,21576366.168871477,19649045.10456173,0.0,9564480.0,0.0,0.0,26661776.551524237,-3.725290298461914e-9 
 07/25  15:00:00,47639449.959371984,25027200.0,1302782.3160367515,21309467.643335246,19382146.579025496,0.0,10627200.0,0.0,0.0,27471855.890378952,-5.587935447692871e-9 
 07/25  16:00:00,45229387.925915435,23227200.0,1277511.460229061,20724676.46568637,18797355.40137662,0.0,10627200.0,0.0,0.0,25504022.123818647,-6.51925802230835e-9 
 07/25  17:00:00,39416020.55501658,19627200.0,1193356.3093697326,18595464.24564685,16668143.181337096,0.0,10627200.0,0.0,0.0,17294161.570485845,-2.3283064365386963e-9 
 07/25  18:00:00,41705123.35574086,22892400.0,1153731.5363059014,17658991.81943496,15731670.755125213,0.0,13892400.0,0.0,0.0,9234051.363302022,9.313225746154785e-10 
 07/25  19:00:00,39860390.32351485,21600000.0,1136544.5956399357,17123845.727874916,15196524.66356517,0.0,16200000.0,0.0,0.0,1303891.750739132,-5.3551048040390015e-9 
 07/25  20:00:00,29014123.657978438,10800000.0,1136544.5956399357,17077579.0623385,15150257.998028755,0.0,5400000.0,0.0,0.0,0.0,-2.7939677238464355e-9 
 07/25  21:00:00,5760000.0,5760000.0,0.0,0.0,0.0,0.0,5400000.0,0.0,0.0,0.0,-3.4924596548080444e-10 
 07/25  22:00:00,1710000.0,1710000.0,0.0,0.0,0.0,0.0,1350000.0,0.0,0.0,0.0,-2.6775524020195007e-9 
 07/25  23:00:00,1710000.0,1710000.0,0.0,0.0,0.0,0.0,1350000.0,0.0,0.0,0.0,2.2118911147117615e-9 
 07/25  24:00:00,1710000.0,1710000.0,0.0,0.0,0.0,0.0,1350000.0,0.0,0.0,0.0,2.3283064365386963e-9 
 07/26  01:00:00,4950000.0,4950000.0,0.0,0.0,0.0,0.0,1350000.0,0.0,0.0,0.0,0.0 
 07/26  02:00:00,4950000.0,4950000.0,0.0,0.0,0.0,0.0,1350000.0,0.0,0.0,0.0,-3.3760443329811096e-9 
 07/26  03:00:00,4950000.0,4950000.0,0.0,0.0,0.0,0.0,1350000.0,0.0,0.0,0.0,-2.561137080192566e-9 
 07/26  04:00:00,4950000.0,4950000.0,0.0,0.0,0.0,0.0,1350000.0,0.0,0.0,0.0,-1.1641532182693481e-10 
 07/26  05:00:00,4950000.0,4950000.0,0.0,0.0,0.0,0.0,1350000.0,0.0,0.0,0.0,3.14321368932724e-9 
 07/26  06:00:00,4950000.0,4950000.0,0.0,0.0,0.0,0.0,1350000.0,0.0,0.0,0.0,3.026798367500305e-9 
 07/26  07:00:00,4950000.0,4950000.0,0.0,0.0,0.0,0.0,1350000.0,0.0,0.0,875023.7141918156,-4.3655745685100555e-9 
 07/26  08:00:00,4926240.0,4926240.0,0.0,0.0,0.0,0.0,1326240.0,0.0,0.0,6921653.394058049,-1.4551915228366852e-9 
 07/26  09:00:00,4585140.0,4585140.0,0.0,0.0,0.0,0.0,985140.0,0.0,0.0,21053814.54207182,-2.3283064365386963e-9 
 07/26  10:00:00,4356720.0,4356720.0,0.0,0.0,0.0,0.0,756720.0,0.0,0.0,34853554.50331912,-1.0477378964424133e-9 
 07/26  11:00:00,4131360.0,4131360.0,0.0,0.0,0.0,0.0,531360.0,0.0,0.0,28870910.074063122,-2.3283064365386963e-9 
 07/26  12:00:00,4131360.0,4131360.0,0.0,0.0,0.0,0.0,531360.0,0.0,0.0,22665606.660674058,-1.862645149230957e-9 
 07/26  13:00:00,4131360.0,4131360.0,0.0,0.0,0.0,0.0,531360.0,0.0,0.0,21900694.933408175,-1.6298145055770874e-9 
 07/26  14:00:00,4131360.0,4131360.0,0.0,0.0,0.0,0.0,531360.0,0.0,0.0,27538412.956445873,-3.4924596548080444e-9 
 07/26  15:00:00,4131360.0,4131360.0,0.0,0.0,0.0,0.0,531360.0,0.0,0.0,28509709.480776496,-6.28642737865448e-9 
 07/26  16:00:00,4131360.0,4131360.0,0.0,0.0,0.0,0.0,531360.0,0.0,0.0,25387803.428516313,-3.026798367500305e-9 
 07/26  17:00:00,4131360.0,4131360.0,0.0,0.0,0.0,0.0,531360.0,0.0,0.0,22587727.002020877,-9.080395102500916e-9 
 07/26  18:00:00,4155120.0,4155120.0,0.0,0.0,0.0,0.0,555120.0,0.0,0.0,15796482.156704953,-2.3283064365386963e-10 
 07/26  19:00:00,4881780.0,4881780.0,0.0,0.0,0.0,0.0,1281780.0,0.0,0.0,4045900.455712226,-4.889443516731262e-9 
 07/26  20:00:00,4950000.0,4950000.0,0.0,0.0,0.0,0.0,1350000.0,0.0,0.0,0.0,-4.423782229423523e-9 
 07/26  21:00:00,4950000.0,4950000.0,0.0,0.0,0.0,0.0,1350000.0,0.0,0.0,0.0,-6.984919309616089e-10 
 07/26  22:00:00,4950000.0,4950000.0,0.0,0.0,0.0,0.0,1350000.0,0.0,0.0,0.0,-1.862645149230957e-9 
 07/26  23:00:00,4950000.0,4950000.0,0.0,0.0,0.0,0.0,1350000.0,0.0,0.0,0.0,-1.3969838619232178e-9 
 07/26  24:00:00,4950000.0,4950000.0,0.0,0.0,0.0,0.0,1350000.0,0.0,0.0,0.0,-3.3760443329811096e-9 
 07/27  01:00:00,4950000.0,4950000.0,0.0,0.0,0.0,0.0,1350000.0,0.0,0.0,0.0,1.1641532182693481e-10 
 07/27  02:00:00,4950000.0,4950000.0,0.0,0.0,0.0,0.0,1350000.0,0.0,0.0,0.0,-3.14321368932724e-9 
 07/27  03:00:00,4950000.0,4950000.0,0.0,0.0,0.0,0.0,1350000.0,0.0,0.0,0.0,-1.7462298274040222e-9 
 07/27  04:00:00,4950000.0,4950000.0,0.0,0.0,0.0,0.0,1350000.0,0.0,0.0,0.0,-2.7939677238464355e-9 
 07/27  05:00:00,4950000.0,4950000.0,0.0,0.0,0.0,0.0,1350000.0,0.0,0.0,0.0,9.313225746154785e-10 
 07/27  06:00:00,4950000.0,4950000.0,0.0,0.0,0.0,0.0,1350000.0,0.0,0.0,0.0,1.7462298274040222e-9 
 07/27  07:00:00,4950000.0,4950000.0,0.0,0.0,0.0,0.0,1350000.0,0.0,0.0,2122793.9090608517,1.280568540096283e-9 
 07/27  08:00:00,4813560.0,4813560.0,0.0,0.0,0.0,0.0,1213560.0,0.0,0.0,15165147.268836686,-1.979060471057892e-9 
 07/27  09:00:00,4448700.0,4448700.0,0.0,0.0,0.0,0.0,848700.0,0.0,0.0,33176807.1953934,-2.444721758365631e-9 
 07/27  10:00:00,4356720.0,4356720.0,0.0,0.0,0.0,0.0,756720.0,0.0,0.0,34933000.88845981,-5.9371814131736755e-9 
 07/27  11:00:00,4264740.0,4264740.0,0.0,0.0,0.0,0.0,664740.0,0.0,0.0,28039065.14696627,-4.540197551250458e-9 
 07/27  12:00:00,4131360.0,4131360.0,0.0,0.0,0.0,0.0,531360.0,0.0,0.0,22605293.051244076,-1.0477378964424133e-8 
 07/27  13:00:00,4131360.0,4131360.0,0.0,0.0,0.0,0.0,531360.0,0.0,0.0,21095533.056368344,-3.725290298461914e-9 
 07/27  14:00:00,4131360.0,4131360.0,0.0,0.0,0.0,0.0,531360.0,0.0,0.0,24257089.025301345,-5.3551048040390015e-9 
 07/27  15:00:00,4131360.0,4131360.0,0.0,0.0,0.0,0.0,531360.0,0.0,0.0,25887205.357813172,-2.561137080192566e-9 
 07/27  16:00:00,4131360.0,4131360.0,0.0,0.0,0.0,0.0,531360.0,0.0,0.0,23184566.105389502,-6.05359673500061e-9 
 07/27  17:00:00,4131360.0,4131360.0,0.0,0.0,0.0,0.0,531360.0,0.0,0.0,17893238.56370517,-3.259629011154175e-9 
 07/27  18:00:00,4410360.0,4410360.0,0.0,0.0,0.0,0.0,810360.0,0.0,0.0,7665583.456152673,9.313225746154785e-10 
 07/27  19:00:00,4950000.0,4950000.0,0.0,0.0,0.0,0.0,1350000.0,0.0,0.0,1283660.4505666872,-5.3551048040390015e-9 
 07/27  20:00:00,4950000.0,4950000.0,0.0,0.0,0.0,0.0,1350000.0,0.0,0.0,0.0,-3.026798367500305e-9 
 07/27  21:00:00,4950000.0,4950000.0,0.0,0.0,0.0,0.0,1350000.0,0.0,0.0,0.0,-4.656612873077393e-10 
 07/27  22:00:00,4950000.0,4950000.0,0.0,0.0,0.0,0.0,1350000.0,0.0,0.0,0.0,-2.6775524020195007e-9 
 07/27  23:00:00,4950000.0,4950000.0,0.0,0.0,0.0,0.0,1350000.0,0.0,0.0,0.0,8.149072527885437e-10 
 07/27  24:00:00,4950000.0,4950000.0,0.0,0.0,0.0,0.0,1350000.0,0.0,0.0,0.0,-2.9103830456733704e-9 
 07/28  01:00:00,1710000.0,1710000.0,0.0,0.0,0.0,0.0,1350000.0,0.0,0.0,0.0,-3.026798367500305e-9 
 07/28  02:00:00,1710000.0,1710000.0,0.0,0.0,0.0,0.0,1350000.0,0.0,0.0,0.0,-1.862645149230957e-9 
 07/28  03:00:00,1710000.0,1710000.0,0.0,0.0,0.0,0.0,1350000.0,0.0,0.0,0.0,6.402842700481415e-10 
 07/28  04:00:00,1710000.0,1710000.0,0.0,0.0,0.0,0.0,1350000.0,0.0,0.0,0.0,1.5133991837501526e-9 
 07/28  05:00:00,1710000.0,1710000.0,0.0,0.0,0.0,0.0,1350000.0,0.0,0.0,0.0,-2.5029294192790985e-9 
 07/28  06:00:00,1710000.0,1710000.0,0.0,0.0,0.0,0.0,1350000.0,0.0,0.0,0.0,-2.153683453798294e-9 
 07/28  07:00:00,17446073.34284041,1710000.0,1136544.5956399357,14599528.747200478,12706735.422718618,0.0,1350000.0,107694.47469249384,107694.47469249384,4040689.3181397635,1.2223608791828156e-9 
 07/28  08:00:00,18010966.121086292,1481580.0,1136544.5956399357,15392841.525446357,13557981.295777597,0.0,1121580.0,0.0,0.0,22016697.23716589,3.4924596548080444e-10 
 07/28  09:00:00,41132421.127106875,23276880.0,1136544.5956399357,16718996.531466937,14834666.847759835,0.0,16076880.0,0.0,0.0,27335615.446724646,-3.259629011154175e-9 
 07/28  10:00:00,50632172.066863544,31029120.0,1165176.6219190212,18437875.444944523,16510554.380634777,0.0,14829120.0,0.0,0.0,26697756.547647607,-3.3760443329811096e-9 
 07/28  11:00:00,49830064.046841055,27716400.0,1216796.2163293643,20896867.830511697,18969546.76620195,0.0,11516400.0,0.0,0.0,28948456.89669338,-7.2177499532699585e-9 
 07/28  12:00:00,51705565.62676954,28436760.0,1232999.5347025592,22035806.09206699,20108485.027757242,0.0,12236760.0,0.0,0.0,24434036.635943633,-4.190951585769653e-9 
 07/28  13:00:00,46759387.8947836,24701760.0,1172712.0864084347,20884915.808375165,18957594.74406542,0.0,8501760.0,0.0,0.0,21684761.224287197,-3.4924596548080444e-9 
 07/28  14:00:00,50261643.30261515,25764480.0,1243409.1879974655,23253754.114617687,21326433.050307937,0.0,9564480.0,0.0,0.0,25949864.296915643,-3.958120942115784e-9 
 07/28  15:00:00,49946488.55158556,25027200.0,1263764.0042191418,23655524.547366425,21728203.48305668,0.0,10627200.0,0.0,0.0,25742855.030913264,-6.752088665962219e-9 
 07/28  16:00:00,45597220.67613335,23227200.0,1205606.1042344817,21164414.57189887,19237093.507589124,0.0,10627200.0,0.0,0.0,16811250.780046813,-2.3283064365386963e-9 
 07/28  17:00:00,42938334.7587596,24134400.0,1146029.5105166237,17657905.24824298,15730584.183933234,0.0,15134400.0,0.0,0.0,12709481.776307777,-4.6566128730773926e-9 
 07/28  18:00:00,40093179.11532356,23367600.0,1136544.5956399357,15589034.51968363,13661713.455373881,0.0,14367600.0,0.0,0.0,8413609.999670897,-4.423782229423523e-9 
 07/28  19:00:00,37118003.59129423,21600000.0,1136544.5956399357,14381458.995654289,12453928.944248743,0.0,16200000.0,190927.4535462549,190927.4535462549,1147195.712683308,-3.725290298461914e-9 
 07/28  20:00:00,25771430.462868936,10800000.0,1136544.5956399357,13834885.867228996,11907144.200514223,0.0,5400000.0,384917.6543046105,384917.6543046105,0.0,-5.005858838558197e-9 
 07/28  21:00:00,5760000.0,5760000.0,0.0,0.0,0.0,0.0,5400000.0,0.0,0.0,0.0,-5.587935447692871e-9 
 07/28  22:00:00,1710000.0,1710000.0,0.0,0.0,0.0,0.0,1350000.0,0.0,0.0,0.0,-4.423782229423523e-9 
 07/28  23:00:00,1710000.0,1710000.0,0.0,0.0,0.0,0.0,1350000.0,0.0,0.0,0.0,3.259629011154175e-9 
 07/28  24:00:00,1710000.0,1710000.0,0.0,0.0,0.0,0.0,1350000.0,0.0,0.0,0.0,-1.6298145055770874e-9 
 07/29  01:00:00,1710000.0,1710000.0,0.0,0.0,0.0,0.0,1350000.0,0.0,0.0,0.0,-4.889443516731262e-9 
 07/29  02:00:00,1710000.0,1710000.0,0.0,0.0,0.0,0.0,1350000.0,0.0,0.0,0.0,-2.270098775625229e-9 
 07/29  03:00:00,1710000.0,1710000.0,0.0,0.0,0.0,0.0,1350000.0,0.0,0.0,0.0,3.4924596548080444e-10 
 07/29  04:00:00,1710000.0,1710000.0,0.0,0.0,0.0,0.0,1350000.0,0.0,0.0,0.0,-2.561137080192566e-9 
 07/29  05:00:00,1710000.0,1710000.0,0.0,0.0,0.0,0.0,1350000.0,0.0,0.0,0.0,-2.561137080192566e-9 
 07/29  06:00:00,1710000.0,1710000.0,0.0,0.0,0.0,0.0,1350000.0,0.0,0.0,0.0,7.566995918750763e-10 
 07/29  07:00:00,17078357.135451023,1710000.0,1136544.5956399357,14231812.53981109,12357205.946540583,0.0,1350000.0,29062.7701425718,29062.7701425718,3203395.3241751185,-1.7462298274040222e-9 
 07/29  08:00:00,17379087.039661817,1549800.0,1136544.5956399357,14692742.444021884,12880174.379306648,0.0,1189800.0,0.0,0.0,18253052.32951619,-1.6880221664905548e-9 
 07/29  09:00:00,39383051.94372863,22476600.0,1136544.5956399357,15769907.348088695,13916659.923157047,0.0,15276600.0,0.0,0.0,30994739.584601454,-5.9371814131736755e-9 
 07/29  10:00:00,49528284.90525803,30577680.0,1169450.4658591794,17781154.439398855,15853833.375089109,0.0,14377680.0,0.0,0.0,30360546.969068266,-1.5133991837501526e-9 
 07/29  11:00:00,48634343.20898176,26827200.0,1212064.104206343,20595079.10477542,18667758.04046567,0.0,10627200.0,0.0,0.0,28854955.08992965,-5.820766091346741e-9 
 07/29  12:00:00,50527055.37027718,27140580.0,1214727.3729164684,22171747.997360714,20244426.933050968,0.0,10940580.0,0.0,0.0,22389278.79651205,-1.6298145055770874e-9 
 07/29  13:00:00,47911035.297637254,24701760.0,1175506.785020885,22033768.512616377,20106447.448306628,0.0,8501760.0,0.0,0.0,21450356.003702976,-1.3969838619232178e-9 
 07/29  14:00:00,51917468.665445924,25764480.0,1242761.0317991087,24910227.633646816,22982906.56933707,0.0,9564480.0,0.0,0.0,23828238.17236924,-4.190951585769653e-9 
 07/29  15:00:00,52606094.678167626,25027200.0,1277237.6790584044,26301656.99910923,24374335.93479948,0.0,10627200.0,0.0,0.0,24243565.121239386,-3.958120942115784e-9 
 07/29  16:00:00,49712013.28012909,23227200.0,1259444.8810929104,25225368.399036184,23298047.33472643,0.0,10627200.0,0.0,0.0,24594902.96492757,-4.6566128730773926e-9 
 07/29  17:00:00,42519580.98444413,19627200.0,1185917.2963347537,21706463.688109376,19779142.62379963,0.0,10627200.0,0.0,0.0,18299898.244499553,-5.820766091346741e-9 
 07/29  18:00:00,51720584.26241381,31017600.0,1157256.0712324653,19545728.191181347,17618407.126871597,0.0,22017600.0,0.0,0.0,5447226.04668598,-5.587935447692871e-9 
 07/29  19:00:00,40677814.76637949,21600000.0,1136544.5956399357,17941270.170739558,16013949.10642981,0.0,16200000.0,0.0,0.0,1351559.0341781653,-2.7939677238464355e-9 
 07/29  20:00:00,29287848.854200628,10800000.0,1136544.5956399357,17351304.25856069,15423983.194250943,0.0,5400000.0,0.0,0.0,0.0,-1.979060471057892e-9 
 07/29  21:00:00,5760000.0,5760000.0,0.0,0.0,0.0,0.0,5400000.0,0.0,0.0,0.0,2.0954757928848267e-9 
 07/29  22:00:00,1710000.0,1710000.0,0.0,0.0,0.0,0.0,1350000.0,0.0,0.0,0.0,0.0 
 07/29  23:00:00,1710000.0,1710000.0,0.0,0.0,0.0,0.0,1350000.0,0.0,0.0,0.0,-2.6775524020195007e-9 
 07/29  24:00:00,1710000.0,1710000.0,0.0,0.0,0.0,0.0,1350000.0,0.0,0.0,0.0,-3.725290298461914e-9 
 07/30  01:00:00,1710000.0,1710000.0,0.0,0.0,0.0,0.0,1350000.0,0.0,0.0,0.0,-3.14321368932724e-9 
 07/30  02:00:00,1710000.0,1710000.0,0.0,0.0,0.0,0.0,1350000.0,0.0,0.0,0.0,-1.1641532182693481e-10 
 07/30  03:00:00,1710000.0,1710000.0,0.0,0.0,0.0,0.0,1350000.0,0.0,0.0,0.0,-1.280568540096283e-9 
 07/30  04:00:00,1710000.0,1710000.0,0.0,0.0,0.0,0.0,1350000.0,0.0,0.0,0.0,-3.259629011154175e-9 
 07/30  05:00:00,1710000.0,1710000.0,0.0,0.0,0.0,0.0,1350000.0,0.0,0.0,0.0,-2.9103830456733704e-10 
 07/30  06:00:00,1710000.0,1710000.0,0.0,0.0,0.0,0.0,1350000.0,0.0,0.0,0.0,-4.307366907596588e-9 
 07/30  07:00:00,17157109.171663713,1710000.0,1136544.5956399357,14310564.576023778,12437981.714560017,0.0,1350000.0,176584.10935112715,176584.10935112715,5134577.023120543,2.0372681319713593e-9 
 07/30  08:00:00,18298504.927505925,1481580.0,1136544.5956399357,15680380.33186599,13863840.349704206,0.0,1121580.0,0.0,0.0,25028992.504160717,-1.2223608791828156e-9 
 07/30  09:00:00,40741055.727622576,22476600.0,1136544.5956399357,17127911.131982636,15248002.195999708,0.0,15276600.0,0.0,0.0,32223287.745988376,-4.190951585769653e-9 
 07/30  10:00:00,51653877.41101456,30126240.0,1199824.523785908,20327812.887228653,18400491.822918907,0.0,13926240.0,0.0,0.0,32787868.51107602,-6.402842700481415e-9 
 07/30  11:00:00,51784266.68627328,27716400.0,1249092.1992180562,22818774.48705522,20891453.42274547,0.0,11516400.0,0.0,0.0,29263441.398408495,-5.820766091346741e-9 
 07/30  12:00:00,52129043.293770984,26295840.0,1254332.2657795218,24578871.027991466,22651549.963681713,0.0,10095840.0,0.0,0.0,24058556.350017935,-4.6566128730773926e-9 
 07/30  13:00:00,49106206.25120264,24701760.0,1198592.3171813362,23205853.93402131,21278532.869711563,0.0,8501760.0,0.0,0.0,22575041.883236382,-9.080395102500916e-9 
 07/30  14:00:00,52384177.202995956,25764480.0,1283796.3884905602,25335900.814505406,23408579.75019566,0.0,9564480.0,0.0,0.0,27090435.551296853,-4.889443516731262e-9 
 07/30  15:00:00,50811439.529251054,25027200.0,1299860.1271570728,24484379.40209398,22557058.337784234,0.0,10627200.0,0.0,0.0,25406707.355459254,-4.423782229423523e-9 
 07/30  16:00:00,46745984.52998103,24116400.0,1231036.6425872925,21398547.88739374,19471226.82308399,0.0,11516400.0,0.0,0.0,17970894.93905026,-6.752088665962219e-9 
 07/30  17:00:00,48924903.65627028,30067200.0,1153693.711561038,17704009.944709245,15776688.8803995,0.0,21067200.0,0.0,0.0,7701059.948262281,-3.259629011154175e-9 
 07/30  18:00:00,43367988.8566872,25207200.0,1137989.9557034944,17022798.900983706,15095477.83667396,0.0,16207200.0,0.0,0.0,7093479.152345713,-6.51925802230835e-9 
 07/30  19:00:00,39604547.05150628,21600000.0,1136544.5956399357,16868002.455866344,14940681.391556598,0.0,16200000.0,0.0,0.0,1344142.1152731343,-5.3551048040390015e-9 
 07/30  20:00:00,29042119.961865027,10800000.0,1136544.5956399357,17105575.366225086,15178254.301915336,0.0,5400000.0,0.0,0.0,0.0,-8.96397978067398e-9 
 07/30  21:00:00,5760000.0,5760000.0,0.0,0.0,0.0,0.0,5400000.0,0.0,0.0,0.0,-3.958120942115784e-9 
 07/30  22:00:00,1710000.0,1710000.0,0.0,0.0,0.0,0.0,1350000.0,0.0,0.0,0.0,-1.1641532182693481e-9 
 07/30  23:00:00,1710000.0,1710000.0,0.0,0.0,0.0,0.0,1350000.0,0.0,0.0,0.0,-2.7939677238464355e-9 
 07/30  24:00:00,1710000.0,1710000.0,0.0,0.0,0.0,0.0,1350000.0,0.0,0.0,0.0,-8.149072527885437e-10 
 07/31  01:00:00,1710000.0,1710000.0,0.0,0.0,0.0,0.0,1350000.0,0.0,0.0,0.0,2.3283064365386963e-10 
 07/31  02:00:00,1710000.0,1710000.0,0.0,0.0,0.0,0.0,1350000.0,0.0,0.0,0.0,-1.862645149230957e-9 
 07/31  03:00:00,1710000.0,1710000.0,0.0,0.0,0.0,0.0,1350000.0,0.0,0.0,0.0,-8.149072527885437e-10 
 07/31  04:00:00,1710000.0,1710000.0,0.0,0.0,0.0,0.0,1350000.0,0.0,0.0,0.0,-1.1641532182693481e-9 
 07/31  05:00:00,1710000.0,1710000.0,0.0,0.0,0.0,0.0,1350000.0,0.0,0.0,0.0,2.9103830456733704e-10 
 07/31  06:00:00,1710000.0,1710000.0,0.0,0.0,0.0,0.0,1350000.0,0.0,0.0,0.0,-8.731149137020111e-10 
 07/31  07:00:00,18659850.2486313,1710000.0,1136544.5956399357,15813305.652991366,13911512.65419107,0.0,1350000.0,0.0,0.0,1609922.5314105684,-1.6880221664905548e-9 
 07/31  08:00:00,19825231.561245035,1573560.0,1136544.5956399357,17115126.9656051,15263620.539466484,0.0,1213560.0,0.0,0.0,12751622.703259686,3.026798367500305e-9 
 07/31  09:00:00,42205583.86558007,22476600.0,1136544.5956399357,18592439.26994013,16706980.407255575,0.0,15276600.0,0.0,0.0,31234672.273328796,-3.259629011154175e-9 
 07/31  10:00:00,52607728.54965181,30577680.0,1192921.9326155533,20837126.61703626,18909805.55272651,0.0,14377680.0,0.0,0.0,34713323.56421776,0.0 
 07/31  11:00:00,51191513.92240126,26827200.0,1252622.4554075946,23111691.466993667,21184370.40268392,0.0,10627200.0,0.0,0.0,29178524.96353043,-2.0954757928848267e-9 
 07/31  12:00:00,53969396.983602524,28888200.0,1273742.194366627,23807454.7892359,21880133.724926155,0.0,12688200.0,0.0,0.0,25392226.76280293,-1.862645149230957e-9 
 07/31  13:00:00,51964670.79119542,28687680.0,1204926.8045185958,22072063.98667682,20144742.922367074,0.0,12487680.0,0.0,0.0,21745994.01190382,-4.423782229423523e-9 
 07/31  14:00:00,50477121.92955032,25764480.0,1254097.3596030816,23458544.569947228,21531223.50563748,0.0,9564480.0,0.0,0.0,24189923.843412604,-3.259629011154175e-9 
 07/31  15:00:00,50393535.18058458,25027200.0,1258404.4700841936,24107930.710500386,22180609.646190636,0.0,10627200.0,0.0,0.0,24062926.919182334,-3.958120942115784e-9 
 07/31  16:00:00,47377898.40627545,23227200.0,1216297.972957766,22934400.43331769,21007079.36900794,0.0,10627200.0,0.0,0.0,21213787.62489383,-4.6566128730773926e-9 
 07/31  17:00:00,41084362.89848188,19627200.0,1156177.9035449466,20300984.994936936,18373663.930627186,0.0,10627200.0,0.0,0.0,18357935.320600506,-3.725290298461914e-9 
 07/31  18:00:00,41408892.34991073,22003200.0,1137243.88607582,18268448.46383491,16341127.399525162,0.0,13003200.0,0.0,0.0,9847064.393339831,-4.656612873077393e-10 
 07/31  19:00:00,39904942.147183314,21600000.0,1136544.5956399357,17168397.551543385,15241076.487233637,0.0,16200000.0,0.0,0.0,928425.1330065401,-2.3283064365386963e-9 
 07/31  20:00:00,28389420.09684717,10800000.0,1136544.5956399357,16452875.501207232,14525554.436897485,0.0,5400000.0,0.0,0.0,0.0,-3.026798367500305e-9 
 07/31  21:00:00,5760000.0,5760000.0,0.0,0.0,0.0,0.0,5400000.0,0.0,0.0,0.0,-5.9371814131736755e-9 
 07/31  22:00:00,1710000.0,1710000.0,0.0,0.0,0.0,0.0,1350000.0,0.0,0.0,0.0,2.6775524020195007e-9 
 07/31  23:00:00,1710000.0,1710000.0,0.0,0.0,0.0,0.0,1350000.0,0.0,0.0,0.0,-2.3283064365386963e-9 
 07/31  24:00:00,1710000.0,1710000.0,0.0,0.0,0.0,0.0,1350000.0,0.0,0.0,0.0,1.0477378964424133e-9 
