Date/Time,Electricity:Facility [J](Hourly),Electricity:Building [J](Hourly),Electricity:HVAC [J](Hourly),Electricity:Plant [J](Hourly),Cooling:Electricity [J](Hourly),Heating:Electricity [J](Hourly),InteriorLights:Electricity [J](Hourly),NaturalGas:Facility [J](Hourly),NaturalGas:Plant [J](Hourly),TOTAL BUILDING INSIDE FACE SOLAR RADIATION HEAT GAIN ENERGY [J](Hourly),TOTAL BUILDING INSIDE FACE NET SURFACE THERMAL RADIATION HEAT GAIN ENERGY [J](Hourly) 
 01/01  01:00:00,2846544.5956399357,1710000.0,1136544.5956399357,0.0,0.0,0.0,1350000.0,0.0,0.0,0.0,-6.402842700481415e-10 
 01/01  02:00:00,2846544.5956399357,1710000.0,1136544.5956399357,0.0,0.0,0.0,1350000.0,0.0,0.0,0.0,-2.7939677238464355e-9 
 01/01  03:00:00,2846544.5956399357,1710000.0,1136544.5956399357,0.0,0.0,0.0,1350000.0,0.0,0.0,0.0,-6.402842700481415e-10 
 01/01  04:00:00,2846544.5956399357,1710000.0,1136544.5956399357,0.0,0.0,0.0,1350000.0,0.0,0.0,0.0,2.3283064365386963e-10 
 01/01  05:00:00,2846544.5956399357,1710000.0,1136544.5956399357,0.0,0.0,0.0,1350000.0,0.0,0.0,0.0,5.529727786779404e-9 
 01/01  06:00:00,2846544.5956399357,1710000.0,1136544.5956399357,0.0,0.0,0.0,1350000.0,0.0,0.0,0.0,-8.731149137020111e-11 
 01/01  07:00:00,13505778.024002302,1710000.0,1136544.5956399357,10659233.428362366,9464212.806572035,0.0,1350000.0,4985421.138058782,4985421.138058782,0.0,-9.89530235528946e-10 
 01/01  08:00:00,14075703.277284253,1710000.0,1136544.5956399357,11229158.681644319,9980049.161001572,0.0,1350000.0,4956271.512559706,4956271.512559706,1285900.8836988434,-4.3655745685100555e-10 
 01/01  09:00:00,42766623.820701845,29416680.0,1136544.5956399357,12213399.225061905,10846625.785756685,0.0,22216680.0,4821826.871926045,4821826.871926045,6940997.8258881755,-1.862645149230957e-9 
 01/01  10:00:00,49808131.855868265,35762400.0,1136544.5956399357,12909187.260228334,11509455.277768612,0.0,19562400.0,4470831.517111008,4470831.517111008,10712775.628159016,-3.6088749766349792e-9 
 01/01  11:00:00,44859461.84918432,30384000.0,1141708.8752863621,13333752.97389796,11925457.36804944,0.0,14184000.0,3941087.0600743475,3941087.0600743475,17521361.43223917,-3.4924596548080444e-9 
 01/01  12:00:00,41740122.99502567,27140580.0,1156791.020844812,13442751.974180862,12002996.669222265,0.0,10940580.0,2852675.80283961,2852675.80283961,19561041.61445111,-7.916241884231567e-9 
 01/01  13:00:00,39162551.146676205,24701760.0,1154865.0289936382,13305926.117682567,11834034.651564663,0.0,8501760.0,3175889.1472546635,3175889.1472546635,20194083.513535425,-3.4924596548080444e-9 
 01/01  14:00:00,39752740.182873614,25764480.0,1179219.0374575169,12809041.145416096,11351082.003851235,0.0,9564480.0,1324572.213119283,1324572.213119283,16595597.149741745,-3.259629011154175e-9 
 01/01  15:00:00,38757194.070900925,25027200.0,1213446.4659246919,12516547.604976237,11096555.095237106,0.0,10627200.0,0.0,0.0,17104578.473458078,-6.984919309616089e-9 
 01/01  16:00:00,38867775.17784383,25894800.0,1179699.1968231925,11793275.98102064,10387448.502069715,0.0,13294800.0,1181993.166229596,1181993.166229596,13498668.382655807,-5.3551048040390015e-9 
 01/01  17:00:00,39430619.16263599,26740800.0,1140311.5775500587,11549507.585085932,10125035.430338092,0.0,17740800.0,5249540.468059668,5249540.468059668,9253428.183130987,-6.05359673500061e-9 
 01/01  18:00:00,48308758.72658022,36000000.0,1143629.6111386046,11165129.115441611,9770294.225733388,0.0,27000000.0,4508480.701319461,4508480.701319461,917752.4543559623,-3.4924596548080444e-9 
 01/01  19:00:00,33705498.68032305,21600000.0,1136544.5956399357,10968954.084683117,9603562.760985332,0.0,16200000.0,5322943.141007005,5322943.141007005,0.0,-4.656612873077393e-10 
 01/01  20:00:00,22596100.016314715,10800000.0,1136544.5956399357,10659555.420674779,9395490.134913366,0.0,5400000.0,5182282.310349829,5182282.310349829,0.0,-1.5133991837501526e-9 
 01/01  21:00:00,6896544.595639936,5760000.0,1136544.5956399357,0.0,0.0,0.0,5400000.0,0.0,0.0,0.0,-5.820766091346741e-10 
 01/01  22:00:00,2846544.5956399357,1710000.0,1136544.5956399357,0.0,0.0,0.0,1350000.0,0.0,0.0,0.0,2.7939677238464355e-9 
 01/01  23:00:00,2846544.5956399357,1710000.0,1136544.5956399357,0.0,0.0,0.0,1350000.0,0.0,0.0,0.0,-6.402842700481415e-10 
 01/01  24:00:00,2846544.5956399357,1710000.0,1136544.5956399357,0.0,0.0,0.0,1350000.0,0.0,0.0,0.0,-4.307366907596588e-9 
 01/02  01:00:00,2846544.5956399357,1710000.0,1136544.5956399357,0.0,0.0,0.0,1350000.0,0.0,0.0,0.0,-1.5133991837501526e-9 
 01/02  02:00:00,2846544.5956399357,1710000.0,1136544.5956399357,0.0,0.0,0.0,1350000.0,0.0,0.0,0.0,2.270098775625229e-9 
 01/02  03:00:00,2846544.5956399357,1710000.0,1136544.5956399357,0.0,0.0,0.0,1350000.0,0.0,0.0,0.0,-8.149072527885437e-10 
 01/02  04:00:00,2846544.5956399357,1710000.0,1136544.5956399357,0.0,0.0,0.0,1350000.0,0.0,0.0,0.0,-3.2014213502407074e-9 
 01/02  05:00:00,2846544.5956399357,1710000.0,1136544.5956399357,0.0,0.0,0.0,1350000.0,0.0,0.0,0.0,1.1641532182693481e-10 
 01/02  06:00:00,2846544.5956399357,1710000.0,1136544.5956399357,0.0,0.0,0.0,1350000.0,0.0,0.0,0.0,-1.280568540096283e-9 
 01/02  07:00:00,12296966.292857163,1710000.0,1136544.5956399357,9450421.697217226,8385618.001347639,0.0,1350000.0,5021488.946256377,5021488.946256377,120302.78100591252,2.3283064365386963e-10 
 01/02  08:00:00,13326696.832401171,1686240.0,1136544.5956399357,10503912.236761235,9339470.29844691,0.0,1326240.0,3041280.6153503237,3041280.6153503237,3134690.785862457,-4.94765117764473e-10 
 01/02  09:00:00,37876782.72429617,24932520.0,1136544.5956399357,11807718.128656235,10481916.960482854,0.0,17732520.0,5999075.536044992,5999075.536044992,15014402.2661013,-2.0954757928848267e-9 
 01/02  10:00:00,43806791.81280403,30126240.0,1160679.0585265972,12519872.754277436,11128186.38629879,0.0,13926240.0,3720107.279201382,3720107.279201382,22993479.751993783,-6.402842700481415e-9 
 01/02  11:00:00,40472675.182021044,26827200.0,1182606.80493628,12462868.377084766,11082640.123331321,0.0,10627200.0,2009157.1367232937,2009157.1367232937,22540737.27255569,-2.0954757928848267e-9 
 01/02  12:00:00,39208911.3634206,26295840.0,1199188.8638039576,11713882.499616638,10423311.663861811,0.0,10095840.0,641557.1536706953,641557.1536706953,23030796.836672224,-4.889443516731262e-9 
 01/02  13:00:00,36803620.9881334,24701760.0,1179995.6026193132,10921865.385514088,9710276.91724588,0.0,8501760.0,1549353.002352465,1549353.002352465,20443586.31270275,-5.820766091346741e-9 
 01/02  14:00:00,39847081.45418659,28165320.0,1219740.3599610664,10462021.094225511,9316666.387178835,0.0,11965320.0,92093.68083980617,92093.68083980617,14599842.867598038,-4.889443516731262e-9 
 01/02  15:00:00,38313088.21825489,26805600.0,1225155.5385370916,10282332.679717792,9153535.002676051,0.0,12405600.0,0.0,0.0,13082320.416186294,-4.190951585769653e-9 
 01/02  16:00:00,34563551.09657365,23227200.0,1208926.8542278386,10127424.24234581,8964557.14894851,0.0,10627200.0,0.0,0.0,18967001.86479556,-3.259629011154175e-9 
 01/02  17:00:00,31717874.610694252,20516400.0,1156281.5148691775,10045193.095825076,8828737.61625561,0.0,11516400.0,3444359.2143639047,3444359.2143639047,17432724.38889192,-4.423782229423523e-9 
 01/02  18:00:00,44484906.86713074,33210000.0,1176804.9989423412,10098101.8681884,8866383.32657765,0.0,24210000.0,1404041.99347609,1404041.99347609,10130322.104522584,-5.587935447692871e-9 
 01/02  19:00:00,32823160.918667343,21600000.0,1136544.5956399357,10086616.323027402,8827621.442918824,0.0,16200000.0,5749502.598727776,5749502.598727776,0.0,-2.561137080192566e-9 
 01/02  20:00:00,21596564.124714084,10800000.0,1136544.5956399357,9660019.52907415,8514623.905745061,0.0,5400000.0,5352625.840102879,5352625.840102879,0.0,-2.2118911147117615e-9 
 01/02  21:00:00,6896544.595639936,5760000.0,1136544.5956399357,0.0,0.0,0.0,5400000.0,0.0,0.0,0.0,-2.2118911147117615e-9 
 01/02  22:00:00,2846544.5956399357,1710000.0,1136544.5956399357,0.0,0.0,0.0,1350000.0,0.0,0.0,0.0,-3.841705620288849e-9 
 01/02  23:00:00,2846544.5956399357,1710000.0,1136544.5956399357,0.0,0.0,0.0,1350000.0,0.0,0.0,0.0,-1.979060471057892e-9 
 01/02  24:00:00,2846544.5956399357,1710000.0,1136544.5956399357,0.0,0.0,0.0,1350000.0,0.0,0.0,0.0,-1.6298145055770874e-9 
 01/03  01:00:00,2846544.5956399357,1710000.0,1136544.5956399357,0.0,0.0,0.0,1350000.0,0.0,0.0,0.0,-1.4551915228366852e-9 
 01/03  02:00:00,2846544.5956399357,1710000.0,1136544.5956399357,0.0,0.0,0.0,1350000.0,0.0,0.0,0.0,1.280568540096283e-9 
 01/03  03:00:00,2846544.5956399357,1710000.0,1136544.5956399357,0.0,0.0,0.0,1350000.0,0.0,0.0,0.0,-1.1641532182693481e-10 
 01/03  04:00:00,2846544.5956399357,1710000.0,1136544.5956399357,0.0,0.0,0.0,1350000.0,0.0,0.0,0.0,7.566995918750763e-10 
 01/03  05:00:00,2846544.5956399357,1710000.0,1136544.5956399357,0.0,0.0,0.0,1350000.0,0.0,0.0,0.0,-1.6880221664905548e-9 
 01/03  06:00:00,2846544.5956399357,1710000.0,1136544.5956399357,0.0,0.0,0.0,1350000.0,0.0,0.0,0.0,-7.8580342233181e-10 
 01/03  07:00:00,12841648.986080391,1710000.0,1136544.5956399357,9995104.390440457,8890675.57802241,0.0,1350000.0,5087606.220894375,5087606.220894375,50347.617590523354,2.0372681319713593e-10 
 01/03  08:00:00,13823286.299340462,1710000.0,1136544.5956399357,10976741.703700528,9762439.838273376,0.0,1350000.0,2414593.203418912,2414593.203418912,2345935.9210642753,5.238689482212067e-10 
 01/03  09:00:00,38863786.39421222,25732800.0,1136544.5956399357,11994441.798572283,10654733.91134406,0.0,18532800.0,6489611.194472148,6489611.194472148,13098447.23353313,-4.6566128730773926e-9 
 01/03  10:00:00,43598948.77998136,30126240.0,1156487.5363778933,12316221.243603475,10945464.545517977,0.0,13926240.0,4190843.4950419706,4190843.4950419706,23049997.5148838,-6.984919309616089e-10 
 01/03  11:00:00,40154682.04159595,26827200.0,1187145.380862908,12140336.660733037,10800321.371214654,0.0,10627200.0,1776719.4861511479,1776719.4861511479,24427143.46166271,-3.958120942115784e-9 
 01/03  12:00:00,38884785.28413299,26295840.0,1197892.7216169727,11391052.562516011,10132072.420625383,0.0,10095840.0,735923.2638065296,735923.2638065296,22735536.06647984,-2.3283064365386963e-10 
 01/03  13:00:00,36672737.936792694,24701760.0,1176030.5235617864,10794947.41323091,9568103.649240639,0.0,8501760.0,1946163.5175516428,1946163.5175516428,21066023.642110653,-1.862645149230957e-9 
 01/03  14:00:00,37678722.5909329,25764480.0,1227037.448506447,10687205.14242645,9513748.100385195,0.0,9564480.0,42367.14135311587,42367.14135311587,20210581.871490557,-2.3283064365386963e-9 
 01/03  15:00:00,37395661.934684224,25027200.0,1256169.6131943644,11112292.321489861,9935446.840614833,0.0,10627200.0,0.0,0.0,18668049.969245087,-8.381903171539307e-9 
 01/03  16:00:00,36872573.10627313,25005600.0,1196646.8013153689,10670326.30495776,9421167.468831131,0.0,12405600.0,144470.99645146873,144470.99645146873,13255184.605012933,-4.6566128730773926e-9 
 01/03  17:00:00,34437771.888337195,22294800.0,1152714.2536589014,10990257.634678297,9656233.820797333,0.0,13294800.0,3841460.1410763105,3841460.1410763105,15055879.488950826,-5.820766091346741e-9 
 01/03  18:00:00,47137327.675321646,35049600.0,1164051.579702889,10923676.095618762,9581880.054649692,0.0,26049600.0,2387422.957036414,2387422.957036414,5402140.48393959,-6.05359673500061e-9 
 01/03  19:00:00,33591093.48409335,21600000.0,1136544.5956399357,10854548.888453417,9506841.172408156,0.0,16200000.0,5721782.986435034,5721782.986435034,0.0,-1.6298145055770874e-9 
 01/03  20:00:00,22465620.86959924,10800000.0,1136544.5956399357,10529076.273959307,9282474.580410061,0.0,5400000.0,5340448.019874118,5340448.019874118,0.0,-4.307366907596588e-9 
 01/03  21:00:00,6896544.595639936,5760000.0,1136544.5956399357,0.0,0.0,0.0,5400000.0,0.0,0.0,0.0,5.820766091346741e-10 
 01/03  22:00:00,2846544.5956399357,1710000.0,1136544.5956399357,0.0,0.0,0.0,1350000.0,0.0,0.0,0.0,4.656612873077393e-10 
 01/03  23:00:00,2846544.5956399357,1710000.0,1136544.5956399357,0.0,0.0,0.0,1350000.0,0.0,0.0,0.0,-5.820766091346741e-10 
 01/03  24:00:00,2846544.5956399357,1710000.0,1136544.5956399357,0.0,0.0,0.0,1350000.0,0.0,0.0,0.0,-2.3865140974521637e-9 
 01/04  01:00:00,2846544.5956399357,1710000.0,1136544.5956399357,0.0,0.0,0.0,1350000.0,0.0,0.0,0.0,-2.0372681319713593e-9 
 01/04  02:00:00,2846544.5956399357,1710000.0,1136544.5956399357,0.0,0.0,0.0,1350000.0,0.0,0.0,0.0,3.2014213502407074e-9 
 01/04  03:00:00,2846544.5956399357,1710000.0,1136544.5956399357,0.0,0.0,0.0,1350000.0,0.0,0.0,0.0,1.7462298274040222e-10 
 01/04  04:00:00,2846544.5956399357,1710000.0,1136544.5956399357,0.0,0.0,0.0,1350000.0,0.0,0.0,0.0,-2.3865140974521637e-9 
 01/04  05:00:00,2846544.5956399357,1710000.0,1136544.5956399357,0.0,0.0,0.0,1350000.0,0.0,0.0,0.0,-7.566995918750763e-10 
 01/04  06:00:00,2846544.5956399357,1710000.0,1136544.5956399357,0.0,0.0,0.0,1350000.0,0.0,0.0,0.0,-1.6880221664905548e-9 
 01/04  07:00:00,13177239.645195546,1710000.0,1136544.5956399357,10330695.04955561,9202248.943224572,0.0,1350000.0,5188740.7605580585,5188740.7605580585,265391.7848388741,-2.5902409106492996e-9 
 01/04  08:00:00,13939226.735858286,1710000.0,1136544.5956399357,11092682.140218351,9885361.549197484,0.0,1350000.0,5135202.409965272,5135202.409965272,2720215.96686369,-2.240994945168495e-9 
 01/04  09:00:00,39545268.73553003,26960760.0,1136544.5956399357,11447964.139890097,10189786.377463117,0.0,19760760.0,5114629.663811896,5114629.663811896,10915179.99882581,-2.6775524020195007e-9 
 01/04  10:00:00,42644961.56908427,30126240.0,1150830.2210678244,11367891.348016446,10119448.51842602,0.0,13926240.0,4045125.2920716386,4045125.2920716386,20947124.196797367,1.1641532182693481e-10 
 01/04  11:00:00,41639217.62408747,29494800.0,1170686.385188523,10973731.23889894,9770321.366706949,0.0,13294800.0,2523407.8680275297,2523407.8680275297,20008026.32819129,-6.05359673500061e-9 
 01/04  12:00:00,38195025.63139499,26295840.0,1198608.7071661185,10700576.92422887,9529951.190608934,0.0,10095840.0,731142.7507270213,731142.7507270213,23201729.606755972,-4.190951585769653e-9 
 01/04  13:00:00,36386644.17092258,24701760.0,1178174.7052793512,10506709.465643222,9342198.817419942,0.0,8501760.0,1653028.2856455112,1653028.2856455112,21999499.46546644,-1.1641532182693481e-9 
 01/04  14:00:00,37857731.11364143,25764480.0,1236850.1631056904,10856400.950535744,9686537.785421226,0.0,9564480.0,0.0,0.0,20085381.20714704,-4.423782229423523e-9 
 01/04  15:00:00,37485043.27690761,25027200.0,1277784.9703748818,11180058.30653273,10019546.301315054,0.0,10627200.0,0.0,0.0,20720816.075937044,-3.725290298461914e-9 
 01/04  16:00:00,35155064.265284196,23227200.0,1243862.4538889148,10684001.81139528,9504275.696499195,0.0,10627200.0,0.0,0.0,20598488.579537373,-5.820766091346741e-9 
 01/04  17:00:00,33220183.825059727,22294800.0,1160720.673863546,9764663.15119618,8580124.076301318,0.0,13294800.0,2838608.936105496,2838608.936105496,14760015.06198512,-2.561137080192566e-9 
 01/04  18:00:00,43929906.0422879,33210000.0,1179801.0252892277,9540105.01699867,8371769.366195815,0.0,24210000.0,1221127.2576503681,1221127.2576503681,10955585.367261542,-4.6566128730773926e-9 
 01/04  19:00:00,31999631.30969029,21600000.0,1136544.5956399357,9263086.714050354,8105224.283673096,0.0,16200000.0,5670997.140881148,5670997.140881148,0.0,-2.7939677238464355e-9 
 01/04  20:00:00,20939611.382680327,10800000.0,1136544.5956399357,9003066.78704039,7939999.367695365,0.0,5400000.0,5318209.340543394,5318209.340543394,0.0,-6.752088665962219e-9 
 01/04  21:00:00,6896544.595639936,5760000.0,1136544.5956399357,0.0,0.0,0.0,5400000.0,0.0,0.0,0.0,-1.280568540096283e-9 
 01/04  22:00:00,2846544.5956399357,1710000.0,1136544.5956399357,0.0,0.0,0.0,1350000.0,0.0,0.0,0.0,-1.1641532182693481e-9 
 01/04  23:00:00,2846544.5956399357,1710000.0,1136544.5956399357,0.0,0.0,0.0,1350000.0,0.0,0.0,0.0,-6.984919309616089e-10 
 01/04  24:00:00,2846544.5956399357,1710000.0,1136544.5956399357,0.0,0.0,0.0,1350000.0,0.0,0.0,0.0,-3.14321368932724e-9 
 01/05  01:00:00,6086544.595639936,4950000.0,1136544.5956399357,0.0,0.0,0.0,1350000.0,0.0,0.0,0.0,-7.566995918750763e-10 
 01/05  02:00:00,6086544.595639936,4950000.0,1136544.5956399357,0.0,0.0,0.0,1350000.0,0.0,0.0,0.0,-3.899913281202316e-9 
 01/05  03:00:00,6086544.595639936,4950000.0,1136544.5956399357,0.0,0.0,0.0,1350000.0,0.0,0.0,0.0,-2.3283064365386963e-10 
 01/05  04:00:00,6086544.595639936,4950000.0,1136544.5956399357,0.0,0.0,0.0,1350000.0,0.0,0.0,0.0,-3.026798367500305e-9 
 01/05  05:00:00,6086544.595639936,4950000.0,1136544.5956399357,0.0,0.0,0.0,1350000.0,0.0,0.0,0.0,-2.6775524020195007e-9 
 01/05  06:00:00,6086544.595639936,4950000.0,1136544.5956399357,0.0,0.0,0.0,1350000.0,0.0,0.0,0.0,1.6880221664905548e-9 
 01/05  07:00:00,6086544.595639936,4950000.0,1136544.5956399357,0.0,0.0,0.0,1350000.0,0.0,0.0,1598472.6453198807,5.820766091346741e-10 
 01/05  08:00:00,5994564.595639936,4858020.0,1136544.5956399357,0.0,0.0,0.0,1258020.0,0.0,0.0,9778203.5159698,-2.9103830456733704e-10 
 01/05  09:00:00,5721684.595639936,4585140.0,1136544.595639936,0.0,0.0,0.0,985140.0,0.0,0.0,21363729.928510703,-4.0745362639427185e-9 
 01/05  10:00:00,5469504.595639936,4332960.0,1136544.5956399357,0.0,0.0,0.0,732960.0,0.0,0.0,22485905.57154746,8.149072527885437e-10 
 01/05  11:00:00,5401284.595639936,4264740.0,1136544.5956399357,0.0,0.0,0.0,664740.0,0.0,0.0,20784173.603717983,-2.0954757928848267e-9 
 01/05  12:00:00,5267904.595639936,4131360.0,1136544.5956399357,0.0,0.0,0.0,531360.0,0.0,0.0,21303690.414851006,-1.5133991837501526e-9 
 01/05  13:00:00,5267904.595639936,4131360.0,1136544.5956399357,0.0,0.0,0.0,531360.0,0.0,0.0,22066986.73616872,1.0477378964424133e-9 
 01/05  14:00:00,5267904.595639936,4131360.0,1136544.5956399357,0.0,0.0,0.0,531360.0,0.0,0.0,20238939.095332496,-6.51925802230835e-9 
 01/05  15:00:00,5267904.595639936,4131360.0,1136544.5956399357,0.0,0.0,0.0,531360.0,0.0,0.0,20859409.50205967,-6.402842700481415e-9 
 01/05  16:00:00,5267904.595639936,4131360.0,1136544.5956399357,0.0,0.0,0.0,531360.0,0.0,0.0,21960070.108331166,-4.6566128730773926e-9 
 01/05  17:00:00,5312364.595639936,4175820.0,1136544.5956399357,0.0,0.0,0.0,575820.0,0.0,0.0,17490900.836878277,-4.190951585769653e-9 
 01/05  18:00:00,6015264.595639936,4878720.0,1136544.5956399357,0.0,0.0,0.0,1278720.0,0.0,0.0,5331627.633841285,-1.862645149230957e-9 
 01/05  19:00:00,6086544.595639936,4950000.0,1136544.5956399357,0.0,0.0,0.0,1350000.0,0.0,0.0,0.0,-5.820766091346741e-10 
 01/05  20:00:00,6086544.595639936,4950000.0,1136544.5956399357,0.0,0.0,0.0,1350000.0,0.0,0.0,0.0,-1.280568540096283e-9 
 01/05  21:00:00,6086544.595639936,4950000.0,1136544.5956399357,0.0,0.0,0.0,1350000.0,0.0,0.0,0.0,-1.862645149230957e-9 
 01/05  22:00:00,6086544.595639936,4950000.0,1136544.5956399357,0.0,0.0,0.0,1350000.0,0.0,0.0,0.0,1.6298145055770874e-9 
 01/05  23:00:00,6086544.595639936,4950000.0,1136544.5956399357,0.0,0.0,0.0,1350000.0,0.0,0.0,0.0,-2.3283064365386963e-9 
 01/05  24:00:00,6086544.595639936,4950000.0,1136544.5956399357,0.0,0.0,0.0,1350000.0,0.0,0.0,0.0,-2.6775524020195007e-9 
 01/06  01:00:00,6086544.595639936,4950000.0,1136544.5956399357,0.0,0.0,0.0,1350000.0,0.0,0.0,0.0,-9.313225746154785e-10 
 01/06  02:00:00,6086544.595639936,4950000.0,1136544.5956399357,0.0,0.0,0.0,1350000.0,0.0,0.0,0.0,-2.5029294192790985e-9 
 01/06  03:00:00,6086544.595639936,4950000.0,1136544.5956399357,0.0,0.0,0.0,1350000.0,0.0,0.0,0.0,6.402842700481415e-10 
 01/06  04:00:00,6086544.595639936,4950000.0,1136544.5956399357,0.0,0.0,0.0,1350000.0,0.0,0.0,0.0,-8.149072527885437e-10 
 01/06  05:00:00,6086544.595639936,4950000.0,1136544.5956399357,0.0,0.0,0.0,1350000.0,0.0,0.0,0.0,-2.270098775625229e-9 
 01/06  06:00:00,6086544.595639936,4950000.0,1136544.5956399357,0.0,0.0,0.0,1350000.0,0.0,0.0,0.0,-1.6880221664905548e-9 
 01/06  07:00:00,6086544.595639936,4950000.0,1136544.5956399357,0.0,0.0,0.0,1350000.0,0.0,0.0,0.0,-2.3865140974521637e-9 
 01/06  08:00:00,6086544.595639936,4950000.0,1136544.5956399357,0.0,0.0,0.0,1350000.0,0.0,0.0,346404.72099937045,-2.3283064365386963e-9 
 01/06  09:00:00,6062784.595639936,4926240.0,1136544.5956399357,0.0,0.0,0.0,1326240.0,0.0,0.0,3566458.8296851506,-1.7462298274040222e-10 
 01/06  10:00:00,5766144.595639936,4629600.0,1136544.5956399357,0.0,0.0,0.0,1029600.0,0.0,0.0,11027600.912569953,-4.773028194904327e-9 
 01/06  11:00:00,5582184.595639936,4445640.0,1136544.5956399357,0.0,0.0,0.0,845640.0,0.0,0.0,15083655.248460045,-2.0954757928848267e-9 
 01/06  12:00:00,5267904.595639936,4131360.0,1136544.5956399357,0.0,0.0,0.0,531360.0,0.0,0.0,21071033.54962573,-5.3551048040390015e-9 
 01/06  13:00:00,5267904.595639936,4131360.0,1136544.5956399357,0.0,0.0,0.0,531360.0,0.0,0.0,19927196.872170284,-3.259629011154175e-9 
 01/06  14:00:00,5267904.595639936,4131360.0,1136544.5956399357,0.0,0.0,0.0,531360.0,0.0,0.0,20135095.146044184,-6.984919309616089e-10 
 01/06  15:00:00,5267904.595639936,4131360.0,1136544.5956399357,0.0,0.0,0.0,531360.0,0.0,0.0,19890540.42754191,-2.444721758365631e-9 
 01/06  16:00:00,5267904.595639936,4131360.0,1136544.5956399357,0.0,0.0,0.0,531360.0,0.0,0.0,17272447.526552938,-4.773028194904327e-9 
 01/06  17:00:00,5647344.595639936,4510800.0,1136544.5956399357,0.0,0.0,0.0,910800.0,0.0,0.0,8312157.613656854,-4.540197551250458e-9 
 01/06  18:00:00,6086544.595639936,4950000.0,1136544.5956399357,0.0,0.0,0.0,1350000.0,0.0,0.0,2829472.3117994657,-3.841705620288849e-9 
 01/06  19:00:00,6086544.595639936,4950000.0,1136544.5956399357,0.0,0.0,0.0,1350000.0,0.0,0.0,0.0,-5.820766091346741e-10 
 01/06  20:00:00,6086544.595639936,4950000.0,1136544.5956399357,0.0,0.0,0.0,1350000.0,0.0,0.0,0.0,3.725290298461914e-9 
 01/06  21:00:00,6086544.595639936,4950000.0,1136544.5956399357,0.0,0.0,0.0,1350000.0,0.0,0.0,0.0,-5.820766091346741e-10 
 01/06  22:00:00,6086544.595639936,4950000.0,1136544.5956399357,0.0,0.0,0.0,1350000.0,0.0,0.0,0.0,0.0 
 01/06  23:00:00,6086544.595639936,4950000.0,1136544.5956399357,0.0,0.0,0.0,1350000.0,0.0,0.0,0.0,-2.3865140974521637e-9 
 01/06  24:00:00,6086544.595639936,4950000.0,1136544.5956399357,0.0,0.0,0.0,1350000.0,0.0,0.0,0.0,-2.3283064365386963e-10 
 01/07  01:00:00,2846544.5956399357,1710000.0,1136544.5956399357,0.0,0.0,0.0,1350000.0,0.0,0.0,0.0,4.656612873077393e-10 
 01/07  02:00:00,2846544.5956399357,1710000.0,1136544.5956399357,0.0,0.0,0.0,1350000.0,0.0,0.0,0.0,2.2118911147117615e-9 
 01/07  03:00:00,2846544.5956399357,1710000.0,1136544.5956399357,0.0,0.0,0.0,1350000.0,0.0,0.0,0.0,-9.313225746154785e-10 
 01/07  04:00:00,2846544.5956399357,1710000.0,1136544.5956399357,0.0,0.0,0.0,1350000.0,0.0,0.0,0.0,-1.3969838619232178e-9 
 01/07  05:00:00,2846544.5956399357,1710000.0,1136544.5956399357,0.0,0.0,0.0,1350000.0,0.0,0.0,0.0,-2.561137080192566e-9 
 01/07  06:00:00,2846544.5956399357,1710000.0,1136544.5956399357,0.0,0.0,0.0,1350000.0,0.0,0.0,0.0,-1.3969838619232178e-9 
 01/07  07:00:00,15062516.24524631,1710000.0,1136544.5956399357,12215971.649606373,10689089.498064604,0.0,1350000.0,5025909.240678584,5025909.240678584,50344.02412267684,1.6589183360338211e-9 
 01/07  08:00:00,14672327.123617548,1710000.0,1136544.5956399357,11825782.527977612,10444163.977669582,0.0,1350000.0,5015359.02066941,5015359.02066941,2165627.3863495286,-8.731149137020111e-10 
 01/07  09:00:00,40571029.21734496,27388440.0,1136544.5956399357,12046044.621705025,10700517.97181603,0.0,20188440.0,5003515.149066437,5003515.149066437,10147918.246227816,-1.3969838619232178e-9 
 01/07  10:00:00,46174759.08705393,32718600.0,1136692.7814095938,12319466.305644339,10929697.074130952,0.0,16518600.0,4999694.541354695,4999694.541354695,14877800.573219085,-6.51925802230835e-9 
 01/07  11:00:00,41478790.73850602,27716400.0,1157857.022538542,12604533.715967476,11196410.512112925,0.0,11516400.0,3271530.479576126,3271530.479576126,21621132.52263566,-4.423782229423523e-9 
 01/07  12:00:00,40102762.774082266,26295840.0,1172417.443134424,12634505.330947835,11182536.245334893,0.0,10095840.0,2225591.8344552177,2225591.8344552177,22510471.797267944,-6.984919309616089e-10 
 01/07  13:00:00,38510062.49323185,24701760.0,1161087.6105502301,12647214.88268162,11164327.49825312,0.0,8501760.0,3087841.3143803193,3087841.3143803193,20885197.2500039,-6.752088665962219e-9 
 01/07  14:00:00,39091417.52997728,25764480.0,1180920.4390919288,12146017.090885354,10725853.274803616,0.0,9564480.0,1289403.507658181,1289403.507658181,17375090.03628128,-4.423782229423523e-9 
 01/07  15:00:00,38022200.337348744,25027200.0,1202145.6596305221,11792854.677718226,10416916.044338802,0.0,10627200.0,20753.150007145246,20753.150007145246,16272783.668956472,-4.6566128730773926e-9 
 01/07  16:00:00,38922188.599389054,26370000.0,1174576.2531523197,11377612.346236737,10012426.74620413,0.0,13770000.0,1607836.0418541955,1607836.0418541955,13055864.10459906,-4.423782229423523e-9 
 01/07  17:00:00,45528811.78725267,33210000.0,1145817.8796874853,11172993.907565186,9790573.604285104,0.0,24210000.0,4550116.141530854,4550116.141530854,5039771.596142034,-3.4924596548080444e-9 
 01/07  18:00:00,48151912.50156374,36000000.0,1148968.5856376179,11002943.915926127,9625495.910962407,0.0,27000000.0,3958120.6999465954,3958120.6999465954,2506114.091783045,-3.4924596548080444e-9 
 01/07  19:00:00,33776622.521060586,21600000.0,1136544.5956399357,11040077.92542065,9664477.56665765,0.0,16200000.0,5446927.373814631,5446927.373814631,0.0,-1.862645149230957e-9 
 01/07  20:00:00,22749535.736997575,10800000.0,1136544.5956399357,10812991.141357634,9527323.196273895,0.0,5400000.0,5216061.154275433,5216061.154275433,0.0,-3.841705620288849e-9 
 01/07  21:00:00,6896544.595639936,5760000.0,1136544.5956399357,0.0,0.0,0.0,5400000.0,0.0,0.0,0.0,-2.7939677238464355e-9 
 01/07  22:00:00,2846544.5956399357,1710000.0,1136544.5956399357,0.0,0.0,0.0,1350000.0,0.0,0.0,0.0,5.820766091346741e-10 
 01/07  23:00:00,2846544.5956399357,1710000.0,1136544.5956399357,0.0,0.0,0.0,1350000.0,0.0,0.0,0.0,5.238689482212067e-10 
 01/07  24:00:00,2846544.5956399357,1710000.0,1136544.5956399357,0.0,0.0,0.0,1350000.0,0.0,0.0,0.0,-5.820766091346741e-10 
 01/08  01:00:00,2846544.5956399357,1710000.0,1136544.5956399357,0.0,0.0,0.0,1350000.0,0.0,0.0,0.0,5.820766091346741e-11 
 01/08  02:00:00,2846544.5956399357,1710000.0,1136544.5956399357,0.0,0.0,0.0,1350000.0,0.0,0.0,0.0,-3.4924596548080444e-10 
 01/08  03:00:00,2846544.5956399357,1710000.0,1136544.5956399357,0.0,0.0,0.0,1350000.0,0.0,0.0,0.0,-1.1641532182693481e-10 
 01/08  04:00:00,2846544.5956399357,1710000.0,1136544.5956399357,0.0,0.0,0.0,1350000.0,0.0,0.0,0.0,-1.5133991837501526e-9 
 01/08  05:00:00,2846544.5956399357,1710000.0,1136544.5956399357,0.0,0.0,0.0,1350000.0,0.0,0.0,0.0,3.026798367500305e-9 
 01/08  06:00:00,2846544.5956399357,1710000.0,1136544.5956399357,0.0,0.0,0.0,1350000.0,0.0,0.0,0.0,-4.0745362639427185e-10 
 01/08  07:00:00,13915356.216810249,1710000.0,1136544.5956399357,11068811.621170312,9845173.713128999,0.0,1350000.0,5104394.865605976,5104394.865605976,50343.36427081241,-2.8812792152166367e-9 
 01/08  08:00:00,14493680.298216676,1710000.0,1136544.5956399357,11647135.70257674,10374625.325677883,0.0,1350000.0,5096503.683651097,5096503.683651097,2096904.9769111578,-2.9103830456733704e-11 
 01/08  09:00:00,39691287.151794225,26960760.0,1136544.5956399357,11593982.556154292,10314402.87069213,0.0,19760760.0,5111877.664836802,5111877.664836802,10934641.142621681,-3.14321368932724e-9 
 01/08  10:00:00,42858756.13969644,30126240.0,1142872.0837428388,11589644.055953601,10301888.264714278,0.0,13926240.0,4594166.832099014,4594166.832099014,18416117.060534403,-6.868503987789154e-9 
 01/08  11:00:00,42166580.2956674,29494800.0,1161787.5928128604,11509992.702854542,10225390.247651814,0.0,13294800.0,3117240.1398855955,3117240.1398855955,19934742.394490045,-2.0954757928848267e-9 
 01/08  12:00:00,39311629.127060875,26295840.0,1178212.1066093966,11837577.020451475,10504606.173127636,0.0,10095840.0,1797431.5119403577,1797431.5119403577,21657065.927227903,-3.725290298461914e-9 
 01/08  13:00:00,37809539.29819231,24701760.0,1167676.2160365314,11940103.082155773,10580968.613225676,0.0,8501760.0,2456938.8822532943,2456938.8822532943,21428545.814240642,-3.026798367500305e-9 
 01/08  14:00:00,39563154.363300934,25764480.0,1222498.3606016755,12576176.002699258,11172228.585417539,0.0,9564480.0,155494.4101998953,155494.4101998953,20402938.14663233,-3.259629011154175e-9 
 01/08  15:00:00,39110173.58838344,25027200.0,1268207.1383209662,12814766.45006248,11437576.471615806,0.0,10627200.0,0.0,0.0,20114738.934457682,-5.122274160385132e-9 
 01/08  16:00:00,36597075.48830528,23227200.0,1235085.3986461135,12134790.089659158,10755409.321275005,0.0,10627200.0,0.0,0.0,19708849.849572346,-4.889443516731262e-9 
 01/08  17:00:00,32763563.50782197,20516400.0,1161361.6598868715,11085801.847935101,9729408.852225998,0.0,11516400.0,2771562.118516721,2771562.118516721,17433335.598774582,-3.259629011154175e-9 
 01/08  18:00:00,44698980.621145785,32734800.0,1183854.0687876344,10780326.552358149,9456376.459538411,0.0,23734800.0,1021438.49287218,1021438.49287218,12337205.01988037,-5.820766091346741e-9 
 01/08  19:00:00,32997903.7522763,21600000.0,1136544.5956399357,10261359.156636365,8967988.15834821,0.0,16200000.0,5672655.228576148,5672655.228576148,0.0,-3.725290298461914e-9 
 01/08  20:00:00,21977055.878503233,10800000.0,1136544.5956399357,10040511.282863297,8843001.509332342,0.0,5400000.0,5315669.433387732,5315669.433387732,0.0,-3.14321368932724e-9 
 01/08  21:00:00,6896544.595639936,5760000.0,1136544.5956399357,0.0,0.0,0.0,5400000.0,0.0,0.0,0.0,-5.471520125865936e-9 
 01/08  22:00:00,2846544.5956399357,1710000.0,1136544.5956399357,0.0,0.0,0.0,1350000.0,0.0,0.0,0.0,-3.958120942115784e-9 
 01/08  23:00:00,2846544.5956399357,1710000.0,1136544.5956399357,0.0,0.0,0.0,1350000.0,0.0,0.0,0.0,-1.7462298274040222e-9 
 01/08  24:00:00,2846544.5956399357,1710000.0,1136544.5956399357,0.0,0.0,0.0,1350000.0,0.0,0.0,0.0,-2.6193447411060333e-9 
 01/09  01:00:00,2846544.5956399357,1710000.0,1136544.5956399357,0.0,0.0,0.0,1350000.0,0.0,0.0,0.0,-1.7462298274040222e-9 
 01/09  02:00:00,2846544.5956399357,1710000.0,1136544.5956399357,0.0,0.0,0.0,1350000.0,0.0,0.0,0.0,-3.4924596548080444e-10 
 01/09  03:00:00,2846544.5956399357,1710000.0,1136544.5956399357,0.0,0.0,0.0,1350000.0,0.0,0.0,0.0,-1.57160684466362e-9 
 01/09  04:00:00,2846544.5956399357,1710000.0,1136544.5956399357,0.0,0.0,0.0,1350000.0,0.0,0.0,0.0,-5.238689482212067e-10 
 01/09  05:00:00,2846544.5956399357,1710000.0,1136544.5956399357,0.0,0.0,0.0,1350000.0,0.0,0.0,0.0,-4.656612873077393e-10 
 01/09  06:00:00,2846544.5956399357,1710000.0,1136544.5956399357,0.0,0.0,0.0,1350000.0,0.0,0.0,0.0,-3.026798367500305e-9 
 01/09  07:00:00,12682681.952064587,1710000.0,1136544.5956399357,9836137.356424652,8740763.305447208,0.0,1350000.0,5083088.305937961,5083088.305937961,225175.47281649552,-9.604264050722122e-10 
 01/09  08:00:00,13477104.979435919,1686240.0,1136544.5956399357,10654320.383795984,9479119.920176048,0.0,1326240.0,5047235.2844224945,5047235.2844224945,4194055.271256754,-9.89530235528946e-10 
 01/09  09:00:00,37058881.86468657,24504840.0,1136544.5956399357,11417497.26904663,10145794.352391228,0.0,17304840.0,5063551.36008042,5063551.36008042,16890082.178549103,-3.958120942115784e-9 
 01/09  10:00:00,43855261.62954247,30577680.0,1170580.620357401,12107001.009185063,10761298.223234031,0.0,14377680.0,2853851.0860468177,2853851.0860468177,24058356.311236836,-4.423782229423523e-9 
 01/09  11:00:00,40334064.08011215,26827200.0,1195229.533567958,12311634.546544192,10947950.390422236,0.0,10627200.0,1159510.0991072776,1159510.0991072776,24580448.42666611,-3.259629011154175e-9 
 01/09  12:00:00,39867636.59057371,26295840.0,1211983.3131026141,12359813.277471103,10997377.7980128,0.0,10095840.0,241933.84127954653,241933.84127954653,23941061.812293768,-6.05359673500061e-9 
 01/09  13:00:00,37920983.93270836,24701760.0,1186283.0765247392,12032940.856183615,10669458.605434807,0.0,8501760.0,1015059.8544138868,1015059.8544138868,22087889.872139994,-1.1175870895385742e-8 
 01/09  14:00:00,39356998.23143497,25764480.0,1256014.1816900696,12336504.049744898,11011181.559320109,0.0,9564480.0,0.0,0.0,20181868.749112207,-6.752088665962219e-9 
 01/09  15:00:00,38663655.31787561,25027200.0,1284221.663733188,12352233.654142419,11052566.569861878,0.0,10627200.0,0.0,0.0,19547763.398239236,-4.889443516731262e-9 
 01/09  16:00:00,36275167.49271996,23227200.0,1234201.8499320913,11813765.642787866,10474098.130330682,0.0,10627200.0,0.0,0.0,18205926.645996757,-6.984919309616089e-10 
 01/09  17:00:00,38178828.19580901,25851600.0,1149335.8863492333,11177892.309459774,9802135.787335487,0.0,16851600.0,4119233.4900239185,4119233.4900239185,8935725.550656617,-2.7939677238464355e-9 
 01/09  18:00:00,48207928.16755906,36000000.0,1154385.5718020182,11053542.595757032,9670221.815584159,0.0,27000000.0,3267188.5585544314,3267188.5585544314,2482747.5061375457,-3.4924596548080444e-9 
 01/09  19:00:00,33620377.82226598,21600000.0,1136544.5956399357,10883833.226626046,9518956.673803097,0.0,16200000.0,5510499.426638826,5510499.426638826,0.0,-1.3969838619232178e-9 
 01/09  20:00:00,22340042.594942443,10800000.0,1136544.5956399357,10403497.999302508,9161480.796988048,0.0,5400000.0,5253880.417801734,5253880.417801734,0.0,-1.5133991837501526e-9 
 01/09  21:00:00,6896544.595639936,5760000.0,1136544.5956399357,0.0,0.0,0.0,5400000.0,0.0,0.0,0.0,-1.5133991837501526e-9 
 01/09  22:00:00,2846544.5956399357,1710000.0,1136544.5956399357,0.0,0.0,0.0,1350000.0,0.0,0.0,0.0,-3.026798367500305e-9 
 01/09  23:00:00,2846544.5956399357,1710000.0,1136544.5956399357,0.0,0.0,0.0,1350000.0,0.0,0.0,0.0,1.7462298274040222e-9 
 01/09  24:00:00,2846544.5956399357,1710000.0,1136544.5956399357,0.0,0.0,0.0,1350000.0,0.0,0.0,0.0,-3.026798367500305e-9 
 01/10  01:00:00,2846544.5956399357,1710000.0,1136544.5956399357,0.0,0.0,0.0,1350000.0,0.0,0.0,0.0,-2.6193447411060333e-9 
 01/10  02:00:00,2846544.5956399357,1710000.0,1136544.5956399357,0.0,0.0,0.0,1350000.0,0.0,0.0,0.0,2.3283064365386963e-10 
 01/10  03:00:00,2846544.5956399357,1710000.0,1136544.5956399357,0.0,0.0,0.0,1350000.0,0.0,0.0,0.0,-5.238689482212067e-10 
 01/10  04:00:00,2846544.5956399357,1710000.0,1136544.5956399357,0.0,0.0,0.0,1350000.0,0.0,0.0,0.0,-8.149072527885437e-10 
 01/10  05:00:00,2846544.5956399357,1710000.0,1136544.5956399357,0.0,0.0,0.0,1350000.0,0.0,0.0,0.0,3.2014213502407074e-9 
 01/10  06:00:00,2846544.5956399357,1710000.0,1136544.5956399357,0.0,0.0,0.0,1350000.0,0.0,0.0,0.0,-1.6589183360338211e-9 
 01/10  07:00:00,11824698.813740557,1710000.0,1136544.5956399357,8978154.21810062,7989357.25626681,0.0,1350000.0,2909565.701041408,2909565.701041408,189658.9958724623,-5.820766091346741e-11 
 01/10  08:00:00,12654644.796324322,1686240.0,1136544.5956399357,9831860.200684385,8746349.47405406,0.0,1326240.0,3530341.0801620097,3530341.0801620097,4152875.718601281,1.1059455573558807e-9 
 01/10  09:00:00,36543061.740784675,24504840.0,1136544.595639936,10901677.145144733,9687290.160483617,0.0,17304840.0,7229155.173779518,7229155.173779518,17205092.269238487,1.4551915228366852e-9 
 01/10  10:00:00,42956628.92967958,30126240.0,1168301.9829542476,11662086.946725328,10368258.561823275,0.0,13926240.0,3585262.562195915,3585262.562195915,23735564.722321276,-1.1641532182693481e-9 
 01/10  11:00:00,40933382.870323636,27716400.0,1199499.6612930847,12017483.209030554,10690589.589546237,0.0,11516400.0,1105748.6406002636,1105748.6406002636,25348968.581417993,-1.862645149230957e-9 
 01/10  12:00:00,39429407.3458295,26295840.0,1213299.3439195615,11920268.001909941,10613628.291657679,0.0,10095840.0,258253.2768451344,258253.2768451344,23375959.09746603,-5.122274160385132e-9 
 01/10  13:00:00,37528074.52979292,24701760.0,1184996.7236875275,11641317.806105386,10351131.271691166,0.0,8501760.0,1172665.3775363846,1172665.3775363846,20748338.951973215,-1.3969838619232178e-9 
 01/10  14:00:00,39098932.612274796,25764480.0,1273926.6956787198,12060525.91659608,10811920.124721833,0.0,9564480.0,0.0,0.0,19811320.592264593,-4.423782229423523e-9 
 01/10  15:00:00,38116408.43095012,25027200.0,1280717.6572948922,11808490.773655228,10590927.256308423,0.0,10627200.0,0.0,0.0,16627738.797647882,-3.259629011154175e-9 
 01/10  16:00:00,35523096.68672117,23227200.0,1244564.4654051517,11051332.221316021,9836807.566366987,0.0,10627200.0,0.0,0.0,18775885.632312324,-2.7939677238464355e-9 
 01/10  17:00:00,37970381.39661719,26802000.0,1149769.592383753,10018611.804233434,8800528.768713575,0.0,17802000.0,4329642.469502714,4329642.469502714,7388264.259241555,-5.122274160385132e-9 
 01/10  18:00:00,45238595.544619784,34574400.0,1163373.6618735357,9500821.882746253,8322899.597765813,0.0,25574400.0,2420833.9247144675,2420833.9247144675,6513076.204261258,-1.862645149230957e-9 
 01/10  19:00:00,32026378.595271915,21600000.0,1136544.5956399357,9289833.999631979,8125907.664743841,0.0,16200000.0,5709450.23248146,5709450.23248146,0.0,-3.4924596548080444e-9 
 01/10  20:00:00,20956661.654088967,10800000.0,1136544.5956399357,9020117.058449032,7944512.264591701,0.0,5400000.0,5337259.244252157,5337259.244252157,0.0,1.0477378964424133e-9 
 01/10  21:00:00,6896544.595639936,5760000.0,1136544.5956399357,0.0,0.0,0.0,5400000.0,0.0,0.0,0.0,2.3283064365386963e-10 
 01/10  22:00:00,2846544.5956399357,1710000.0,1136544.5956399357,0.0,0.0,0.0,1350000.0,0.0,0.0,0.0,2.444721758365631e-9 
 01/10  23:00:00,2846544.5956399357,1710000.0,1136544.5956399357,0.0,0.0,0.0,1350000.0,0.0,0.0,0.0,3.4924596548080444e-10 
 01/10  24:00:00,2846544.5956399357,1710000.0,1136544.5956399357,0.0,0.0,0.0,1350000.0,0.0,0.0,0.0,-2.9685907065868378e-9 
 01/11  01:00:00,2846544.5956399357,1710000.0,1136544.5956399357,0.0,0.0,0.0,1350000.0,0.0,0.0,0.0,-2.7939677238464355e-9 
 01/11  02:00:00,2846544.5956399357,1710000.0,1136544.5956399357,0.0,0.0,0.0,1350000.0,0.0,0.0,0.0,9.89530235528946e-10 
 01/11  03:00:00,2846544.5956399357,1710000.0,1136544.5956399357,0.0,0.0,0.0,1350000.0,0.0,0.0,0.0,4.0745362639427185e-10 
 01/11  04:00:00,2846544.5956399357,1710000.0,1136544.5956399357,0.0,0.0,0.0,1350000.0,0.0,0.0,0.0,-2.9103830456733704e-10 
 01/11  05:00:00,2846544.5956399357,1710000.0,1136544.5956399357,0.0,0.0,0.0,1350000.0,0.0,0.0,0.0,-1.1641532182693481e-9 
 01/11  06:00:00,2846544.5956399357,1710000.0,1136544.5956399357,0.0,0.0,0.0,1350000.0,0.0,0.0,0.0,1.3096723705530167e-9 
 01/11  07:00:00,11446826.331580495,1710000.0,1136544.5956399357,8600281.735940559,7652036.094202561,0.0,1350000.0,3171614.5730772773,3171614.5730772773,0.0,-8.440110832452774e-10 
 01/11  08:00:00,12607865.511371484,1686240.0,1136544.5956399357,9785080.915731547,8698892.681262674,0.0,1326240.0,2737628.873422213,2737628.873422213,3050045.960442612,1.0040821507573128e-9 
 01/11  09:00:00,37628457.7964439,25305120.0,1136544.5956399357,11186793.200803969,9929900.48897808,0.0,18105120.0,8123897.562594723,8123897.562594723,14597434.559014164,-1.57160684466362e-9 
 01/11  10:00:00,44778851.305509634,31422420.0,1144964.9228904196,12211466.382619213,10840712.29733781,0.0,15222420.0,5413873.131314548,5413873.131314548,17961359.345766433,-4.0745362639427185e-9 
 01/11  11:00:00,42260028.22699497,28605600.0,1185996.8566086225,12468431.370386353,11085969.844080457,0.0,12405600.0,1971338.1622408049,1971338.1622408049,25380618.789530195,-4.423782229423523e-9 
 01/11  12:00:00,39506122.45212701,26295840.0,1196874.8609558588,12013407.591171147,10686452.54888609,0.0,10095840.0,838178.3421138928,838178.3421138928,23588475.416119035,-1.3969838619232178e-9 
 01/11  13:00:00,37122883.41443738,24701760.0,1178375.5086748314,11242747.905762548,9992507.511390395,0.0,8501760.0,1731433.50389045,1731433.50389045,20680195.601554602,-4.889443516731262e-9 
 01/11  14:00:00,37973791.142721556,25764480.0,1236867.5761951609,10972443.566526398,9789250.949685868,0.0,9564480.0,0.0,0.0,18717647.2931612,-6.05359673500061e-9 
 01/11  15:00:00,37356847.516907364,25027200.0,1272048.9913195735,11057598.525587793,9903270.818510259,0.0,10627200.0,0.0,0.0,18465038.42839476,-7.916241884231567e-9 
 01/11  16:00:00,35640895.26540882,24116400.0,1207423.20965292,10317072.055755896,9128229.500727085,0.0,11516400.0,0.0,0.0,14395767.739851685,-1.3969838619232178e-9 
 01/11  17:00:00,35450340.17810772,24073200.0,1150703.121403094,10226437.056704633,8977405.067295348,0.0,15073200.0,4123643.4427337535,4123643.4427337535,11704625.220497712,-2.3283064365386963e-10 
 01/11  18:00:00,46952911.370643005,35524800.0,1152102.0446055534,10276009.32603745,9000722.62603485,0.0,26524800.0,3639909.6781954644,3639909.6781954644,1456260.0548072604,-5.587935447692871e-9 
 01/11  19:00:00,32740835.88719773,21600000.0,1136544.5956399357,10004291.29155779,8758316.248767054,0.0,16200000.0,5590305.455757788,5590305.455757788,0.0,-2.561137080192566e-9 
 01/11  20:00:00,21234596.6076299,10800000.0,1136544.5956399357,9298052.011989962,8191849.784841187,0.0,5400000.0,5289851.867409616,5289851.867409616,0.0,-3.4924596548080444e-9 
 01/11  21:00:00,6896544.595639936,5760000.0,1136544.5956399357,0.0,0.0,0.0,5400000.0,0.0,0.0,0.0,-1.6298145055770874e-9 
 01/11  22:00:00,2846544.5956399357,1710000.0,1136544.5956399357,0.0,0.0,0.0,1350000.0,0.0,0.0,0.0,-4.656612873077393e-10 
 01/11  23:00:00,2846544.5956399357,1710000.0,1136544.5956399357,0.0,0.0,0.0,1350000.0,0.0,0.0,0.0,4.656612873077393e-10 
 01/11  24:00:00,2846544.5956399357,1710000.0,1136544.5956399357,0.0,0.0,0.0,1350000.0,0.0,0.0,0.0,1.3969838619232178e-9 
 01/12  01:00:00,6086544.595639936,4950000.0,1136544.5956399357,0.0,0.0,0.0,1350000.0,0.0,0.0,0.0,-7.566995918750763e-10 
 01/12  02:00:00,6086544.595639936,4950000.0,1136544.5956399357,0.0,0.0,0.0,1350000.0,0.0,0.0,0.0,-3.6088749766349792e-9 
 01/12  03:00:00,6086544.595639936,4950000.0,1136544.5956399357,0.0,0.0,0.0,1350000.0,0.0,0.0,0.0,1.9208528101444244e-9 
 01/12  04:00:00,6086544.595639936,4950000.0,1136544.5956399357,0.0,0.0,0.0,1350000.0,0.0,0.0,0.0,-5.238689482212067e-10 
 01/12  05:00:00,6086544.595639936,4950000.0,1136544.5956399357,0.0,0.0,0.0,1350000.0,0.0,0.0,0.0,-3.3760443329811096e-9 
 01/12  06:00:00,6086544.595639936,4950000.0,1136544.5956399357,0.0,0.0,0.0,1350000.0,0.0,0.0,0.0,-3.3178366720676422e-9 
 01/12  07:00:00,6086544.595639936,4950000.0,1136544.5956399357,0.0,0.0,0.0,1350000.0,0.0,0.0,95403.26265463323,-3.0850060284137726e-9 
 01/12  08:00:00,6062784.595639936,4926240.0,1136544.5956399357,0.0,0.0,0.0,1326240.0,0.0,0.0,4024727.529763304,-1.8044374883174896e-9 
 01/12  09:00:00,5789904.595639936,4653360.0,1136544.595639936,0.0,0.0,0.0,1053360.0,0.0,0.0,20559875.093691826,-2.444721758365631e-9 
 01/12  10:00:00,5881884.595639936,4745340.0,1136544.5956399357,0.0,0.0,0.0,1145340.0,0.0,0.0,33295157.265338767,-3.3178366720676422e-9 
 01/12  11:00:00,5586593.346742408,4448700.0,1137893.346742409,0.0,0.0,0.0,848700.0,0.0,0.0,27590750.0938511,-1.57160684466362e-9 
 01/12  12:00:00,5451814.873522563,4312260.0,1139554.8735225624,0.0,0.0,0.0,712260.0,0.0,0.0,22983909.778110206,3.4924596548080444e-10 
 01/12  13:00:00,5267904.595639936,4131360.0,1136544.5956399357,0.0,0.0,0.0,531360.0,0.0,0.0,19141479.64177629,-6.51925802230835e-9 
 01/12  14:00:00,5267904.595639936,4131360.0,1136544.5956399357,0.0,0.0,0.0,531360.0,0.0,0.0,20380001.261479788,-1.6298145055770874e-9 
 01/12  15:00:00,5267904.595639936,4131360.0,1136544.5956399357,0.0,0.0,0.0,531360.0,0.0,0.0,19232056.611482494,-6.752088665962219e-9 
 01/12  16:00:00,5267904.595639936,4131360.0,1136544.5956399357,0.0,0.0,0.0,531360.0,0.0,0.0,20549757.863728005,-3.958120942115784e-9 
 01/12  17:00:00,5401284.595639936,4264740.0,1136544.5956399357,0.0,0.0,0.0,664740.0,0.0,0.0,14278712.120403823,-2.7939677238464355e-9 
 01/12  18:00:00,5810604.595639936,4674060.0,1136544.5956399357,0.0,0.0,0.0,1074060.0,0.0,0.0,14846739.341517791,-5.471520125865936e-9 
 01/12  19:00:00,6086544.595639936,4950000.0,1136544.5956399357,0.0,0.0,0.0,1350000.0,0.0,0.0,0.0,-3.14321368932724e-9 
 01/12  20:00:00,6086544.595639936,4950000.0,1136544.5956399357,0.0,0.0,0.0,1350000.0,0.0,0.0,0.0,-3.259629011154175e-9 
 01/12  21:00:00,6086544.595639936,4950000.0,1136544.5956399357,0.0,0.0,0.0,1350000.0,0.0,0.0,0.0,-1.0477378964424133e-9 
 01/12  22:00:00,6086544.595639936,4950000.0,1136544.5956399357,0.0,0.0,0.0,1350000.0,0.0,0.0,0.0,-2.2118911147117615e-9 
 01/12  23:00:00,6086544.595639936,4950000.0,1136544.5956399357,0.0,0.0,0.0,1350000.0,0.0,0.0,0.0,-3.14321368932724e-9 
 01/12  24:00:00,6086544.595639936,4950000.0,1136544.5956399357,0.0,0.0,0.0,1350000.0,0.0,0.0,0.0,6.402842700481415e-10 
 01/13  01:00:00,6086544.595639936,4950000.0,1136544.5956399357,0.0,0.0,0.0,1350000.0,0.0,0.0,0.0,-9.89530235528946e-10 
 01/13  02:00:00,6086544.595639936,4950000.0,1136544.5956399357,0.0,0.0,0.0,1350000.0,0.0,0.0,0.0,4.656612873077393e-10 
 01/13  03:00:00,6086544.595639936,4950000.0,1136544.5956399357,0.0,0.0,0.0,1350000.0,0.0,0.0,0.0,-9.313225746154785e-10 
 01/13  04:00:00,6086544.595639936,4950000.0,1136544.5956399357,0.0,0.0,0.0,1350000.0,0.0,0.0,0.0,4.190951585769653e-9 
 01/13  05:00:00,6086544.595639936,4950000.0,1136544.5956399357,0.0,0.0,0.0,1350000.0,0.0,0.0,0.0,-9.89530235528946e-10 
 01/13  06:00:00,6086544.595639936,4950000.0,1136544.5956399357,0.0,0.0,0.0,1350000.0,0.0,0.0,0.0,2.5029294192790985e-9 
 01/13  07:00:00,6086544.595639936,4950000.0,1136544.5956399357,0.0,0.0,0.0,1350000.0,0.0,0.0,254272.21250563342,-1.979060471057892e-9 
 01/13  08:00:00,6062784.595639936,4926240.0,1136544.5956399357,0.0,0.0,0.0,1326240.0,0.0,0.0,5313644.714033738,-1.1350493878126144e-9 
 01/13  09:00:00,5766144.595639936,4629600.0,1136544.595639936,0.0,0.0,0.0,1029600.0,0.0,0.0,20710944.951847546,-1.3387762010097504e-9 
 01/13  10:00:00,5540784.595639936,4404240.0,1136544.5956399357,0.0,0.0,0.0,804240.0,0.0,0.0,25679073.358189367,5.820766091346741e-10 
 01/13  11:00:00,5540784.595639936,4404240.0,1136544.5956399357,0.0,0.0,0.0,804240.0,0.0,0.0,26838165.295377824,-5.180481821298599e-9 
 01/13  12:00:00,5448804.595639936,4312260.0,1136544.5956399357,0.0,0.0,0.0,712260.0,0.0,0.0,23671330.99180667,-8.149072527885437e-10 
 01/13  13:00:00,5267904.595639936,4131360.0,1136544.5956399357,0.0,0.0,0.0,531360.0,0.0,0.0,20121316.1716384,-3.958120942115784e-9 
 01/13  14:00:00,5267904.595639936,4131360.0,1136544.5956399357,0.0,0.0,0.0,531360.0,0.0,0.0,17764638.98478645,-1.1641532182693481e-9 
 01/13  15:00:00,5267904.595639936,4131360.0,1136544.5956399357,0.0,0.0,0.0,531360.0,0.0,0.0,16419514.213570874,-6.28642737865448e-9 
 01/13  16:00:00,5312364.595639936,4175820.0,1136544.5956399357,0.0,0.0,0.0,575820.0,0.0,0.0,14698208.405434657,-3.958120942115784e-9 
 01/13  17:00:00,5534664.595639936,4398120.0,1136544.5956399357,0.0,0.0,0.0,798120.0,0.0,0.0,9631007.06619312,-7.2177499532699585e-9 
 01/13  18:00:00,6062784.595639936,4926240.0,1136544.5956399357,0.0,0.0,0.0,1326240.0,0.0,0.0,1391448.9105920428,-9.313225746154785e-10 
 01/13  19:00:00,6086544.595639936,4950000.0,1136544.5956399357,0.0,0.0,0.0,1350000.0,0.0,0.0,0.0,-5.820766091346741e-10 
 01/13  20:00:00,6086544.595639936,4950000.0,1136544.5956399357,0.0,0.0,0.0,1350000.0,0.0,0.0,0.0,-3.4924596548080444e-9 
 01/13  21:00:00,6086544.595639936,4950000.0,1136544.5956399357,0.0,0.0,0.0,1350000.0,0.0,0.0,0.0,-1.1641532182693481e-9 
 01/13  22:00:00,6086544.595639936,4950000.0,1136544.5956399357,0.0,0.0,0.0,1350000.0,0.0,0.0,0.0,-1.6298145055770874e-9 
 01/13  23:00:00,6086544.595639936,4950000.0,1136544.5956399357,0.0,0.0,0.0,1350000.0,0.0,0.0,0.0,-8.149072527885437e-10 
 01/13  24:00:00,6086544.595639936,4950000.0,1136544.5956399357,0.0,0.0,0.0,1350000.0,0.0,0.0,0.0,-5.238689482212067e-10 
 01/14  01:00:00,2846544.5956399357,1710000.0,1136544.5956399357,0.0,0.0,0.0,1350000.0,0.0,0.0,0.0,-1.6298145055770874e-9 
 01/14  02:00:00,2846544.5956399357,1710000.0,1136544.5956399357,0.0,0.0,0.0,1350000.0,0.0,0.0,0.0,-9.89530235528946e-10 
 01/14  03:00:00,2846544.5956399357,1710000.0,1136544.5956399357,0.0,0.0,0.0,1350000.0,0.0,0.0,0.0,5.587935447692871e-9 
 01/14  04:00:00,2846544.5956399357,1710000.0,1136544.5956399357,0.0,0.0,0.0,1350000.0,0.0,0.0,0.0,-3.550667315721512e-9 
 01/14  05:00:00,2846544.5956399357,1710000.0,1136544.5956399357,0.0,0.0,0.0,1350000.0,0.0,0.0,0.0,1.076841726899147e-9 
 01/14  06:00:00,2846544.5956399357,1710000.0,1136544.5956399357,0.0,0.0,0.0,1350000.0,0.0,0.0,0.0,2.4156179279088974e-9 
 01/14  07:00:00,9221898.692693066,1710000.0,1136544.5956399357,6375354.097053129,5680987.038655864,0.0,1350000.0,7838969.453176064,7838969.453176064,0.0,-3.128661774098873e-9 
 01/14  08:00:00,10353777.48997989,1710000.0,1136544.5956399357,7507232.894339953,6703357.804393894,0.0,1350000.0,8108666.862640323,8108666.862640323,2750606.827071711,-2.219167072325945e-9 
 01/14  09:00:00,36011269.29363632,25732800.0,1136544.5956399357,9141924.69799639,8137243.044035755,0.0,18532800.0,5816679.668594289,5816679.668594289,16192655.035617698,-1.9208528101444244e-9 
 01/14  10:00:00,46689964.20879809,34859520.0,1170963.7298928886,10659480.478905195,9485609.192031333,0.0,18659520.0,3282846.9338533957,3282846.9338533957,26872438.24073517,-5.820766091346741e-9 
 01/14  11:00:00,48470287.9372403,35841600.0,1213897.4442930706,11414790.492947232,10174449.168158978,0.0,19641600.0,638470.8597749565,638470.8597749565,27288290.274998114,-5.122274160385132e-9 
 01/14  12:00:00,44151645.12402617,31422420.0,1257921.1379742385,11471303.98605194,10292245.710532678,0.0,15222420.0,0.0,0.0,24135005.347173482,-6.51925802230835e-9 
 01/14  13:00:00,36043885.98698094,24701760.0,1226760.2909679161,10115365.696013026,9075713.291413426,0.0,8501760.0,0.0,0.0,22226517.605215654,-5.820766091346741e-9 
 01/14  14:00:00,37244118.807701096,25764480.0,1342751.6618677615,10136887.145833334,9216076.690737294,0.0,9564480.0,0.0,0.0,18778558.853224292,-4.190951585769653e-9 
 01/14  15:00:00,36206999.169421434,25027200.0,1374299.8999954297,9805499.269426007,8945099.875241598,0.0,10627200.0,0.0,0.0,18861978.637259133,-4.6566128730773926e-9 
 01/14  16:00:00,33564593.55929856,23227200.0,1292382.0194415613,9045011.539856995,8174588.898405663,0.0,10627200.0,0.0,0.0,16792567.97655145,-4.190951585769653e-9 
 01/14  17:00:00,33463823.189375974,24073200.0,1179554.9749299125,8211068.214446065,7242372.826470805,0.0,15073200.0,855471.2541248647,855471.2541248647,11575357.524749542,-3.958120942115784e-9 
 01/14  18:00:00,45187982.26052399,35524800.0,1162865.647766822,8500316.612757161,7438259.949819834,0.0,26524800.0,2274592.018520922,2274592.018520922,1890233.1152723173,-6.752088665962219e-9 
 01/14  19:00:00,31225528.501352098,21600000.0,1136544.5956399357,8488983.905712161,7403599.665630352,0.0,16200000.0,5686913.757114852,5686913.757114852,0.0,-3.725290298461914e-9 
 01/14  20:00:00,19836944.85956966,10800000.0,1136544.5956399357,7900400.263929723,6934291.536901884,0.0,5400000.0,5326010.016310572,5326010.016310572,0.0,-2.6775524020195007e-9 
 01/14  21:00:00,6896544.595639936,5760000.0,1136544.5956399357,0.0,0.0,0.0,5400000.0,0.0,0.0,0.0,-1.6298145055770874e-9 
 01/14  22:00:00,2846544.5956399357,1710000.0,1136544.5956399357,0.0,0.0,0.0,1350000.0,0.0,0.0,0.0,-1.5133991837501526e-9 
 01/14  23:00:00,2846544.5956399357,1710000.0,1136544.5956399357,0.0,0.0,0.0,1350000.0,0.0,0.0,0.0,-2.2118911147117615e-9 
 01/14  24:00:00,2846544.5956399357,1710000.0,1136544.5956399357,0.0,0.0,0.0,1350000.0,0.0,0.0,0.0,-5.0640664994716644e-9 
 01/15  01:00:00,2846544.5956399357,1710000.0,1136544.5956399357,0.0,0.0,0.0,1350000.0,0.0,0.0,0.0,-4.656612873077393e-10 
 01/15  02:00:00,2846544.5956399357,1710000.0,1136544.5956399357,0.0,0.0,0.0,1350000.0,0.0,0.0,0.0,-9.313225746154785e-10 
 01/15  03:00:00,2846544.5956399357,1710000.0,1136544.5956399357,0.0,0.0,0.0,1350000.0,0.0,0.0,0.0,-6.402842700481415e-10 
 01/15  04:00:00,2846544.5956399357,1710000.0,1136544.5956399357,0.0,0.0,0.0,1350000.0,0.0,0.0,0.0,2.7939677238464355e-9 
 01/15  05:00:00,2846544.5956399357,1710000.0,1136544.5956399357,0.0,0.0,0.0,1350000.0,0.0,0.0,0.0,3.6961864680051804e-9 
 01/15  06:00:00,2846544.5956399357,1710000.0,1136544.5956399357,0.0,0.0,0.0,1350000.0,0.0,0.0,0.0,1.8335413187742233e-9 
 01/15  07:00:00,9001104.819754703,1710000.0,1136544.5956399357,6154560.224114768,5498228.119184079,0.0,1350000.0,7869637.505503698,7869637.505503698,0.0,3.2741809263825417e-9 
 01/15  08:00:00,10025012.80638516,1686240.0,1136544.5956399357,7202228.210745225,6430617.1017631,0.0,1326240.0,7844362.397532003,7844362.397532003,3927610.528790866,-1.5061232261359692e-9 
 01/15  09:00:00,35620952.53419905,25732800.0,1136544.595639936,8751607.938559111,7791854.26207421,0.0,18532800.0,5932805.512482019,5932805.512482019,20012764.233805493,-2.9103830456733704e-9 
 01/15  10:00:00,43553547.481388025,32325300.0,1182629.623686224,10045617.857701808,8945121.752272602,0.0,16125300.0,2649386.475821693,2649386.475821693,26564088.069623217,-1.7462298274040222e-9 
 01/15  11:00:00,41736698.47077449,29556000.0,1210745.1075930675,10969953.363181416,9772871.206187604,0.0,13356000.0,658526.5262435739,658526.5262435739,26601728.25918782,-4.190951585769653e-9 
 01/15  12:00:00,38709892.38427375,26295840.0,1221699.5118438485,11192352.872429902,9987648.029281676,0.0,10095840.0,102814.17710157833,102814.17710157833,23553106.93615015,-7.683411240577698e-9 
 01/15  13:00:00,36434862.73572839,24701760.0,1192155.5295522292,10540947.20617616,9393033.250619344,0.0,8501760.0,609251.0395284237,609251.0395284237,20287734.338741563,-3.259629011154175e-9 
 01/15  14:00:00,37752619.324151665,25764480.0,1298817.8597213686,10689321.464430299,9635631.397427378,0.0,9564480.0,0.0,0.0,20337805.19289223,-6.05359673500061e-9 
 01/15  15:00:00,36844831.33537412,25027200.0,1352699.5731060053,10464931.762268107,9488204.799072746,0.0,10627200.0,0.0,0.0,21133178.394428376,-5.122274160385132e-9 
 01/15  16:00:00,33790156.111180134,23227200.0,1285682.1127160012,9277273.998464134,8356128.471136354,0.0,10627200.0,0.0,0.0,18903307.49480193,-6.05359673500061e-9 
 01/15  17:00:00,35823417.00920437,26740800.0,1169979.1277654325,7912637.881438937,6953826.458624009,0.0,17740800.0,1802816.9591446451,1802816.9591446451,9098359.099682026,-4.889443516731262e-9 
 01/15  18:00:00,44889443.09956175,36000000.0,1158714.7614088655,7730728.338152891,6747049.154627832,0.0,27000000.0,2852014.493548468,2852014.493548468,1899455.137897658,-4.190951585769653e-9 
 01/15  19:00:00,30544852.56383332,21600000.0,1136544.5956399357,7808307.968193385,6804259.234630564,0.0,16200000.0,5740217.024966914,5740217.024966914,0.0,9.313225746154785e-10 
 01/15  20:00:00,19761182.719360225,10800000.0,1136544.5956399357,7824638.12372029,6873178.9517757,0.0,5400000.0,5346816.33711683,5346816.33711683,0.0,-4.656612873077393e-10 
 01/15  21:00:00,6896544.595639936,5760000.0,1136544.5956399357,0.0,0.0,0.0,5400000.0,0.0,0.0,0.0,-4.889443516731262e-9 
 01/15  22:00:00,2846544.5956399357,1710000.0,1136544.5956399357,0.0,0.0,0.0,1350000.0,0.0,0.0,0.0,-4.6566128730773926e-9 
 01/15  23:00:00,2846544.5956399357,1710000.0,1136544.5956399357,0.0,0.0,0.0,1350000.0,0.0,0.0,0.0,4.656612873077393e-10 
 01/15  24:00:00,2846544.5956399357,1710000.0,1136544.5956399357,0.0,0.0,0.0,1350000.0,0.0,0.0,0.0,-4.0745362639427185e-10 
 01/16  01:00:00,2846544.5956399357,1710000.0,1136544.5956399357,0.0,0.0,0.0,1350000.0,0.0,0.0,0.0,9.313225746154785e-10 
 01/16  02:00:00,2846544.5956399357,1710000.0,1136544.5956399357,0.0,0.0,0.0,1350000.0,0.0,0.0,0.0,-1.1059455573558807e-9 
 01/16  03:00:00,2846544.5956399357,1710000.0,1136544.5956399357,0.0,0.0,0.0,1350000.0,0.0,0.0,0.0,-2.3283064365386963e-10 
 01/16  04:00:00,2846544.5956399357,1710000.0,1136544.5956399357,0.0,0.0,0.0,1350000.0,0.0,0.0,0.0,-2.0372681319713593e-10 
 01/16  05:00:00,2846544.5956399357,1710000.0,1136544.5956399357,0.0,0.0,0.0,1350000.0,0.0,0.0,0.0,-4.307366907596588e-9 
 01/16  06:00:00,2846544.5956399357,1710000.0,1136544.5956399357,0.0,0.0,0.0,1350000.0,0.0,0.0,0.0,6.693881005048752e-10 
 01/16  07:00:00,9389221.519685872,1710000.0,1136544.5956399357,6542676.924045936,5840551.299899804,0.0,1350000.0,6821241.972275643,6821241.972275643,40244.89095488642,2.6193447411060333e-10 
 01/16  08:00:00,10591372.266689863,1686240.0,1136544.5956399357,7768587.6710499255,6927534.655544216,0.0,1326240.0,7217975.712701272,7217975.712701272,3678406.2479988607,-1.1859810911118984e-9 
 01/16  09:00:00,35384992.544355534,24504840.0,1136544.5956399357,9743607.9487156,8660234.936733,0.0,17304840.0,5889042.261802872,5889042.261802872,17392704.86888947,-3.899913281202316e-9 
 01/16  10:00:00,43931936.015606135,31480560.0,1165408.4864267763,11285967.529179351,10027620.56925747,0.0,15280560.0,3613520.0435363213,3613520.0435363213,24476550.62986683,-1.7462298274040222e-9 
 01/16  11:00:00,45193887.50001997,31809600.0,1204036.4398385661,12180251.060181407,10832029.332296748,0.0,15609600.0,1009342.1769694013,1009342.1769694013,26698472.60450019,-3.259629011154175e-9 
 01/16  12:00:00,40340629.30439816,27140580.0,1209208.5054638556,11990840.7989343,10671035.269801412,0.0,10940580.0,286178.6921052326,286178.6921052326,23710426.86350415,-4.190951585769653e-9 
 01/16  13:00:00,37344036.90803042,24701760.0,1184497.566526235,11457779.341504183,10188123.331864458,0.0,8501760.0,1122844.4615811117,1122844.4615811117,20564434.796338588,-3.259629011154175e-9 
 01/16  14:00:00,38261737.412511796,25764480.0,1270944.823150215,11226312.589361582,10066868.268256452,0.0,9564480.0,0.0,0.0,19428181.386312038,-7.2177499532699585e-9 
 01/16  15:00:00,37184692.766356304,25027200.0,1299174.2712805849,10858318.495075712,9771164.854800893,0.0,10627200.0,0.0,0.0,18273663.82842108,-4.423782229423523e-9 
 01/16  16:00:00,35556049.8898015,25005600.0,1216776.8494747228,9333673.040326778,8281306.366500408,0.0,12405600.0,0.0,0.0,12991120.339556469,-4.423782229423523e-9 
 01/16  17:00:00,30217967.74056607,20516400.0,1158650.3633576613,8542917.37720841,7496971.430872697,0.0,11516400.0,3063335.3960684976,3063335.3960684976,16808682.051079407,-2.0954757928848267e-9 
 01/16  18:00:00,42849676.31179157,33685200.0,1157783.9297418878,8006692.382049684,7003719.6453325935,0.0,24685200.0,3075767.2425941713,3075767.2425941713,5178323.85955088,-3.725290298461914e-9 
 01/16  19:00:00,30511180.81618662,21600000.0,1136544.5956399357,7774636.220546685,6785724.708788309,0.0,16200000.0,5670984.455383115,5670984.455383115,0.0,-4.190951585769653e-9 
 01/16  20:00:00,19413544.123620905,10800000.0,1136544.5956399357,7476999.527980965,6578044.714426914,0.0,5400000.0,5319835.926086395,5319835.926086395,0.0,-2.6775524020195007e-9 
 01/16  21:00:00,6896544.595639936,5760000.0,1136544.5956399357,0.0,0.0,0.0,5400000.0,0.0,0.0,0.0,-3.6088749766349792e-9 
 01/16  22:00:00,2846544.5956399357,1710000.0,1136544.5956399357,0.0,0.0,0.0,1350000.0,0.0,0.0,0.0,-1.6298145055770874e-9 
 01/16  23:00:00,2846544.5956399357,1710000.0,1136544.5956399357,0.0,0.0,0.0,1350000.0,0.0,0.0,0.0,-3.4924596548080444e-9 
 01/16  24:00:00,2846544.5956399357,1710000.0,1136544.5956399357,0.0,0.0,0.0,1350000.0,0.0,0.0,0.0,-1.9208528101444244e-9 
 01/17  01:00:00,2846544.5956399357,1710000.0,1136544.5956399357,0.0,0.0,0.0,1350000.0,0.0,0.0,0.0,6.984919309616089e-10 
 01/17  02:00:00,2846544.5956399357,1710000.0,1136544.5956399357,0.0,0.0,0.0,1350000.0,0.0,0.0,0.0,1.1641532182693481e-9 
 01/17  03:00:00,2846544.5956399357,1710000.0,1136544.5956399357,0.0,0.0,0.0,1350000.0,0.0,0.0,0.0,1.1059455573558807e-9 
 01/17  04:00:00,2846544.5956399357,1710000.0,1136544.5956399357,0.0,0.0,0.0,1350000.0,0.0,0.0,0.0,1.7171259969472885e-9 
 01/17  05:00:00,2846544.5956399357,1710000.0,1136544.5956399357,0.0,0.0,0.0,1350000.0,0.0,0.0,0.0,4.0745362639427185e-10 
 01/17  06:00:00,2846544.5956399357,1710000.0,1136544.5956399357,0.0,0.0,0.0,1350000.0,0.0,0.0,0.0,-1.4842953532934189e-9 
 01/17  07:00:00,9952142.63558146,1710000.0,1136544.5956399357,7105598.039941525,6337307.248345082,0.0,1350000.0,5513671.250339678,5513671.250339678,40244.6300484214,-3.4924596548080444e-10 
 01/17  08:00:00,10792538.958941424,1686240.0,1136544.5956399357,7969754.363301489,7108202.850569114,0.0,1326240.0,6626930.002626712,6626930.002626712,3885318.898087523,-3.1868694350123405e-9 
 01/17  09:00:00,35068191.086187944,24504840.0,1136544.595639936,9426806.490548007,8387448.192089876,0.0,17304840.0,6362130.540033157,6362130.540033157,19033584.706696294,-1.0477378964424133e-9 
 01/17  10:00:00,42578994.92209483,31029120.0,1174396.3042373096,10375478.61785752,9236033.303003147,0.0,14829120.0,3170436.604009589,3170436.604009589,25007124.42426607,-2.9103830456733704e-9 
 01/17  11:00:00,40931633.818623476,28605600.0,1205529.4431246328,11120504.375498839,9902195.479661942,0.0,12405600.0,918345.4421037034,918345.4421037034,26073544.318367578,-3.958120942115784e-9 
 01/17  12:00:00,38517391.62374912,26295840.0,1206140.6709356871,11015410.95281344,9804558.986040602,0.0,10095840.0,357159.39757297584,357159.39757297584,23669838.849694975,-3.958120942115784e-9 
 01/17  13:00:00,36612215.39755241,24701760.0,1182396.4535804437,10728058.943971965,9534132.278032022,0.0,8501760.0,1367178.9709582583,1367178.9709582583,21160209.21792777,-1.6298145055770874e-9 
 01/17  14:00:00,38024555.36388031,25764480.0,1259760.7030294444,11000314.660850858,9838864.984474313,0.0,9564480.0,0.0,0.0,20636810.62318939,-5.820766091346741e-9 
 01/17  15:00:00,37559380.992605835,25027200.0,1291401.1316846337,11240779.860921212,10088744.575760197,0.0,10627200.0,0.0,0.0,19431391.95932746,-1.1641532182693481e-9 
 01/17  16:00:00,34407695.1833733,23227200.0,1224457.7603625397,9956037.42301076,8831366.280029204,0.0,10627200.0,0.0,0.0,16444317.578124631,-2.0954757928848267e-9 
 01/17  17:00:00,30615100.247091096,20516400.0,1167056.4429004986,8931643.804190598,7846078.533808903,0.0,11516400.0,2239784.0526978644,2239784.0526978644,18727119.94938136,-2.0954757928848267e-9 
 01/17  18:00:00,42872142.057347104,33685200.0,1162919.596607932,8024022.46073917,7021330.594721307,0.0,24685200.0,2561849.5909743384,2561849.5909743384,5537731.202026858,-2.561137080192566e-9 
 01/17  19:00:00,30163408.654153824,21600000.0,1136544.5956399357,7426864.058513888,6476569.752631612,0.0,16200000.0,5831910.712478628,5831910.712478628,0.0,-3.026798367500305e-9 
 01/17  20:00:00,18766202.75341672,10800000.0,1136544.5956399357,6829658.157776784,6003424.8552664295,0.0,5400000.0,5382847.895588238,5382847.895588238,0.0,-2.0954757928848267e-9 
 01/17  21:00:00,6896544.595639936,5760000.0,1136544.5956399357,0.0,0.0,0.0,5400000.0,0.0,0.0,0.0,-1.1641532182693481e-10 
 01/17  22:00:00,2846544.5956399357,1710000.0,1136544.5956399357,0.0,0.0,0.0,1350000.0,0.0,0.0,0.0,2.3283064365386963e-10 
 01/17  23:00:00,2846544.5956399357,1710000.0,1136544.5956399357,0.0,0.0,0.0,1350000.0,0.0,0.0,0.0,-6.984919309616089e-10 
 01/17  24:00:00,2846544.5956399357,1710000.0,1136544.5956399357,0.0,0.0,0.0,1350000.0,0.0,0.0,0.0,-2.9103830456733704e-9 
 01/18  01:00:00,2846544.5956399357,1710000.0,1136544.5956399357,0.0,0.0,0.0,1350000.0,0.0,0.0,0.0,4.0745362639427185e-10 
 01/18  02:00:00,2846544.5956399357,1710000.0,1136544.5956399357,0.0,0.0,0.0,1350000.0,0.0,0.0,0.0,5.820766091346741e-10 
 01/18  03:00:00,2846544.5956399357,1710000.0,1136544.5956399357,0.0,0.0,0.0,1350000.0,0.0,0.0,0.0,-4.016328603029251e-9 
 01/18  04:00:00,2846544.5956399357,1710000.0,1136544.5956399357,0.0,0.0,0.0,1350000.0,0.0,0.0,0.0,-1.4260876923799515e-9 
 01/18  05:00:00,2846544.5956399357,1710000.0,1136544.5956399357,0.0,0.0,0.0,1350000.0,0.0,0.0,0.0,-6.984919309616089e-10 
 01/18  06:00:00,2846544.5956399357,1710000.0,1136544.5956399357,0.0,0.0,0.0,1350000.0,0.0,0.0,0.0,1.3387762010097504e-9 
 01/18  07:00:00,9207989.252836676,1710000.0,1136544.5956399357,6361444.657196741,5676415.878630291,0.0,1350000.0,6393136.245137275,6393136.245137275,0.0,-9.604264050722122e-10 
 01/18  08:00:00,10114267.552329294,1710000.0,1136544.5956399357,7267722.95668936,6480496.547187971,0.0,1350000.0,7320495.656147119,7320495.656147119,2475722.184535172,-1.3969838619232178e-9 
 01/18  09:00:00,35558114.13609734,25732800.0,1136544.5956399357,8688769.540457401,7724785.252082594,0.0,18532800.0,5763609.577498845,5763609.577498845,14123243.83521063,-6.984919309616089e-9 
 01/18  10:00:00,41702319.48016037,30577680.0,1154082.6648997972,9970556.815260574,8856772.638696104,0.0,14377680.0,4225998.705843809,4225998.705843809,23461069.670303497,-5.471520125865936e-9 
 01/18  11:00:00,38865989.179022685,26827200.0,1178001.1827905443,10860787.996232145,9653598.638267044,0.0,10627200.0,2461476.0818985812,2461476.0818985812,23028881.085427143,-3.026798367500305e-9 
 01/18  12:00:00,38492159.73152014,26295840.0,1188617.265615466,11007702.465904672,9793194.046622805,0.0,10095840.0,1410876.0905430675,1410876.0905430675,23619523.32132462,-4.6566128730773926e-9 
 01/18  13:00:00,36474072.00477159,24701760.0,1173030.7628510706,10599281.241920516,9434306.575433064,0.0,8501760.0,2188748.5526934476,2188748.5526934476,20673937.38320297,-7.683411240577698e-9 
 01/18  14:00:00,37333852.84131678,25764480.0,1239026.3269236975,10330346.514393091,9242112.078752175,0.0,9564480.0,94780.60172845305,94780.60172845305,18773473.870305836,-1.862645149230957e-9 
 01/18  15:00:00,36850622.446154855,25027200.0,1327327.1517948217,10496095.294360034,9486140.846285239,0.0,10627200.0,0.0,0.0,21774926.80406829,-5.820766091346741e-9 
 01/18  16:00:00,34127201.22534561,23227200.0,1294746.7709876718,9605254.454357935,8654223.878244411,0.0,10627200.0,0.0,0.0,21642861.478187487,-6.752088665962219e-9 
 01/18  17:00:00,33154478.09115902,24073200.0,1176240.8655703876,7905037.225588631,6954814.429865431,0.0,15073200.0,1244424.254519416,1244424.254519416,11959677.685443066,-4.190951585769653e-9 
 01/18  18:00:00,42707901.43481421,34099200.0,1172148.2698542739,7436553.164959934,6501039.066447467,0.0,25099200.0,1461677.107411276,1461677.107411276,6363538.124721203,-2.561137080192566e-9 
 01/18  19:00:00,29930106.342088543,21600000.0,1136544.5956399357,7193561.746448608,6265074.8485191045,0.0,16200000.0,5832045.1917714365,5832045.1917714365,0.0,2.3283064365386963e-10 
 01/18  20:00:00,18732760.227195032,10800000.0,1136544.5956399357,6796215.631555094,5966682.704958892,0.0,5400000.0,5379132.591656772,5379132.591656772,0.0,-1.5133991837501526e-9 
 01/18  21:00:00,6896544.595639936,5760000.0,1136544.5956399357,0.0,0.0,0.0,5400000.0,0.0,0.0,0.0,-4.540197551250458e-9 
 01/18  22:00:00,2846544.5956399357,1710000.0,1136544.5956399357,0.0,0.0,0.0,1350000.0,0.0,0.0,0.0,-4.656612873077393e-10 
 01/18  23:00:00,2846544.5956399357,1710000.0,1136544.5956399357,0.0,0.0,0.0,1350000.0,0.0,0.0,0.0,0.0 
 01/18  24:00:00,2846544.5956399357,1710000.0,1136544.5956399357,0.0,0.0,0.0,1350000.0,0.0,0.0,0.0,-2.5029294192790985e-9 
 01/19  01:00:00,6086544.595639936,4950000.0,1136544.5956399357,0.0,0.0,0.0,1350000.0,0.0,0.0,0.0,-2.444721758365631e-9 
 01/19  02:00:00,6086544.595639936,4950000.0,1136544.5956399357,0.0,0.0,0.0,1350000.0,0.0,0.0,0.0,-1.7462298274040222e-10 
 01/19  03:00:00,6086544.595639936,4950000.0,1136544.5956399357,0.0,0.0,0.0,1350000.0,0.0,0.0,0.0,-5.296897143125534e-9 
 01/19  04:00:00,6086544.595639936,4950000.0,1136544.5956399357,0.0,0.0,0.0,1350000.0,0.0,0.0,0.0,0.0 
 01/19  05:00:00,6086544.595639936,4950000.0,1136544.5956399357,0.0,0.0,0.0,1350000.0,0.0,0.0,0.0,-1.1059455573558807e-9 
 01/19  06:00:00,6086544.595639936,4950000.0,1136544.5956399357,0.0,0.0,0.0,1350000.0,0.0,0.0,0.0,-1.6880221664905548e-9 
 01/19  07:00:00,6086544.595639936,4950000.0,1136544.5956399357,0.0,0.0,0.0,1350000.0,0.0,0.0,50340.33988627352,1.3387762010097504e-9 
 01/19  08:00:00,6086544.595639936,4950000.0,1136544.5956399357,0.0,0.0,0.0,1350000.0,0.0,0.0,2436989.8170219082,-2.2118911147117615e-9 
 01/19  09:00:00,5766144.595639936,4629600.0,1136544.5956399357,0.0,0.0,0.0,1029600.0,0.0,0.0,14508712.396274598,-2.7939677238464355e-9 
 01/19  10:00:00,5718624.595639936,4582080.0,1136544.595639936,0.0,0.0,0.0,982080.0,0.0,0.0,26727452.08405307,2.9103830456733704e-10 
 01/19  11:00:00,5629704.595639936,4493160.0,1136544.5956399357,0.0,0.0,0.0,893160.0,0.0,0.0,27397109.977410145,-1.979060471057892e-9 
 01/19  12:00:00,5356824.595639936,4220280.0,1136544.5956399357,0.0,0.0,0.0,620280.0,0.0,0.0,24101813.699498158,-5.820766091346741e-10 
 01/19  13:00:00,5267904.595639936,4131360.0,1136544.5956399357,0.0,0.0,0.0,531360.0,0.0,0.0,22453304.26994098,-1.7462298274040222e-9 
 01/19  14:00:00,5267904.595639936,4131360.0,1136544.5956399357,0.0,0.0,0.0,531360.0,0.0,0.0,21118483.283901792,-2.7939677238464355e-9 
 01/19  15:00:00,5267904.595639936,4131360.0,1136544.5956399357,0.0,0.0,0.0,531360.0,0.0,0.0,21499498.62045444,2.0954757928848267e-9 
 01/19  16:00:00,5267904.595639936,4131360.0,1136544.5956399357,0.0,0.0,0.0,531360.0,0.0,0.0,17642667.45113453,-1.6298145055770874e-9 
 01/19  17:00:00,5445744.595639936,4309200.0,1136544.5956399357,0.0,0.0,0.0,709200.0,0.0,0.0,13210543.477868052,-4.889443516731262e-9 
 01/19  18:00:00,6015264.595639936,4878720.0,1136544.5956399357,0.0,0.0,0.0,1278720.0,0.0,0.0,5823289.684276253,-2.7939677238464355e-9 
 01/19  19:00:00,6086544.595639936,4950000.0,1136544.5956399357,0.0,0.0,0.0,1350000.0,0.0,0.0,0.0,-4.423782229423523e-9 
 01/19  20:00:00,6086544.595639936,4950000.0,1136544.5956399357,0.0,0.0,0.0,1350000.0,0.0,0.0,0.0,-7.334165275096893e-9 
 01/19  21:00:00,6086544.595639936,4950000.0,1136544.5956399357,0.0,0.0,0.0,1350000.0,0.0,0.0,0.0,-2.0954757928848267e-9 
 01/19  22:00:00,6086544.595639936,4950000.0,1136544.5956399357,0.0,0.0,0.0,1350000.0,0.0,0.0,0.0,-3.6088749766349792e-9 
 01/19  23:00:00,6086544.595639936,4950000.0,1136544.5956399357,0.0,0.0,0.0,1350000.0,0.0,0.0,0.0,1.5133991837501526e-9 
 01/19  24:00:00,6086544.595639936,4950000.0,1136544.5956399357,0.0,0.0,0.0,1350000.0,0.0,0.0,0.0,-3.550667315721512e-9 
 01/20  01:00:00,6086544.595639936,4950000.0,1136544.5956399357,0.0,0.0,0.0,1350000.0,0.0,0.0,0.0,-2.270098775625229e-9 
 01/20  02:00:00,6086544.595639936,4950000.0,1136544.5956399357,0.0,0.0,0.0,1350000.0,0.0,0.0,0.0,1.7462298274040222e-9 
 01/20  03:00:00,6086544.595639936,4950000.0,1136544.5956399357,0.0,0.0,0.0,1350000.0,0.0,0.0,0.0,-2.153683453798294e-9 
 01/20  04:00:00,6086544.595639936,4950000.0,1136544.5956399357,0.0,0.0,0.0,1350000.0,0.0,0.0,0.0,-1.8044374883174896e-9 
 01/20  05:00:00,6086544.595639936,4950000.0,1136544.5956399357,0.0,0.0,0.0,1350000.0,0.0,0.0,0.0,-3.550667315721512e-9 
 01/20  06:00:00,6086544.595639936,4950000.0,1136544.5956399357,0.0,0.0,0.0,1350000.0,0.0,0.0,0.0,6.984919309616089e-10 
 01/20  07:00:00,6086544.595639936,4950000.0,1136544.5956399357,0.0,0.0,0.0,1350000.0,0.0,0.0,456466.6770302426,2.3283064365386963e-9 
 01/20  08:00:00,6086544.595639936,4950000.0,1136544.5956399357,0.0,0.0,0.0,1350000.0,0.0,0.0,6992811.065647166,-3.055902197957039e-9 
 01/20  09:00:00,5858124.595639936,4721580.0,1136544.5956399357,0.0,0.0,0.0,1121580.0,0.0,0.0,24785160.03598144,-5.326000973582268e-9 
 01/20  10:00:00,5697924.595639936,4561380.0,1136544.5956399357,0.0,0.0,0.0,961380.0,0.0,0.0,26967874.74335042,-9.89530235528946e-10 
 01/20  11:00:00,5721684.595639936,4585140.0,1136544.5956399357,0.0,0.0,0.0,985140.0,0.0,0.0,28420107.26508133,-2.0954757928848267e-9 
 01/20  12:00:00,5357042.264344351,4220280.0,1136762.2643443514,0.0,0.0,0.0,620280.0,0.0,0.0,23737308.60551749,-1.280568540096283e-9 
 01/20  13:00:00,5425044.595639936,4288500.0,1136544.5956399357,0.0,0.0,0.0,688500.0,0.0,0.0,18753076.82468556,-6.28642737865448e-9 
 01/20  14:00:00,5267904.595639936,4131360.0,1136544.5956399357,0.0,0.0,0.0,531360.0,0.0,0.0,18742853.579799157,-5.3551048040390015e-9 
 01/20  15:00:00,5267904.595639936,4131360.0,1136544.5956399357,0.0,0.0,0.0,531360.0,0.0,0.0,21659513.583526786,-8.847564458847046e-9 
 01/20  16:00:00,5267904.595639936,4131360.0,1136544.5956399357,0.0,0.0,0.0,531360.0,0.0,0.0,21727344.79035526,-5.3551048040390015e-9 
 01/20  17:00:00,5312364.595639936,4175820.0,1136544.5956399357,0.0,0.0,0.0,575820.0,0.0,0.0,17733157.117835134,-5.3551048040390015e-9 
 01/20  18:00:00,6015264.595639936,4878720.0,1136544.5956399357,0.0,0.0,0.0,1278720.0,0.0,0.0,3684269.497222205,2.3283064365386963e-9 
 01/20  19:00:00,6086544.595639936,4950000.0,1136544.5956399357,0.0,0.0,0.0,1350000.0,0.0,0.0,0.0,-2.7939677238464355e-9 
 01/20  20:00:00,6086544.595639936,4950000.0,1136544.5956399357,0.0,0.0,0.0,1350000.0,0.0,0.0,0.0,-3.725290298461914e-9 
 01/20  21:00:00,6086544.595639936,4950000.0,1136544.5956399357,0.0,0.0,0.0,1350000.0,0.0,0.0,0.0,-5.820766091346741e-10 
 01/20  22:00:00,6086544.595639936,4950000.0,1136544.5956399357,0.0,0.0,0.0,1350000.0,0.0,0.0,0.0,0.0 
 01/20  23:00:00,6086544.595639936,4950000.0,1136544.5956399357,0.0,0.0,0.0,1350000.0,0.0,0.0,0.0,-2.561137080192566e-9 
 01/20  24:00:00,6086544.595639936,4950000.0,1136544.5956399357,0.0,0.0,0.0,1350000.0,0.0,0.0,0.0,-3.4924596548080444e-9 
 01/21  01:00:00,2846544.5956399357,1710000.0,1136544.5956399357,0.0,0.0,0.0,1350000.0,0.0,0.0,0.0,-9.313225746154785e-10 
 01/21  02:00:00,2846544.5956399357,1710000.0,1136544.5956399357,0.0,0.0,0.0,1350000.0,0.0,0.0,0.0,2.852175384759903e-9 
 01/21  03:00:00,2846544.5956399357,1710000.0,1136544.5956399357,0.0,0.0,0.0,1350000.0,0.0,0.0,0.0,1.2223608791828156e-9 
 01/21  04:00:00,2846544.5956399357,1710000.0,1136544.5956399357,0.0,0.0,0.0,1350000.0,0.0,0.0,0.0,-6.984919309616089e-10 
 01/21  05:00:00,2846544.5956399357,1710000.0,1136544.5956399357,0.0,0.0,0.0,1350000.0,0.0,0.0,0.0,-4.598405212163925e-9 
 01/21  06:00:00,2846544.5956399357,1710000.0,1136544.5956399357,0.0,0.0,0.0,1350000.0,0.0,0.0,0.0,-1.949956640601158e-9 
 01/21  07:00:00,8839556.462991992,1710000.0,1136544.5956399357,5993011.867352055,5361567.534580837,0.0,1350000.0,7350427.789047793,7350427.789047793,499392.63749582204,-1.2951204553246498e-9 
 01/21  08:00:00,9671295.652209254,1710000.0,1136544.5956399357,6824751.056569316,6106872.372249759,0.0,1350000.0,6071425.255960972,6071425.255960972,7209885.282815628,-2.939486876130104e-9 
 01/21  09:00:00,37267062.65133772,28188720.0,1144582.3367900457,7933760.314547678,7086710.732356417,0.0,20988720.0,5748179.5362638235,5748179.5362638235,25509200.142844714,-2.0954757928848267e-9 
 01/21  10:00:00,48056781.362863064,38354760.0,1208164.6197897051,8493856.743073355,7597319.161615528,0.0,22154760.0,1303688.3219354248,1303688.3219354248,29984159.06220563,-1.5133991837501526e-9 
 01/21  11:00:00,47820032.892207146,37742400.0,1244214.0202954467,8833418.871911705,7937458.410892058,0.0,21542400.0,233233.25483664137,233233.25483664137,27668525.96134776,-5.587935447692871e-9 
 01/21  12:00:00,43706663.06867953,33170040.0,1330310.4494534899,9206312.619226033,8374050.81840638,0.0,16970040.0,0.0,0.0,23472775.397468638,-2.561137080192566e-9 
 01/21  13:00:00,35183697.34132499,25413120.0,1268052.6303811914,8502524.710943803,7697437.060390068,0.0,9213120.0,0.0,0.0,19855861.896914408,-6.28642737865448e-9 
 01/21  14:00:00,36699479.89143503,25764480.0,1410321.6371089497,9524678.254326079,8726782.411371537,0.0,9564480.0,0.0,0.0,20692894.664201617,-6.28642737865448e-9 
 01/21  15:00:00,36401528.37283975,25027200.0,1438060.8073642869,9936267.565475468,9115342.648907807,0.0,10627200.0,0.0,0.0,21337937.153688353,-2.561137080192566e-9 
 01/21  16:00:00,33774199.51637513,23227200.0,1344272.377675362,9202727.13869977,8371116.482729292,0.0,10627200.0,0.0,0.0,20251244.862488817,-2.7939677238464355e-9 
 01/21  17:00:00,32090733.092488106,23184000.0,1197778.9553321693,7708954.137155941,6843425.19442131,0.0,14184000.0,196197.02443166566,196197.02443166566,12356398.424851732,-2.3283064365386963e-10 
 01/21  18:00:00,41761255.6268529,33210000.0,1177916.7117718991,7373338.915081,6463943.219720481,0.0,24210000.0,797575.9576559264,797575.9576559264,6572901.390671874,-3.026798367500305e-9 
 01/21  19:00:00,29958001.94908818,21600000.0,1136544.5956399357,7221457.35344824,6292183.452033956,0.0,16200000.0,5908725.693714853,5908725.693714853,0.0,-2.0954757928848267e-9 
 01/21  20:00:00,18763976.46212011,10800000.0,1136544.5956399357,6827431.866480173,5993222.635891639,0.0,5400000.0,5417958.273428391,5417958.273428391,0.0,9.313225746154785e-10 
 01/21  21:00:00,6896544.595639936,5760000.0,1136544.5956399357,0.0,0.0,0.0,5400000.0,0.0,0.0,0.0,-3.6088749766349792e-9 
 01/21  22:00:00,2846544.5956399357,1710000.0,1136544.5956399357,0.0,0.0,0.0,1350000.0,0.0,0.0,0.0,-5.820766091346741e-10 
 01/21  23:00:00,2846544.5956399357,1710000.0,1136544.5956399357,0.0,0.0,0.0,1350000.0,0.0,0.0,0.0,0.0 
 01/21  24:00:00,2846544.5956399357,1710000.0,1136544.5956399357,0.0,0.0,0.0,1350000.0,0.0,0.0,0.0,-1.280568540096283e-9 
 01/22  01:00:00,2846544.5956399357,1710000.0,1136544.5956399357,0.0,0.0,0.0,1350000.0,0.0,0.0,0.0,-4.48198989033699e-9 
 01/22  02:00:00,2846544.5956399357,1710000.0,1136544.5956399357,0.0,0.0,0.0,1350000.0,0.0,0.0,0.0,-1.1641532182693481e-9 
 01/22  03:00:00,2846544.5956399357,1710000.0,1136544.5956399357,0.0,0.0,0.0,1350000.0,0.0,0.0,0.0,3.3178366720676422e-9 
 01/22  04:00:00,2846544.5956399357,1710000.0,1136544.5956399357,0.0,0.0,0.0,1350000.0,0.0,0.0,0.0,1.5133991837501526e-9 
 01/22  05:00:00,2846544.5956399357,1710000.0,1136544.5956399357,0.0,0.0,0.0,1350000.0,0.0,0.0,0.0,-1.5425030142068863e-9 
 01/22  06:00:00,2846544.5956399357,1710000.0,1136544.5956399357,0.0,0.0,0.0,1350000.0,0.0,0.0,0.0,3.5797711461782455e-9 
 01/22  07:00:00,9774441.820586666,1710000.0,1136544.5956399357,6927897.224946731,6181283.477372195,0.0,1350000.0,5973145.3619546415,5973145.3619546415,298543.21942574414,3.7834979593753815e-10 
 01/22  08:00:00,10923242.515138583,1686240.0,1136544.5956399357,8100457.9194986485,7226188.773721231,0.0,1326240.0,5461055.125890984,5461055.125890984,5233607.462176252,-7.275957614183426e-11 
 01/22  09:00:00,35708459.64184705,24932520.0,1136544.595639936,9639395.04620712,8578357.866545098,0.0,17732520.0,6621238.180575574,6621238.180575574,18131570.484771624,-3.14321368932724e-9 
 01/22  10:00:00,42490246.17867293,30577680.0,1157312.3060797655,10755253.872593168,9575719.234329604,0.0,14377680.0,4218852.420424391,4218852.420424391,20290152.52620693,-2.2118911147117615e-9 
 01/22  11:00:00,42358715.339003734,29494800.0,1195966.2407616922,11667949.098242043,10397005.96003582,0.0,13294800.0,1379437.4443404186,1379437.4443404186,25559050.764909506,-4.6566128730773926e-9 
 01/22  12:00:00,39441617.30691076,26295840.0,1211781.4372629079,11933995.869647855,10638630.767179795,0.0,10095840.0,312188.6118057544,312188.6118057544,23682137.06846127,-6.752088665962219e-9 
 01/22  13:00:00,37743882.36032178,24701760.0,1190117.9115604258,11852004.448761359,10544358.72221285,0.0,8501760.0,714434.498015063,714434.498015063,20958372.89447884,2.3283064365386963e-10 
 01/22  14:00:00,39678531.56986536,25764480.0,1278809.2715836882,12635242.298281673,11330454.548168704,0.0,9564480.0,0.0,0.0,18960977.992979072,-7.2177499532699585e-9 
 01/22  15:00:00,41621356.36610482,27694800.0,1281963.4970910961,12644592.869013721,11339430.82387097,0.0,13294800.0,0.0,0.0,14042888.016659187,-3.725290298461914e-9 
 01/22  16:00:00,42837921.95726639,29988000.0,1223193.4586148984,11626728.49865149,10309283.287645053,0.0,17388000.0,0.0,0.0,10659352.505492862,-3.4924596548080444e-9 
 01/22  17:00:00,39708824.94900593,27691200.0,1149807.679501882,10867817.269504044,9538722.766496843,0.0,18691200.0,4175296.2832557512,4175296.2832557512,7800819.338333671,-5.3551048040390015e-9 
 01/22  18:00:00,42182079.09379738,30895200.0,1167990.710500448,10118888.383296926,8868225.76224655,0.0,21895200.0,2035568.6749897895,2035568.6749897895,12475820.141263064,-6.984919309616089e-10 
 01/22  19:00:00,32322782.73483934,21600000.0,1136544.5956399357,9586238.139199402,8389151.128921371,0.0,16200000.0,5636360.202008829,5636360.202008829,0.0,-4.190951585769653e-9 
 01/22  20:00:00,20925113.626716398,10800000.0,1136544.5956399357,8988569.03107646,7920671.4491213625,0.0,5400000.0,5307929.383889135,5307929.383889135,0.0,2.3283064365386963e-10 
 01/22  21:00:00,6896544.595639936,5760000.0,1136544.5956399357,0.0,0.0,0.0,5400000.0,0.0,0.0,0.0,-1.979060471057892e-9 
 01/22  22:00:00,2846544.5956399357,1710000.0,1136544.5956399357,0.0,0.0,0.0,1350000.0,0.0,0.0,0.0,-2.561137080192566e-9 
 01/22  23:00:00,2846544.5956399357,1710000.0,1136544.5956399357,0.0,0.0,0.0,1350000.0,0.0,0.0,0.0,-1.3969838619232178e-9 
 01/22  24:00:00,2846544.5956399357,1710000.0,1136544.5956399357,0.0,0.0,0.0,1350000.0,0.0,0.0,0.0,-5.3551048040390015e-9 
 01/23  01:00:00,2846544.5956399357,1710000.0,1136544.5956399357,0.0,0.0,0.0,1350000.0,0.0,0.0,0.0,2.3865140974521637e-9 
 01/23  02:00:00,2846544.5956399357,1710000.0,1136544.5956399357,0.0,0.0,0.0,1350000.0,0.0,0.0,0.0,-1.3387762010097504e-9 
 01/23  03:00:00,2846544.5956399357,1710000.0,1136544.5956399357,0.0,0.0,0.0,1350000.0,0.0,0.0,0.0,-9.89530235528946e-10 
 01/23  04:00:00,2846544.5956399357,1710000.0,1136544.5956399357,0.0,0.0,0.0,1350000.0,0.0,0.0,0.0,1.6298145055770874e-9 
 01/23  05:00:00,2846544.5956399357,1710000.0,1136544.5956399357,0.0,0.0,0.0,1350000.0,0.0,0.0,0.0,-1.076841726899147e-9 
 01/23  06:00:00,2846544.5956399357,1710000.0,1136544.5956399357,0.0,0.0,0.0,1350000.0,0.0,0.0,0.0,-2.1245796233415604e-9 
 01/23  07:00:00,11744405.222108126,1710000.0,1136544.5956399357,8897860.62646819,7921482.321695536,0.0,1350000.0,3492465.3864234295,3492465.3864234295,40244.03439340385,-1.8917489796876907e-10 
 01/23  08:00:00,12986948.79785675,1686240.0,1136544.5956399357,10164164.202216813,9040513.730851483,0.0,1326240.0,3067383.450317282,3067383.450317282,3829699.031214169,-1.3096723705530167e-9 
 01/23  09:00:00,38213919.33145456,25305120.0,1136544.595639936,11772254.735814625,10456782.947630737,0.0,18105120.0,7708444.859328145,7708444.859328145,18441794.590813056,-2.852175384759903e-9 
 01/23  10:00:00,44559496.83936723,31029120.0,1175852.558921298,12354524.280445933,10985609.92376332,0.0,14829120.0,3290518.8419302534,3290518.8419302534,24994842.24631482,-2.0954757928848267e-9 
 01/23  11:00:00,41305440.691076055,27716400.0,1200327.1525144726,12388713.538561577,11028057.044346295,0.0,11516400.0,1159515.8329667356,1159515.8329667356,24758717.380138,-4.6566128730773926e-9 
 01/23  12:00:00,38809800.98700656,26295840.0,1215379.7012156206,11298581.285790935,10075196.494213343,0.0,10095840.0,183697.91858211404,183697.91858211404,23804948.45965188,-7.916241884231567e-9 
 01/23  13:00:00,36092189.764288604,24701760.0,1192877.772994415,10197551.991294183,9083842.96189711,0.0,8501760.0,629842.4387693724,629842.4387693724,21650071.494377244,-4.423782229423523e-9 
 01/23  14:00:00,37001634.196317434,25764480.0,1261880.7141445489,9975273.482172886,8952738.401384193,0.0,9564480.0,0.0,0.0,18097742.69306933,-4.6566128730773926e-9 
 01/23  15:00:00,36485411.33555706,25027200.0,1311663.9679300648,10146547.367626999,9159614.98253056,0.0,10627200.0,0.0,0.0,19891803.098008934,-3.026798367500305e-9 
 01/23  16:00:00,33777160.33982591,23227200.0,1259186.5610505901,9290773.778775318,8334144.328667561,0.0,10627200.0,0.0,0.0,18536209.49711907,-2.3283064365386963e-9 
 01/23  17:00:00,29929411.629879802,20516400.0,1179257.9799128948,8233753.64996691,7257530.745297804,0.0,11516400.0,1199856.6829481018,1199856.6829481018,17253442.186095897,-5.3551048040390015e-9 
 01/23  18:00:00,42568939.952167645,33685200.0,1159297.9085408114,7724442.043626837,6767043.3298755605,0.0,24685200.0,3036683.5906821974,3036683.5906821974,1935375.6980833705,-2.0954757928848267e-9 
 01/23  19:00:00,30320565.6382157,21600000.0,1136544.5956399357,7584021.042575761,6620555.188497771,0.0,16200000.0,5954023.882356507,5954023.882356507,0.0,1.3969838619232178e-9 
 01/23  20:00:00,19188436.08543441,10800000.0,1136544.5956399357,7251891.489794474,6376543.813167715,0.0,5400000.0,5432504.107258885,5432504.107258885,0.0,-4.656612873077393e-10 
 01/23  21:00:00,6896544.595639936,5760000.0,1136544.5956399357,0.0,0.0,0.0,5400000.0,0.0,0.0,0.0,-6.984919309616089e-10 
 01/23  22:00:00,2846544.5956399357,1710000.0,1136544.5956399357,0.0,0.0,0.0,1350000.0,0.0,0.0,0.0,-3.4924596548080444e-10 
 01/23  23:00:00,2846544.5956399357,1710000.0,1136544.5956399357,0.0,0.0,0.0,1350000.0,0.0,0.0,0.0,2.3283064365386963e-10 
 01/23  24:00:00,2846544.5956399357,1710000.0,1136544.5956399357,0.0,0.0,0.0,1350000.0,0.0,0.0,0.0,2.3283064365386963e-10 
 01/24  01:00:00,2846544.5956399357,1710000.0,1136544.5956399357,0.0,0.0,0.0,1350000.0,0.0,0.0,0.0,8.731149137020111e-10 
 01/24  02:00:00,2846544.5956399357,1710000.0,1136544.5956399357,0.0,0.0,0.0,1350000.0,0.0,0.0,0.0,1.7462298274040222e-9 
 01/24  03:00:00,2846544.5956399357,1710000.0,1136544.5956399357,0.0,0.0,0.0,1350000.0,0.0,0.0,0.0,-2.735760062932968e-9 
 01/24  04:00:00,2846544.5956399357,1710000.0,1136544.5956399357,0.0,0.0,0.0,1350000.0,0.0,0.0,0.0,-1.1641532182693481e-9 
 01/24  05:00:00,2846544.5956399357,1710000.0,1136544.5956399357,0.0,0.0,0.0,1350000.0,0.0,0.0,0.0,1.0186340659856796e-9 
 01/24  06:00:00,2846544.5956399357,1710000.0,1136544.5956399357,0.0,0.0,0.0,1350000.0,0.0,0.0,0.0,1.6298145055770874e-9 
 01/24  07:00:00,10391664.358923992,1710000.0,1136544.5956399357,7545119.763284057,6722713.881461449,0.0,1350000.0,3976535.7669270746,3976535.7669270746,180197.865345235,1.4551915228366852e-9 
 01/24  08:00:00,11531295.802074878,1686240.0,1136544.5956399357,8708511.206434943,7755493.26752718,0.0,1326240.0,4096713.239719482,4096713.239719482,3236237.474455353,-1.9208528101444244e-9 
 01/24  09:00:00,37002311.717199504,25732800.0,1136544.5956399357,10132967.121559575,9007958.170787746,0.0,18532800.0,7423121.244203493,7423121.244203493,14201972.469996918,-2.3283064365386963e-9 
 01/24  10:00:00,42922150.676964276,30577680.0,1156746.1174930648,11187724.559471214,9947330.772340558,0.0,14377680.0,4449606.489939864,4449606.489939864,23005143.38095911,-1.862645149230957e-9 
 01/24  11:00:00,40012569.61393726,26827200.0,1188615.5686047662,11996754.045332495,10673677.458900467,0.0,10627200.0,1843726.8610883385,1843726.8610883385,24423453.023179114,-3.958120942115784e-9 
 01/24  12:00:00,39566850.438115925,26295840.0,1202575.2754434715,12068435.162672454,10739644.055093218,0.0,10095840.0,584198.6668505532,584198.6668505532,23701432.090795934,-4.889443516731262e-9 
 01/24  13:00:00,37484404.85453187,24701760.0,1186812.2336679155,11595832.62086396,10311045.721562676,0.0,8501760.0,1053459.0217210297,1053459.0217210297,21439060.202076565,-3.958120942115784e-9 
 01/24  14:00:00,38914210.18759896,25764480.0,1276746.5063489983,11872983.681249958,10644933.445732674,0.0,9564480.0,0.0,0.0,20216263.353011776,-4.6566128730773926e-9 
 01/24  15:00:00,38031599.371702015,25027200.0,1300430.0307224148,11703969.3409796,10519665.446559988,0.0,10627200.0,0.0,0.0,18436544.070850495,-4.423782229423523e-9 
 01/24  16:00:00,35021993.11737226,23227200.0,1224021.647416431,10570771.469955824,9377469.673303956,0.0,10627200.0,0.0,0.0,15829537.730197065,-3.4924596548080444e-9 
 01/24  17:00:00,32404921.69548881,21405600.0,1154125.254442282,9845196.441046532,8641796.006808378,0.0,12405600.0,3706193.090080899,3706193.090080899,15107802.78801608,-7.683411240577698e-9 
 01/24  18:00:00,42921014.95444323,32259600.0,1165659.009316327,9495755.945126902,8311714.634400993,0.0,23259600.0,2186770.018025578,2186770.018025578,9778695.6211205,-6.28642737865448e-9 
 01/24  19:00:00,31984140.472664107,21600000.0,1136544.5956399357,9247595.877024172,8077389.814645586,0.0,16200000.0,5775873.95082763,5775873.95082763,0.0,-2.3283064365386963e-9 
 01/24  20:00:00,20795189.053361353,10800000.0,1136544.5956399357,8858644.457721414,7793501.526614476,0.0,5400000.0,5361388.43319542,5361388.43319542,0.0,-6.51925802230835e-9 
 01/24  21:00:00,6896544.595639936,5760000.0,1136544.5956399357,0.0,0.0,0.0,5400000.0,0.0,0.0,0.0,-3.026798367500305e-9 
 01/24  22:00:00,2846544.5956399357,1710000.0,1136544.5956399357,0.0,0.0,0.0,1350000.0,0.0,0.0,0.0,-2.3283064365386963e-10 
 01/24  23:00:00,2846544.5956399357,1710000.0,1136544.5956399357,0.0,0.0,0.0,1350000.0,0.0,0.0,0.0,-8.149072527885437e-10 
 01/24  24:00:00,2846544.5956399357,1710000.0,1136544.5956399357,0.0,0.0,0.0,1350000.0,0.0,0.0,0.0,5.238689482212067e-10 
 01/25  01:00:00,2846544.5956399357,1710000.0,1136544.5956399357,0.0,0.0,0.0,1350000.0,0.0,0.0,0.0,-2.3865140974521637e-9 
 01/25  02:00:00,2846544.5956399357,1710000.0,1136544.5956399357,0.0,0.0,0.0,1350000.0,0.0,0.0,0.0,1.9208528101444244e-9 
 01/25  03:00:00,2846544.5956399357,1710000.0,1136544.5956399357,0.0,0.0,0.0,1350000.0,0.0,0.0,0.0,-1.3969838619232178e-9 
 01/25  04:00:00,2846544.5956399357,1710000.0,1136544.5956399357,0.0,0.0,0.0,1350000.0,0.0,0.0,0.0,-6.461050361394882e-9 
 01/25  05:00:00,2846544.5956399357,1710000.0,1136544.5956399357,0.0,0.0,0.0,1350000.0,0.0,0.0,0.0,1.0477378964424133e-9 
 01/25  06:00:00,2846544.5956399357,1710000.0,1136544.5956399357,0.0,0.0,0.0,1350000.0,0.0,0.0,0.0,1.7462298274040222e-10 
 01/25  07:00:00,11014110.001789797,1710000.0,1136544.5956399357,8167565.406149861,7273335.3933128575,0.0,1350000.0,3912385.0103681996,3912385.0103681996,0.0,-2.1100277081131935e-9 
 01/25  08:00:00,12143619.55635185,1710000.0,1136544.5956399357,9297074.960711915,8273489.79391286,0.0,1350000.0,3674207.9256662633,3674207.9256662633,2049725.6039937064,1.5425030142068863e-9 
 01/25  09:00:00,38843046.672242224,26960760.0,1136544.5956399357,10745742.076602291,9547132.966455638,0.0,19760760.0,7398247.824066965,7398247.824066965,12565289.377508022,-5.122274160385132e-9 
 01/25  10:00:00,44125281.1046816,31029120.0,1156462.8767305156,11939698.227951087,10613854.677556066,0.0,14829120.0,4482306.531287608,4482306.531287608,23748493.592137497,-3.026798367500305e-9 
 01/25  11:00:00,44418710.26926515,30445200.0,1199132.68102021,12774377.588244937,11379461.267271418,0.0,14245200.0,1179744.9324234694,1179744.9324234694,26339523.614954993,-4.6566128730773926e-9 
 01/25  12:00:00,40494275.455472834,26295840.0,1219488.5210470185,12978946.93442582,11578750.033884149,0.0,10095840.0,211988.63158556848,211988.63158556848,23962012.976831585,-6.984919309616089e-9 
 01/25  13:00:00,38464360.683929384,24701760.0,1204917.7990448638,12557682.884884521,11190098.768310206,0.0,8501760.0,63641.66249547979,63641.66249547979,22312454.21748736,-4.889443516731262e-9 
 01/25  14:00:00,40304254.536186695,25764480.0,1313460.708114389,13226313.828072306,11912749.21764053,0.0,9564480.0,0.0,0.0,19466581.148587026,2.7939677238464355e-9 
 01/25  15:00:00,39145166.97223471,25027200.0,1320461.795290512,12797505.176944202,11533517.470737198,0.0,10627200.0,0.0,0.0,17121227.783176582,-4.423782229423523e-9 
 01/25  16:00:00,35800378.00413333,23227200.0,1244323.4530054366,11328854.551127892,10089718.913393736,0.0,10627200.0,0.0,0.0,15571229.849655855,-3.259629011154175e-9 
 01/25  17:00:00,35353637.9878842,24073200.0,1158706.9966851887,10121730.991199017,8890986.755667992,0.0,15073200.0,3167772.7029776387,3167772.7029776387,11653915.431109311,-2.0954757928848267e-9 
 01/25  18:00:00,45898375.654551,35049600.0,1154022.1896700135,9694753.464880992,8480180.313839408,0.0,26049600.0,3440248.2724986942,3440248.2724986942,3091712.4085083744,-2.3283064365386963e-9 
 01/25  19:00:00,32073208.141661197,21600000.0,1136544.5956399357,9336663.546021262,8157916.000007833,0.0,16200000.0,5670186.538928341,5670186.538928341,0.0,2.3283064365386963e-10 
 01/25  20:00:00,20856923.079987645,10800000.0,1136544.5956399357,8920378.484347709,7849833.258475129,0.0,5400000.0,5322476.736331611,5322476.736331611,0.0,-3.14321368932724e-9 
 01/25  21:00:00,6896544.595639936,5760000.0,1136544.5956399357,0.0,0.0,0.0,5400000.0,0.0,0.0,0.0,-3.026798367500305e-9 
 01/25  22:00:00,2846544.5956399357,1710000.0,1136544.5956399357,0.0,0.0,0.0,1350000.0,0.0,0.0,0.0,-8.149072527885437e-10 
 01/25  23:00:00,2846544.5956399357,1710000.0,1136544.5956399357,0.0,0.0,0.0,1350000.0,0.0,0.0,0.0,-2.7939677238464355e-9 
 01/25  24:00:00,2846544.5956399357,1710000.0,1136544.5956399357,0.0,0.0,0.0,1350000.0,0.0,0.0,0.0,-8.731149137020111e-10 
 01/26  01:00:00,6086544.595639936,4950000.0,1136544.5956399357,0.0,0.0,0.0,1350000.0,0.0,0.0,0.0,-3.259629011154175e-9 
 01/26  02:00:00,6086544.595639936,4950000.0,1136544.5956399357,0.0,0.0,0.0,1350000.0,0.0,0.0,0.0,-2.6775524020195007e-9 
 01/26  03:00:00,6086544.595639936,4950000.0,1136544.5956399357,0.0,0.0,0.0,1350000.0,0.0,0.0,0.0,-2.5029294192790985e-9 
 01/26  04:00:00,6086544.595639936,4950000.0,1136544.5956399357,0.0,0.0,0.0,1350000.0,0.0,0.0,0.0,-5.820766091346741e-11 
 01/26  05:00:00,6086544.595639936,4950000.0,1136544.5956399357,0.0,0.0,0.0,1350000.0,0.0,0.0,0.0,-2.3283064365386963e-10 
 01/26  06:00:00,6086544.595639936,4950000.0,1136544.5956399357,0.0,0.0,0.0,1350000.0,0.0,0.0,0.0,6.984919309616089e-10 
 01/26  07:00:00,6086544.595639936,4950000.0,1136544.5956399357,0.0,0.0,0.0,1350000.0,0.0,0.0,75362.60240003075,1.3969838619232178e-9 
 01/26  08:00:00,6086544.595639936,4950000.0,1136544.5956399357,0.0,0.0,0.0,1350000.0,0.0,0.0,3219565.846516018,2.3283064365386963e-10 
 01/26  09:00:00,5721684.595639936,4585140.0,1136544.5956399357,0.0,0.0,0.0,985140.0,0.0,0.0,15674002.926195256,-7.566995918750763e-10 
 01/26  10:00:00,5469504.595639936,4332960.0,1136544.5956399357,0.0,0.0,0.0,732960.0,0.0,0.0,22975693.587767206,-3.550667315721512e-9 
 01/26  11:00:00,5312364.595639936,4175820.0,1136544.5956399357,0.0,0.0,0.0,575820.0,0.0,0.0,25466679.11522483,7.566995918750763e-10 
 01/26  12:00:00,5267904.595639936,4131360.0,1136544.5956399357,0.0,0.0,0.0,531360.0,0.0,0.0,23570296.39629055,-2.444721758365631e-9 
 01/26  13:00:00,5267904.595639936,4131360.0,1136544.5956399357,0.0,0.0,0.0,531360.0,0.0,0.0,21291204.833474442,-7.101334631443024e-9 
 01/26  14:00:00,5267904.595639936,4131360.0,1136544.5956399357,0.0,0.0,0.0,531360.0,0.0,0.0,19760200.89019311,-3.026798367500305e-9 
 01/26  15:00:00,5267904.595639936,4131360.0,1136544.5956399357,0.0,0.0,0.0,531360.0,0.0,0.0,17312997.82103694,-6.984919309616089e-9 
 01/26  16:00:00,5267904.595639936,4131360.0,1136544.5956399357,0.0,0.0,0.0,531360.0,0.0,0.0,20641379.05813813,-1.3969838619232178e-9 
 01/26  17:00:00,5445744.595639936,4309200.0,1136544.5956399357,0.0,0.0,0.0,709200.0,0.0,0.0,13145686.767120417,-3.026798367500305e-9 
 01/26  18:00:00,5855064.595639936,4718520.0,1136544.5956399357,0.0,0.0,0.0,1118520.0,0.0,0.0,10169671.890706483,-2.0954757928848267e-9 
 01/26  19:00:00,6086544.595639936,4950000.0,1136544.5956399357,0.0,0.0,0.0,1350000.0,0.0,0.0,0.0,-6.984919309616089e-10 
 01/26  20:00:00,6086544.595639936,4950000.0,1136544.5956399357,0.0,0.0,0.0,1350000.0,0.0,0.0,0.0,-5.587935447692871e-9 
 01/26  21:00:00,6086544.595639936,4950000.0,1136544.5956399357,0.0,0.0,0.0,1350000.0,0.0,0.0,0.0,-2.3283064365386963e-9 
 01/26  22:00:00,6086544.595639936,4950000.0,1136544.5956399357,0.0,0.0,0.0,1350000.0,0.0,0.0,0.0,-4.656612873077393e-10 
 01/26  23:00:00,6086544.595639936,4950000.0,1136544.5956399357,0.0,0.0,0.0,1350000.0,0.0,0.0,0.0,2.3283064365386963e-10 
 01/26  24:00:00,6086544.595639936,4950000.0,1136544.5956399357,0.0,0.0,0.0,1350000.0,0.0,0.0,0.0,-1.280568540096283e-9 
 01/27  01:00:00,6086544.595639936,4950000.0,1136544.5956399357,0.0,0.0,0.0,1350000.0,0.0,0.0,0.0,1.1641532182693481e-10 
 01/27  02:00:00,6086544.595639936,4950000.0,1136544.5956399357,0.0,0.0,0.0,1350000.0,0.0,0.0,0.0,-4.249159246683121e-9 
 01/27  03:00:00,6086544.595639936,4950000.0,1136544.5956399357,0.0,0.0,0.0,1350000.0,0.0,0.0,0.0,7.566995918750763e-10 
 01/27  04:00:00,6086544.595639936,4950000.0,1136544.5956399357,0.0,0.0,0.0,1350000.0,0.0,0.0,0.0,9.89530235528946e-10 
 01/27  05:00:00,6086544.595639936,4950000.0,1136544.5956399357,0.0,0.0,0.0,1350000.0,0.0,0.0,0.0,2.561137080192566e-9 
 01/27  06:00:00,6086544.595639936,4950000.0,1136544.5956399357,0.0,0.0,0.0,1350000.0,0.0,0.0,0.0,-1.280568540096283e-9 
 01/27  07:00:00,6086544.595639936,4950000.0,1136544.5956399357,0.0,0.0,0.0,1350000.0,0.0,0.0,1808374.7250891158,2.3865140974521637e-9 
 01/27  08:00:00,6062784.595639936,4926240.0,1136544.5956399357,0.0,0.0,0.0,1326240.0,0.0,0.0,11115356.278658653,4.0745362639427185e-10 
 01/27  09:00:00,5789904.595639936,4653360.0,1136544.595639936,0.0,0.0,0.0,1053360.0,0.0,0.0,23827343.7305776,-2.153683453798294e-9 
 01/27  10:00:00,5517024.595639936,4380480.0,1136544.5956399357,0.0,0.0,0.0,780480.0,0.0,0.0,25005318.78911174,-2.270098775625229e-9 
 01/27  11:00:00,5312364.595639936,4175820.0,1136544.5956399357,0.0,0.0,0.0,575820.0,0.0,0.0,25459183.2451836,-5.820766091346741e-10 
 01/27  12:00:00,5267904.595639936,4131360.0,1136544.5956399357,0.0,0.0,0.0,531360.0,0.0,0.0,23477000.15418134,-5.820766091346741e-10 
 01/27  13:00:00,5267904.595639936,4131360.0,1136544.5956399357,0.0,0.0,0.0,531360.0,0.0,0.0,21146474.248032726,-8.149072527885437e-10 
 01/27  14:00:00,5267904.595639936,4131360.0,1136544.5956399357,0.0,0.0,0.0,531360.0,0.0,0.0,20654423.083819594,-3.026798367500305e-9 
 01/27  15:00:00,5267904.595639936,4131360.0,1136544.5956399357,0.0,0.0,0.0,531360.0,0.0,0.0,20524544.552811474,-4.423782229423523e-9 
 01/27  16:00:00,5267904.595639936,4131360.0,1136544.5956399357,0.0,0.0,0.0,531360.0,0.0,0.0,23860402.350191265,-6.984919309616089e-9 
 01/27  17:00:00,5267904.595639936,4131360.0,1136544.5956399357,0.0,0.0,0.0,531360.0,0.0,0.0,19650942.250001237,-3.4924596548080444e-9 
 01/27  18:00:00,5786844.595639936,4650300.0,1136544.5956399357,0.0,0.0,0.0,1050300.0,0.0,0.0,12618309.839413844,-5.3551048040390015e-9 
 01/27  19:00:00,6086544.595639936,4950000.0,1136544.5956399357,0.0,0.0,0.0,1350000.0,0.0,0.0,0.0,-5.238689482212067e-9 
 01/27  20:00:00,6086544.595639936,4950000.0,1136544.5956399357,0.0,0.0,0.0,1350000.0,0.0,0.0,0.0,1.7462298274040222e-9 
 01/27  21:00:00,6086544.595639936,4950000.0,1136544.5956399357,0.0,0.0,0.0,1350000.0,0.0,0.0,0.0,-6.752088665962219e-9 
 01/27  22:00:00,6086544.595639936,4950000.0,1136544.5956399357,0.0,0.0,0.0,1350000.0,0.0,0.0,0.0,2.2118911147117615e-9 
 01/27  23:00:00,6086544.595639936,4950000.0,1136544.5956399357,0.0,0.0,0.0,1350000.0,0.0,0.0,0.0,-5.820766091346741e-10 
 01/27  24:00:00,6086544.595639936,4950000.0,1136544.5956399357,0.0,0.0,0.0,1350000.0,0.0,0.0,0.0,-3.6088749766349792e-9 
 01/28  01:00:00,2846544.5956399357,1710000.0,1136544.5956399357,0.0,0.0,0.0,1350000.0,0.0,0.0,0.0,1.7462298274040222e-10 
 01/28  02:00:00,2846544.5956399357,1710000.0,1136544.5956399357,0.0,0.0,0.0,1350000.0,0.0,0.0,0.0,-2.0372681319713593e-9 
 01/28  03:00:00,2846544.5956399357,1710000.0,1136544.5956399357,0.0,0.0,0.0,1350000.0,0.0,0.0,0.0,9.89530235528946e-10 
 01/28  04:00:00,2846544.5956399357,1710000.0,1136544.5956399357,0.0,0.0,0.0,1350000.0,0.0,0.0,0.0,-1.6298145055770874e-9 
 01/28  05:00:00,2846544.5956399357,1710000.0,1136544.5956399357,0.0,0.0,0.0,1350000.0,0.0,0.0,0.0,-2.1827872842550278e-9 
 01/28  06:00:00,2846544.5956399357,1710000.0,1136544.5956399357,0.0,0.0,0.0,1350000.0,0.0,0.0,0.0,2.8230715543031693e-9 
 01/28  07:00:00,10504017.886705324,1710000.0,1136544.5956399357,7657473.291065387,6779680.674316437,0.0,1350000.0,3947544.179619672,3947544.179619672,135770.66957440402,6.548361852765083e-10 
 01/28  08:00:00,11278887.184292115,1686240.0,1136544.5956399357,8456102.588652179,7536287.809148352,0.0,1326240.0,3938068.573603958,3938068.573603958,4806662.1898951065,1.8044374883174896e-9 
 01/28  09:00:00,36351307.68707452,25732800.0,1136544.595639936,9481963.091434585,8443880.347165216,0.0,18532800.0,7623773.513391062,7623773.513391062,20379997.522450514,-2.2118911147117615e-9 
 01/28  10:00:00,42677396.676741704,31480560.0,1185272.2779422612,10011564.398799447,8921177.678088117,0.0,15280560.0,2637505.173824561,2637505.173824561,26004916.579665806,-5.587935447692871e-9 
 01/28  11:00:00,42819427.88235855,31334400.0,1211183.8857465866,10273843.996611962,9155249.587539075,0.0,15134400.0,515637.71128569543,515637.71128569543,26761552.054616906,-3.4924596548080444e-9 
 01/28  12:00:00,38555908.02214123,27140580.0,1226315.5754880044,10189012.446653228,9095658.319490263,0.0,10940580.0,0.0,0.0,23818992.483616613,-4.6566128730773926e-9 
 01/28  13:00:00,35650534.40479913,24701760.0,1187561.4115449798,9761212.993254146,8688060.199380804,0.0,8501760.0,952757.7869141274,952757.7869141274,20505910.827614646,-1.6298145055770874e-9 
 01/28  14:00:00,37470305.06596427,25764480.0,1278188.4523519,10427636.61361237,9366247.783677341,0.0,9564480.0,0.0,0.0,19835081.337195903,-6.984919309616089e-9 
 01/28  15:00:00,37237631.04763418,25027200.0,1325577.5107805969,10884853.536853582,9823668.566490179,0.0,10627200.0,0.0,0.0,20859445.783951964,-4.889443516731262e-9 
 01/28  16:00:00,34583598.56634085,23227200.0,1260349.9844483351,10096048.581892518,9034221.158123778,0.0,10627200.0,0.0,0.0,18268468.45104577,-2.561137080192566e-9 
 01/28  17:00:00,34407101.21862119,24073200.0,1165798.6744010446,9168102.54422014,8062626.667998156,0.0,15073200.0,2423777.9712310187,2423777.9712310187,11891611.273965959,-2.7939677238464355e-9 
 01/28  18:00:00,41216303.08563713,31370400.0,1172612.070151581,8673291.015485547,7597938.812617799,0.0,22370400.0,1569988.7901401725,1569988.7901401725,10801225.334194949,-6.05359673500061e-9 
 01/28  19:00:00,31044840.70080465,21600000.0,1136544.5956399357,8308296.105164714,7253414.664893566,0.0,16200000.0,5982998.183021314,5982998.183021314,0.0,-1.1641532182693481e-9 
 01/28  20:00:00,19977956.746752053,10800000.0,1136544.5956399357,8041412.151112117,7076330.146125055,0.0,5400000.0,5443148.400051551,5443148.400051551,0.0,-1.979060471057892e-9 
 01/28  21:00:00,6896544.595639936,5760000.0,1136544.5956399357,0.0,0.0,0.0,5400000.0,0.0,0.0,0.0,-5.820766091346741e-10 
 01/28  22:00:00,2846544.5956399357,1710000.0,1136544.5956399357,0.0,0.0,0.0,1350000.0,0.0,0.0,0.0,-3.14321368932724e-9 
 01/28  23:00:00,2846544.5956399357,1710000.0,1136544.5956399357,0.0,0.0,0.0,1350000.0,0.0,0.0,0.0,-3.026798367500305e-9 
 01/28  24:00:00,2846544.5956399357,1710000.0,1136544.5956399357,0.0,0.0,0.0,1350000.0,0.0,0.0,0.0,-1.862645149230957e-9 
 01/29  01:00:00,2846544.5956399357,1710000.0,1136544.5956399357,0.0,0.0,0.0,1350000.0,0.0,0.0,0.0,1.6298145055770874e-9 
 01/29  02:00:00,2846544.5956399357,1710000.0,1136544.5956399357,0.0,0.0,0.0,1350000.0,0.0,0.0,0.0,-5.820766091346741e-10 
 01/29  03:00:00,2846544.5956399357,1710000.0,1136544.5956399357,0.0,0.0,0.0,1350000.0,0.0,0.0,0.0,-5.820766091346741e-11 
 01/29  04:00:00,2846544.5956399357,1710000.0,1136544.5956399357,0.0,0.0,0.0,1350000.0,0.0,0.0,0.0,1.3387762010097504e-9 
 01/29  05:00:00,2846544.5956399357,1710000.0,1136544.5956399357,0.0,0.0,0.0,1350000.0,0.0,0.0,0.0,5.529727786779404e-10 
 01/29  06:00:00,2846544.5956399357,1710000.0,1136544.5956399357,0.0,0.0,0.0,1350000.0,0.0,0.0,0.0,-2.1827872842550278e-9 
 01/29  07:00:00,10987672.505307078,1710000.0,1136544.5956399357,8141127.9096671445,7249058.479633469,0.0,1350000.0,3509421.7917073146,3509421.7917073146,0.0,-1.2514647096395493e-9 
 01/29  08:00:00,11979552.328834118,1686240.0,1136544.5956399357,9156767.733194182,8149633.864911526,0.0,1326240.0,2862995.4091198375,2862995.4091198375,3345366.305964187,-2.459273673593998e-9 
 01/29  09:00:00,35908475.9164286,24504840.0,1136544.5956399357,10267091.320788667,9124421.199857205,0.0,17304840.0,8095894.410187364,8095894.410187364,16883877.189301267,-9.89530235528946e-10 
 01/29  10:00:00,42371600.24584289,30126240.0,1158869.8183804846,11086490.427462403,9856390.125195365,0.0,13926240.0,4407434.200483067,4407434.200483067,22252581.718523268,-1.3969838619232178e-9 
 01/29  11:00:00,39328565.716662124,26827200.0,1187786.8818085776,11313578.834853541,10069207.207039934,0.0,10627200.0,1898885.1040579467,1898885.1040579467,24402734.620439842,-2.561137080192566e-9 
 01/29  12:00:00,38528930.651873685,26295840.0,1201056.03346582,11032034.618407864,9822785.16988153,0.0,10095840.0,608326.6512717913,608326.6512717913,23766328.431648813,-6.28642737865448e-9 
 01/29  13:00:00,36640594.09803648,24701760.0,1180744.8032351285,10758089.29480136,9572217.854163364,0.0,8501760.0,1582022.5289098248,1582022.5289098248,21348977.98266442,-5.587935447692871e-9 
 01/29  14:00:00,38331762.18019426,25764480.0,1272957.6997333127,11294324.480460951,10129437.222294154,0.0,9564480.0,0.0,0.0,21586996.339939088,-3.259629011154175e-9 
 01/29  15:00:00,38130044.53154264,25027200.0,1333527.470250036,11769317.061292598,10618981.417632807,0.0,10627200.0,0.0,0.0,21537716.465420984,-1.0011717677116394e-8 
 01/29  16:00:00,35563666.64244385,23227200.0,1289107.3491952345,11047359.293248616,9910853.475724153,0.0,10627200.0,0.0,0.0,21507846.89971712,-3.259629011154175e-9 
 01/29  17:00:00,31426156.692175496,20516400.0,1194772.459296681,9714984.23287882,8570584.36537446,0.0,11516400.0,354985.3975215525,354985.3975215525,18669663.727863796,-3.026798367500305e-9 
 01/29  18:00:00,43965435.71017128,33685200.0,1171422.9856472188,9108812.724524068,7985852.60192803,0.0,24685200.0,1588651.3040758898,1588651.3040758898,4939795.525534268,-5.820766091346741e-9 
 01/29  19:00:00,31461374.89950157,21600000.0,1136544.5956399357,8724830.303861631,7617206.609683314,0.0,16200000.0,6020145.393511239,6020145.393511239,0.0,-3.026798367500305e-9 
 01/29  20:00:00,20228858.490018368,10800000.0,1136544.5956399357,8292313.894378428,7291968.76050544,0.0,5400000.0,5455465.080956364,5455465.080956364,0.0,6.984919309616089e-10 
 01/29  21:00:00,6896544.595639936,5760000.0,1136544.5956399357,0.0,0.0,0.0,5400000.0,0.0,0.0,0.0,-3.026798367500305e-9 
 01/29  22:00:00,2846544.5956399357,1710000.0,1136544.5956399357,0.0,0.0,0.0,1350000.0,0.0,0.0,0.0,-3.6088749766349792e-9 
 01/29  23:00:00,2846544.5956399357,1710000.0,1136544.5956399357,0.0,0.0,0.0,1350000.0,0.0,0.0,0.0,-2.7939677238464355e-9 
 01/29  24:00:00,2846544.5956399357,1710000.0,1136544.5956399357,0.0,0.0,0.0,1350000.0,0.0,0.0,0.0,-1.57160684466362e-9 
 01/30  01:00:00,2846544.5956399357,1710000.0,1136544.5956399357,0.0,0.0,0.0,1350000.0,0.0,0.0,0.0,-1.57160684466362e-9 
 01/30  02:00:00,2846544.5956399357,1710000.0,1136544.5956399357,0.0,0.0,0.0,1350000.0,0.0,0.0,0.0,-2.5029294192790985e-9 
 01/30  03:00:00,2846544.5956399357,1710000.0,1136544.5956399357,0.0,0.0,0.0,1350000.0,0.0,0.0,0.0,-3.4924596548080444e-10 
 01/30  04:00:00,2846544.5956399357,1710000.0,1136544.5956399357,0.0,0.0,0.0,1350000.0,0.0,0.0,0.0,-1.1641532182693481e-10 
 01/30  05:00:00,2846544.5956399357,1710000.0,1136544.5956399357,0.0,0.0,0.0,1350000.0,0.0,0.0,0.0,-1.4842953532934189e-9 
 01/30  06:00:00,2846544.5956399357,1710000.0,1136544.5956399357,0.0,0.0,0.0,1350000.0,0.0,0.0,0.0,3.2014213502407074e-10 
 01/30  07:00:00,11077747.605263354,1710000.0,1136544.5956399357,8231203.009623418,7328832.716454328,0.0,1350000.0,3138091.8691034038,3138091.8691034038,175422.17266911874,-1.280568540096283e-9 
 01/30  08:00:00,12203983.987839736,1686240.0,1136544.5956399357,9381199.3921998,8347611.819774066,0.0,1326240.0,2013229.8814623065,2013229.8814623065,4341925.988189135,4.802132025361061e-10 
 01/30  09:00:00,37188071.881675534,25305120.0,1136544.595639936,10746407.2860356,9547449.129403327,0.0,18105120.0,8646477.158345127,8646477.158345127,18697853.652143076,-1.5133991837501526e-9 
 01/30  10:00:00,44409776.44539961,31480560.0,1180223.235587244,11748993.20981237,10448585.481876802,0.0,15280560.0,3054836.288310143,3054836.288310143,25979219.10052097,-3.6088749766349792e-9 
 01/30  11:00:00,43063061.290061526,29556000.0,1210637.8913580293,12296423.398703497,10944649.44255225,0.0,13356000.0,549644.8683814344,549644.8683814344,26671155.525800154,-1.862645149230957e-9 
 01/30  12:00:00,40207149.82828789,26295840.0,1239960.4229411227,12671349.405346762,11318660.814090509,0.0,10095840.0,4350.403869049037,4350.403869049037,23898096.206198033,-6.984919309616089e-10 
 01/30  13:00:00,38132906.71113837,24701760.0,1196877.8603726022,12234268.850765772,10872719.396257086,0.0,8501760.0,369188.16444903065,369188.16444903065,21224045.345485512,-5.122274160385132e-9 
 01/30  14:00:00,40002327.83638404,25764480.0,1286154.8590014155,12951692.97738263,11617060.038440287,0.0,9564480.0,0.0,0.0,19477298.171624567,-4.423782229423523e-9 
 01/30  15:00:00,39487263.422968864,25027200.0,1311257.7211684939,13148805.70180037,11808650.1751405,0.0,10627200.0,0.0,0.0,18562634.26350765,-4.889443516731262e-9 
 01/30  16:00:00,36833787.82188996,23227200.0,1270878.2508005982,12335709.571089365,11011860.422692962,0.0,10627200.0,0.0,0.0,20453800.333056647,-4.423782229423523e-9 
 01/30  17:00:00,32641081.607226305,20516400.0,1182028.3998572088,10942653.2073691,9631352.276667753,0.0,11516400.0,985929.3876247716,985929.3876247716,18300841.10269967,-5.3551048040390015e-9 
 01/30  18:00:00,42915378.634282246,31370400.0,1177369.3501106394,10367609.284171602,9093787.918845367,0.0,22370400.0,1203117.5565134527,1203117.5565134527,10303893.045406187,-3.958120942115784e-9 
 01/30  19:00:00,32546546.742965337,21600000.0,1136544.5956399357,9810002.147325404,8572668.333789352,0.0,16200000.0,6169627.443475654,6169627.443475654,0.0,-3.259629011154175e-9 
 01/30  20:00:00,20990427.381087173,10800000.0,1136544.5956399357,9053882.785447236,7966798.851474159,0.0,5400000.0,5517352.09525838,5517352.09525838,0.0,-3.4924596548080444e-9 
 01/30  21:00:00,6896544.595639936,5760000.0,1136544.5956399357,0.0,0.0,0.0,5400000.0,0.0,0.0,0.0,-2.7939677238464355e-9 
 01/30  22:00:00,2846544.5956399357,1710000.0,1136544.5956399357,0.0,0.0,0.0,1350000.0,0.0,0.0,0.0,-3.4924596548080444e-10 
 01/30  23:00:00,2846544.5956399357,1710000.0,1136544.5956399357,0.0,0.0,0.0,1350000.0,0.0,0.0,0.0,-1.6298145055770874e-9 
 01/30  24:00:00,2846544.5956399357,1710000.0,1136544.5956399357,0.0,0.0,0.0,1350000.0,0.0,0.0,0.0,-1.9208528101444244e-9 
 01/31  01:00:00,2846544.5956399357,1710000.0,1136544.5956399357,0.0,0.0,0.0,1350000.0,0.0,0.0,0.0,3.6088749766349792e-9 
 01/31  02:00:00,2846544.5956399357,1710000.0,1136544.5956399357,0.0,0.0,0.0,1350000.0,0.0,0.0,0.0,9.89530235528946e-10 
 01/31  03:00:00,2846544.5956399357,1710000.0,1136544.5956399357,0.0,0.0,0.0,1350000.0,0.0,0.0,0.0,-2.9103830456733704e-10 
 01/31  04:00:00,2846544.5956399357,1710000.0,1136544.5956399357,0.0,0.0,0.0,1350000.0,0.0,0.0,0.0,-2.9103830456733704e-10 
 01/31  05:00:00,2846544.5956399357,1710000.0,1136544.5956399357,0.0,0.0,0.0,1350000.0,0.0,0.0,0.0,9.313225746154785e-10 
 01/31  06:00:00,2846544.5956399357,1710000.0,1136544.5956399357,0.0,0.0,0.0,1350000.0,0.0,0.0,0.0,2.5902409106492996e-9 
 01/31  07:00:00,10882065.848829415,1710000.0,1136544.5956399357,8035521.25318948,7156839.857463852,0.0,1350000.0,3767324.193369306,3767324.193369306,40245.69196711804,-1.9936123862862587e-9 
 01/31  08:00:00,11816509.081918573,1710000.0,1136544.5956399357,8969964.486278636,7986039.602289986,0.0,1350000.0,4053004.779277231,4053004.779277231,3063613.5087814564,-1.178705133497715e-9 
 01/31  09:00:00,36269436.83764337,24932520.0,1136544.5956399357,10200372.242003432,9064457.019023184,0.0,17732520.0,7484631.090974873,7484631.090974873,15821877.51627166,-2.3865140974521637e-9 
 01/31  10:00:00,42982455.46795505,30577680.0,1161379.4465731792,11243396.021381866,9991291.544634465,0.0,14377680.0,4173121.385817957,4173121.385817957,23906932.65534441,-5.005858838558197e-9 
 01/31  11:00:00,40805683.749717176,27716400.0,1196329.8691143615,11892953.880602822,10575411.477351602,0.0,11516400.0,1414528.1169532447,1414528.1169532447,25668429.56940023,-2.7939677238464355e-9 
 01/31  12:00:00,39607516.821308196,26295840.0,1206436.3263803096,12105240.494927883,10768858.191351958,0.0,10095840.0,434240.12205961987,434240.12205961987,23954540.377275907,-3.259629011154175e-9 
 01/31  13:00:00,37752273.24640407,24701760.0,1187340.6525130693,11863172.593890999,10546909.438740846,0.0,8501760.0,1017043.2093145943,1017043.2093145943,21454004.047609657,-6.984919309616089e-9 
 01/31  14:00:00,39415784.166908726,25764480.0,1285335.8170134379,12365968.349895295,11096847.329572799,0.0,9564480.0,0.0,0.0,20677198.13849102,-1.0710209608078003e-8 
 01/31  15:00:00,38546785.799265124,25027200.0,1311400.9944735523,12208184.804791568,10986897.589088544,0.0,10627200.0,0.0,0.0,18364290.610985033,-8.614733815193176e-9 
 01/31  16:00:00,35270258.70239525,23227200.0,1237852.7368791695,10805205.965516085,9611074.020665972,0.0,10627200.0,0.0,0.0,16208992.801970376,0.0 
 01/31  17:00:00,35892764.12652062,24962400.0,1155899.2708479147,9774464.855672708,8580619.0444718,0.0,15962400.0,3532306.9559446876,3532306.9559446876,11166940.154899836,-4.889443516731262e-9 
 01/31  18:00:00,45535923.80331306,35049600.0,1152527.3749097013,9333796.428403366,8159266.697571244,0.0,26049600.0,3666454.781641738,3666454.781641738,3321717.441661559,-3.4924596548080444e-9 
 01/31  19:00:00,31642930.190847844,21600000.0,1136544.5956399357,8906385.595207907,7776632.735028267,0.0,16200000.0,5673853.7242810195,5673853.7242810195,0.0,-6.752088665962219e-9 
 01/31  20:00:00,20445307.0665259,10800000.0,1136544.5956399357,8508762.470885964,7482856.432508303,0.0,5400000.0,5323346.821745423,5323346.821745423,0.0,-5.122274160385132e-9 
 01/31  21:00:00,6896544.595639936,5760000.0,1136544.5956399357,0.0,0.0,0.0,5400000.0,0.0,0.0,0.0,-5.587935447692871e-9 
 01/31  22:00:00,2846544.5956399357,1710000.0,1136544.5956399357,0.0,0.0,0.0,1350000.0,0.0,0.0,0.0,-1.0477378964424133e-9 
 01/31  23:00:00,2846544.5956399357,1710000.0,1136544.5956399357,0.0,0.0,0.0,1350000.0,0.0,0.0,0.0,-2.0954757928848267e-9 
 01/31  24:00:00,2846544.5956399357,1710000.0,1136544.5956399357,0.0,0.0,0.0,1350000.0,0.0,0.0,0.0,-1.8044374883174896e-9 
 07/01  01:00:00,1710000.0,1710000.0,0.0,0.0,0.0,0.0,1350000.0,0.0,0.0,0.0,-1.862645149230957e-9 
 07/01  02:00:00,1710000.0,1710000.0,0.0,0.0,0.0,0.0,1350000.0,0.0,0.0,0.0,8.731149137020111e-10 
 07/01  03:00:00,1710000.0,1710000.0,0.0,0.0,0.0,0.0,1350000.0,0.0,0.0,0.0,-2.7939677238464355e-9 
 07/01  04:00:00,1710000.0,1710000.0,0.0,0.0,0.0,0.0,1350000.0,0.0,0.0,0.0,-2.3865140974521637e-9 
 07/01  05:00:00,1710000.0,1710000.0,0.0,0.0,0.0,0.0,1350000.0,0.0,0.0,0.0,-9.89530235528946e-10 
 07/01  06:00:00,1710000.0,1710000.0,0.0,0.0,0.0,0.0,1350000.0,0.0,0.0,0.0,-1.0477378964424133e-9 
 07/01  07:00:00,18080430.86332014,1710000.0,1136544.5956399357,15233886.267680202,13383796.415466893,0.0,1350000.0,0.0,0.0,3533221.508329469,-3.14321368932724e-9 
 07/01  08:00:00,18249710.471556984,1481580.0,1136544.5956399357,15631585.87591705,13830949.943413317,0.0,1121580.0,0.0,0.0,19740343.773817573,-3.899913281202316e-9 
 07/01  09:00:00,39942642.37996781,22476600.0,1136544.5956399357,16329497.784327868,14483095.974166311,0.0,15276600.0,0.0,0.0,29728209.82999305,-3.4924596548080444e-10 
 07/01  10:00:00,51851406.693342686,33170040.0,1172403.3972048378,17508963.296137843,15584305.722078657,0.0,16970040.0,0.0,0.0,23827174.47693853,-3.3760443329811096e-9 
 07/01  11:00:00,49288365.54318145,27716400.0,1267848.8272600318,20304116.715921424,18376795.651611675,0.0,11516400.0,0.0,0.0,29446580.996219713,-3.725290298461914e-9 
 07/01  12:00:00,48715485.2583319,26295840.0,1287977.8262736066,21131667.43205829,19204346.367748544,0.0,10095840.0,0.0,0.0,27368572.283586916,-3.259629011154175e-9 
 07/01  13:00:00,46400858.25299254,24701760.0,1230355.0681481692,20468743.184844367,18541422.120534617,0.0,8501760.0,0.0,0.0,26506435.669782497,-3.725290298461914e-9 
 07/01  14:00:00,49665749.178059176,25764480.0,1312111.3150694435,22589157.86298974,20661836.79867999,0.0,9564480.0,0.0,0.0,26020268.63349122,-4.190951585769653e-9 
 07/01  15:00:00,49997400.1166244,25027200.0,1340092.794663177,23630107.32196123,21702786.257651478,0.0,10627200.0,0.0,0.0,26875637.980080865,-2.3283064365386963e-9 
 07/01  16:00:00,46868739.17127914,23227200.0,1300295.3251226728,22341243.84615647,20413922.781846724,0.0,10627200.0,0.0,0.0,23286464.604591206,-5.3551048040390015e-9 
 07/01  17:00:00,40023733.89580949,19627200.0,1223825.7611416837,19172708.134667806,17245387.070358057,0.0,10627200.0,0.0,0.0,21427854.57986333,-6.51925802230835e-9 
 07/01  18:00:00,38050041.73223816,21052800.0,1174970.7119704448,15822271.02026772,13894949.955957972,0.0,12052800.0,0.0,0.0,11362746.896043435,-1.6298145055770874e-9 
 07/01  19:00:00,36341973.25867004,21600000.0,1136544.5956399357,13605428.663030103,11700065.666007495,0.0,16200000.0,508469.0084755953,508469.0084755953,1021323.786352561,-1.6298145055770874e-9 
 07/01  20:00:00,24514418.687604226,10800000.0,1136544.5956399357,12577874.09196429,10759581.81360884,0.0,5400000.0,530176.9985179573,530176.9985179573,0.0,-3.14321368932724e-9 
 07/01  21:00:00,5760000.0,5760000.0,0.0,0.0,0.0,0.0,5400000.0,0.0,0.0,0.0,-2.3283064365386963e-9 
 07/01  22:00:00,1710000.0,1710000.0,0.0,0.0,0.0,0.0,1350000.0,0.0,0.0,0.0,-4.190951585769653e-9 
 07/01  23:00:00,1710000.0,1710000.0,0.0,0.0,0.0,0.0,1350000.0,0.0,0.0,0.0,4.656612873077393e-10 
 07/01  24:00:00,1710000.0,1710000.0,0.0,0.0,0.0,0.0,1350000.0,0.0,0.0,0.0,-2.0954757928848267e-9 
 07/02  01:00:00,1710000.0,1710000.0,0.0,0.0,0.0,0.0,1350000.0,0.0,0.0,0.0,-4.48198989033699e-9 
 07/02  02:00:00,1710000.0,1710000.0,0.0,0.0,0.0,0.0,1350000.0,0.0,0.0,0.0,-4.0745362639427185e-10 
 07/02  03:00:00,1710000.0,1710000.0,0.0,0.0,0.0,0.0,1350000.0,0.0,0.0,0.0,-2.852175384759903e-9 
 07/02  04:00:00,1710000.0,1710000.0,0.0,0.0,0.0,0.0,1350000.0,0.0,0.0,0.0,-3.026798367500305e-9 
 07/02  05:00:00,1710000.0,1710000.0,0.0,0.0,0.0,0.0,1350000.0,0.0,0.0,0.0,2.9103830456733704e-10 
 07/02  06:00:00,1710000.0,1710000.0,0.0,0.0,0.0,0.0,1350000.0,0.0,0.0,53576.53520387532,-9.89530235528946e-10 
 07/02  07:00:00,16091510.313535912,1710000.0,1136544.5956399357,13244965.717895973,11454647.876158927,0.0,1350000.0,486734.75054103846,486734.75054103846,5821760.496883737,-3.230525180697441e-9 
 07/02  08:00:00,16859086.554506652,1437120.0,1136544.5956399357,14285421.958866715,12541560.462329865,0.0,1077120.0,123001.11974052401,123001.11974052401,27777235.563029222,1.7462298274040222e-10 
 07/02  09:00:00,39015731.18697106,22476600.0,1145038.7172470344,15394092.469724026,13585286.742030447,0.0,15276600.0,0.0,0.0,36387792.31124741,-5.122274160385132e-9 
 07/02  10:00:00,50698647.41498063,30126240.0,1244089.9253683959,19328317.489612237,17435755.231392253,0.0,13926240.0,0.0,0.0,34393792.38098291,-4.0745362639427185e-9 
 07/02  11:00:00,50686373.708144516,26827200.0,1332464.2629231035,22526709.44522141,20599388.380911663,0.0,10627200.0,0.0,0.0,29734637.743672863,-2.561137080192566e-9 
 07/02  12:00:00,51572978.47498418,26295840.0,1324481.7252353407,23952656.749748833,22025335.685439087,0.0,10095840.0,0.0,0.0,25097733.42803788,-5.820766091346741e-9 
 07/02  13:00:00,48121275.612619735,24701760.0,1246018.7561653606,22173496.856454376,20246175.792144626,0.0,8501760.0,0.0,0.0,23681696.977903873,-3.026798367500305e-9 
 07/02  14:00:00,50435584.49863607,25764480.0,1337635.612446027,23333468.886190046,21406147.821880296,0.0,9564480.0,0.0,0.0,24895657.505436003,-8.381903171539307e-9 
 07/02  15:00:00,48491968.826825485,25027200.0,1361179.9316699686,22103588.89515552,20176267.830845773,0.0,10627200.0,0.0,0.0,23994459.615018312,-1.0244548320770264e-8 
 07/02  16:00:00,44212375.66381213,23227200.0,1283835.530343816,19701340.13346832,17774019.06915857,0.0,10627200.0,0.0,0.0,17905038.91598004,-2.7939677238464355e-9 
 07/02  17:00:00,44662640.857147425,26863200.0,1191056.0828771335,16608384.774270294,14681063.709960544,0.0,17863200.0,0.0,0.0,10642986.280698612,-2.0954757928848267e-9 
 07/02  18:00:00,42633245.396228485,25682400.0,1157021.377513582,15793824.018714907,13866502.954405159,0.0,16682400.0,0.0,0.0,7106662.7793619875,-8.614733815193176e-9 
 07/02  19:00:00,37916482.82208684,21600000.0,1136544.5956399357,15179938.226446912,13252617.162137166,0.0,16200000.0,0.0,0.0,840628.7010327373,-3.026798367500305e-9 
 07/02  20:00:00,27476455.572230466,10800000.0,1136544.5956399357,15539910.97659053,13612589.91228078,0.0,5400000.0,0.0,0.0,0.0,-2.9103830456733704e-9 
 07/02  21:00:00,5760000.0,5760000.0,0.0,0.0,0.0,0.0,5400000.0,0.0,0.0,0.0,1.0477378964424133e-9 
 07/02  22:00:00,1710000.0,1710000.0,0.0,0.0,0.0,0.0,1350000.0,0.0,0.0,0.0,-5.820766091346741e-10 
 07/02  23:00:00,1710000.0,1710000.0,0.0,0.0,0.0,0.0,1350000.0,0.0,0.0,0.0,-6.984919309616089e-10 
 07/02  24:00:00,1710000.0,1710000.0,0.0,0.0,0.0,0.0,1350000.0,0.0,0.0,0.0,-1.1641532182693481e-10 
 07/03  01:00:00,1710000.0,1710000.0,0.0,0.0,0.0,0.0,1350000.0,0.0,0.0,0.0,-6.984919309616089e-10 
 07/03  02:00:00,1710000.0,1710000.0,0.0,0.0,0.0,0.0,1350000.0,0.0,0.0,0.0,-1.1059455573558807e-9 
 07/03  03:00:00,1710000.0,1710000.0,0.0,0.0,0.0,0.0,1350000.0,0.0,0.0,0.0,-9.89530235528946e-10 
 07/03  04:00:00,1710000.0,1710000.0,0.0,0.0,0.0,0.0,1350000.0,0.0,0.0,0.0,-2.153683453798294e-9 
 07/03  05:00:00,1710000.0,1710000.0,0.0,0.0,0.0,0.0,1350000.0,0.0,0.0,0.0,-8.731149137020111e-10 
 07/03  06:00:00,1710000.0,1710000.0,0.0,0.0,0.0,0.0,1350000.0,0.0,0.0,0.0,-1.862645149230957e-9 
 07/03  07:00:00,18523901.34892769,1710000.0,1136544.5956399357,15677356.753287757,13793966.434600417,0.0,1350000.0,0.0,0.0,476771.8837513148,1.5425030142068863e-9 
 07/03  08:00:00,19507144.212180164,1710000.0,1136544.5956399357,16660599.616540227,14825780.46481704,0.0,1350000.0,0.0,0.0,5084189.074655968,-2.0081643015146255e-9 
 07/03  09:00:00,43749022.84865524,24932520.0,1136544.5956399357,17679958.253015306,15823375.181853801,0.0,17732520.0,0.0,0.0,20071717.77425388,-1.3969838619232178e-9 
 07/03  10:00:00,49700456.802530095,30126240.0,1162217.8371393252,18411998.96539076,16484720.255650142,0.0,13926240.0,0.0,0.0,32383524.794797536,-6.752088665962219e-9 
 07/03  11:00:00,52213348.74732959,30384000.0,1253872.3150402072,20575476.43228939,18648155.367979646,0.0,14184000.0,0.0,0.0,29360170.08845883,-6.51925802230835e-9 
 07/03  12:00:00,52090823.7853533,29732940.0,1277229.9859706778,21080653.79938263,19153332.73507288,0.0,13532940.0,0.0,0.0,24577607.646989547,-2.3283064365386963e-9 
 07/03  13:00:00,45576687.12193449,24701760.0,1206514.4722824455,19668412.649652045,17741091.585342295,0.0,8501760.0,0.0,0.0,23389841.71754165,-1.0011717677116394e-8 
 07/03  14:00:00,49220767.648079395,25764480.0,1290728.1589241545,22165559.489155248,20238238.424845498,0.0,9564480.0,0.0,0.0,24804776.96037086,-2.561137080192566e-9 
 07/03  15:00:00,50004736.204995506,25027200.0,1324048.2963563842,23653487.90863912,21726166.844329376,0.0,10627200.0,0.0,0.0,23426950.702141527,-2.7939677238464355e-9 
 07/03  16:00:00,48111297.78714976,23227200.0,1315850.6607487658,23568247.126400992,21640926.062091246,0.0,10627200.0,0.0,0.0,26287888.047638338,-1.1641532182693481e-9 
 07/03  17:00:00,41818554.025405645,19627200.0,1234092.5596402388,20957261.465765405,19029940.40145566,0.0,10627200.0,0.0,0.0,20974422.723711148,-6.05359673500061e-9 
 07/03  18:00:00,41023751.48930284,21052800.0,1187120.914725471,18783830.57457737,16856509.510267623,0.0,12052800.0,0.0,0.0,12142766.041376812,-4.6566128730773926e-9 
 07/03  19:00:00,39151218.81313559,21600000.0,1136544.5956399357,16414674.217495648,14487353.1531859,0.0,16200000.0,0.0,0.0,1423723.2077196343,-1.3969838619232178e-9 
 07/03  20:00:00,27842581.876300015,10800000.0,1136544.5956399357,15906037.280660076,13978716.21635033,0.0,5400000.0,0.0,0.0,0.0,2.6775524020195007e-9 
 07/03  21:00:00,5760000.0,5760000.0,0.0,0.0,0.0,0.0,5400000.0,0.0,0.0,0.0,-2.7939677238464355e-9 
 07/03  22:00:00,1710000.0,1710000.0,0.0,0.0,0.0,0.0,1350000.0,0.0,0.0,0.0,6.984919309616089e-10 
 07/03  23:00:00,1710000.0,1710000.0,0.0,0.0,0.0,0.0,1350000.0,0.0,0.0,0.0,-2.9103830456733704e-9 
 07/03  24:00:00,1710000.0,1710000.0,0.0,0.0,0.0,0.0,1350000.0,0.0,0.0,0.0,-9.313225746154785e-10 
 07/04  01:00:00,1710000.0,1710000.0,0.0,0.0,0.0,0.0,1350000.0,0.0,0.0,0.0,-5.529727786779404e-9 
 07/04  02:00:00,1710000.0,1710000.0,0.0,0.0,0.0,0.0,1350000.0,0.0,0.0,0.0,-3.4924596548080444e-10 
 07/04  03:00:00,1710000.0,1710000.0,0.0,0.0,0.0,0.0,1350000.0,0.0,0.0,0.0,1.5133991837501526e-9 
 07/04  04:00:00,1710000.0,1710000.0,0.0,0.0,0.0,0.0,1350000.0,0.0,0.0,0.0,5.820766091346741e-11 
 07/04  05:00:00,1710000.0,1710000.0,0.0,0.0,0.0,0.0,1350000.0,0.0,0.0,0.0,1.7462298274040222e-10 
 07/04  06:00:00,1710000.0,1710000.0,0.0,0.0,0.0,0.0,1350000.0,0.0,0.0,0.0,-1.7462298274040222e-9 
 07/04  07:00:00,16649604.916275853,1710000.0,1136544.5956399357,13803060.320635917,11965651.868733305,0.0,1350000.0,61162.465019532036,61162.465019532036,1980227.4215457444,2.3283064365386963e-10 
 07/04  08:00:00,16647422.850370135,1618020.0,1136544.5956399357,13892858.254730199,12111814.559236463,0.0,1258020.0,7917.04324068354,7917.04324068354,11168150.67982211,-5.529727786779404e-10 
 07/04  09:00:00,41661075.947557434,26160480.0,1136544.5956399357,14364051.351917498,12566225.71068462,0.0,18960480.0,0.0,0.0,19024865.726702455,-2.444721758365631e-9 
 07/04  10:00:00,48685551.95551504,32325300.0,1144825.836592462,15215426.118922576,13305872.754910063,0.0,16125300.0,0.0,0.0,25727614.583025876,-2.561137080192566e-9 
 07/04  11:00:00,50927162.65821716,32284800.0,1217007.7968270327,17425354.861390132,15498033.797080383,0.0,16084800.0,0.0,0.0,26547947.572971005,-2.3283064365386963e-10 
 07/04  12:00:00,50927390.14992477,31480560.0,1236129.642917407,18210700.507007368,16283379.442697618,0.0,15280560.0,0.0,0.0,23607128.122322887,-4.656612873077393e-10 
 07/04  13:00:00,46752242.05872338,28687680.0,1186719.5198925138,16877842.538830865,14950521.47452112,0.0,12487680.0,0.0,0.0,23006045.152195837,-3.259629011154175e-9 
 07/04  14:00:00,45534802.410327956,25764480.0,1256229.995877408,18514092.414450556,16586771.350140808,0.0,9564480.0,0.0,0.0,25350358.950276,-7.916241884231567e-9 
 07/04  15:00:00,45416835.46452781,25027200.0,1267525.7139850361,19122109.750542775,17194788.68623303,0.0,10627200.0,0.0,0.0,22796759.177476376,6.984919309616089e-10 
 07/04  16:00:00,45373589.095954604,25894800.0,1215404.3819038593,18263384.71405075,16336063.649741003,0.0,13294800.0,0.0,0.0,15288479.092907373,-1.1641532182693481e-9 
 07/04  17:00:00,41456977.93619012,23659200.0,1158106.5581497038,16639671.378040418,14712350.313730672,0.0,14659200.0,0.0,0.0,13128631.158337887,-3.958120942115784e-9 
 07/04  18:00:00,40899728.92358866,23842800.0,1141651.9897399088,15915276.933848757,13987955.869539008,0.0,14842800.0,0.0,0.0,7801123.622830821,-4.889443516731262e-9 
 07/04  19:00:00,38495758.694147125,21600000.0,1136544.5956399357,15759214.098507186,13831893.03419744,0.0,16200000.0,0.0,0.0,721472.3945923713,-6.984919309616089e-9 
 07/04  20:00:00,27656374.769060355,10800000.0,1136544.5956399357,15719830.173420418,13792509.10911067,0.0,5400000.0,0.0,0.0,0.0,-1.280568540096283e-9 
 07/04  21:00:00,5760000.0,5760000.0,0.0,0.0,0.0,0.0,5400000.0,0.0,0.0,0.0,-8.149072527885437e-10 
 07/04  22:00:00,1710000.0,1710000.0,0.0,0.0,0.0,0.0,1350000.0,0.0,0.0,0.0,-2.0954757928848267e-9 
 07/04  23:00:00,1710000.0,1710000.0,0.0,0.0,0.0,0.0,1350000.0,0.0,0.0,0.0,-1.5133991837501526e-9 
 07/04  24:00:00,1710000.0,1710000.0,0.0,0.0,0.0,0.0,1350000.0,0.0,0.0,0.0,-6.402842700481415e-10 
 07/05  01:00:00,4950000.0,4950000.0,0.0,0.0,0.0,0.0,1350000.0,0.0,0.0,0.0,-2.2118911147117615e-9 
 07/05  02:00:00,4950000.0,4950000.0,0.0,0.0,0.0,0.0,1350000.0,0.0,0.0,0.0,2.0372681319713593e-9 
 07/05  03:00:00,4950000.0,4950000.0,0.0,0.0,0.0,0.0,1350000.0,0.0,0.0,0.0,2.561137080192566e-9 
 07/05  04:00:00,4950000.0,4950000.0,0.0,0.0,0.0,0.0,1350000.0,0.0,0.0,0.0,-2.3283064365386963e-10 
 07/05  05:00:00,4950000.0,4950000.0,0.0,0.0,0.0,0.0,1350000.0,0.0,0.0,0.0,-1.979060471057892e-9 
 07/05  06:00:00,4950000.0,4950000.0,0.0,0.0,0.0,0.0,1350000.0,0.0,0.0,0.0,-3.3760443329811096e-9 
 07/05  07:00:00,4950000.0,4950000.0,0.0,0.0,0.0,0.0,1350000.0,0.0,0.0,3810541.8246723474,-1.7462298274040222e-9 
 07/05  08:00:00,4721580.0,4721580.0,0.0,0.0,0.0,0.0,1121580.0,0.0,0.0,20960510.561658874,-1.280568540096283e-9 
 07/05  09:00:00,4448700.0,4448700.0,0.0,0.0,0.0,0.0,848700.0,0.0,0.0,32035715.29144997,-3.550667315721512e-9 
 07/05  10:00:00,4332960.0,4332960.0,0.0,0.0,0.0,0.0,732960.0,0.0,0.0,34237415.3907011,-3.3760443329811096e-9 
 07/05  11:00:00,4332960.0,4332960.0,0.0,0.0,0.0,0.0,732960.0,0.0,0.0,28135405.036401056,-6.28642737865448e-9 
 07/05  12:00:00,4288500.0,4288500.0,0.0,0.0,0.0,0.0,688500.0,0.0,0.0,26243342.610685226,-6.752088665962219e-9 
 07/05  13:00:00,4312260.0,4312260.0,0.0,0.0,0.0,0.0,712260.0,0.0,0.0,23139508.39801824,-3.958120942115784e-9 
 07/05  14:00:00,4131360.0,4131360.0,0.0,0.0,0.0,0.0,531360.0,0.0,0.0,25369314.592635702,-2.3283064365386963e-9 
 07/05  15:00:00,4131360.0,4131360.0,0.0,0.0,0.0,0.0,531360.0,0.0,0.0,19497710.895561337,-7.916241884231567e-9 
 07/05  16:00:00,4131360.0,4131360.0,0.0,0.0,0.0,0.0,531360.0,0.0,0.0,16700092.876062792,-4.423782229423523e-9 
 07/05  17:00:00,4380480.0,4380480.0,0.0,0.0,0.0,0.0,780480.0,0.0,0.0,12164361.221560374,-4.190951585769653e-9 
 07/05  18:00:00,4273920.0,4273920.0,0.0,0.0,0.0,0.0,673920.0,0.0,0.0,9474649.205987338,4.656612873077393e-10 
 07/05  19:00:00,4905540.0,4905540.0,0.0,0.0,0.0,0.0,1305540.0,0.0,0.0,2087740.7933610377,-2.0954757928848267e-9 
 07/05  20:00:00,4950000.0,4950000.0,0.0,0.0,0.0,0.0,1350000.0,0.0,0.0,0.0,-1.6298145055770874e-9 
 07/05  21:00:00,4950000.0,4950000.0,0.0,0.0,0.0,0.0,1350000.0,0.0,0.0,0.0,1.1641532182693481e-10 
 07/05  22:00:00,4950000.0,4950000.0,0.0,0.0,0.0,0.0,1350000.0,0.0,0.0,0.0,-6.984919309616089e-10 
 07/05  23:00:00,4950000.0,4950000.0,0.0,0.0,0.0,0.0,1350000.0,0.0,0.0,0.0,-5.238689482212067e-9 
 07/05  24:00:00,4950000.0,4950000.0,0.0,0.0,0.0,0.0,1350000.0,0.0,0.0,0.0,-1.7462298274040222e-9 
 07/06  01:00:00,4950000.0,4950000.0,0.0,0.0,0.0,0.0,1350000.0,0.0,0.0,0.0,-6.984919309616089e-10 
 07/06  02:00:00,4950000.0,4950000.0,0.0,0.0,0.0,0.0,1350000.0,0.0,0.0,0.0,-2.2118911147117615e-9 
 07/06  03:00:00,4950000.0,4950000.0,0.0,0.0,0.0,0.0,1350000.0,0.0,0.0,0.0,-2.444721758365631e-9 
 07/06  04:00:00,4950000.0,4950000.0,0.0,0.0,0.0,0.0,1350000.0,0.0,0.0,0.0,1.2223608791828156e-9 
 07/06  05:00:00,4950000.0,4950000.0,0.0,0.0,0.0,0.0,1350000.0,0.0,0.0,0.0,-8.731149137020111e-10 
 07/06  06:00:00,4950000.0,4950000.0,0.0,0.0,0.0,0.0,1350000.0,0.0,0.0,0.0,-1.3969838619232178e-9 
 07/06  07:00:00,4950000.0,4950000.0,0.0,0.0,0.0,0.0,1350000.0,0.0,0.0,1936731.4625544725,1.2223608791828156e-9 
 07/06  08:00:00,4902480.0,4902480.0,0.0,0.0,0.0,0.0,1302480.0,0.0,0.0,10295124.200438295,4.656612873077393e-10 
 07/06  09:00:00,4721580.0,4721580.0,0.0,0.0,0.0,0.0,1121580.0,0.0,0.0,15856534.875260152,1.3969838619232178e-9 
 07/06  10:00:00,4493160.0,4493160.0,0.0,0.0,0.0,0.0,893160.0,0.0,0.0,23599343.721776567,-2.7939677238464355e-9 
 07/06  11:00:00,4605840.0,4605840.0,0.0,0.0,0.0,0.0,1005840.0,0.0,0.0,19928950.579199683,-2.6775524020195007e-9 
 07/06  12:00:00,4404240.0,4404240.0,0.0,0.0,0.0,0.0,804240.0,0.0,0.0,24890874.069102794,-5.704350769519806e-9 
 07/06  13:00:00,4175820.0,4175820.0,0.0,0.0,0.0,0.0,575820.0,0.0,0.0,25677096.60517764,-4.0745362639427185e-9 
 07/06  14:00:00,4175820.0,4175820.0,0.0,0.0,0.0,0.0,575820.0,0.0,0.0,22054814.483029805,-6.28642737865448e-9 
 07/06  15:00:00,4131360.0,4131360.0,0.0,0.0,0.0,0.0,531360.0,0.0,0.0,24749342.477760833,-5.3551048040390015e-9 
 07/06  16:00:00,4131360.0,4131360.0,0.0,0.0,0.0,0.0,531360.0,0.0,0.0,21479983.244672127,-3.958120942115784e-9 
 07/06  17:00:00,4653360.0,4653360.0,0.0,0.0,0.0,0.0,1053360.0,0.0,0.0,7382225.197567647,-1.862645149230957e-9 
 07/06  18:00:00,4881780.0,4881780.0,0.0,0.0,0.0,0.0,1281780.0,0.0,0.0,3665620.170382545,-5.3551048040390015e-9 
 07/06  19:00:00,4950000.0,4950000.0,0.0,0.0,0.0,0.0,1350000.0,0.0,0.0,263743.48220086226,-4.423782229423523e-9 
 07/06  20:00:00,4950000.0,4950000.0,0.0,0.0,0.0,0.0,1350000.0,0.0,0.0,0.0,1.0477378964424133e-9 
 07/06  21:00:00,4950000.0,4950000.0,0.0,0.0,0.0,0.0,1350000.0,0.0,0.0,0.0,-2.6775524020195007e-9 
 07/06  22:00:00,4950000.0,4950000.0,0.0,0.0,0.0,0.0,1350000.0,0.0,0.0,0.0,-1.862645149230957e-9 
 07/06  23:00:00,4950000.0,4950000.0,0.0,0.0,0.0,0.0,1350000.0,0.0,0.0,0.0,-1.862645149230957e-9 
 07/06  24:00:00,4950000.0,4950000.0,0.0,0.0,0.0,0.0,1350000.0,0.0,0.0,0.0,-3.14321368932724e-9 
 07/07  01:00:00,1710000.0,1710000.0,0.0,0.0,0.0,0.0,1350000.0,0.0,0.0,0.0,-6.402842700481415e-10 
 07/07  02:00:00,1710000.0,1710000.0,0.0,0.0,0.0,0.0,1350000.0,0.0,0.0,0.0,-4.423782229423523e-9 
 07/07  03:00:00,1710000.0,1710000.0,0.0,0.0,0.0,0.0,1350000.0,0.0,0.0,0.0,-1.862645149230957e-9 
 07/07  04:00:00,1710000.0,1710000.0,0.0,0.0,0.0,0.0,1350000.0,0.0,0.0,0.0,2.2118911147117615e-9 
 07/07  05:00:00,1710000.0,1710000.0,0.0,0.0,0.0,0.0,1350000.0,0.0,0.0,0.0,-5.762558430433273e-9 
 07/07  06:00:00,1710000.0,1710000.0,0.0,0.0,0.0,0.0,1350000.0,0.0,0.0,0.0,-6.984919309616089e-10 
 07/07  07:00:00,15663522.053276144,1710000.0,1136544.5956399357,12816977.457636207,11010844.42454461,0.0,1350000.0,518788.0109396224,518788.0109396224,3159197.4891127995,-6.111804395914078e-10 
 07/07  08:00:00,15772975.330322327,1505340.0,1136544.5956399357,13131090.734682392,11367779.857437368,0.0,1145340.0,466739.9220189386,466739.9220189386,18708608.985929847,-2.2118911147117615e-9 
 07/07  09:00:00,37484735.829117686,22476600.0,1136544.5956399357,13871591.233477745,12080671.675911618,0.0,15276600.0,176079.31003868795,176079.31003868795,31143981.96300063,4.656612873077393e-10 
 07/07  10:00:00,48089320.13004942,31480560.0,1179516.4335302545,15429243.696519166,13543012.202746414,0.0,15280560.0,6604.424578970601,6604.424578970601,28785293.96083647,-5.471520125865936e-9 
 07/07  11:00:00,51265363.52437872,32284800.0,1248778.41199507,17731785.11238365,15804464.048073895,0.0,16084800.0,0.0,0.0,24704410.327568337,-7.2177499532699585e-9 
 07/07  12:00:00,51803974.56947005,32325300.0,1254078.2417334458,18224596.3277366,16297275.263426855,0.0,16125300.0,0.0,0.0,23099575.741153076,0.0 
 07/07  13:00:00,47978070.72897289,29779200.0,1190492.8803399843,17008377.84863291,15081056.784323163,0.0,13579200.0,0.0,0.0,21144305.65489108,-7.2177499532699585e-9 
 07/07  14:00:00,46744011.43154731,27365040.0,1236551.8723872413,18142419.559160065,16215098.494850317,0.0,11165040.0,0.0,0.0,20437295.213082634,-3.026798367500305e-9 
 07/07  15:00:00,45293878.55128057,25027200.0,1255200.9292780436,19011477.622002542,17084156.557692792,0.0,10627200.0,0.0,0.0,23238888.604139753,-4.423782229423523e-9 
 07/07  16:00:00,42478586.59240458,23227200.0,1205039.0136630153,18046347.57874157,16119026.51443182,0.0,10627200.0,0.0,0.0,16614609.844569279,-4.6566128730773926e-9 
 07/07  17:00:00,37789559.978987984,20516400.0,1147966.393690805,16125193.585297182,14197872.520987432,0.0,11516400.0,0.0,0.0,14271144.49537353,-3.958120942115784e-9 
 07/07  18:00:00,38590127.358785726,22478400.0,1139371.620783584,14972355.738002144,13045034.673692396,0.0,13478400.0,0.0,0.0,9060728.56338176,-7.2177499532699585e-9 
 07/07  19:00:00,36822676.84500467,21600000.0,1136544.5956399357,14086132.249364732,12158674.00034201,0.0,16200000.0,97753.96440215013,97753.96440215013,744076.348748026,-3.4924596548080444e-9 
 07/07  20:00:00,25502962.252394408,10800000.0,1136544.5956399357,13566417.656754466,11638697.272479331,0.0,5400000.0,287549.9973914956,287549.9973914956,0.0,-9.313225746154785e-10 
 07/07  21:00:00,5760000.0,5760000.0,0.0,0.0,0.0,0.0,5400000.0,0.0,0.0,0.0,-3.958120942115784e-9 
 07/07  22:00:00,1710000.0,1710000.0,0.0,0.0,0.0,0.0,1350000.0,0.0,0.0,0.0,-3.026798367500305e-9 
 07/07  23:00:00,1710000.0,1710000.0,0.0,0.0,0.0,0.0,1350000.0,0.0,0.0,0.0,-1.862645149230957e-9 
 07/07  24:00:00,1710000.0,1710000.0,0.0,0.0,0.0,0.0,1350000.0,0.0,0.0,0.0,-2.3865140974521637e-9 
 07/08  01:00:00,1710000.0,1710000.0,0.0,0.0,0.0,0.0,1350000.0,0.0,0.0,0.0,-5.238689482212067e-10 
 07/08  02:00:00,1710000.0,1710000.0,0.0,0.0,0.0,0.0,1350000.0,0.0,0.0,0.0,-1.4551915228366852e-9 
 07/08  03:00:00,1710000.0,1710000.0,0.0,0.0,0.0,0.0,1350000.0,0.0,0.0,0.0,-3.841705620288849e-9 
 07/08  04:00:00,1710000.0,1710000.0,0.0,0.0,0.0,0.0,1350000.0,0.0,0.0,0.0,-5.238689482212067e-10 
 07/08  05:00:00,1710000.0,1710000.0,0.0,0.0,0.0,0.0,1350000.0,0.0,0.0,0.0,-4.889443516731262e-9 
 07/08  06:00:00,1710000.0,1710000.0,0.0,0.0,0.0,0.0,1350000.0,0.0,0.0,0.0,1.4551915228366852e-9 
 07/08  07:00:00,15887969.710130118,1710000.0,1136544.5956399357,13041425.114490183,11226232.452084411,0.0,1350000.0,414856.33678480994,414856.33678480994,2226331.729594823,-1.367880031466484e-9 
 07/08  08:00:00,16008256.748901173,1573560.0,1136544.5956399357,13298152.153261237,11541631.633272711,0.0,1213560.0,254921.10734407295,254921.10734407295,13505134.246982358,-2.1245796233415604e-9 
 07/08  09:00:00,39650455.17620778,24504840.0,1136544.5956399357,14009070.580567848,12225497.5302008,0.0,17304840.0,29352.763482480637,29352.763482480637,24633221.75813419,-1.5133991837501526e-9 
 07/08  10:00:00,47377739.37279251,31029120.0,1156805.4680289193,15191813.904763589,13294531.854973692,0.0,14829120.0,0.0,0.0,28754851.85856667,-5.587935447692871e-9 
 07/08  11:00:00,49221442.0875698,30384000.0,1236016.8649189074,17601425.222650897,15674104.158341149,0.0,14184000.0,0.0,0.0,29656672.81012747,-1.862645149230957e-9 
 07/08  12:00:00,49267335.10541843,29674800.0,1266525.974571368,18326009.13084706,16398688.066537311,0.0,13474800.0,0.0,0.0,27226292.559803564,-2.3283064365386963e-9 
 07/08  13:00:00,42803419.40929337,24701760.0,1208765.6080065612,16892893.80128681,14965572.736977063,0.0,8501760.0,0.0,0.0,26636994.748431005,-8.381903171539307e-9 
 07/08  14:00:00,45197502.41597253,25764480.0,1280024.2610192464,18152998.154953286,16225677.090643536,0.0,9564480.0,0.0,0.0,26192694.76558531,-2.3283064365386963e-9 
 07/08  15:00:00,45056196.11343521,25027200.0,1295569.3118902864,18733426.801544927,16806105.73723518,0.0,10627200.0,0.0,0.0,25025335.762574352,-5.820766091346741e-9 
 07/08  16:00:00,42274286.65963575,23227200.0,1237933.7193649253,17809152.940270834,15881831.875961088,0.0,10627200.0,0.0,0.0,19683468.52179953,-3.958120942115784e-9 
 07/08  17:00:00,36597654.50918786,19627200.0,1163134.6999205651,15807319.809267301,13879998.744957553,0.0,10627200.0,0.0,0.0,15406402.338251576,-2.561137080192566e-9 
 07/08  18:00:00,38652712.37132956,22478400.0,1143981.7903852954,15030330.580944262,13103009.516634513,0.0,13478400.0,0.0,0.0,9791854.424167326,-4.889443516731262e-9 
 07/08  19:00:00,37418860.64033633,21600000.0,1136544.5956399357,14682316.044696394,12754994.980386646,0.0,16200000.0,0.0,0.0,1642964.9403896583,-5.587935447692871e-9 
 07/08  20:00:00,26319105.9690675,10800000.0,1136544.5956399357,14382561.373427564,12455240.309117816,0.0,5400000.0,0.0,0.0,0.0,-3.6088749766349792e-9 
 07/08  21:00:00,5760000.0,5760000.0,0.0,0.0,0.0,0.0,5400000.0,0.0,0.0,0.0,1.3969838619232178e-9 
 07/08  22:00:00,1710000.0,1710000.0,0.0,0.0,0.0,0.0,1350000.0,0.0,0.0,0.0,-1.862645149230957e-9 
 07/08  23:00:00,1710000.0,1710000.0,0.0,0.0,0.0,0.0,1350000.0,0.0,0.0,0.0,-4.889443516731262e-9 
 07/08  24:00:00,1710000.0,1710000.0,0.0,0.0,0.0,0.0,1350000.0,0.0,0.0,0.0,-3.2014213502407074e-9 
 07/09  01:00:00,1710000.0,1710000.0,0.0,0.0,0.0,0.0,1350000.0,0.0,0.0,0.0,-2.735760062932968e-9 
 07/09  02:00:00,1710000.0,1710000.0,0.0,0.0,0.0,0.0,1350000.0,0.0,0.0,0.0,2.561137080192566e-9 
 07/09  03:00:00,1710000.0,1710000.0,0.0,0.0,0.0,0.0,1350000.0,0.0,0.0,0.0,-7.566995918750763e-10 
 07/09  04:00:00,1710000.0,1710000.0,0.0,0.0,0.0,0.0,1350000.0,0.0,0.0,0.0,1.3387762010097504e-9 
 07/09  05:00:00,1710000.0,1710000.0,0.0,0.0,0.0,0.0,1350000.0,0.0,0.0,0.0,-5.878973752260208e-9 
 07/09  06:00:00,1710000.0,1710000.0,0.0,0.0,0.0,0.0,1350000.0,0.0,0.0,0.0,3.2014213502407074e-9 
 07/09  07:00:00,15636821.639513107,1710000.0,1136544.5956399357,12790277.043873169,10987129.528745472,0.0,1350000.0,547311.6748560442,547311.6748560442,3515792.3739642976,-3.987224772572517e-9 
 07/09  08:00:00,15770473.203735206,1505340.0,1136544.5956399357,13128588.608095272,11372800.41359369,0.0,1145340.0,424111.5177086403,424111.5177086403,18449434.56813007,-4.685716703534126e-9 
 07/09  09:00:00,37974472.0509675,23276880.0,1136544.5956399357,13561047.455327565,11789316.486651752,0.0,16076880.0,267412.38601259585,267412.38601259585,27120316.110321,-3.958120942115784e-9 
 07/09  10:00:00,47223928.865990646,31029120.0,1165380.855434921,15029428.010555726,13147404.812341051,0.0,14829120.0,22398.428707216983,22398.428707216983,29292542.83668951,-4.540197551250458e-9 
 07/09  11:00:00,48270233.60967745,29494800.0,1237799.9190882118,17537633.69058924,15610312.626279494,0.0,13294800.0,0.0,0.0,29004275.054955,-4.889443516731262e-9 
 07/09  12:00:00,51081664.01207591,30577680.0,1268375.484655461,19235608.527420454,17308287.463110708,0.0,14377680.0,0.0,0.0,25669266.025236316,-4.423782229423523e-9 
 07/09  13:00:00,44126934.75176604,24701760.0,1213587.8790751484,18211586.872690894,16284265.808381146,0.0,8501760.0,0.0,0.0,26122798.452431887,-5.3551048040390015e-9 
 07/09  14:00:00,46771064.91660847,25764480.0,1290173.7787301417,19716411.13787833,17789090.07356858,0.0,9564480.0,0.0,0.0,25941647.449131586,-5.587935447692871e-9 
 07/09  15:00:00,46341215.31420331,25027200.0,1327833.2712126856,19986182.042990625,18058860.97868088,0.0,10627200.0,0.0,0.0,26558589.99775473,-5.587935447692871e-9 
 07/09  16:00:00,42985114.55720517,23227200.0,1269582.6640312066,18488331.89317397,16561010.828864222,0.0,10627200.0,0.0,0.0,20036281.11221594,-1.1641532182693481e-9 
 07/09  17:00:00,36901285.83974102,19627200.0,1190999.3465280556,16083086.49321297,14155765.428903222,0.0,10627200.0,0.0,0.0,17396129.018378563,-3.4924596548080444e-9 
 07/09  18:00:00,37210865.413954005,21052800.0,1160580.025704194,14997485.388249815,13070164.323940067,0.0,12052800.0,0.0,0.0,11967266.83123372,-4.190951585769653e-9 
 07/09  19:00:00,36390242.98245291,21066480.0,1136544.5956399357,14187218.38681297,12259360.084390042,0.0,15666480.0,419185.22319999296,419185.22319999296,2902365.1068059746,-3.725290298461914e-9 
 07/09  20:00:00,25799736.381636813,10800000.0,1136544.5956399357,13863191.78599688,11935108.145981502,0.0,5400000.0,601564.8511222999,601564.8511222999,0.0,1.6298145055770874e-9 
 07/09  21:00:00,5760000.0,5760000.0,0.0,0.0,0.0,0.0,5400000.0,0.0,0.0,0.0,-2.3283064365386963e-10 
 07/09  22:00:00,1710000.0,1710000.0,0.0,0.0,0.0,0.0,1350000.0,0.0,0.0,0.0,-1.5133991837501526e-9 
 07/09  23:00:00,1710000.0,1710000.0,0.0,0.0,0.0,0.0,1350000.0,0.0,0.0,0.0,2.7939677238464355e-9 
 07/09  24:00:00,1710000.0,1710000.0,0.0,0.0,0.0,0.0,1350000.0,0.0,0.0,0.0,8.149072527885437e-10 
 07/10  01:00:00,1710000.0,1710000.0,0.0,0.0,0.0,0.0,1350000.0,0.0,0.0,0.0,-1.5133991837501526e-9 
 07/10  02:00:00,1710000.0,1710000.0,0.0,0.0,0.0,0.0,1350000.0,0.0,0.0,0.0,-3.259629011154175e-9 
 07/10  03:00:00,1710000.0,1710000.0,0.0,0.0,0.0,0.0,1350000.0,0.0,0.0,0.0,-4.0745362639427185e-10 
 07/10  04:00:00,1710000.0,1710000.0,0.0,0.0,0.0,0.0,1350000.0,0.0,0.0,0.0,-6.402842700481415e-10 
 07/10  05:00:00,1710000.0,1710000.0,0.0,0.0,0.0,0.0,1350000.0,0.0,0.0,0.0,-3.14321368932724e-9 
 07/10  06:00:00,1710000.0,1710000.0,0.0,0.0,0.0,0.0,1350000.0,0.0,0.0,13391.084269269693,-3.0850060284137726e-9 
 07/10  07:00:00,15658507.841782834,1710000.0,1136544.5956399357,12811963.246142898,11050274.059055349,0.0,1350000.0,657120.3588469848,657120.3588469848,4141755.3265018417,-3.259629011154175e-9 
 07/10  08:00:00,16246163.631847465,1481580.0,1136544.5956399357,13628039.03620753,11878390.938680574,0.0,1121580.0,424355.0086357601,424355.0086357601,20769906.155986734,1.6880221664905548e-9 
 07/10  09:00:00,38935178.44865452,23276880.0,1136544.5956399357,14521753.853014586,12718564.239807904,0.0,16076880.0,83042.34131535227,83042.34131535227,28326411.09153434,-2.9103830456733704e-9 
 07/10  10:00:00,47686991.47209798,30126240.0,1202293.624811001,16358457.847286975,14472684.233366132,0.0,13926240.0,0.0,0.0,32849159.69133307,-4.190951585769653e-9 
 07/10  11:00:00,48627777.54263722,28605600.0,1300417.2102422705,18721760.332394954,16794439.268085208,0.0,12405600.0,0.0,0.0,30192466.306081183,-2.0954757928848267e-9 
 07/10  12:00:00,50589389.95512053,30126240.0,1320165.7513496005,19142984.20377094,17215663.13946119,0.0,13926240.0,0.0,0.0,26655134.672278605,-8.381903171539307e-9 
 07/10  13:00:00,44465064.94388167,25413120.0,1242811.9147524743,17809133.029129196,15881811.964819446,0.0,9213120.0,0.0,0.0,25924787.363597304,-7.916241884231567e-9 
 07/10  14:00:00,46533796.31061226,25764480.0,1311970.740572066,19457345.570040196,17530024.505730446,0.0,9564480.0,0.0,0.0,25731552.592666153,-1.3969838619232178e-9 
 07/10  15:00:00,47286507.1784019,25027200.0,1346859.5686873926,20912447.609714504,18985126.54540476,0.0,10627200.0,0.0,0.0,27798989.670821186,-2.0954757928848267e-9 
 07/10  16:00:00,45082500.06995349,23227200.0,1318362.7375177643,20536937.332435723,18609616.268125974,0.0,10627200.0,0.0,0.0,26641379.93099408,-4.656612873077393e-10 
 07/10  17:00:00,38551627.28140536,19627200.0,1225935.556607614,17698491.724797748,15771170.660488004,0.0,10627200.0,0.0,0.0,18965416.15914675,-1.6298145055770874e-9 
 07/10  18:00:00,38117306.48295292,22003200.0,1175606.8303851963,14938499.65256773,13031854.170203745,0.0,13003200.0,0.0,0.0,10316148.378144434,-2.561137080192566e-9 
 07/10  19:00:00,35849996.867479205,21600000.0,1136544.5956399357,13113452.271839267,11249846.902560713,0.0,16200000.0,686368.946712449,686368.946712449,1418306.1537506678,-2.7939677238464355e-9 
 07/10  20:00:00,24430727.341059618,10800000.0,1136544.5956399357,12494182.745419683,10663766.992256353,0.0,5400000.0,691566.8980725217,691566.8980725217,0.0,-5.820766091346741e-9 
 07/10  21:00:00,5760000.0,5760000.0,0.0,0.0,0.0,0.0,5400000.0,0.0,0.0,0.0,5.820766091346741e-10 
 07/10  22:00:00,1710000.0,1710000.0,0.0,0.0,0.0,0.0,1350000.0,0.0,0.0,0.0,-1.6298145055770874e-9 
 07/10  23:00:00,1710000.0,1710000.0,0.0,0.0,0.0,0.0,1350000.0,0.0,0.0,0.0,-1.862645149230957e-9 
 07/10  24:00:00,1710000.0,1710000.0,0.0,0.0,0.0,0.0,1350000.0,0.0,0.0,0.0,-1.7462298274040222e-9 
 07/11  01:00:00,1710000.0,1710000.0,0.0,0.0,0.0,0.0,1350000.0,0.0,0.0,0.0,-1.3387762010097504e-9 
 07/11  02:00:00,1710000.0,1710000.0,0.0,0.0,0.0,0.0,1350000.0,0.0,0.0,0.0,-1.2223608791828156e-9 
 07/11  03:00:00,1710000.0,1710000.0,0.0,0.0,0.0,0.0,1350000.0,0.0,0.0,0.0,-1.862645149230957e-9 
 07/11  04:00:00,1710000.0,1710000.0,0.0,0.0,0.0,0.0,1350000.0,0.0,0.0,0.0,5.238689482212067e-10 
 07/11  05:00:00,1710000.0,1710000.0,0.0,0.0,0.0,0.0,1350000.0,0.0,0.0,0.0,2.270098775625229e-9 
 07/11  06:00:00,1710000.0,1710000.0,0.0,0.0,0.0,0.0,1350000.0,0.0,0.0,6686.5888988218885,-1.5133991837501526e-9 
 07/11  07:00:00,15899875.462680593,1710000.0,1136544.5956399357,13053330.867040658,11287822.499575661,0.0,1350000.0,703161.1357547902,703161.1357547902,2370525.6000807593,-4.3655745685100555e-10 
 07/11  08:00:00,15694011.864304604,1573560.0,1136544.5956399357,12983907.26866467,11284953.013474172,0.0,1213560.0,705272.2234823208,705272.2234823208,14307210.115140025,4.0745362639427185e-10 
 07/11  09:00:00,39642228.31967826,24504840.0,1136544.5956399357,14000843.724038329,12224527.70181854,0.0,17304840.0,372300.43101958634,372300.43101958634,24836093.79092311,-3.725290298461914e-9 
 07/11  10:00:00,48146867.72436139,31029120.0,1170123.9067779162,15947623.81758347,14053216.382571012,0.0,14829120.0,1603.1940313742032,1603.1940313742032,27607631.84283746,-6.51925802230835e-9 
 07/11  11:00:00,49259196.021610685,27716400.0,1277089.8393970318,20265706.182213653,18338385.117903907,0.0,11516400.0,0.0,0.0,29782335.59585561,-6.752088665962219e-9 
 07/11  12:00:00,49745400.879885554,26295840.0,1303681.7634474754,22145879.116438083,20218558.052128337,0.0,10095840.0,0.0,0.0,26259354.997933626,-5.587935447692871e-9 
 07/11  13:00:00,46924010.52187082,24701760.0,1232287.9143033,20989962.607567526,19062641.543257777,0.0,8501760.0,0.0,0.0,23255337.767957855,-1.862645149230957e-9 
 07/11  14:00:00,49817520.34743143,25764480.0,1344603.3827535743,22708436.96467785,20781115.900368102,0.0,9564480.0,0.0,0.0,27309623.795968853,-7.916241884231567e-9 
 07/11  15:00:00,49195452.61291784,25027200.0,1375736.8702170495,22792515.74270079,20865194.678391043,0.0,10627200.0,0.0,0.0,24953021.85077527,-3.725290298461914e-9 
 07/11  16:00:00,44750987.933498904,23227200.0,1290077.4966310808,20233710.43686783,18306389.37255808,0.0,10627200.0,0.0,0.0,17310226.160116572,-4.423782229423523e-9 
 07/11  17:00:00,40371996.96989776,21880800.0,1200299.545383406,17290897.42451435,15363576.360204602,0.0,12880800.0,0.0,0.0,14292119.276004972,-5.3551048040390015e-9 
 07/11  18:00:00,45468976.585847825,28764000.0,1165735.235239274,15539241.350608552,13611920.286298806,0.0,19764000.0,0.0,0.0,5848990.410742304,-4.6566128730773926e-9 
 07/11  19:00:00,37377892.516566925,21600000.0,1136544.5956399357,14641347.920926988,12713713.31100438,0.0,16200000.0,263320.7933645937,263320.7933645937,480682.1692658556,-5.122274160385132e-9 
 07/11  20:00:00,26503994.611136988,10800000.0,1136544.5956399357,14567450.015497046,12639834.012892155,0.0,5400000.0,249091.74793168984,249091.74793168984,0.0,-1.6298145055770874e-9 
 07/11  21:00:00,5760000.0,5760000.0,0.0,0.0,0.0,0.0,5400000.0,0.0,0.0,0.0,4.656612873077393e-10 
 07/11  22:00:00,1710000.0,1710000.0,0.0,0.0,0.0,0.0,1350000.0,0.0,0.0,0.0,0.0 
 07/11  23:00:00,1710000.0,1710000.0,0.0,0.0,0.0,0.0,1350000.0,0.0,0.0,0.0,-2.3283064365386963e-10 
 07/11  24:00:00,1710000.0,1710000.0,0.0,0.0,0.0,0.0,1350000.0,0.0,0.0,0.0,-2.3283064365386963e-10 
 07/12  01:00:00,4950000.0,4950000.0,0.0,0.0,0.0,0.0,1350000.0,0.0,0.0,0.0,1.3969838619232178e-9 
 07/12  02:00:00,4950000.0,4950000.0,0.0,0.0,0.0,0.0,1350000.0,0.0,0.0,0.0,-1.979060471057892e-9 
 07/12  03:00:00,4950000.0,4950000.0,0.0,0.0,0.0,0.0,1350000.0,0.0,0.0,0.0,2.9103830456733704e-9 
 07/12  04:00:00,4950000.0,4950000.0,0.0,0.0,0.0,0.0,1350000.0,0.0,0.0,0.0,-4.889443516731262e-9 
 07/12  05:00:00,4950000.0,4950000.0,0.0,0.0,0.0,0.0,1350000.0,0.0,0.0,0.0,-1.3969838619232178e-9 
 07/12  06:00:00,4950000.0,4950000.0,0.0,0.0,0.0,0.0,1350000.0,0.0,0.0,0.0,-3.434251993894577e-9 
 07/12  07:00:00,4950000.0,4950000.0,0.0,0.0,0.0,0.0,1350000.0,0.0,0.0,3403553.8237892836,-8.731149137020111e-10 
 07/12  08:00:00,4745340.0,4745340.0,0.0,0.0,0.0,0.0,1145340.0,0.0,0.0,20045908.714566544,-2.3283064365386963e-9 
 07/12  09:00:00,4493160.0,4493160.0,0.0,0.0,0.0,0.0,893160.0,0.0,0.0,33583869.26124706,-3.841705620288849e-9 
 07/12  10:00:00,4380480.0,4380480.0,0.0,0.0,0.0,0.0,780480.0,0.0,0.0,30350366.05444631,-2.561137080192566e-9 
 07/12  11:00:00,4175820.0,4175820.0,0.0,0.0,0.0,0.0,575820.0,0.0,0.0,29775977.159296174,-1.3969838619232178e-9 
 07/12  12:00:00,4264740.0,4264740.0,0.0,0.0,0.0,0.0,664740.0,0.0,0.0,26676133.893149234,-4.6566128730773926e-9 
 07/12  13:00:00,4131360.0,4131360.0,0.0,0.0,0.0,0.0,531360.0,0.0,0.0,26145448.279483918,-9.313225746154785e-10 
 07/12  14:00:00,4131360.0,4131360.0,0.0,0.0,0.0,0.0,531360.0,0.0,0.0,26261880.11784851,-4.6566128730773926e-9 
 07/12  15:00:00,4131360.0,4131360.0,0.0,0.0,0.0,0.0,531360.0,0.0,0.0,21886793.216970168,-5.3551048040390015e-9 
 07/12  16:00:00,4131360.0,4131360.0,0.0,0.0,0.0,0.0,531360.0,0.0,0.0,23059299.995698582,-2.561137080192566e-9 
 07/12  17:00:00,4336020.0,4336020.0,0.0,0.0,0.0,0.0,736020.0,0.0,0.0,12340718.686400494,-3.259629011154175e-9 
 07/12  18:00:00,4410360.0,4410360.0,0.0,0.0,0.0,0.0,810360.0,0.0,0.0,7179289.745640584,-2.3283064365386963e-9 
 07/12  19:00:00,4950000.0,4950000.0,0.0,0.0,0.0,0.0,1350000.0,0.0,0.0,573572.606609831,1.6298145055770874e-9 
 07/12  20:00:00,4950000.0,4950000.0,0.0,0.0,0.0,0.0,1350000.0,0.0,0.0,0.0,-4.773028194904327e-9 
 07/12  21:00:00,4950000.0,4950000.0,0.0,0.0,0.0,0.0,1350000.0,0.0,0.0,0.0,-1.862645149230957e-9 
 07/12  22:00:00,4950000.0,4950000.0,0.0,0.0,0.0,0.0,1350000.0,0.0,0.0,0.0,-1.5133991837501526e-9 
 07/12  23:00:00,4950000.0,4950000.0,0.0,0.0,0.0,0.0,1350000.0,0.0,0.0,0.0,-8.149072527885437e-10 
 07/12  24:00:00,4950000.0,4950000.0,0.0,0.0,0.0,0.0,1350000.0,0.0,0.0,0.0,-1.979060471057892e-9 
 07/13  01:00:00,4950000.0,4950000.0,0.0,0.0,0.0,0.0,1350000.0,0.0,0.0,0.0,2.3283064365386963e-10 
 07/13  02:00:00,4950000.0,4950000.0,0.0,0.0,0.0,0.0,1350000.0,0.0,0.0,0.0,-2.561137080192566e-9 
 07/13  03:00:00,4950000.0,4950000.0,0.0,0.0,0.0,0.0,1350000.0,0.0,0.0,0.0,6.984919309616089e-10 
 07/13  04:00:00,4950000.0,4950000.0,0.0,0.0,0.0,0.0,1350000.0,0.0,0.0,0.0,-1.1059455573558807e-9 
 07/13  05:00:00,4950000.0,4950000.0,0.0,0.0,0.0,0.0,1350000.0,0.0,0.0,0.0,8.149072527885437e-10 
 07/13  06:00:00,4950000.0,4950000.0,0.0,0.0,0.0,0.0,1350000.0,0.0,0.0,0.0,-3.958120942115784e-9 
 07/13  07:00:00,4950000.0,4950000.0,0.0,0.0,0.0,0.0,1350000.0,0.0,0.0,1972900.1779891336,-4.540197551250458e-9 
 07/13  08:00:00,4858020.0,4858020.0,0.0,0.0,0.0,0.0,1258020.0,0.0,0.0,12776205.280845176,-5.238689482212067e-10 
 07/13  09:00:00,4561380.0,4561380.0,0.0,0.0,0.0,0.0,961380.0,0.0,0.0,26004974.68168337,-2.6775524020195007e-9 
 07/13  10:00:00,4356720.0,4356720.0,0.0,0.0,0.0,0.0,756720.0,0.0,0.0,31198464.027831964,-2.2118911147117615e-9 
 07/13  11:00:00,4220280.0,4220280.0,0.0,0.0,0.0,0.0,620280.0,0.0,0.0,29662754.466630954,-5.238689482212067e-9 
 07/13  12:00:00,4264740.0,4264740.0,0.0,0.0,0.0,0.0,664740.0,0.0,0.0,23195755.753034122,-2.444721758365631e-9 
 07/13  13:00:00,4131360.0,4131360.0,0.0,0.0,0.0,0.0,531360.0,0.0,0.0,21065037.569431655,-2.7939677238464355e-9 
 07/13  14:00:00,4131360.0,4131360.0,0.0,0.0,0.0,0.0,531360.0,0.0,0.0,24914622.59560557,-1.6298145055770874e-9 
 07/13  15:00:00,4131360.0,4131360.0,0.0,0.0,0.0,0.0,531360.0,0.0,0.0,27063895.49047848,-1.6298145055770874e-9 
 07/13  16:00:00,4131360.0,4131360.0,0.0,0.0,0.0,0.0,531360.0,0.0,0.0,24556528.945233326,-5.3551048040390015e-9 
 07/13  17:00:00,4131360.0,4131360.0,0.0,0.0,0.0,0.0,531360.0,0.0,0.0,22291780.598812707,-1.3969838619232178e-9 
 07/13  18:00:00,4202640.0,4202640.0,0.0,0.0,0.0,0.0,602640.0,0.0,0.0,14201714.33796883,-5.820766091346741e-9 
 07/13  19:00:00,4905540.0,4905540.0,0.0,0.0,0.0,0.0,1305540.0,0.0,0.0,3024138.2064043405,-1.6298145055770874e-9 
 07/13  20:00:00,4950000.0,4950000.0,0.0,0.0,0.0,0.0,1350000.0,0.0,0.0,0.0,-9.313225746154785e-10 
 07/13  21:00:00,4950000.0,4950000.0,0.0,0.0,0.0,0.0,1350000.0,0.0,0.0,0.0,-3.958120942115784e-9 
 07/13  22:00:00,4950000.0,4950000.0,0.0,0.0,0.0,0.0,1350000.0,0.0,0.0,0.0,-2.444721758365631e-9 
 07/13  23:00:00,4950000.0,4950000.0,0.0,0.0,0.0,0.0,1350000.0,0.0,0.0,0.0,-4.423782229423523e-9 
 07/13  24:00:00,4950000.0,4950000.0,0.0,0.0,0.0,0.0,1350000.0,0.0,0.0,0.0,-6.28642737865448e-9 
 07/14  01:00:00,1710000.0,1710000.0,0.0,0.0,0.0,0.0,1350000.0,0.0,0.0,0.0,-3.958120942115784e-9 
 07/14  02:00:00,1710000.0,1710000.0,0.0,0.0,0.0,0.0,1350000.0,0.0,0.0,0.0,-6.984919309616089e-10 
 07/14  03:00:00,1710000.0,1710000.0,0.0,0.0,0.0,0.0,1350000.0,0.0,0.0,0.0,-6.05359673500061e-9 
 07/14  04:00:00,1710000.0,1710000.0,0.0,0.0,0.0,0.0,1350000.0,0.0,0.0,0.0,1.0477378964424133e-9 
 07/14  05:00:00,1710000.0,1710000.0,0.0,0.0,0.0,0.0,1350000.0,0.0,0.0,0.0,-2.9103830456733704e-10 
 07/14  06:00:00,1710000.0,1710000.0,0.0,0.0,0.0,0.0,1350000.0,0.0,0.0,20114.49046444328,-4.71482053399086e-9 
 07/14  07:00:00,15326971.818181183,1710000.0,1136544.5956399357,12480427.22254125,10741257.753073934,0.0,1350000.0,723643.5602042393,723643.5602042393,1851145.694452493,1.6298145055770874e-9 
 07/14  08:00:00,15924426.83457809,1618020.0,1136544.5956399357,13169862.238938153,11432897.194539852,0.0,1258020.0,726297.5007648196,726297.5007648196,11174443.572904067,1.6298145055770874e-9 
 07/14  09:00:00,40149921.31663384,24932520.0,1136544.5956399357,14080856.720993904,12289608.06698186,0.0,17732520.0,480877.6467497956,480877.6467497956,23751039.845038,0.0 
 07/14  10:00:00,47737744.540466756,30577680.0,1199348.9715574707,15960715.568909284,14070812.89600772,0.0,14377680.0,28704.019611528343,28704.019611528343,34123893.00657595,-5.704350769519806e-9 
 07/14  11:00:00,50539969.900845066,29494800.0,1326939.1467072081,19718230.754137862,17792152.052960403,0.0,13294800.0,0.0,0.0,30354097.963087637,-3.725290298461914e-9 
 07/14  12:00:00,48127411.03077467,26295840.0,1315067.1340670604,20516503.89670761,18589182.832397863,0.0,10095840.0,0.0,0.0,23760700.080960438,-4.889443516731262e-9 
 07/14  13:00:00,45744950.81744114,24701760.0,1236988.3256592588,19806202.491781887,17878881.427472137,0.0,8501760.0,0.0,0.0,21655044.211938187,-2.3283064365386963e-9 
 07/14  14:00:00,49569890.66355389,25764480.0,1340155.7751037728,22465254.888450123,20537933.824140377,0.0,9564480.0,0.0,0.0,25253727.867827266,-7.683411240577698e-9 
 07/14  15:00:00,50164513.11776592,25027200.0,1394473.4868844124,23742839.630881503,21815518.566571757,0.0,10627200.0,0.0,0.0,27862283.11632606,-3.259629011154175e-9 
 07/14  16:00:00,46829286.979727805,23227200.0,1358409.5076094195,22243677.472118385,20316356.40780864,0.0,10627200.0,0.0,0.0,27872329.593460366,-7.916241884231567e-9 
 07/14  17:00:00,39475278.570414186,19627200.0,1253321.3617419042,18594757.208672285,16667436.144362539,0.0,10627200.0,0.0,0.0,21175416.36734884,-5.587935447692871e-9 
 07/14  18:00:00,39632792.537168704,22892400.0,1188644.0944824563,15551748.442686243,13649327.426396973,0.0,13892400.0,0.0,0.0,9292136.720827745,-3.026798367500305e-9 
 07/14  19:00:00,36732722.16438414,21600000.0,1136544.5956399357,13996177.568744209,12082059.604847513,0.0,16200000.0,706072.9082896276,706072.9082896276,711856.0340263288,-4.6566128730773926e-9 
 07/14  20:00:00,26009895.881436847,10800000.0,1136544.5956399357,14073351.28579691,12145383.576821694,0.0,5400000.0,556980.2204409352,556980.2204409352,0.0,-6.984919309616089e-9 
 07/14  21:00:00,5760000.0,5760000.0,0.0,0.0,0.0,0.0,5400000.0,0.0,0.0,0.0,-1.862645149230957e-9 
 07/14  22:00:00,1710000.0,1710000.0,0.0,0.0,0.0,0.0,1350000.0,0.0,0.0,0.0,-1.979060471057892e-9 
 07/14  23:00:00,1710000.0,1710000.0,0.0,0.0,0.0,0.0,1350000.0,0.0,0.0,0.0,-3.4924596548080444e-9 
 07/14  24:00:00,1710000.0,1710000.0,0.0,0.0,0.0,0.0,1350000.0,0.0,0.0,0.0,-3.841705620288849e-9 
 07/15  01:00:00,1710000.0,1710000.0,0.0,0.0,0.0,0.0,1350000.0,0.0,0.0,0.0,-2.7939677238464355e-9 
 07/15  02:00:00,1710000.0,1710000.0,0.0,0.0,0.0,0.0,1350000.0,0.0,0.0,0.0,-5.820766091346741e-10 
 07/15  03:00:00,1710000.0,1710000.0,0.0,0.0,0.0,0.0,1350000.0,0.0,0.0,0.0,-1.1641532182693481e-10 
 07/15  04:00:00,1710000.0,1710000.0,0.0,0.0,0.0,0.0,1350000.0,0.0,0.0,0.0,-6.984919309616089e-10 
 07/15  05:00:00,1710000.0,1710000.0,0.0,0.0,0.0,0.0,1350000.0,0.0,0.0,0.0,2.3865140974521637e-9 
 07/15  06:00:00,1710000.0,1710000.0,0.0,0.0,0.0,0.0,1350000.0,0.0,0.0,0.0,-1.4551915228366852e-9 
 07/15  07:00:00,15328249.707551356,1710000.0,1136544.5956399357,12481705.111911422,10756109.646848872,0.0,1350000.0,736841.8497512817,736841.8497512817,5463798.369101001,-2.270098775625229e-9 
 07/15  08:00:00,16137748.184951313,1481580.0,1136544.5956399357,13519623.589311378,11768918.977462646,0.0,1121580.0,565129.9365429103,565129.9365429103,27345605.01885982,2.153683453798294e-9 
 07/15  09:00:00,39533188.31219021,24077160.0,1148958.2219225047,14307070.090267709,12501567.91618602,0.0,16877160.0,212926.60549619564,212926.60549619564,38177418.42149472,-6.402842700481415e-9 
 07/15  10:00:00,49492085.11295971,30577680.0,1263519.0993946013,17650886.01356511,15767305.026430376,0.0,14377680.0,0.0,0.0,37221646.11664169,-2.3283064365386963e-9 
 07/15  11:00:00,52011226.00376957,30859200.0,1348005.2260572833,19804020.77771228,17877416.787929073,0.0,14659200.0,0.0,0.0,27354531.517049063,-4.6566128730773926e-9 
 07/15  12:00:00,48240774.14226182,27140580.0,1311397.59971235,19788796.54254947,17861475.47823972,0.0,10940580.0,0.0,0.0,24793117.332776897,-2.3283064365386963e-9 
 07/15  13:00:00,46620265.244209826,27596160.0,1232396.5595919616,17791708.684617866,15864387.620308118,0.0,11396160.0,0.0,0.0,23544648.049992695,-2.3283064365386963e-9 
 07/15  14:00:00,45986522.44492009,25764480.0,1299998.1570318667,18922044.287888218,16994723.22357847,0.0,9564480.0,0.0,0.0,25177790.73722998,-2.561137080192566e-9 
 07/15  15:00:00,44579839.88890313,25027200.0,1287384.8006283394,18265255.08827479,16337934.023965046,0.0,10627200.0,0.0,0.0,21214262.386263147,-3.958120942115784e-9 
 07/15  16:00:00,42337300.43432007,23227200.0,1235171.379548733,17874929.054771334,15947607.990461586,0.0,10627200.0,0.0,0.0,18565581.888528034,-4.889443516731262e-9 
 07/15  17:00:00,37376694.63917076,19627200.0,1173598.831944961,16575895.807225797,14648574.74291605,0.0,10627200.0,0.0,0.0,17671992.79379972,-3.958120942115784e-9 
 07/15  18:00:00,38130400.620039575,20102400.0,1161736.5232121584,16866264.096827418,14938943.032517672,0.0,11102400.0,0.0,0.0,16400973.627925646,-5.820766091346741e-9 
 07/15  19:00:00,36825538.43090023,20247840.0,1136544.5956399357,15441153.83526029,13513797.994040878,0.0,14847840.0,30261.39134743083,30261.39134743083,5032382.672039201,-4.6566128730773926e-9 
 07/15  20:00:00,26568027.86217578,10800000.0,1136544.5956399357,14631483.266535845,12703882.79246453,0.0,5400000.0,243735.56784254173,243735.56784254173,0.0,-3.6088749766349792e-9 
 07/15  21:00:00,5760000.0,5760000.0,0.0,0.0,0.0,0.0,5400000.0,0.0,0.0,0.0,2.561137080192566e-9 
 07/15  22:00:00,1710000.0,1710000.0,0.0,0.0,0.0,0.0,1350000.0,0.0,0.0,0.0,-1.5133991837501526e-9 
 07/15  23:00:00,1710000.0,1710000.0,0.0,0.0,0.0,0.0,1350000.0,0.0,0.0,0.0,-2.9103830456733704e-9 
 07/15  24:00:00,1710000.0,1710000.0,0.0,0.0,0.0,0.0,1350000.0,0.0,0.0,0.0,-2.7939677238464355e-9 
 07/16  01:00:00,1710000.0,1710000.0,0.0,0.0,0.0,0.0,1350000.0,0.0,0.0,0.0,-6.984919309616089e-10 
 07/16  02:00:00,1710000.0,1710000.0,0.0,0.0,0.0,0.0,1350000.0,0.0,0.0,0.0,-3.14321368932724e-9 
 07/16  03:00:00,1710000.0,1710000.0,0.0,0.0,0.0,0.0,1350000.0,0.0,0.0,0.0,-1.2223608791828156e-9 
 07/16  04:00:00,1710000.0,1710000.0,0.0,0.0,0.0,0.0,1350000.0,0.0,0.0,0.0,-9.313225746154785e-10 
 07/16  05:00:00,1710000.0,1710000.0,0.0,0.0,0.0,0.0,1350000.0,0.0,0.0,0.0,-1.6880221664905548e-9 
 07/16  06:00:00,1710000.0,1710000.0,0.0,0.0,0.0,0.0,1350000.0,0.0,0.0,0.0,5.820766091346741e-10 
 07/16  07:00:00,16620560.222266883,1710000.0,1136544.5956399357,13774015.626626946,11915844.610035503,0.0,1350000.0,321680.7897563263,321680.7897563263,2987472.8463704465,-6.984919309616089e-10 
 07/16  08:00:00,16668561.723088874,1549800.0,1136544.5956399357,13982217.127448939,12191869.026217118,0.0,1189800.0,262374.44863716944,262374.44863716944,18960566.494283956,-2.9103830456733704e-9 
 07/16  09:00:00,39012797.8085502,23276880.0,1137305.8227158943,14598611.985834306,12776835.834020123,0.0,16076880.0,68667.66676830749,68667.66676830749,33699167.832372665,-2.7939677238464355e-9 
 07/16  10:00:00,48507847.79662118,30126240.0,1216130.3242012332,17165477.472419947,15275298.209532265,0.0,13926240.0,0.0,0.0,32598684.32568818,-2.9103830456733704e-9 
 07/16  11:00:00,49018194.715860456,27716400.0,1312316.2168330373,19989478.49902742,18062157.43471767,0.0,11516400.0,0.0,0.0,29819086.16852631,-3.725290298461914e-9 
 07/16  12:00:00,48074793.310817204,26295840.0,1300103.8734685588,20478849.43734865,18551528.373038903,0.0,10095840.0,0.0,0.0,23961575.838364854,-2.561137080192566e-9 
 07/16  13:00:00,46358502.25536525,25413120.0,1240945.115289455,19704437.140075795,17777116.075766046,0.0,9213120.0,0.0,0.0,24232465.70743788,-5.820766091346741e-9 
 07/16  14:00:00,48717051.50284329,25764480.0,1327911.2187470421,21624660.28409625,19697339.219786502,0.0,9564480.0,0.0,0.0,25692579.88876652,-6.51925802230835e-9 
 07/16  15:00:00,48927536.31350242,25027200.0,1370320.6535466241,22530015.659955807,20602694.595646057,0.0,10627200.0,0.0,0.0,27455078.7852654,-3.026798367500305e-9 
 07/16  16:00:00,45744887.56531801,23227200.0,1295285.814147938,21222401.751170073,19295080.686860323,0.0,10627200.0,0.0,0.0,18791594.650863387,9.313225746154785e-10 
 07/16  17:00:00,47960734.50711416,28227600.0,1201144.011971699,18531990.49514246,16604669.430832714,0.0,19227600.0,0.0,0.0,9704735.764072035,-4.889443516731262e-9 
 07/16  18:00:00,44786802.46439437,26571600.0,1166019.318062519,17049183.14633185,15121862.0820221,0.0,17571600.0,0.0,0.0,6945568.110648332,-8.614733815193176e-9 
 07/16  19:00:00,38285670.51084271,21600000.0,1136544.5956399357,15549125.91520277,13621804.850893022,0.0,16200000.0,0.0,0.0,1257342.4238166297,-5.587935447692871e-9 
 07/16  20:00:00,27052307.99373769,10800000.0,1136544.5956399357,15115763.398097754,13188442.333788006,0.0,5400000.0,0.0,0.0,0.0,-2.9103830456733704e-9 
 07/16  21:00:00,5760000.0,5760000.0,0.0,0.0,0.0,0.0,5400000.0,0.0,0.0,0.0,-6.984919309616089e-10 
 07/16  22:00:00,1710000.0,1710000.0,0.0,0.0,0.0,0.0,1350000.0,0.0,0.0,0.0,-1.6298145055770874e-9 
 07/16  23:00:00,1710000.0,1710000.0,0.0,0.0,0.0,0.0,1350000.0,0.0,0.0,0.0,-1.0477378964424133e-9 
 07/16  24:00:00,1710000.0,1710000.0,0.0,0.0,0.0,0.0,1350000.0,0.0,0.0,0.0,-4.656612873077393e-10 
 07/17  01:00:00,1710000.0,1710000.0,0.0,0.0,0.0,0.0,1350000.0,0.0,0.0,0.0,-2.2118911147117615e-9 
 07/17  02:00:00,1710000.0,1710000.0,0.0,0.0,0.0,0.0,1350000.0,0.0,0.0,0.0,-1.2223608791828156e-9 
 07/17  03:00:00,1710000.0,1710000.0,0.0,0.0,0.0,0.0,1350000.0,0.0,0.0,0.0,-2.270098775625229e-9 
 07/17  04:00:00,1710000.0,1710000.0,0.0,0.0,0.0,0.0,1350000.0,0.0,0.0,0.0,-3.0850060284137726e-9 
 07/17  05:00:00,1710000.0,1710000.0,0.0,0.0,0.0,0.0,1350000.0,0.0,0.0,0.0,-1.1059455573558807e-9 
 07/17  06:00:00,1710000.0,1710000.0,0.0,0.0,0.0,0.0,1350000.0,0.0,0.0,0.0,3.434251993894577e-9 
 07/17  07:00:00,15890183.040772181,1710000.0,1136544.5956399357,13043638.445132244,11233866.18992151,0.0,1350000.0,720748.984269779,720748.984269779,2734154.023415741,-3.4924596548080444e-10 
 07/17  08:00:00,16259979.21027794,1549800.0,1136544.5956399357,13573634.614638004,11791744.24648241,0.0,1189800.0,527190.3351356396,527190.3351356396,16812923.05153066,-3.026798367500305e-9 
 07/17  09:00:00,40862549.70277117,25305120.0,1136544.5956399357,14420885.107131243,12612791.881855555,0.0,18105120.0,130161.91320234277,130161.91320234277,25477015.473135814,-9.313225746154785e-10 
 07/17  10:00:00,50362793.86041114,33170040.0,1166161.0998070696,16026592.760604072,14109822.680759078,0.0,16970040.0,0.0,0.0,23954236.536353488,-2.7939677238464355e-9 
 07/17  11:00:00,48426267.781822875,27716400.0,1270675.0939076245,19439192.687915247,17511871.6236055,0.0,11516400.0,0.0,0.0,29352680.868799377,-2.3283064365386963e-9 
 07/17  12:00:00,48826324.217101246,27140580.0,1294716.7318822104,20391027.485219024,18463706.420909278,0.0,10940580.0,0.0,0.0,26705180.190177362,-9.313225746154785e-10 
 07/17  13:00:00,45219104.12530737,24701760.0,1229862.9138634647,19287481.211443912,17360160.147134162,0.0,8501760.0,0.0,0.0,26073290.859505896,-5.122274160385132e-9 
 07/17  14:00:00,48283498.10559936,25764480.0,1310027.1103736623,21208990.995225698,19281669.93091595,0.0,9564480.0,0.0,0.0,26129971.30497096,-4.889443516731262e-9 
 07/17  15:00:00,47870037.51948893,25027200.0,1308232.28807726,21534605.231411673,19607284.167101927,0.0,10627200.0,0.0,0.0,22218064.872477468,-3.026798367500305e-9 
 07/17  16:00:00,45218182.74929875,23227200.0,1262338.022437472,20728644.726861283,18801323.662551533,0.0,10627200.0,0.0,0.0,20738262.23754789,-2.7939677238464355e-9 
 07/17  17:00:00,41071151.62042695,21880800.0,1177146.9733525156,18013204.647074442,16085883.582764693,0.0,12880800.0,0.0,0.0,12939191.12217255,-1.1641532182693481e-9 
 07/17  18:00:00,38432533.33532362,21052800.0,1153773.7376101469,16225959.597713476,14298638.533403728,0.0,12052800.0,0.0,0.0,11925362.478388641,-4.190951585769653e-9 
 07/17  19:00:00,37017799.92471738,21066480.0,1136544.5956399357,14814775.329077454,12887392.354884624,0.0,15666480.0,54910.154888023535,54910.154888023535,2994512.41345081,-2.561137080192566e-9 
 07/17  20:00:00,26256544.191055775,10800000.0,1136544.5956399357,14319999.595415836,12392390.286124542,0.0,5400000.0,256277.5306055649,256277.5306055649,0.0,-1.862645149230957e-9 
 07/17  21:00:00,5760000.0,5760000.0,0.0,0.0,0.0,0.0,5400000.0,0.0,0.0,0.0,-2.2118911147117615e-9 
 07/17  22:00:00,1710000.0,1710000.0,0.0,0.0,0.0,0.0,1350000.0,0.0,0.0,0.0,-2.3283064365386963e-10 
 07/17  23:00:00,1710000.0,1710000.0,0.0,0.0,0.0,0.0,1350000.0,0.0,0.0,0.0,-3.841705620288849e-9 
 07/17  24:00:00,1710000.0,1710000.0,0.0,0.0,0.0,0.0,1350000.0,0.0,0.0,0.0,-5.820766091346741e-9 
 07/18  01:00:00,1710000.0,1710000.0,0.0,0.0,0.0,0.0,1350000.0,0.0,0.0,0.0,-4.831235855817795e-9 
 07/18  02:00:00,1710000.0,1710000.0,0.0,0.0,0.0,0.0,1350000.0,0.0,0.0,0.0,-1.9208528101444244e-9 
 07/18  03:00:00,1710000.0,1710000.0,0.0,0.0,0.0,0.0,1350000.0,0.0,0.0,0.0,-2.153683453798294e-9 
 07/18  04:00:00,1710000.0,1710000.0,0.0,0.0,0.0,0.0,1350000.0,0.0,0.0,0.0,9.313225746154785e-10 
 07/18  05:00:00,1710000.0,1710000.0,0.0,0.0,0.0,0.0,1350000.0,0.0,0.0,0.0,1.862645149230957e-9 
 07/18  06:00:00,1710000.0,1710000.0,0.0,0.0,0.0,0.0,1350000.0,0.0,0.0,0.0,-3.7834979593753815e-9 
 07/18  07:00:00,16143133.908529203,1710000.0,1136544.5956399357,13296589.312889267,11471049.730418738,0.0,1350000.0,757935.9181914914,757935.9181914914,4018542.1931632357,-2.6193447411060333e-9 
 07/18  08:00:00,16177410.035339514,1481580.0,1136544.5956399357,13559285.439699577,11796246.221678749,0.0,1121580.0,613690.926740345,613690.926740345,20396950.42946095,1.2223608791828156e-9 
 07/18  09:00:00,40040249.93903166,24504840.0,1136544.5956399357,14398865.343391724,12589959.415045522,0.0,17304840.0,186318.75871641983,186318.75871641983,25997347.85643243,-1.979060471057892e-9 
 07/18  10:00:00,49362260.70621616,30577680.0,1206270.6433184354,17578310.06289772,15677343.860722825,0.0,14377680.0,0.0,0.0,33179610.02763543,-4.540197551250458e-9 
 07/18  11:00:00,54024672.40604023,30859200.0,1318672.7544135205,21846799.651626706,19919478.587316956,0.0,14659200.0,0.0,0.0,27202814.664268114,-8.614733815193176e-9 
 07/18  12:00:00,50865768.2486947,26295840.0,1314043.0058242846,23255885.242870413,21328564.17856067,0.0,10095840.0,0.0,0.0,24778585.78478644,-5.122274160385132e-9 
 07/18  13:00:00,48161816.623332724,24701760.0,1239493.267883738,22220563.355448984,20293242.291139238,0.0,8501760.0,0.0,0.0,23135218.294400405,-3.958120942115784e-9 
 07/18  14:00:00,51152470.925161734,25764480.0,1339761.0115765687,24048229.913585167,22120908.849275418,0.0,9564480.0,0.0,0.0,25703573.44851958,-4.190951585769653e-9 
 07/18  15:00:00,50497954.8223558,25027200.0,1385841.5316555784,24084913.29070022,22157592.226390474,0.0,10627200.0,0.0,0.0,26840135.114537742,-2.3283064365386963e-9 
 07/18  16:00:00,46090880.04507379,23227200.0,1313023.0368808578,21550657.00819294,19623335.943883188,0.0,10627200.0,0.0,0.0,21251184.7954915,-5.587935447692871e-9 
 07/18  17:00:00,40908846.21033155,21880800.0,1200758.0836566146,17827288.126674935,15899967.062365187,0.0,12880800.0,0.0,0.0,13848570.40898091,-1.6298145055770874e-9 
 07/18  18:00:00,43538967.074597135,26096400.0,1160266.6716086306,16282300.4029885,14354979.338678753,0.0,17096400.0,0.0,0.0,7132369.806488153,-3.259629011154175e-9 
 07/18  19:00:00,38402950.2022872,21600000.0,1136544.5956399357,15666405.606647268,13739084.542337518,0.0,16200000.0,0.0,0.0,1026003.2943762781,-1.1641532182693481e-9 
 07/18  20:00:00,28024845.81183515,10800000.0,1136544.5956399357,16088301.216195216,14160980.151885469,0.0,5400000.0,0.0,0.0,0.0,-3.958120942115784e-9 
 07/18  21:00:00,5760000.0,5760000.0,0.0,0.0,0.0,0.0,5400000.0,0.0,0.0,0.0,-5.238689482212067e-9 
 07/18  22:00:00,1710000.0,1710000.0,0.0,0.0,0.0,0.0,1350000.0,0.0,0.0,0.0,-1.280568540096283e-9 
 07/18  23:00:00,1710000.0,1710000.0,0.0,0.0,0.0,0.0,1350000.0,0.0,0.0,0.0,-5.122274160385132e-9 
 07/18  24:00:00,1710000.0,1710000.0,0.0,0.0,0.0,0.0,1350000.0,0.0,0.0,0.0,-2.444721758365631e-9 
 07/19  01:00:00,4950000.0,4950000.0,0.0,0.0,0.0,0.0,1350000.0,0.0,0.0,0.0,-4.307366907596588e-9 
 07/19  02:00:00,4950000.0,4950000.0,0.0,0.0,0.0,0.0,1350000.0,0.0,0.0,0.0,-1.6298145055770874e-9 
 07/19  03:00:00,4950000.0,4950000.0,0.0,0.0,0.0,0.0,1350000.0,0.0,0.0,0.0,-1.979060471057892e-9 
 07/19  04:00:00,4950000.0,4950000.0,0.0,0.0,0.0,0.0,1350000.0,0.0,0.0,0.0,-3.4924596548080444e-9 
 07/19  05:00:00,4950000.0,4950000.0,0.0,0.0,0.0,0.0,1350000.0,0.0,0.0,0.0,-1.280568540096283e-9 
 07/19  06:00:00,4950000.0,4950000.0,0.0,0.0,0.0,0.0,1350000.0,0.0,0.0,0.0,-2.9103830456733704e-9 
 07/19  07:00:00,4950000.0,4950000.0,0.0,0.0,0.0,0.0,1350000.0,0.0,0.0,4918297.012635616,-8.149072527885437e-10 
 07/19  08:00:00,4721580.0,4721580.0,0.0,0.0,0.0,0.0,1121580.0,0.0,0.0,23382970.12142796,-3.841705620288849e-9 
 07/19  09:00:00,4516920.0,4516920.0,0.0,0.0,0.0,0.0,916920.0,0.0,0.0,28180852.31228398,-3.6088749766349792e-9 
 07/19  10:00:00,4356720.0,4356720.0,0.0,0.0,0.0,0.0,756720.0,0.0,0.0,35533741.18475036,-3.725290298461914e-9 
 07/19  11:00:00,4220280.0,4220280.0,0.0,0.0,0.0,0.0,620280.0,0.0,0.0,30127002.390127182,-2.7939677238464355e-9 
 07/19  12:00:00,4131360.0,4131360.0,0.0,0.0,0.0,0.0,531360.0,0.0,0.0,24088094.254423723,-3.4924596548080444e-9 
 07/19  13:00:00,4131360.0,4131360.0,0.0,0.0,0.0,0.0,531360.0,0.0,0.0,25087215.846115753,-5.122274160385132e-9 
 07/19  14:00:00,4131360.0,4131360.0,0.0,0.0,0.0,0.0,531360.0,0.0,0.0,23998652.112095337,-5.122274160385132e-9 
 07/19  15:00:00,4175820.0,4175820.0,0.0,0.0,0.0,0.0,575820.0,0.0,0.0,18791870.5757954,-4.423782229423523e-9 
 07/19  16:00:00,4131360.0,4131360.0,0.0,0.0,0.0,0.0,531360.0,0.0,0.0,16992247.488994695,-2.0954757928848267e-9 
 07/19  17:00:00,4424940.0,4424940.0,0.0,0.0,0.0,0.0,824940.0,0.0,0.0,11635498.942912659,-4.656612873077393e-10 
 07/19  18:00:00,4523040.0,4523040.0,0.0,0.0,0.0,0.0,923040.0,0.0,0.0,6323338.903062242,-6.05359673500061e-9 
 07/19  19:00:00,4950000.0,4950000.0,0.0,0.0,0.0,0.0,1350000.0,0.0,0.0,698970.9749710216,-2.3283064365386963e-9 
 07/19  20:00:00,4950000.0,4950000.0,0.0,0.0,0.0,0.0,1350000.0,0.0,0.0,0.0,-3.841705620288849e-9 
 07/19  21:00:00,4950000.0,4950000.0,0.0,0.0,0.0,0.0,1350000.0,0.0,0.0,0.0,-6.6356733441352844e-9 
 07/19  22:00:00,4950000.0,4950000.0,0.0,0.0,0.0,0.0,1350000.0,0.0,0.0,0.0,-2.3283064365386963e-10 
 07/19  23:00:00,4950000.0,4950000.0,0.0,0.0,0.0,0.0,1350000.0,0.0,0.0,0.0,-1.1641532182693481e-9 
 07/19  24:00:00,4950000.0,4950000.0,0.0,0.0,0.0,0.0,1350000.0,0.0,0.0,0.0,-1.0477378964424133e-9 
 07/20  01:00:00,4950000.0,4950000.0,0.0,0.0,0.0,0.0,1350000.0,0.0,0.0,0.0,-5.005858838558197e-9 
 07/20  02:00:00,4950000.0,4950000.0,0.0,0.0,0.0,0.0,1350000.0,0.0,0.0,0.0,-1.280568540096283e-9 
 07/20  03:00:00,4950000.0,4950000.0,0.0,0.0,0.0,0.0,1350000.0,0.0,0.0,0.0,-1.5133991837501526e-9 
 07/20  04:00:00,4950000.0,4950000.0,0.0,0.0,0.0,0.0,1350000.0,0.0,0.0,0.0,0.0 
 07/20  05:00:00,4950000.0,4950000.0,0.0,0.0,0.0,0.0,1350000.0,0.0,0.0,0.0,-2.153683453798294e-9 
 07/20  06:00:00,4950000.0,4950000.0,0.0,0.0,0.0,0.0,1350000.0,0.0,0.0,0.0,-8.149072527885437e-10 
 07/20  07:00:00,4950000.0,4950000.0,0.0,0.0,0.0,0.0,1350000.0,0.0,0.0,2664834.2841804,-2.2118911147117615e-9 
 07/20  08:00:00,4789800.0,4789800.0,0.0,0.0,0.0,0.0,1189800.0,0.0,0.0,16606247.559681706,-3.6670826375484467e-9 
 07/20  09:00:00,4516920.0,4516920.0,0.0,0.0,0.0,0.0,916920.0,0.0,0.0,29204729.10498881,-1.0477378964424133e-9 
 07/20  10:00:00,4356720.0,4356720.0,0.0,0.0,0.0,0.0,756720.0,0.0,0.0,35360967.09337145,1.1641532182693481e-9 
 07/20  11:00:00,4175820.0,4175820.0,0.0,0.0,0.0,0.0,575820.0,0.0,0.0,29903001.231354166,-2.0954757928848267e-9 
 07/20  12:00:00,4175820.0,4175820.0,0.0,0.0,0.0,0.0,575820.0,0.0,0.0,23742509.152976487,-4.0745362639427185e-9 
 07/20  13:00:00,4175820.0,4175820.0,0.0,0.0,0.0,0.0,575820.0,0.0,0.0,25342599.80971472,-5.122274160385132e-9 
 07/20  14:00:00,4131360.0,4131360.0,0.0,0.0,0.0,0.0,531360.0,0.0,0.0,26986375.012826815,-4.190951585769653e-9 
 07/20  15:00:00,4131360.0,4131360.0,0.0,0.0,0.0,0.0,531360.0,0.0,0.0,22833859.261523347,1.3969838619232178e-9 
 07/20  16:00:00,4516920.0,4516920.0,0.0,0.0,0.0,0.0,916920.0,0.0,0.0,10588934.091926172,-3.958120942115784e-9 
 07/20  17:00:00,4950000.0,4950000.0,0.0,0.0,0.0,0.0,1350000.0,0.0,0.0,1998939.09532951,-6.28642737865448e-9 
 07/20  18:00:00,4950000.0,4950000.0,0.0,0.0,0.0,0.0,1350000.0,0.0,0.0,1837142.7781859757,-5.587935447692871e-9 
 07/20  19:00:00,4950000.0,4950000.0,0.0,0.0,0.0,0.0,1350000.0,0.0,0.0,145651.15647463893,0.0 
 07/20  20:00:00,4950000.0,4950000.0,0.0,0.0,0.0,0.0,1350000.0,0.0,0.0,0.0,-8.149072527885437e-10 
 07/20  21:00:00,4950000.0,4950000.0,0.0,0.0,0.0,0.0,1350000.0,0.0,0.0,0.0,-1.280568540096283e-9 
 07/20  22:00:00,4950000.0,4950000.0,0.0,0.0,0.0,0.0,1350000.0,0.0,0.0,0.0,8.149072527885437e-10 
 07/20  23:00:00,4950000.0,4950000.0,0.0,0.0,0.0,0.0,1350000.0,0.0,0.0,0.0,-1.1641532182693481e-9 
 07/20  24:00:00,4950000.0,4950000.0,0.0,0.0,0.0,0.0,1350000.0,0.0,0.0,0.0,-4.190951585769653e-9 
 07/21  01:00:00,1710000.0,1710000.0,0.0,0.0,0.0,0.0,1350000.0,0.0,0.0,0.0,-3.14321368932724e-9 
 07/21  02:00:00,1710000.0,1710000.0,0.0,0.0,0.0,0.0,1350000.0,0.0,0.0,0.0,-2.9103830456733704e-9 
 07/21  03:00:00,1710000.0,1710000.0,0.0,0.0,0.0,0.0,1350000.0,0.0,0.0,0.0,1.2223608791828156e-9 
 07/21  04:00:00,1710000.0,1710000.0,0.0,0.0,0.0,0.0,1350000.0,0.0,0.0,0.0,4.656612873077393e-10 
 07/21  05:00:00,1710000.0,1710000.0,0.0,0.0,0.0,0.0,1350000.0,0.0,0.0,0.0,-4.540197551250458e-9 
 07/21  06:00:00,1710000.0,1710000.0,0.0,0.0,0.0,0.0,1350000.0,0.0,0.0,0.0,-1.57160684466362e-9 
 07/21  07:00:00,17033909.941752348,1710000.0,1136544.5956399357,14187365.346112411,12314225.673710635,0.0,1350000.0,373210.7007670138,373210.7007670138,1909227.4549290577,1.3969838619232178e-9 
 07/21  08:00:00,17208815.272665016,1573560.0,1136544.5956399357,14498710.67702508,12688800.643715698,0.0,1213560.0,153899.30708267234,153899.30708267234,13650163.78657177,1.280568540096283e-9 
 07/21  09:00:00,38668284.10221875,22476600.0,1136544.5956399357,15055139.506578812,13217423.391142206,0.0,15276600.0,0.0,0.0,28792088.67711334,-1.0477378964424133e-9 
 07/21  10:00:00,51279498.79840243,32325300.0,1191015.115915344,17763183.682487085,15840098.395926423,0.0,16125300.0,0.0,0.0,25506585.36890077,-3.3760443329811096e-9 
 07/21  11:00:00,51834809.13170786,28605600.0,1312795.6307592145,21916413.500948653,19989092.436638907,0.0,12405600.0,0.0,0.0,29156801.679713152,-6.984919309616089e-9 
 07/21  12:00:00,50648331.02177477,26295840.0,1297946.7144203177,23054544.307354454,21127223.243044708,0.0,10095840.0,0.0,0.0,23196207.020479754,-4.6566128730773926e-9 
 07/21  13:00:00,47451821.30605602,24701760.0,1226494.8855620255,21523566.420494005,19596245.35618426,0.0,8501760.0,0.0,0.0,21943734.282623135,-5.122274160385132e-9 
 07/21  14:00:00,50702361.19959825,25764480.0,1342867.8540750504,23595013.3455232,21667692.281213455,0.0,9564480.0,0.0,0.0,26538150.114793733,-3.725290298461914e-9 
 07/21  15:00:00,48938786.02329078,25027200.0,1357203.0267846629,22554382.996506125,20627061.93219638,0.0,10627200.0,0.0,0.0,23089632.785051756,-2.0954757928848267e-9 
 07/21  16:00:00,45504251.907246664,24116400.0,1272537.4329080605,20115314.474338606,18187993.41002886,0.0,11516400.0,0.0,0.0,16077733.347633528,-3.4924596548080444e-9 
 07/21  17:00:00,42997883.797148824,24609600.0,1186486.7868319557,17201797.010316875,15274475.946007127,0.0,15609600.0,0.0,0.0,11577271.31331132,-1.862645149230957e-9 
 07/21  18:00:00,43477409.67902796,26096400.0,1153539.7202307438,16227469.958797215,14300148.894487467,0.0,17096400.0,0.0,0.0,6743676.356236266,-5.122274160385132e-9 
 07/21  19:00:00,38543013.357086085,21600000.0,1136544.5956399357,15806468.761446152,13879147.697136406,0.0,16200000.0,0.0,0.0,879958.3540461613,-4.656612873077393e-10 
 07/21  20:00:00,28359767.977079034,10800000.0,1136544.5956399357,16423223.3814391,14495902.317129351,0.0,5400000.0,0.0,0.0,0.0,-1.0477378964424133e-9 
 07/21  21:00:00,5760000.0,5760000.0,0.0,0.0,0.0,0.0,5400000.0,0.0,0.0,0.0,-1.280568540096283e-9 
 07/21  22:00:00,1710000.0,1710000.0,0.0,0.0,0.0,0.0,1350000.0,0.0,0.0,0.0,-9.313225746154785e-10 
 07/21  23:00:00,1710000.0,1710000.0,0.0,0.0,0.0,0.0,1350000.0,0.0,0.0,0.0,-1.1641532182693481e-10 
 07/21  24:00:00,1710000.0,1710000.0,0.0,0.0,0.0,0.0,1350000.0,0.0,0.0,0.0,-2.7939677238464355e-9 
 07/22  01:00:00,1710000.0,1710000.0,0.0,0.0,0.0,0.0,1350000.0,0.0,0.0,0.0,-2.0954757928848267e-9 
 07/22  02:00:00,1710000.0,1710000.0,0.0,0.0,0.0,0.0,1350000.0,0.0,0.0,0.0,-1.3969838619232178e-9 
 07/22  03:00:00,1710000.0,1710000.0,0.0,0.0,0.0,0.0,1350000.0,0.0,0.0,0.0,-2.561137080192566e-9 
 07/22  04:00:00,1710000.0,1710000.0,0.0,0.0,0.0,0.0,1350000.0,0.0,0.0,0.0,-1.1641532182693481e-10 
 07/22  05:00:00,1710000.0,1710000.0,0.0,0.0,0.0,0.0,1350000.0,0.0,0.0,0.0,3.4924596548080444e-10 
 07/22  06:00:00,1710000.0,1710000.0,0.0,0.0,0.0,0.0,1350000.0,0.0,0.0,0.0,-1.7462298274040222e-9 
 07/22  07:00:00,16896155.8193395,1710000.0,1136544.5956399357,14049611.223699566,12186505.566439863,0.0,1350000.0,401078.0408267907,401078.0408267907,2581714.0611373708,-1.3969838619232178e-9 
 07/22  08:00:00,17152186.58627401,1549800.0,1136544.5956399357,14465841.990634073,12662838.089843335,0.0,1189800.0,123897.05345234854,123897.05345234854,16677027.529445983,-1.7462298274040222e-9 
 07/22  09:00:00,38840905.99891724,22476600.0,1136544.5956399357,15227761.403277298,13388203.351612877,0.0,15276600.0,0.0,0.0,30925079.395989683,-4.0745362639427185e-9 
 07/22  10:00:00,49562893.75632349,30126240.0,1218643.8573536442,18218009.898969844,16306297.705511745,0.0,13926240.0,0.0,0.0,32389464.032999333,-6.984919309616089e-10 
 07/22  11:00:00,52970737.211505294,29970000.0,1324770.7950758287,21675966.41642946,19748645.352119714,0.0,13770000.0,0.0,0.0,26511031.697097093,-3.4924596548080444e-9 
 07/22  12:00:00,50038831.497153684,26295840.0,1308015.8866653652,22434975.610488325,20507654.54617858,0.0,10095840.0,0.0,0.0,23294077.9007069,-1.862645149230957e-9 
 07/22  13:00:00,48049285.35266703,24701760.0,1259635.2957745134,22087890.05689253,20160568.992582776,0.0,8501760.0,0.0,0.0,26004322.20419278,-2.0954757928848267e-9 
 07/22  14:00:00,52042482.47416062,25764480.0,1379728.4673642572,24898274.006796367,22970952.94248662,0.0,9564480.0,0.0,0.0,27121064.245265283,-6.984919309616089e-9 
 07/22  15:00:00,51870679.46104748,25027200.0,1414774.9367401619,25428704.524307314,23501383.45999757,0.0,10627200.0,0.0,0.0,26804531.092253007,-5.122274160385132e-9 
 07/22  16:00:00,48828149.89323071,23227200.0,1360271.3670843046,24240678.526146404,22313357.461836655,0.0,10627200.0,0.0,0.0,25676639.30074937,-5.122274160385132e-9 
 07/22  17:00:00,44745984.59233141,22770000.0,1236831.4635574995,20739153.128773913,18811832.064464163,0.0,13770000.0,0.0,0.0,13689329.228139838,-6.05359673500061e-9 
 07/22  18:00:00,43280254.566096365,23367600.0,1187822.7130063907,18724831.853089977,16797510.788780227,0.0,14367600.0,0.0,0.0,7893239.319533961,-2.7939677238464355e-9 
 07/22  19:00:00,39143321.59214771,21600000.0,1136544.5956399357,16406776.99650777,14479455.932198022,0.0,16200000.0,0.0,0.0,1010016.9077615718,-4.190951585769653e-9 
 07/22  20:00:00,27927033.73785439,10800000.0,1136544.5956399357,15990489.142214455,14063168.077904709,0.0,5400000.0,0.0,0.0,0.0,-1.280568540096283e-9 
 07/22  21:00:00,5760000.0,5760000.0,0.0,0.0,0.0,0.0,5400000.0,0.0,0.0,0.0,-2.2118911147117615e-9 
 07/22  22:00:00,1710000.0,1710000.0,0.0,0.0,0.0,0.0,1350000.0,0.0,0.0,0.0,-5.471520125865936e-9 
 07/22  23:00:00,1710000.0,1710000.0,0.0,0.0,0.0,0.0,1350000.0,0.0,0.0,0.0,-1.6298145055770874e-9 
 07/22  24:00:00,1710000.0,1710000.0,0.0,0.0,0.0,0.0,1350000.0,0.0,0.0,0.0,-1.0477378964424133e-9 
 07/23  01:00:00,1710000.0,1710000.0,0.0,0.0,0.0,0.0,1350000.0,0.0,0.0,0.0,1.979060471057892e-9 
 07/23  02:00:00,1710000.0,1710000.0,0.0,0.0,0.0,0.0,1350000.0,0.0,0.0,0.0,-1.280568540096283e-9 
 07/23  03:00:00,1710000.0,1710000.0,0.0,0.0,0.0,0.0,1350000.0,0.0,0.0,0.0,-3.026798367500305e-9 
 07/23  04:00:00,1710000.0,1710000.0,0.0,0.0,0.0,0.0,1350000.0,0.0,0.0,0.0,-3.026798367500305e-9 
 07/23  05:00:00,1710000.0,1710000.0,0.0,0.0,0.0,0.0,1350000.0,0.0,0.0,0.0,-2.735760062932968e-9 
 07/23  06:00:00,1710000.0,1710000.0,0.0,0.0,0.0,0.0,1350000.0,0.0,0.0,0.0,-2.9103830456733704e-10 
 07/23  07:00:00,17326429.6711271,1710000.0,1136544.5956399357,14479885.075487165,12601707.302846726,0.0,1350000.0,158121.4819471982,158121.4819471982,5213471.927327524,-2.270098775625229e-9 
 07/23  08:00:00,17527110.272630863,1481580.0,1136544.5956399357,14908985.676990926,13099030.717575891,0.0,1121580.0,0.0,0.0,26345699.686620273,-5.122274160385132e-9 
 07/23  09:00:00,40645036.24790707,23276880.0,1152436.6281236864,16215719.61978339,14360532.962366758,0.0,16076880.0,0.0,0.0,37466534.203256354,-7.101334631443024e-9 
 07/23  10:00:00,51583993.2087474,30577680.0,1280851.9027368156,19725461.30601059,17814663.50407953,0.0,14377680.0,0.0,0.0,35643642.63490749,-3.259629011154175e-9 
 07/23  11:00:00,51657108.86546713,27716400.0,1368658.7094817231,22572050.155985415,20644729.09167567,0.0,11516400.0,0.0,0.0,28885985.12554655,-9.778887033462524e-9 
 07/23  12:00:00,53525854.97396141,29281500.0,1349539.8487614696,22894815.12519996,20967494.06089021,0.0,13081500.0,0.0,0.0,24160192.026796095,-5.3551048040390015e-9 
 07/23  13:00:00,46923523.047860876,24701760.0,1239928.762434478,20981834.285426393,19054513.221116647,0.0,8501760.0,0.0,0.0,21167002.94086802,-8.149072527885437e-9 
 07/23  14:00:00,50162985.26039252,25764480.0,1325164.297273994,23073340.96311853,21146019.89880878,0.0,9564480.0,0.0,0.0,24137560.074033946,-1.862645149230957e-9 
 07/23  15:00:00,50908712.699560374,25027200.0,1378941.5669405917,24502571.132619783,22575250.068310037,0.0,10627200.0,0.0,0.0,27744579.24970423,-5.820766091346741e-9 
 07/23  16:00:00,48136134.08781096,23227200.0,1363646.0414282877,23545288.046382673,21617966.982072927,0.0,10627200.0,0.0,0.0,28202121.107828487,-5.587935447692871e-9 
 07/23  17:00:00,41635520.46558945,19627200.0,1270501.565276121,20737818.900313325,18810497.83600358,0.0,10627200.0,0.0,0.0,22762315.913650133,-2.3283064365386963e-10 
 07/23  18:00:00,40483789.33650207,21052800.0,1206033.247743481,18224956.08875859,16297635.02444884,0.0,12052800.0,0.0,0.0,11661862.165248122,-5.820766091346741e-9 
 07/23  19:00:00,38102706.59990605,21066480.0,1136544.5956399357,15899682.004266113,13972360.939956367,0.0,15666480.0,0.0,0.0,1307181.1700041802,-1.862645149230957e-9 
 07/23  20:00:00,28040839.70508609,10800000.0,1136544.5956399357,16104295.109446157,14176974.04513641,0.0,5400000.0,0.0,0.0,0.0,-4.0745362639427185e-9 
 07/23  21:00:00,5760000.0,5760000.0,0.0,0.0,0.0,0.0,5400000.0,0.0,0.0,0.0,-1.3969838619232178e-9 
 07/23  22:00:00,1710000.0,1710000.0,0.0,0.0,0.0,0.0,1350000.0,0.0,0.0,0.0,1.1641532182693481e-9 
 07/23  23:00:00,1710000.0,1710000.0,0.0,0.0,0.0,0.0,1350000.0,0.0,0.0,0.0,-2.561137080192566e-9 
 07/23  24:00:00,1710000.0,1710000.0,0.0,0.0,0.0,0.0,1350000.0,0.0,0.0,0.0,3.725290298461914e-9 
 07/24  01:00:00,1710000.0,1710000.0,0.0,0.0,0.0,0.0,1350000.0,0.0,0.0,0.0,-2.3283064365386963e-9 
 07/24  02:00:00,1710000.0,1710000.0,0.0,0.0,0.0,0.0,1350000.0,0.0,0.0,0.0,-2.3283064365386963e-10 
 07/24  03:00:00,1710000.0,1710000.0,0.0,0.0,0.0,0.0,1350000.0,0.0,0.0,0.0,-1.979060471057892e-9 
 07/24  04:00:00,1710000.0,1710000.0,0.0,0.0,0.0,0.0,1350000.0,0.0,0.0,0.0,-2.444721758365631e-9 
 07/24  05:00:00,1710000.0,1710000.0,0.0,0.0,0.0,0.0,1350000.0,0.0,0.0,0.0,-1.57160684466362e-9 
 07/24  06:00:00,1710000.0,1710000.0,0.0,0.0,0.0,0.0,1350000.0,0.0,0.0,0.0,-5.0640664994716644e-9 
 07/24  07:00:00,16617924.717424093,1710000.0,1136544.5956399357,13771380.121784158,11908432.461012376,0.0,1350000.0,558035.6246365992,558035.6246365992,3363616.005087453,2.0372681319713593e-9 
 07/24  08:00:00,17025183.318646155,1505340.0,1136544.5956399357,14383298.72300622,12579534.077400655,0.0,1145340.0,158694.61648470652,158694.61648470652,18555640.41763537,-1.862645149230957e-9 
 07/24  09:00:00,39185157.59115616,22476600.0,1136824.1951074337,15571733.396048727,13721950.84796164,0.0,15276600.0,0.0,0.0,31220186.33865193,-3.4924596548080444e-10 
 07/24  10:00:00,51190843.16742925,30577680.0,1236862.7865106668,19376300.380918585,17460556.96538949,0.0,14377680.0,0.0,0.0,35338489.42753083,-2.6775524020195007e-9 
 07/24  11:00:00,53507269.24892757,29080800.0,1348371.60176759,23078097.64715998,21150776.582850233,0.0,12880800.0,0.0,0.0,29630988.623886872,-5.587935447692871e-9 
 07/24  12:00:00,51276379.0616523,26295840.0,1326981.9258180342,23653557.135834266,21726236.07152452,0.0,10095840.0,0.0,0.0,24433912.651368536,-7.916241884231567e-9 
 07/24  13:00:00,48262073.119921096,24701760.0,1258283.987546144,22302029.132374953,20374708.068065204,0.0,8501760.0,0.0,0.0,25444254.123790715,2.3283064365386963e-10 
 07/24  14:00:00,50914615.8630825,25764480.0,1352659.4451593254,23797476.417923182,21870155.353613432,0.0,9564480.0,0.0,0.0,26360251.30651352,-9.546056389808655e-9 
 07/24  15:00:00,50256845.5441551,25027200.0,1378475.1489802687,23851170.395174827,21923849.330865078,0.0,10627200.0,0.0,0.0,26188128.84908693,-1.862645149230957e-9 
 07/24  16:00:00,47385166.03847466,23227200.0,1322879.5871162508,22835086.451358408,20907765.38704866,0.0,10627200.0,0.0,0.0,22668128.937340003,-5.3551048040390015e-9 
 07/24  17:00:00,42015695.557509035,20516400.0,1217273.5850851452,20282021.97242389,18354700.908114143,0.0,11516400.0,0.0,0.0,15126996.370734312,9.313225746154785e-10 
 07/24  18:00:00,44048462.09909779,23842800.0,1175514.4800359772,19030147.619061813,17102826.554752063,0.0,14842800.0,0.0,0.0,8110781.339498738,-3.958120942115784e-9 
 07/24  19:00:00,39776003.82523028,21600000.0,1136544.5956399357,17039459.229590345,15112138.165280595,0.0,16200000.0,0.0,0.0,657950.0002327516,-6.984919309616089e-9 
 07/24  20:00:00,28221834.441390015,10800000.0,1136544.5956399357,16285289.845750079,14357968.78144033,0.0,5400000.0,0.0,0.0,0.0,-3.259629011154175e-9 
 07/24  21:00:00,5760000.0,5760000.0,0.0,0.0,0.0,0.0,5400000.0,0.0,0.0,0.0,-3.4924596548080444e-10 
 07/24  22:00:00,1710000.0,1710000.0,0.0,0.0,0.0,0.0,1350000.0,0.0,0.0,0.0,-3.725290298461914e-9 
 07/24  23:00:00,1710000.0,1710000.0,0.0,0.0,0.0,0.0,1350000.0,0.0,0.0,0.0,-1.1641532182693481e-9 
 07/24  24:00:00,1710000.0,1710000.0,0.0,0.0,0.0,0.0,1350000.0,0.0,0.0,0.0,-5.820766091346741e-10 
 07/25  01:00:00,1710000.0,1710000.0,0.0,0.0,0.0,0.0,1350000.0,0.0,0.0,0.0,-2.6775524020195007e-9 
 07/25  02:00:00,1710000.0,1710000.0,0.0,0.0,0.0,0.0,1350000.0,0.0,0.0,0.0,-9.313225746154785e-10 
 07/25  03:00:00,1710000.0,1710000.0,0.0,0.0,0.0,0.0,1350000.0,0.0,0.0,0.0,8.149072527885437e-10 
 07/25  04:00:00,1710000.0,1710000.0,0.0,0.0,0.0,0.0,1350000.0,0.0,0.0,0.0,-1.4551915228366852e-9 
 07/25  05:00:00,1710000.0,1710000.0,0.0,0.0,0.0,0.0,1350000.0,0.0,0.0,0.0,-1.57160684466362e-9 
 07/25  06:00:00,1710000.0,1710000.0,0.0,0.0,0.0,0.0,1350000.0,0.0,0.0,0.0,-1.4551915228366852e-9 
 07/25  07:00:00,16956834.125617735,1710000.0,1136544.5956399357,14110289.5299778,12241141.712549232,0.0,1350000.0,332880.7145013306,332880.7145013306,3487854.105682062,-2.7939677238464355e-9 
 07/25  08:00:00,17601001.755509835,1505340.0,1136544.5956399357,14959117.159869898,13147412.121467656,0.0,1145340.0,15781.64319416232,15781.64319416232,20800044.552811142,1.1641532182693481e-9 
 07/25  09:00:00,40925518.93593712,23276880.0,1141569.6370584224,16507069.298878698,14638415.316838767,0.0,16076880.0,0.0,0.0,35549784.594605014,-2.3283064365386963e-10 
 07/25  10:00:00,53025943.738395125,31480560.0,1233749.7085666878,20311634.02982843,18388792.720020384,0.0,15280560.0,0.0,0.0,28327351.515433412,-4.6566128730773926e-9 
 07/25  11:00:00,57555273.171813436,32284800.0,1338825.9402621118,23931647.231551327,22004326.167241573,0.0,16084800.0,0.0,0.0,25874614.119379517,-7.450580596923828e-9 
 07/25  12:00:00,55914359.41219404,30126240.0,1343363.58702119,24444755.82517285,22517434.760863103,0.0,13926240.0,0.0,0.0,26341721.83652388,-4.6566128730773926e-9 
 07/25  13:00:00,47871620.493120745,24701760.0,1254392.5752813113,21915467.917839434,19988146.853529684,0.0,8501760.0,0.0,0.0,25434576.01566972,-2.0954757928848267e-9 
 07/25  14:00:00,50035831.10692255,25764480.0,1355948.5392045106,22915402.567718048,20988081.503408298,0.0,9564480.0,0.0,0.0,26661776.551524237,-6.984919309616089e-10 
 07/25  15:00:00,49136194.71709518,25027200.0,1394653.164160566,22714341.55293461,20787020.488624863,0.0,10627200.0,0.0,0.0,27471855.890378952,-4.6566128730773926e-9 
 07/25  16:00:00,46757343.53652294,23227200.0,1360222.5437768367,22169920.992746096,20242599.928436346,0.0,10627200.0,0.0,0.0,25504022.123818647,-7.683411240577698e-9 
 07/25  17:00:00,40927276.71201588,19627200.0,1248027.4554232052,20052049.256592683,18124728.192282934,0.0,10627200.0,0.0,0.0,17294161.570485845,-3.259629011154175e-9 
 07/25  18:00:00,43102877.198583774,22892400.0,1193167.7301501494,19017309.468433626,17089988.404123876,0.0,13892400.0,0.0,0.0,9234051.363302022,1.862645149230957e-9 
 07/25  19:00:00,39877884.749293655,21600000.0,1136544.5956399357,17141340.153653726,15214019.089343976,0.0,16200000.0,0.0,0.0,1303891.750739132,-4.190951585769653e-9 
 07/25  20:00:00,29013905.933689922,10800000.0,1136544.5956399357,17077361.338049985,15150040.273740241,0.0,5400000.0,0.0,0.0,0.0,-1.979060471057892e-9 
 07/25  21:00:00,5760000.0,5760000.0,0.0,0.0,0.0,0.0,5400000.0,0.0,0.0,0.0,-5.238689482212067e-9 
 07/25  22:00:00,1710000.0,1710000.0,0.0,0.0,0.0,0.0,1350000.0,0.0,0.0,0.0,-1.3969838619232178e-9 
 07/25  23:00:00,1710000.0,1710000.0,0.0,0.0,0.0,0.0,1350000.0,0.0,0.0,0.0,-4.0745362639427185e-9 
 07/25  24:00:00,1710000.0,1710000.0,0.0,0.0,0.0,0.0,1350000.0,0.0,0.0,0.0,-1.862645149230957e-9 
 07/26  01:00:00,4950000.0,4950000.0,0.0,0.0,0.0,0.0,1350000.0,0.0,0.0,0.0,-2.6775524020195007e-9 
 07/26  02:00:00,4950000.0,4950000.0,0.0,0.0,0.0,0.0,1350000.0,0.0,0.0,0.0,-6.984919309616089e-10 
 07/26  03:00:00,4950000.0,4950000.0,0.0,0.0,0.0,0.0,1350000.0,0.0,0.0,0.0,-4.190951585769653e-9 
 07/26  04:00:00,4950000.0,4950000.0,0.0,0.0,0.0,0.0,1350000.0,0.0,0.0,0.0,-3.725290298461914e-9 
 07/26  05:00:00,4950000.0,4950000.0,0.0,0.0,0.0,0.0,1350000.0,0.0,0.0,0.0,-2.0954757928848267e-9 
 07/26  06:00:00,4950000.0,4950000.0,0.0,0.0,0.0,0.0,1350000.0,0.0,0.0,0.0,-5.471520125865936e-9 
 07/26  07:00:00,4950000.0,4950000.0,0.0,0.0,0.0,0.0,1350000.0,0.0,0.0,875023.7141918156,-2.9685907065868378e-9 
 07/26  08:00:00,4926240.0,4926240.0,0.0,0.0,0.0,0.0,1326240.0,0.0,0.0,6921653.394058049,-1.7462298274040222e-9 
 07/26  09:00:00,4585140.0,4585140.0,0.0,0.0,0.0,0.0,985140.0,0.0,0.0,21053814.54207182,-8.149072527885437e-10 
 07/26  10:00:00,4356720.0,4356720.0,0.0,0.0,0.0,0.0,756720.0,0.0,0.0,34853554.50331912,-4.656612873077393e-10 
 07/26  11:00:00,4131360.0,4131360.0,0.0,0.0,0.0,0.0,531360.0,0.0,0.0,28870910.074063122,-3.259629011154175e-9 
 07/26  12:00:00,4131360.0,4131360.0,0.0,0.0,0.0,0.0,531360.0,0.0,0.0,22665606.660674058,-1.280568540096283e-9 
 07/26  13:00:00,4131360.0,4131360.0,0.0,0.0,0.0,0.0,531360.0,0.0,0.0,21900694.933408175,-7.2177499532699585e-9 
 07/26  14:00:00,4131360.0,4131360.0,0.0,0.0,0.0,0.0,531360.0,0.0,0.0,27538412.956445873,-6.05359673500061e-9 
 07/26  15:00:00,4131360.0,4131360.0,0.0,0.0,0.0,0.0,531360.0,0.0,0.0,28509709.480776496,-5.122274160385132e-9 
 07/26  16:00:00,4131360.0,4131360.0,0.0,0.0,0.0,0.0,531360.0,0.0,0.0,25387803.428516313,-5.820766091346741e-9 
 07/26  17:00:00,4131360.0,4131360.0,0.0,0.0,0.0,0.0,531360.0,0.0,0.0,22587727.002020877,-6.51925802230835e-9 
 07/26  18:00:00,4155120.0,4155120.0,0.0,0.0,0.0,0.0,555120.0,0.0,0.0,15796482.156704953,-3.026798367500305e-9 
 07/26  19:00:00,4881780.0,4881780.0,0.0,0.0,0.0,0.0,1281780.0,0.0,0.0,4045900.455712226,-2.561137080192566e-9 
 07/26  20:00:00,4950000.0,4950000.0,0.0,0.0,0.0,0.0,1350000.0,0.0,0.0,0.0,-1.6298145055770874e-9 
 07/26  21:00:00,4950000.0,4950000.0,0.0,0.0,0.0,0.0,1350000.0,0.0,0.0,0.0,-4.656612873077393e-10 
 07/26  22:00:00,4950000.0,4950000.0,0.0,0.0,0.0,0.0,1350000.0,0.0,0.0,0.0,-4.773028194904327e-9 
 07/26  23:00:00,4950000.0,4950000.0,0.0,0.0,0.0,0.0,1350000.0,0.0,0.0,0.0,-7.916241884231567e-9 
 07/26  24:00:00,4950000.0,4950000.0,0.0,0.0,0.0,0.0,1350000.0,0.0,0.0,0.0,1.1641532182693481e-9 
 07/27  01:00:00,4950000.0,4950000.0,0.0,0.0,0.0,0.0,1350000.0,0.0,0.0,0.0,-5.820766091346741e-10 
 07/27  02:00:00,4950000.0,4950000.0,0.0,0.0,0.0,0.0,1350000.0,0.0,0.0,0.0,-3.958120942115784e-9 
 07/27  03:00:00,4950000.0,4950000.0,0.0,0.0,0.0,0.0,1350000.0,0.0,0.0,0.0,-6.170012056827545e-9 
 07/27  04:00:00,4950000.0,4950000.0,0.0,0.0,0.0,0.0,1350000.0,0.0,0.0,0.0,8.149072527885437e-10 
 07/27  05:00:00,4950000.0,4950000.0,0.0,0.0,0.0,0.0,1350000.0,0.0,0.0,0.0,-2.0954757928848267e-9 
 07/27  06:00:00,4950000.0,4950000.0,0.0,0.0,0.0,0.0,1350000.0,0.0,0.0,0.0,-3.841705620288849e-9 
 07/27  07:00:00,4950000.0,4950000.0,0.0,0.0,0.0,0.0,1350000.0,0.0,0.0,2122793.9090608517,-1.1641532182693481e-10 
 07/27  08:00:00,4813560.0,4813560.0,0.0,0.0,0.0,0.0,1213560.0,0.0,0.0,15165147.268836686,-6.984919309616089e-10 
 07/27  09:00:00,4448700.0,4448700.0,0.0,0.0,0.0,0.0,848700.0,0.0,0.0,33176807.1953934,-2.6775524020195007e-9 
 07/27  10:00:00,4356720.0,4356720.0,0.0,0.0,0.0,0.0,756720.0,0.0,0.0,34933000.88845981,1.7462298274040222e-9 
 07/27  11:00:00,4264740.0,4264740.0,0.0,0.0,0.0,0.0,664740.0,0.0,0.0,28039065.14696627,-6.984919309616089e-9 
 07/27  12:00:00,4131360.0,4131360.0,0.0,0.0,0.0,0.0,531360.0,0.0,0.0,22605293.051244076,-8.149072527885437e-10 
 07/27  13:00:00,4131360.0,4131360.0,0.0,0.0,0.0,0.0,531360.0,0.0,0.0,21095533.056368344,-5.587935447692871e-9 
 07/27  14:00:00,4131360.0,4131360.0,0.0,0.0,0.0,0.0,531360.0,0.0,0.0,24257089.025301345,-4.423782229423523e-9 
 07/27  15:00:00,4131360.0,4131360.0,0.0,0.0,0.0,0.0,531360.0,0.0,0.0,25887205.357813172,-3.259629011154175e-9 
 07/27  16:00:00,4131360.0,4131360.0,0.0,0.0,0.0,0.0,531360.0,0.0,0.0,23184566.105389502,-3.026798367500305e-9 
 07/27  17:00:00,4131360.0,4131360.0,0.0,0.0,0.0,0.0,531360.0,0.0,0.0,17893238.56370517,-3.4924596548080444e-9 
 07/27  18:00:00,4410360.0,4410360.0,0.0,0.0,0.0,0.0,810360.0,0.0,0.0,7665583.456152673,-8.149072527885437e-9 
 07/27  19:00:00,4950000.0,4950000.0,0.0,0.0,0.0,0.0,1350000.0,0.0,0.0,1283660.4505666872,1.862645149230957e-9 
 07/27  20:00:00,4950000.0,4950000.0,0.0,0.0,0.0,0.0,1350000.0,0.0,0.0,0.0,-1.1641532182693481e-9 
 07/27  21:00:00,4950000.0,4950000.0,0.0,0.0,0.0,0.0,1350000.0,0.0,0.0,0.0,-4.190951585769653e-9 
 07/27  22:00:00,4950000.0,4950000.0,0.0,0.0,0.0,0.0,1350000.0,0.0,0.0,0.0,-5.820766091346741e-10 
 07/27  23:00:00,4950000.0,4950000.0,0.0,0.0,0.0,0.0,1350000.0,0.0,0.0,0.0,-9.313225746154785e-10 
 07/27  24:00:00,4950000.0,4950000.0,0.0,0.0,0.0,0.0,1350000.0,0.0,0.0,0.0,-1.5133991837501526e-9 
 07/28  01:00:00,1710000.0,1710000.0,0.0,0.0,0.0,0.0,1350000.0,0.0,0.0,0.0,-5.820766091346741e-9 
 07/28  02:00:00,1710000.0,1710000.0,0.0,0.0,0.0,0.0,1350000.0,0.0,0.0,0.0,-3.026798367500305e-9 
 07/28  03:00:00,1710000.0,1710000.0,0.0,0.0,0.0,0.0,1350000.0,0.0,0.0,0.0,1.5133991837501526e-9 
 07/28  04:00:00,1710000.0,1710000.0,0.0,0.0,0.0,0.0,1350000.0,0.0,0.0,0.0,-2.0954757928848267e-9 
 07/28  05:00:00,1710000.0,1710000.0,0.0,0.0,0.0,0.0,1350000.0,0.0,0.0,0.0,-4.656612873077393e-10 
 07/28  06:00:00,1710000.0,1710000.0,0.0,0.0,0.0,0.0,1350000.0,0.0,0.0,0.0,-1.6298145055770874e-9 
 07/28  07:00:00,17428076.268665344,1710000.0,1136544.5956399357,14581531.673025407,12702062.540186962,0.0,1350000.0,107285.7620885259,107285.7620885259,4040689.3181397635,-6.984919309616089e-10 
 07/28  08:00:00,17999996.774089005,1481580.0,1136544.5956399357,15381872.178449068,13556369.848887116,0.0,1121580.0,0.0,0.0,22016697.23716589,-5.413312464952469e-9 
 07/28  09:00:00,41128557.19649443,23276880.0,1136544.5956399357,16715132.600854497,14834757.58653268,0.0,16076880.0,0.0,0.0,27335615.446724646,-3.6088749766349792e-9 
 07/28  10:00:00,51614489.826819554,31029120.0,1204328.2784819084,19381041.548337642,17453783.968162656,0.0,14829120.0,0.0,0.0,26697756.547647607,-5.122274160385132e-9 
 07/28  11:00:00,51865099.14243607,27716400.0,1307172.8528128953,22841526.28962318,20914205.225313433,0.0,11516400.0,0.0,0.0,28948456.89669338,-1.862645149230957e-9 
 07/28  12:00:00,53441005.44828506,28436760.0,1312446.263995565,23691799.18428949,21764478.119979743,0.0,12236760.0,0.0,0.0,24434036.635943633,-1.6298145055770874e-9 
 07/28  13:00:00,48137498.51769741,24701760.0,1219878.2962125295,22215860.221484877,20288539.15717513,0.0,8501760.0,0.0,0.0,21684761.224287197,-9.313225746154785e-10 
 07/28  14:00:00,51736889.79969792,25764480.0,1316274.3744200082,24656135.42527792,22728814.360968173,0.0,9564480.0,0.0,0.0,25949864.296915643,-5.587935447692871e-9 
 07/28  15:00:00,51477099.891782515,25027200.0,1343533.4605018913,25106366.43128062,23179045.366970874,0.0,10627200.0,0.0,0.0,25742855.030913264,-3.725290298461914e-9 
 07/28  16:00:00,47102984.64621425,23227200.0,1265105.4396624798,22610679.206551768,20683358.14224202,0.0,10627200.0,0.0,0.0,16811250.780046813,-3.958120942115784e-9 
 07/28  17:00:00,44342094.58097202,24134400.0,1185856.8916849724,19021837.68928705,17094516.6249773,0.0,15134400.0,0.0,0.0,12709481.776307777,-2.3283064365386963e-10 
 07/28  18:00:00,40651572.94661131,23367600.0,1151176.3039365283,16132796.642674774,14205475.578365026,0.0,14367600.0,0.0,0.0,8413609.999670897,-4.190951585769653e-9 
 07/28  19:00:00,37124605.33136907,21600000.0,1136544.5956399357,14388060.735729132,12460530.247420112,0.0,16200000.0,190601.88854376372,190601.88854376372,1147195.712683308,1.862645149230957e-9 
 07/28  20:00:00,25771430.900149755,10800000.0,1136544.5956399357,13834886.304509819,11907144.205333821,0.0,5400000.0,383905.1271070462,383905.1271070462,0.0,-4.423782229423523e-9 
 07/28  21:00:00,5760000.0,5760000.0,0.0,0.0,0.0,0.0,5400000.0,0.0,0.0,0.0,-6.984919309616089e-10 
 07/28  22:00:00,1710000.0,1710000.0,0.0,0.0,0.0,0.0,1350000.0,0.0,0.0,0.0,-2.3283064365386963e-10 
 07/28  23:00:00,1710000.0,1710000.0,0.0,0.0,0.0,0.0,1350000.0,0.0,0.0,0.0,-5.3551048040390015e-9 
 07/28  24:00:00,1710000.0,1710000.0,0.0,0.0,0.0,0.0,1350000.0,0.0,0.0,0.0,-3.0850060284137726e-9 
 07/29  01:00:00,1710000.0,1710000.0,0.0,0.0,0.0,0.0,1350000.0,0.0,0.0,0.0,-1.862645149230957e-9 
 07/29  02:00:00,1710000.0,1710000.0,0.0,0.0,0.0,0.0,1350000.0,0.0,0.0,0.0,4.423782229423523e-9 
 07/29  03:00:00,1710000.0,1710000.0,0.0,0.0,0.0,0.0,1350000.0,0.0,0.0,0.0,-1.1059455573558807e-9 
 07/29  04:00:00,1710000.0,1710000.0,0.0,0.0,0.0,0.0,1350000.0,0.0,0.0,0.0,-1.3387762010097504e-9 
 07/29  05:00:00,1710000.0,1710000.0,0.0,0.0,0.0,0.0,1350000.0,0.0,0.0,0.0,2.2118911147117615e-9 
 07/29  06:00:00,1710000.0,1710000.0,0.0,0.0,0.0,0.0,1350000.0,0.0,0.0,0.0,1.7462298274040222e-10 
 07/29  07:00:00,17058271.610539097,1710000.0,1136544.5956399357,14211727.014899164,12352280.493411444,0.0,1350000.0,29042.005433847717,29042.005433847717,3203395.3241751185,-3.434251993894577e-9 
 07/29  08:00:00,17367899.806696877,1549800.0,1136544.5956399357,14681555.211056938,12878611.600837398,0.0,1189800.0,0.0,0.0,18253052.32951619,-1.5133991837501526e-9 
 07/29  09:00:00,39377608.40357347,22476600.0,1136544.5956399357,15764463.807933528,13915920.406266911,0.0,15276600.0,0.0,0.0,30994739.584601454,-3.14321368932724e-9 
 07/29  10:00:00,50249552.4844636,30577680.0,1201362.5610256388,18470509.92343796,16551070.479174726,0.0,14377680.0,0.0,0.0,30360546.969068266,-3.4924596548080444e-10 
 07/29  11:00:00,50432158.84292361,26827200.0,1293242.438254906,22311716.404668715,20384395.340358965,0.0,10627200.0,0.0,0.0,28854955.08992965,-4.423782229423523e-9 
 07/29  12:00:00,52372670.7116943,27140580.0,1292233.35381118,23939857.357883118,22012536.293573372,0.0,10940580.0,0.0,0.0,22389278.79651205,-3.4924596548080444e-9 
 07/29  13:00:00,49331418.67565611,24701760.0,1223210.277828771,23406448.397827342,21479127.333517596,0.0,8501760.0,0.0,0.0,21450356.003702976,-2.0954757928848267e-9 
 07/29  14:00:00,53460320.17077779,25764480.0,1315098.93044692,26380741.24033087,24453420.17602112,0.0,9564480.0,0.0,0.0,23828238.17236924,-2.561137080192566e-9 
 07/29  15:00:00,54240620.006162815,25027200.0,1361317.6735409293,27852102.33262189,25924781.268312145,0.0,10627200.0,0.0,0.0,24243565.121239386,-3.4924596548080444e-9 
 07/29  16:00:00,51350318.234996065,23227200.0,1336264.1560237568,26786854.078972314,24859533.014662568,0.0,10627200.0,0.0,0.0,24594902.96492757,-3.958120942115784e-9 
 07/29  17:00:00,44107583.090531975,19627200.0,1238505.8464520266,23241877.244079955,21314556.179770205,0.0,10627200.0,0.0,0.0,18299898.244499553,-4.889443516731262e-9 
 07/29  18:00:00,53083189.200840846,31017600.0,1195028.9996676608,20870560.201173186,18943239.136863437,0.0,22017600.0,0.0,0.0,5447226.04668598,-4.423782229423523e-9 
 07/29  19:00:00,40694901.028228275,21600000.0,1136544.5956399357,17958356.43258834,16031035.368278593,0.0,16200000.0,0.0,0.0,1351559.0341781653,-3.4924596548080444e-9 
 07/29  20:00:00,29287628.546365052,10800000.0,1136544.5956399357,17351083.95072512,15423762.886415374,0.0,5400000.0,0.0,0.0,0.0,-1.979060471057892e-9 
 07/29  21:00:00,5760000.0,5760000.0,0.0,0.0,0.0,0.0,5400000.0,0.0,0.0,0.0,-3.6088749766349792e-9 
 07/29  22:00:00,1710000.0,1710000.0,0.0,0.0,0.0,0.0,1350000.0,0.0,0.0,0.0,3.4924596548080444e-10 
 07/29  23:00:00,1710000.0,1710000.0,0.0,0.0,0.0,0.0,1350000.0,0.0,0.0,0.0,-4.656612873077393e-10 
 07/29  24:00:00,1710000.0,1710000.0,0.0,0.0,0.0,0.0,1350000.0,0.0,0.0,0.0,-1.3969838619232178e-9 
 07/30  01:00:00,1710000.0,1710000.0,0.0,0.0,0.0,0.0,1350000.0,0.0,0.0,0.0,-5.820766091346741e-9 
 07/30  02:00:00,1710000.0,1710000.0,0.0,0.0,0.0,0.0,1350000.0,0.0,0.0,0.0,9.313225746154785e-10 
 07/30  03:00:00,1710000.0,1710000.0,0.0,0.0,0.0,0.0,1350000.0,0.0,0.0,0.0,-2.6775524020195007e-9 
 07/30  04:00:00,1710000.0,1710000.0,0.0,0.0,0.0,0.0,1350000.0,0.0,0.0,0.0,-5.820766091346741e-11 
 07/30  05:00:00,1710000.0,1710000.0,0.0,0.0,0.0,0.0,1350000.0,0.0,0.0,0.0,-1.0477378964424133e-9 
 07/30  06:00:00,1710000.0,1710000.0,0.0,0.0,0.0,0.0,1350000.0,0.0,0.0,0.0,-5.820766091346741e-11 
 07/30  07:00:00,17135480.283620425,1710000.0,1136544.5956399357,14288935.687980492,12432632.82420733,0.0,1350000.0,176136.96903937098,176136.96903937098,5134577.023120543,-9.313225746154785e-10 
 07/30  08:00:00,18287837.149271607,1481580.0,1136544.5956399357,15669712.553631674,13862245.570808318,0.0,1121580.0,0.0,0.0,25028992.504160717,-2.0954757928848267e-9 
 07/30  09:00:00,40842289.19464678,22476600.0,1141444.667255723,17224244.52739106,15353322.19138679,0.0,15276600.0,0.0,0.0,32223287.745988376,-2.3283064365386963e-9 
 07/30  10:00:00,52675764.63131463,30126240.0,1247053.5071024785,21302471.124212153,19380136.28035576,0.0,13926240.0,0.0,0.0,32787868.51107602,-6.402842700481415e-9 
 07/30  11:00:00,53876049.01041105,27716400.0,1354736.8268420654,24804912.183568977,22877591.11925923,0.0,11516400.0,0.0,0.0,29263441.398408495,-3.4924596548080444e-9 
 07/30  12:00:00,53895072.00909193,26295840.0,1340118.3536751736,26259113.655416764,24331792.59110701,0.0,10095840.0,0.0,0.0,24058556.350017935,-5.820766091346741e-9 
 07/30  13:00:00,50553198.24189152,24701760.0,1253238.656300426,24598199.585591093,22670878.521281343,0.0,8501760.0,0.0,0.0,22575041.883236382,-5.122274160385132e-9 
 07/30  14:00:00,53906184.353693135,25764480.0,1368327.7101374664,26773376.64355567,24846055.579245925,0.0,9564480.0,0.0,0.0,27090435.551296853,4.656612873077393e-10 
 07/30  15:00:00,52372921.58178408,25027200.0,1390327.350527391,25955394.231256686,24028073.166946933,0.0,10627200.0,0.0,0.0,25406707.355459254,-1.3969838619232178e-9 
 07/30  16:00:00,48257078.52146296,24116400.0,1297743.981489583,22842934.539973386,20915613.475663636,0.0,11516400.0,0.0,0.0,17970894.93905026,-4.190951585769653e-9 
 07/30  17:00:00,50247567.79983868,30067200.0,1192341.8724251743,18988025.92741351,17060704.863103762,0.0,21067200.0,0.0,0.0,7701059.948262281,-2.3283064365386963e-9 
 07/30  18:00:00,44103179.75013595,25207200.0,1156711.542702435,17739268.207433518,15811947.14312377,0.0,16207200.0,0.0,0.0,7093479.152345713,-5.587935447692871e-9 
 07/30  19:00:00,39613601.89921403,21600000.0,1136544.5956399357,16877057.303574093,14949736.239264345,0.0,16200000.0,0.0,0.0,1344142.1152731343,-4.423782229423523e-9 
 07/30  20:00:00,29041933.901636068,10800000.0,1136544.5956399357,17105389.305996127,15178068.241686383,0.0,5400000.0,0.0,0.0,0.0,-5.005858838558197e-9 
 07/30  21:00:00,5760000.0,5760000.0,0.0,0.0,0.0,0.0,5400000.0,0.0,0.0,0.0,-3.3760443329811096e-9 
 07/30  22:00:00,1710000.0,1710000.0,0.0,0.0,0.0,0.0,1350000.0,0.0,0.0,0.0,-2.6775524020195007e-9 
 07/30  23:00:00,1710000.0,1710000.0,0.0,0.0,0.0,0.0,1350000.0,0.0,0.0,0.0,-2.2118911147117615e-9 
 07/30  24:00:00,1710000.0,1710000.0,0.0,0.0,0.0,0.0,1350000.0,0.0,0.0,0.0,-4.540197551250458e-9 
 07/31  01:00:00,1710000.0,1710000.0,0.0,0.0,0.0,0.0,1350000.0,0.0,0.0,0.0,-3.4924596548080444e-9 
 07/31  02:00:00,1710000.0,1710000.0,0.0,0.0,0.0,0.0,1350000.0,0.0,0.0,0.0,-2.9103830456733704e-9 
 07/31  03:00:00,1710000.0,1710000.0,0.0,0.0,0.0,0.0,1350000.0,0.0,0.0,0.0,3.026798367500305e-9 
 07/31  04:00:00,1710000.0,1710000.0,0.0,0.0,0.0,0.0,1350000.0,0.0,0.0,0.0,-1.4551915228366852e-9 
 07/31  05:00:00,1710000.0,1710000.0,0.0,0.0,0.0,0.0,1350000.0,0.0,0.0,0.0,-3.3178366720676422e-9 
 07/31  06:00:00,1710000.0,1710000.0,0.0,0.0,0.0,0.0,1350000.0,0.0,0.0,0.0,-4.656612873077393e-10 
 07/31  07:00:00,18641395.71321416,1710000.0,1136544.5956399357,15794851.117574219,13906322.28924944,0.0,1350000.0,0.0,0.0,1609922.5314105684,4.656612873077393e-10 
 07/31  08:00:00,19813161.411902156,1573560.0,1136544.5956399357,17103056.81626222,15261895.184230456,0.0,1213560.0,0.0,0.0,12751622.703259686,-1.1059455573558807e-9 
 07/31  09:00:00,42200569.25845559,22476600.0,1136544.5956399357,18587424.66281565,16706849.524476003,0.0,15276600.0,0.0,0.0,31234672.273328796,-3.841705620288849e-9 
 07/31  10:00:00,53634329.23171125,30577680.0,1239022.472497859,21817626.759213395,19892444.979274288,0.0,14377680.0,0.0,0.0,34713323.56421776,-3.259629011154175e-9 
 07/31  11:00:00,53321648.510319844,26827200.0,1359926.3705372352,25134522.139782608,23207201.07547286,0.0,10627200.0,0.0,0.0,29178524.96353043,-2.3283064365386963e-9 
 07/31  12:00:00,55619794.91528933,28888200.0,1361850.212591748,25369744.702697583,23442423.63838783,0.0,12688200.0,0.0,0.0,25392226.76280293,-4.889443516731262e-9 
 07/31  13:00:00,53404380.330643676,28687680.0,1262540.9604366035,23454159.37020707,21526838.305897325,0.0,12487680.0,0.0,0.0,21745994.01190382,-6.28642737865448e-9 
 07/31  14:00:00,51930462.9227756,25764480.0,1329120.6091363162,24836862.313639287,22909541.24932954,0.0,9564480.0,0.0,0.0,24189923.843412604,-4.889443516731262e-9 
 07/31  15:00:00,51907471.87723889,25027200.0,1335504.165656901,25544767.71158199,23617446.647272244,0.0,10627200.0,0.0,0.0,24062926.919182334,-4.423782229423523e-9 
 07/31  16:00:00,48897479.31213388,23227200.0,1278746.9304555845,24391532.381678298,22464211.317368545,0.0,10627200.0,0.0,0.0,21213787.62489383,-2.7939677238464355e-9 
 07/31  17:00:00,42596067.33655078,19627200.0,1200349.7341674585,21768517.60238332,19841196.538073573,0.0,10627200.0,0.0,0.0,18357935.320600506,-3.4924596548080444e-9 
 07/31  18:00:00,42362637.19045115,22003200.0,1161559.336493243,19197877.85395791,17270556.789648164,0.0,13003200.0,0.0,0.0,9847064.393339831,-6.51925802230835e-9 
 07/31  19:00:00,39914199.36902194,21600000.0,1136544.5956399357,17177654.773382,15250333.709072253,0.0,16200000.0,0.0,0.0,928425.1330065401,-1.862645149230957e-9 
 07/31  20:00:00,28389215.260600917,10800000.0,1136544.5956399357,16452670.66496098,14525349.600651233,0.0,5400000.0,0.0,0.0,0.0,-2.0954757928848267e-9 
 07/31  21:00:00,5760000.0,5760000.0,0.0,0.0,0.0,0.0,5400000.0,0.0,0.0,0.0,-3.259629011154175e-9 
 07/31  22:00:00,1710000.0,1710000.0,0.0,0.0,0.0,0.0,1350000.0,0.0,0.0,0.0,-1.862645149230957e-9 
 07/31  23:00:00,1710000.0,1710000.0,0.0,0.0,0.0,0.0,1350000.0,0.0,0.0,0.0,-3.841705620288849e-9 
 07/31  24:00:00,1710000.0,1710000.0,0.0,0.0,0.0,0.0,1350000.0,0.0,0.0,0.0,-6.05359673500061e-9 
