Date/Time,Electricity:Facility [J](Hourly),Electricity:Building [J](Hourly),Electricity:HVAC [J](Hourly),Electricity:Plant [J](Hourly),Cooling:Electricity [J](Hourly),Heating:Electricity [J](Hourly),InteriorLights:Electricity [J](Hourly),NaturalGas:Facility [J](Hourly),NaturalGas:Plant [J](Hourly),TOTAL BUILDING INSIDE FACE SOLAR RADIATION HEAT GAIN ENERGY [J](Hourly),TOTAL BUILDING INSIDE FACE NET SURFACE THERMAL RADIATION HEAT GAIN ENERGY [J](Hourly) 
 01/01  01:00:00,2846544.5956399357,1710000.0,1136544.5956399357,0.0,0.0,0.0,1350000.0,0.0,0.0,0.0,-2.735760062932968e-9 
 01/01  02:00:00,2846544.5956399357,1710000.0,1136544.5956399357,0.0,0.0,0.0,1350000.0,0.0,0.0,0.0,5.238689482212067e-10 
 01/01  03:00:00,2846544.5956399357,1710000.0,1136544.5956399357,0.0,0.0,0.0,1350000.0,0.0,0.0,0.0,-2.2118911147117615e-9 
 01/01  04:00:00,2846544.5956399357,1710000.0,1136544.5956399357,0.0,0.0,0.0,1350000.0,0.0,0.0,0.0,-4.0745362639427185e-10 
 01/01  05:00:00,2846544.5956399357,1710000.0,1136544.5956399357,0.0,0.0,0.0,1350000.0,0.0,0.0,0.0,8.731149137020111e-10 
 01/01  06:00:00,2846544.5956399357,1710000.0,1136544.5956399357,0.0,0.0,0.0,1350000.0,0.0,0.0,0.0,-3.434251993894577e-9 
 01/01  07:00:00,13513232.322849136,1710000.0,1136544.5956399357,10666687.727209201,9467151.79094071,0.0,1350000.0,4960639.303085781,4960639.303085781,0.0,-1.6298145055770874e-9 
 01/01  08:00:00,14073392.503285812,1710000.0,1136544.5956399357,11226847.907645876,9977918.373044638,0.0,1350000.0,4946526.959344081,4946526.959344081,1285900.8836988434,3.4924596548080444e-10 
 01/01  09:00:00,42766552.77973789,29416680.0,1136544.5956399357,12213328.184097957,10846624.906621467,0.0,22216680.0,4818037.706843859,4818037.706843859,6940997.8258881755,-6.984919309616089e-10 
 01/01  10:00:00,49808065.15577158,35762400.0,1136544.5956399357,12909120.56013164,11509438.430181254,0.0,19562400.0,4469369.835620521,4469369.835620521,10712775.628159016,-3.3760443329811096e-9 
 01/01  11:00:00,44858785.95763882,30384000.0,1138856.201432888,13335929.756205939,11926333.228985107,0.0,14184000.0,4151390.2672613813,4151390.2672613813,17521361.43223917,-2.3283064365386963e-9 
 01/01  12:00:00,41737769.00441723,27140580.0,1148509.9781101008,13448679.026307134,12004109.552025996,0.0,10940580.0,3503636.0509516755,3503636.0509516755,19561041.61445111,-1.6298145055770874e-9 
 01/01  13:00:00,39164657.37311609,24701760.0,1146811.3741365783,13316085.998979514,11835911.049603488,0.0,8501760.0,3858498.883265029,3858498.883265029,20194083.513535425,-4.889443516731262e-9 
 01/01  14:00:00,39749799.58499908,25764480.0,1157937.2041819966,12827382.380817078,11355520.90750298,0.0,9564480.0,3017567.4364764476,3017567.4364764476,16595597.149741745,-4.190951585769653e-9 
 01/01  15:00:00,38557909.836964205,25027200.0,1171926.4029567584,12358783.434007451,10913735.042593192,0.0,10627200.0,1789192.0916782694,1789192.0916782694,17104578.473458078,-4.423782229423523e-9 
 01/01  16:00:00,38855415.61906226,25894800.0,1149215.1152066134,11811400.503855653,10387051.158057582,0.0,13294800.0,4091210.942815128,4091210.942815128,13498668.382655807,-3.4924596548080444e-9 
 01/01  17:00:00,39440627.26771833,26740800.0,1136544.5956399357,11563282.67207839,10126224.159768766,0.0,17740800.0,5503416.668821089,5503416.668821089,9253428.183130987,-8.381903171539307e-9 
 01/01  18:00:00,48316873.50410168,36000000.0,1136544.5956399357,11180328.908461738,9772736.923049273,0.0,27000000.0,5242199.79593665,5242199.79593665,917752.4543559623,-2.561137080192566e-9 
 01/01  19:00:00,33712978.156454705,21600000.0,1136544.5956399357,10976433.560814764,9604528.176784895,0.0,16200000.0,5151476.879960069,5151476.879960069,0.0,-6.984919309616089e-10 
 01/01  20:00:00,22600517.070427414,10800000.0,1136544.5956399357,10663972.474787477,9395417.932848636,0.0,5400000.0,5116798.6155879125,5116798.6155879125,0.0,-2.561137080192566e-9 
 01/01  21:00:00,6896544.595639936,5760000.0,1136544.5956399357,0.0,0.0,0.0,5400000.0,0.0,0.0,0.0,-4.0745362639427185e-9 
 01/01  22:00:00,2846544.5956399357,1710000.0,1136544.5956399357,0.0,0.0,0.0,1350000.0,0.0,0.0,0.0,-1.1641532182693481e-10 
 01/01  23:00:00,2846544.5956399357,1710000.0,1136544.5956399357,0.0,0.0,0.0,1350000.0,0.0,0.0,0.0,4.656612873077393e-10 
 01/01  24:00:00,2846544.5956399357,1710000.0,1136544.5956399357,0.0,0.0,0.0,1350000.0,0.0,0.0,0.0,-2.2118911147117615e-9 
 01/02  01:00:00,2846544.5956399357,1710000.0,1136544.5956399357,0.0,0.0,0.0,1350000.0,0.0,0.0,0.0,1.8044374883174896e-9 
 01/02  02:00:00,2846544.5956399357,1710000.0,1136544.5956399357,0.0,0.0,0.0,1350000.0,0.0,0.0,0.0,8.149072527885437e-10 
 01/02  03:00:00,2846544.5956399357,1710000.0,1136544.5956399357,0.0,0.0,0.0,1350000.0,0.0,0.0,0.0,-1.862645149230957e-9 
 01/02  04:00:00,2846544.5956399357,1710000.0,1136544.5956399357,0.0,0.0,0.0,1350000.0,0.0,0.0,0.0,1.979060471057892e-9 
 01/02  05:00:00,2846544.5956399357,1710000.0,1136544.5956399357,0.0,0.0,0.0,1350000.0,0.0,0.0,0.0,-1.7462298274040222e-10 
 01/02  06:00:00,2846544.5956399357,1710000.0,1136544.5956399357,0.0,0.0,0.0,1350000.0,0.0,0.0,0.0,-1.2223608791828156e-9 
 01/02  07:00:00,12300308.205574716,1710000.0,1136544.5956399357,9453763.60993478,8386527.245312838,0.0,1350000.0,4996585.299437744,4996585.299437744,120302.78100591252,-4.307366907596588e-9 
 01/02  08:00:00,13325978.62838192,1686240.0,1136544.5956399357,10503194.032741984,9338926.616700511,0.0,1326240.0,3029416.625622442,3029416.625622442,3134690.785862457,-2.473825588822365e-9 
 01/02  09:00:00,37876735.31612323,24932520.0,1136544.5956399357,11807670.7204833,10481924.29140016,0.0,17732520.0,5996259.08842424,5996259.08842424,15014402.2661013,-5.122274160385132e-9 
 01/02  10:00:00,43802656.33619105,30126240.0,1155150.7050177336,12521265.631173316,11128406.833358617,0.0,13926240.0,4077025.9460552153,4077025.9460552153,22993479.751993783,-2.9103830456733704e-9 
 01/02  11:00:00,40467047.169704616,26827200.0,1175806.830848659,12464040.33885596,11082716.767170321,0.0,10627200.0,2418906.412182599,2418906.412182599,22540737.27255569,-5.587935447692871e-9 
 01/02  12:00:00,39190425.451962374,26295840.0,1181556.9613575202,11713028.490604857,10418207.69914079,0.0,10095840.0,1655677.6642494402,1655677.6642494402,23030796.836672224,-3.725290298461914e-9 
 01/02  13:00:00,36793786.31335457,24701760.0,1166082.2253528382,10925944.088001728,9710203.268841948,0.0,8501760.0,2683245.276959041,2683245.276959041,20443586.31270275,-2.561137080192566e-9 
 01/02  14:00:00,39529923.53629528,28165320.0,1179203.7199585014,10185399.816336777,9033283.045429092,0.0,11965320.0,1249044.2676861521,1249044.2676861521,14599842.867598038,-6.05359673500061e-9 
 01/02  15:00:00,37896206.38069765,26805600.0,1184085.5547583946,9906520.82593926,8767390.372496098,0.0,12405600.0,704412.702911326,704412.702911326,13082320.416186294,-3.958120942115784e-9 
 01/02  16:00:00,34365280.92929941,23227200.0,1172168.5747425952,9965912.35455681,8779701.628396554,0.0,10627200.0,1724634.8015365752,1724634.8015365752,18967001.86479556,-5.122274160385132e-9 
 01/02  17:00:00,31720814.182228953,20516400.0,1138868.7147308935,10065545.467498057,8827411.216411632,0.0,11516400.0,5636133.193237229,5636133.193237229,17432724.38889192,-6.752088665962219e-9 
 01/02  18:00:00,44472749.14041327,33210000.0,1160146.3042583999,10102602.836154865,8854263.889386522,0.0,24210000.0,2708657.8359166635,2708657.8359166635,10130322.104522584,-6.984919309616089e-9 
 01/02  19:00:00,32825068.180560946,21600000.0,1136544.5956399357,10088523.58492101,8825606.709957123,0.0,16200000.0,5504454.2917244565,5504454.2917244565,0.0,-5.587935447692871e-9 
 01/02  20:00:00,21601404.422353156,10800000.0,1136544.5956399357,9664859.826713223,8515877.441326952,0.0,5400000.0,5255082.303409489,5255082.303409489,0.0,-1.6298145055770874e-9 
 01/02  21:00:00,6896544.595639936,5760000.0,1136544.5956399357,0.0,0.0,0.0,5400000.0,0.0,0.0,0.0,-1.0477378964424133e-9 
 01/02  22:00:00,2846544.5956399357,1710000.0,1136544.5956399357,0.0,0.0,0.0,1350000.0,0.0,0.0,0.0,5.820766091346741e-10 
 01/02  23:00:00,2846544.5956399357,1710000.0,1136544.5956399357,0.0,0.0,0.0,1350000.0,0.0,0.0,0.0,-2.9103830456733704e-9 
 01/02  24:00:00,2846544.5956399357,1710000.0,1136544.5956399357,0.0,0.0,0.0,1350000.0,0.0,0.0,0.0,-3.899913281202316e-9 
 01/03  01:00:00,2846544.5956399357,1710000.0,1136544.5956399357,0.0,0.0,0.0,1350000.0,0.0,0.0,0.0,-2.153683453798294e-9 
 01/03  02:00:00,2846544.5956399357,1710000.0,1136544.5956399357,0.0,0.0,0.0,1350000.0,0.0,0.0,0.0,-1.3387762010097504e-9 
 01/03  03:00:00,2846544.5956399357,1710000.0,1136544.5956399357,0.0,0.0,0.0,1350000.0,0.0,0.0,0.0,-4.249159246683121e-9 
 01/03  04:00:00,2846544.5956399357,1710000.0,1136544.5956399357,0.0,0.0,0.0,1350000.0,0.0,0.0,0.0,-1.2223608791828156e-9 
 01/03  05:00:00,2846544.5956399357,1710000.0,1136544.5956399357,0.0,0.0,0.0,1350000.0,0.0,0.0,0.0,1.3969838619232178e-9 
 01/03  06:00:00,2846544.5956399357,1710000.0,1136544.5956399357,0.0,0.0,0.0,1350000.0,0.0,0.0,0.0,1.57160684466362e-9 
 01/03  07:00:00,12840971.763518587,1710000.0,1136544.5956399357,9994427.16787865,8890406.743835332,0.0,1350000.0,5050242.058580842,5050242.058580842,50347.617590523354,1.2514647096395493e-9 
 01/03  08:00:00,13823005.769517533,1710000.0,1136544.5956399357,10976461.173877597,9762432.141707677,0.0,1350000.0,2400813.2281999234,2400813.2281999234,2345935.9210642753,-1.1932570487260818e-9 
 01/03  09:00:00,38863710.90085487,25732800.0,1136544.5956399357,11994366.30521493,10654741.635099258,0.0,18532800.0,6480384.53809611,6480384.53809611,13098447.23353313,-1.5133991837501526e-9 
 01/03  10:00:00,43596610.08346427,30126240.0,1152110.150562419,12318259.932901846,10945992.23220999,0.0,13926240.0,4483051.99562846,4483051.99562846,23049997.5148838,-6.51925802230835e-9 
 01/03  11:00:00,40150316.02290079,26827200.0,1180818.8335568341,12142297.189343952,10800463.645045925,0.0,10627200.0,2135035.355136305,2135035.355136305,24427143.46166271,-3.958120942115784e-9 
 01/03  12:00:00,38872894.02963654,26295840.0,1180283.511326878,11396770.518309664,10133598.536625408,0.0,10095840.0,1820848.1150551606,1820848.1150551606,22735536.06647984,-4.190951585769653e-9 
 01/03  13:00:00,36669259.76003365,24701760.0,1161931.1957706127,10805568.564263036,9569886.843859958,0.0,8501760.0,3130230.0369233643,3130230.0369233643,21066023.642110653,-3.026798367500305e-9 
 01/03  14:00:00,37333280.16168953,25764480.0,1185387.4764313782,10383412.68525815,9198098.902981006,0.0,9564480.0,901137.3990738805,901137.3990738805,20210581.871490557,-9.080395102500916e-9 
 01/03  15:00:00,36810945.70696889,25027200.0,1207035.7039453909,10576710.003023492,9384985.849217892,0.0,10627200.0,0.0,0.0,18668049.969245087,-2.3283064365386963e-9 
 01/03  16:00:00,36806127.92995405,25005600.0,1163177.8163459646,10637350.11360808,9369993.119676359,0.0,12405600.0,2690197.579020935,2690197.579020935,13255184.605012933,-5.587935447692871e-9 
 01/03  17:00:00,34447053.15084093,22294800.0,1137465.7501641717,11014787.400676759,9659905.13973004,0.0,13294800.0,5657553.802574671,5657553.802574671,15055879.488950826,-1.1641532182693481e-9 
 01/03  18:00:00,47142991.03766834,35049600.0,1150028.5487795388,10943362.4888888,9584452.432293188,0.0,26049600.0,3695493.9544672486,3695493.9544672486,5402140.48393959,-1.6298145055770874e-9 
 01/03  19:00:00,33599979.69945841,21600000.0,1136544.5956399357,10863435.103818476,9507574.38362859,0.0,16200000.0,5392221.62637925,5392221.62637925,0.0,-5.3551048040390015e-9 
 01/03  20:00:00,22469396.400235973,10800000.0,1136544.5956399357,10532851.80459604,9282121.566277966,0.0,5400000.0,5212704.041835284,5212704.041835284,0.0,-3.259629011154175e-9 
 01/03  21:00:00,6896544.595639936,5760000.0,1136544.5956399357,0.0,0.0,0.0,5400000.0,0.0,0.0,0.0,-5.820766091346741e-10 
 01/03  22:00:00,2846544.5956399357,1710000.0,1136544.5956399357,0.0,0.0,0.0,1350000.0,0.0,0.0,0.0,-4.190951585769653e-9 
 01/03  23:00:00,2846544.5956399357,1710000.0,1136544.5956399357,0.0,0.0,0.0,1350000.0,0.0,0.0,0.0,1.6298145055770874e-9 
 01/03  24:00:00,2846544.5956399357,1710000.0,1136544.5956399357,0.0,0.0,0.0,1350000.0,0.0,0.0,0.0,-1.5133991837501526e-9 
 01/04  01:00:00,2846544.5956399357,1710000.0,1136544.5956399357,0.0,0.0,0.0,1350000.0,0.0,0.0,0.0,-1.1641532182693481e-9 
 01/04  02:00:00,2846544.5956399357,1710000.0,1136544.5956399357,0.0,0.0,0.0,1350000.0,0.0,0.0,0.0,-1.862645149230957e-9 
 01/04  03:00:00,2846544.5956399357,1710000.0,1136544.5956399357,0.0,0.0,0.0,1350000.0,0.0,0.0,0.0,-3.2014213502407074e-9 
 01/04  04:00:00,2846544.5956399357,1710000.0,1136544.5956399357,0.0,0.0,0.0,1350000.0,0.0,0.0,0.0,-1.3969838619232178e-9 
 01/04  05:00:00,2846544.5956399357,1710000.0,1136544.5956399357,0.0,0.0,0.0,1350000.0,0.0,0.0,0.0,-3.14321368932724e-9 
 01/04  06:00:00,2846544.5956399357,1710000.0,1136544.5956399357,0.0,0.0,0.0,1350000.0,0.0,0.0,0.0,3.3760443329811096e-9 
 01/04  07:00:00,13176763.685232908,1710000.0,1136544.5956399357,10330219.08959297,9202052.82531006,0.0,1350000.0,5139589.396497253,5139589.396497253,265391.7848388741,-2.1245796233415604e-9 
 01/04  08:00:00,13939021.843038,1710000.0,1136544.5956399357,11092477.247398067,9885351.6806297,0.0,1350000.0,5115012.707989437,5115012.707989437,2720215.96686369,-1.1641532182693481e-10 
 01/04  09:00:00,39545217.74322414,26960760.0,1136544.5956399357,11447913.147584202,10189792.323402163,0.0,19760760.0,5109250.862980135,5109250.862980135,10915179.99882581,-1.280568540096283e-9 
 01/04  10:00:00,42641077.89620319,30126240.0,1146708.8824888496,11368129.013714341,10119282.910164323,0.0,13926240.0,4324625.785051055,4324625.785051055,20947124.196797367,-4.773028194904327e-9 
 01/04  11:00:00,41631995.11393485,29494800.0,1163141.676763184,10974053.437171668,9770293.738327075,0.0,13294800.0,3027107.5517372573,3027107.5517372573,20008026.32819129,-6.752088665962219e-9 
 01/04  12:00:00,38152614.05674334,26295840.0,1176592.1923680236,10680181.864375312,9506758.036802469,0.0,10095840.0,1899839.2219120837,1899839.2219120837,23201729.606755972,-3.958120942115784e-9 
 01/04  13:00:00,36397497.516978174,24701760.0,1164237.51025008,10531500.006728098,9348663.720360024,0.0,8501760.0,2755484.368088488,2755484.368088488,21999499.46546644,-2.7939677238464355e-9 
 01/04  14:00:00,37404864.16467272,25764480.0,1190873.2535602176,10449510.911112495,9265095.032300686,0.0,9564480.0,555545.2230353692,555545.2230353692,20085381.20714704,-5.3551048040390015e-9 
 01/04  15:00:00,36870186.07553977,25027200.0,1224119.9853924683,10618866.090147298,9450814.833724003,0.0,10627200.0,0.0,0.0,20720816.075937044,-2.0954757928848267e-9 
 01/04  16:00:00,34619579.21662103,23227200.0,1200619.4994701648,10191759.717150861,8998078.9166017,0.0,10627200.0,47344.12771750443,47344.12771750443,20598488.579537373,-1.1408701539039612e-8 
 01/04  17:00:00,33214825.73671759,22294800.0,1141738.1485446948,9778287.588172896,8571600.72470592,0.0,13294800.0,5020140.625985952,5020140.625985952,14760015.06198512,-2.3283064365386963e-9 
 01/04  18:00:00,43896497.832522385,33210000.0,1162742.3284284645,9523755.504093917,8339925.600961595,0.0,24210000.0,2417433.7809965205,2417433.7809965205,10955585.367261542,-6.28642737865448e-9 
 01/04  19:00:00,32007990.589317985,21600000.0,1136544.5956399357,9271445.993678043,8105803.671855372,0.0,16200000.0,5466457.288245996,5466457.288245996,0.0,-2.3283064365386963e-10 
 01/04  20:00:00,20943244.520289395,10800000.0,1136544.5956399357,9006699.924649458,7939736.111456189,0.0,5400000.0,5239829.4061533585,5239829.4061533585,0.0,-6.984919309616089e-10 
 01/04  21:00:00,6896544.595639936,5760000.0,1136544.5956399357,0.0,0.0,0.0,5400000.0,0.0,0.0,0.0,-6.984919309616089e-10 
 01/04  22:00:00,2846544.5956399357,1710000.0,1136544.5956399357,0.0,0.0,0.0,1350000.0,0.0,0.0,0.0,-3.725290298461914e-9 
 01/04  23:00:00,2846544.5956399357,1710000.0,1136544.5956399357,0.0,0.0,0.0,1350000.0,0.0,0.0,0.0,-1.280568540096283e-9 
 01/04  24:00:00,2846544.5956399357,1710000.0,1136544.5956399357,0.0,0.0,0.0,1350000.0,0.0,0.0,0.0,-2.561137080192566e-9 
 01/05  01:00:00,6086544.595639936,4950000.0,1136544.5956399357,0.0,0.0,0.0,1350000.0,0.0,0.0,0.0,7.566995918750763e-10 
 01/05  02:00:00,6086544.595639936,4950000.0,1136544.5956399357,0.0,0.0,0.0,1350000.0,0.0,0.0,0.0,-8.731149137020111e-10 
 01/05  03:00:00,6086544.595639936,4950000.0,1136544.5956399357,0.0,0.0,0.0,1350000.0,0.0,0.0,0.0,-2.6775524020195007e-9 
 01/05  04:00:00,6086544.595639936,4950000.0,1136544.5956399357,0.0,0.0,0.0,1350000.0,0.0,0.0,0.0,-5.820766091346741e-11 
 01/05  05:00:00,6086544.595639936,4950000.0,1136544.5956399357,0.0,0.0,0.0,1350000.0,0.0,0.0,0.0,-3.3178366720676422e-9 
 01/05  06:00:00,6086544.595639936,4950000.0,1136544.5956399357,0.0,0.0,0.0,1350000.0,0.0,0.0,0.0,-9.313225746154785e-10 
 01/05  07:00:00,6086544.595639936,4950000.0,1136544.5956399357,0.0,0.0,0.0,1350000.0,0.0,0.0,1598472.6453198807,-5.238689482212067e-10 
 01/05  08:00:00,5994564.595639936,4858020.0,1136544.5956399357,0.0,0.0,0.0,1258020.0,0.0,0.0,9778203.5159698,-3.026798367500305e-9 
 01/05  09:00:00,5721684.595639936,4585140.0,1136544.595639936,0.0,0.0,0.0,985140.0,0.0,0.0,21363729.928510703,1.1641532182693481e-9 
 01/05  10:00:00,5469504.595639936,4332960.0,1136544.5956399357,0.0,0.0,0.0,732960.0,0.0,0.0,22485905.57154746,-4.656612873077393e-10 
 01/05  11:00:00,5401284.595639936,4264740.0,1136544.5956399357,0.0,0.0,0.0,664740.0,0.0,0.0,20784173.603717983,-3.026798367500305e-9 
 01/05  12:00:00,5267904.595639936,4131360.0,1136544.5956399357,0.0,0.0,0.0,531360.0,0.0,0.0,21303690.414851006,1.0477378964424133e-9 
 01/05  13:00:00,5267904.595639936,4131360.0,1136544.5956399357,0.0,0.0,0.0,531360.0,0.0,0.0,22066986.73616872,-1.1641532182693481e-9 
 01/05  14:00:00,5267904.595639936,4131360.0,1136544.5956399357,0.0,0.0,0.0,531360.0,0.0,0.0,20238939.095332496,-2.444721758365631e-9 
 01/05  15:00:00,5267904.595639936,4131360.0,1136544.5956399357,0.0,0.0,0.0,531360.0,0.0,0.0,20859409.50205967,-3.14321368932724e-9 
 01/05  16:00:00,5267904.595639936,4131360.0,1136544.5956399357,0.0,0.0,0.0,531360.0,0.0,0.0,21960070.108331166,2.561137080192566e-9 
 01/05  17:00:00,5312364.595639936,4175820.0,1136544.5956399357,0.0,0.0,0.0,575820.0,0.0,0.0,17490900.836878277,-2.0954757928848267e-9 
 01/05  18:00:00,6015264.595639936,4878720.0,1136544.5956399357,0.0,0.0,0.0,1278720.0,0.0,0.0,5331627.633841285,-5.122274160385132e-9 
 01/05  19:00:00,6086544.595639936,4950000.0,1136544.5956399357,0.0,0.0,0.0,1350000.0,0.0,0.0,0.0,9.313225746154785e-10 
 01/05  20:00:00,6086544.595639936,4950000.0,1136544.5956399357,0.0,0.0,0.0,1350000.0,0.0,0.0,0.0,-1.6298145055770874e-9 
 01/05  21:00:00,6086544.595639936,4950000.0,1136544.5956399357,0.0,0.0,0.0,1350000.0,0.0,0.0,0.0,-6.984919309616089e-10 
 01/05  22:00:00,6086544.595639936,4950000.0,1136544.5956399357,0.0,0.0,0.0,1350000.0,0.0,0.0,0.0,-3.725290298461914e-9 
 01/05  23:00:00,6086544.595639936,4950000.0,1136544.5956399357,0.0,0.0,0.0,1350000.0,0.0,0.0,0.0,-1.6298145055770874e-9 
 01/05  24:00:00,6086544.595639936,4950000.0,1136544.5956399357,0.0,0.0,0.0,1350000.0,0.0,0.0,0.0,-1.7462298274040222e-9 
 01/06  01:00:00,6086544.595639936,4950000.0,1136544.5956399357,0.0,0.0,0.0,1350000.0,0.0,0.0,0.0,-4.656612873077393e-10 
 01/06  02:00:00,6086544.595639936,4950000.0,1136544.5956399357,0.0,0.0,0.0,1350000.0,0.0,0.0,0.0,-1.3969838619232178e-9 
 01/06  03:00:00,6086544.595639936,4950000.0,1136544.5956399357,0.0,0.0,0.0,1350000.0,0.0,0.0,0.0,-3.899913281202316e-9 
 01/06  04:00:00,6086544.595639936,4950000.0,1136544.5956399357,0.0,0.0,0.0,1350000.0,0.0,0.0,0.0,1.2223608791828156e-9 
 01/06  05:00:00,6086544.595639936,4950000.0,1136544.5956399357,0.0,0.0,0.0,1350000.0,0.0,0.0,0.0,-2.6775524020195007e-9 
 01/06  06:00:00,6086544.595639936,4950000.0,1136544.5956399357,0.0,0.0,0.0,1350000.0,0.0,0.0,0.0,-9.89530235528946e-10 
 01/06  07:00:00,6086544.595639936,4950000.0,1136544.5956399357,0.0,0.0,0.0,1350000.0,0.0,0.0,0.0,-1.6880221664905548e-9 
 01/06  08:00:00,6086544.595639936,4950000.0,1136544.5956399357,0.0,0.0,0.0,1350000.0,0.0,0.0,346404.72099937045,-4.889443516731262e-9 
 01/06  09:00:00,6062784.595639936,4926240.0,1136544.5956399357,0.0,0.0,0.0,1326240.0,0.0,0.0,3566458.8296851506,3.2014213502407074e-9 
 01/06  10:00:00,5766144.595639936,4629600.0,1136544.5956399357,0.0,0.0,0.0,1029600.0,0.0,0.0,11027600.912569953,-8.149072527885437e-10 
 01/06  11:00:00,5582184.595639936,4445640.0,1136544.5956399357,0.0,0.0,0.0,845640.0,0.0,0.0,15083655.248460045,2.6193447411060333e-9 
 01/06  12:00:00,5267904.595639936,4131360.0,1136544.5956399357,0.0,0.0,0.0,531360.0,0.0,0.0,21071033.54962573,-2.7939677238464355e-9 
 01/06  13:00:00,5267904.595639936,4131360.0,1136544.5956399357,0.0,0.0,0.0,531360.0,0.0,0.0,19927196.872170284,-3.3760443329811096e-9 
 01/06  14:00:00,5267904.595639936,4131360.0,1136544.5956399357,0.0,0.0,0.0,531360.0,0.0,0.0,20135095.146044184,-4.307366907596588e-9 
 01/06  15:00:00,5267904.595639936,4131360.0,1136544.5956399357,0.0,0.0,0.0,531360.0,0.0,0.0,19890540.42754191,-5.3551048040390015e-9 
 01/06  16:00:00,5267904.595639936,4131360.0,1136544.5956399357,0.0,0.0,0.0,531360.0,0.0,0.0,17272447.526552938,-3.725290298461914e-9 
 01/06  17:00:00,5647344.595639936,4510800.0,1136544.5956399357,0.0,0.0,0.0,910800.0,0.0,0.0,8312157.613656854,-5.820766091346741e-10 
 01/06  18:00:00,6086544.595639936,4950000.0,1136544.5956399357,0.0,0.0,0.0,1350000.0,0.0,0.0,2829472.3117994657,-1.6298145055770874e-9 
 01/06  19:00:00,6086544.595639936,4950000.0,1136544.5956399357,0.0,0.0,0.0,1350000.0,0.0,0.0,0.0,4.656612873077393e-10 
 01/06  20:00:00,6086544.595639936,4950000.0,1136544.5956399357,0.0,0.0,0.0,1350000.0,0.0,0.0,0.0,-1.0477378964424133e-9 
 01/06  21:00:00,6086544.595639936,4950000.0,1136544.5956399357,0.0,0.0,0.0,1350000.0,0.0,0.0,0.0,1.280568540096283e-9 
 01/06  22:00:00,6086544.595639936,4950000.0,1136544.5956399357,0.0,0.0,0.0,1350000.0,0.0,0.0,0.0,-2.0954757928848267e-9 
 01/06  23:00:00,6086544.595639936,4950000.0,1136544.5956399357,0.0,0.0,0.0,1350000.0,0.0,0.0,0.0,-2.9685907065868378e-9 
 01/06  24:00:00,6086544.595639936,4950000.0,1136544.5956399357,0.0,0.0,0.0,1350000.0,0.0,0.0,0.0,-1.57160684466362e-9 
 01/07  01:00:00,2846544.5956399357,1710000.0,1136544.5956399357,0.0,0.0,0.0,1350000.0,0.0,0.0,0.0,-3.026798367500305e-9 
 01/07  02:00:00,2846544.5956399357,1710000.0,1136544.5956399357,0.0,0.0,0.0,1350000.0,0.0,0.0,0.0,2.3283064365386963e-10 
 01/07  03:00:00,2846544.5956399357,1710000.0,1136544.5956399357,0.0,0.0,0.0,1350000.0,0.0,0.0,0.0,6.984919309616089e-10 
 01/07  04:00:00,2846544.5956399357,1710000.0,1136544.5956399357,0.0,0.0,0.0,1350000.0,0.0,0.0,0.0,-2.852175384759903e-9 
 01/07  05:00:00,2846544.5956399357,1710000.0,1136544.5956399357,0.0,0.0,0.0,1350000.0,0.0,0.0,0.0,2.9103830456733704e-10 
 01/07  06:00:00,2846544.5956399357,1710000.0,1136544.5956399357,0.0,0.0,0.0,1350000.0,0.0,0.0,0.0,-2.561137080192566e-9 
 01/07  07:00:00,15062544.791071005,1710000.0,1136544.5956399357,12216000.195431072,10688916.642474273,0.0,1350000.0,4996606.273666184,4996606.273666184,50344.02412267684,-2.9103830456733704e-11 
 01/07  08:00:00,14672461.18492994,1710000.0,1136544.5956399357,11825916.589290002,10444177.72479071,0.0,1350000.0,5003752.377763201,5003752.377763201,2165627.3863495286,-2.3283064365386963e-10 
 01/07  09:00:00,40571001.78788447,27388440.0,1136544.5956399357,12046017.192244526,10700499.556131883,0.0,20188440.0,4998950.677596694,4998950.677596694,10147918.246227816,-2.3283064365386963e-9 
 01/07  10:00:00,46174616.42907821,32718600.0,1136544.5956399357,12319471.833438266,10929696.332750974,0.0,16518600.0,5005040.796984666,5005040.796984666,14877800.573219085,2.3283064365386963e-10 
 01/07  11:00:00,41483165.1337614,27716400.0,1151979.318583822,12614785.81517758,11198496.592788428,0.0,11516400.0,3704152.0638556858,3704152.0638556858,21621132.52263566,-6.984919309616089e-10 
 01/07  12:00:00,40099174.28609754,26295840.0,1160640.8671018607,12642693.418995686,11184348.473985754,0.0,10095840.0,3078149.965260022,3078149.965260022,22510471.797267944,-6.984919309616089e-9 
 01/07  13:00:00,38510733.20684839,24701760.0,1151159.5560861845,12657813.65076221,11165926.660714641,0.0,8501760.0,3934964.38571899,3934964.38571899,20885197.2500039,-6.51925802230835e-9 
 01/07  14:00:00,39085438.57294112,25764480.0,1159316.446543557,12161642.126397558,10728960.061177261,0.0,9564480.0,3012990.30927545,3012990.30927545,17375090.03628128,-4.889443516731262e-9 
 01/07  15:00:00,37951753.19501188,25027200.0,1165101.7086594547,11759451.486352418,10369658.199846094,0.0,10627200.0,2391839.7454362866,2391839.7454362866,16272783.668956472,-3.259629011154175e-9 
 01/07  16:00:00,38913528.30568251,26370000.0,1146698.0568747504,11396830.248807764,10014274.618745536,0.0,13770000.0,4353209.090149435,4353209.090149435,13055864.10459906,-3.4924596548080444e-9 
 01/07  17:00:00,45534656.45581214,33210000.0,1136544.5956399357,11188111.860172205,9792128.201862562,0.0,24210000.0,5473690.4794429485,5473690.4794429485,5039771.596142034,-5.587935447692871e-9 
 01/07  18:00:00,48157159.52801296,36000000.0,1137294.131243656,11019865.396769304,9628135.249517554,0.0,27000000.0,5130174.115145437,5130174.115145437,2506114.091783045,-3.4924596548080444e-9 
 01/07  19:00:00,33784204.83044134,21600000.0,1136544.5956399357,11047660.234801397,9665318.145318596,0.0,16200000.0,5147776.545731654,5147776.545731654,0.0,-1.6298145055770874e-9 
 01/07  20:00:00,22755450.46347093,10800000.0,1136544.5956399357,10818905.867830994,9527467.771585867,0.0,5400000.0,5100862.242922531,5100862.242922531,0.0,8.149072527885437e-10 
 01/07  21:00:00,6896544.595639936,5760000.0,1136544.5956399357,0.0,0.0,0.0,5400000.0,0.0,0.0,0.0,-3.3760443329811096e-9 
 01/07  22:00:00,2846544.5956399357,1710000.0,1136544.5956399357,0.0,0.0,0.0,1350000.0,0.0,0.0,0.0,-2.0954757928848267e-9 
 01/07  23:00:00,2846544.5956399357,1710000.0,1136544.5956399357,0.0,0.0,0.0,1350000.0,0.0,0.0,0.0,-2.9103830456733704e-9 
 01/07  24:00:00,2846544.5956399357,1710000.0,1136544.5956399357,0.0,0.0,0.0,1350000.0,0.0,0.0,0.0,-4.773028194904327e-9 
 01/08  01:00:00,2846544.5956399357,1710000.0,1136544.5956399357,0.0,0.0,0.0,1350000.0,0.0,0.0,0.0,-2.9685907065868378e-9 
 01/08  02:00:00,2846544.5956399357,1710000.0,1136544.5956399357,0.0,0.0,0.0,1350000.0,0.0,0.0,0.0,-3.3760443329811096e-9 
 01/08  03:00:00,2846544.5956399357,1710000.0,1136544.5956399357,0.0,0.0,0.0,1350000.0,0.0,0.0,0.0,-3.4924596548080444e-10 
 01/08  04:00:00,2846544.5956399357,1710000.0,1136544.5956399357,0.0,0.0,0.0,1350000.0,0.0,0.0,0.0,3.4924596548080444e-10 
 01/08  05:00:00,2846544.5956399357,1710000.0,1136544.5956399357,0.0,0.0,0.0,1350000.0,0.0,0.0,0.0,1.1641532182693481e-10 
 01/08  06:00:00,2846544.5956399357,1710000.0,1136544.5956399357,0.0,0.0,0.0,1350000.0,0.0,0.0,0.0,2.9103830456733704e-9 
 01/08  07:00:00,13918280.08802253,1710000.0,1136544.5956399357,11071735.492382593,9845499.949236702,0.0,1350000.0,5060283.997871568,5060283.997871568,50343.36427081241,-2.1827872842550278e-9 
 01/08  08:00:00,14493348.14070931,1710000.0,1136544.5956399357,11646803.545069378,10374604.139390232,0.0,1350000.0,5079572.707421375,5079572.707421375,2096904.9769111578,2.8812792152166367e-9 
 01/08  09:00:00,39691159.05231997,26960760.0,1136544.5956399357,11593854.456680045,10314399.981308818,0.0,19760760.0,5105270.375606684,5105270.375606684,10934641.142621681,-1.7462298274040222e-9 
 01/08  10:00:00,42856855.66748129,30126240.0,1139745.2935747844,11590870.373906503,10302151.995014884,0.0,13926240.0,4833814.206480017,4833814.206480017,18416117.060534403,-3.841705620288849e-9 
 01/08  11:00:00,42168233.246523544,29494800.0,1156945.8234416097,11516487.423081927,10227013.492515914,0.0,13294800.0,3433811.0442623263,3433811.0442623263,19934742.394490045,-3.026798367500305e-9 
 01/08  12:00:00,39300939.73400508,26295840.0,1164652.9432653654,11840446.79073971,10504434.262116602,0.0,10095840.0,2745204.4123422294,2745204.4123422294,21657065.927227903,-9.313225746154785e-10 
 01/08  13:00:00,37824891.94123712,24701760.0,1155015.463852337,11968116.477384778,10590033.413543407,0.0,8501760.0,3535610.16984195,3535610.16984195,21428545.814240642,-2.561137080192566e-9 
 01/08  14:00:00,39222161.39106078,25764480.0,1182757.6303631016,12274923.760697674,10854399.590511814,0.0,9564480.0,994127.4737485346,994127.4737485346,20402938.14663233,-7.450580596923828e-9 
 01/08  15:00:00,38481224.55321479,25027200.0,1216143.0563084993,12237881.496906286,10852317.850594265,0.0,10627200.0,0.0,0.0,20114738.934457682,-3.4924596548080444e-9 
 01/08  16:00:00,36060545.018062264,23227200.0,1193060.5112064932,11640284.506855763,10246258.448857687,0.0,10627200.0,112846.4057335697,112846.4057335697,19708849.849572346,-4.6566128730773926e-9 
 01/08  17:00:00,32760691.40280045,20516400.0,1142458.245400896,11101833.157399552,9723315.838593911,0.0,11516400.0,4879832.6909733005,4879832.6909733005,17433335.598774582,-2.0954757928848267e-9 
 01/08  18:00:00,44644866.97931848,32734800.0,1166658.5948564792,10743408.384461995,9404272.11360785,0.0,23734800.0,2069270.9216443812,2069270.9216443812,12337205.01988037,-7.2177499532699585e-9 
 01/08  19:00:00,32998919.621062882,21600000.0,1136544.5956399357,10262375.025422946,8965909.065630268,0.0,16200000.0,5468781.046441149,5468781.046441149,0.0,-3.725290298461914e-9 
 01/08  20:00:00,21983674.822557967,10800000.0,1136544.5956399357,10047130.226918029,8844799.818868475,0.0,5400000.0,5237565.7487277575,5237565.7487277575,0.0,-1.862645149230957e-9 
 01/08  21:00:00,6896544.595639936,5760000.0,1136544.5956399357,0.0,0.0,0.0,5400000.0,0.0,0.0,0.0,-1.5133991837501526e-9 
 01/08  22:00:00,2846544.5956399357,1710000.0,1136544.5956399357,0.0,0.0,0.0,1350000.0,0.0,0.0,0.0,-5.238689482212067e-9 
 01/08  23:00:00,2846544.5956399357,1710000.0,1136544.5956399357,0.0,0.0,0.0,1350000.0,0.0,0.0,0.0,1.1641532182693481e-10 
 01/08  24:00:00,2846544.5956399357,1710000.0,1136544.5956399357,0.0,0.0,0.0,1350000.0,0.0,0.0,0.0,-2.7939677238464355e-9 
 01/09  01:00:00,2846544.5956399357,1710000.0,1136544.5956399357,0.0,0.0,0.0,1350000.0,0.0,0.0,0.0,-2.9103830456733704e-9 
 01/09  02:00:00,2846544.5956399357,1710000.0,1136544.5956399357,0.0,0.0,0.0,1350000.0,0.0,0.0,0.0,-5.005858838558197e-9 
 01/09  03:00:00,2846544.5956399357,1710000.0,1136544.5956399357,0.0,0.0,0.0,1350000.0,0.0,0.0,0.0,1.6298145055770874e-9 
 01/09  04:00:00,2846544.5956399357,1710000.0,1136544.5956399357,0.0,0.0,0.0,1350000.0,0.0,0.0,0.0,-5.820766091346741e-11 
 01/09  05:00:00,2846544.5956399357,1710000.0,1136544.5956399357,0.0,0.0,0.0,1350000.0,0.0,0.0,0.0,-2.270098775625229e-9 
 01/09  06:00:00,2846544.5956399357,1710000.0,1136544.5956399357,0.0,0.0,0.0,1350000.0,0.0,0.0,0.0,-3.434251993894577e-9 
 01/09  07:00:00,12685110.829907848,1710000.0,1136544.5956399357,9838566.234267911,8740994.044731716,0.0,1350000.0,5053603.666749844,5053603.666749844,225175.47281649552,4.656612873077393e-10 
 01/09  08:00:00,13476937.079807008,1686240.0,1136544.5956399357,10654152.484167071,9479125.790767288,0.0,1326240.0,5035701.707210416,5035701.707210416,4194055.271256754,0.0 
 01/09  09:00:00,37058822.03604012,24504840.0,1136544.5956399357,11417437.44040018,10145791.047146171,0.0,17304840.0,5059037.499170472,5059037.499170472,16890082.178549103,-1.7462298274040222e-9 
 01/09  10:00:00,43852264.969693944,30577680.0,1164079.1615888965,12110505.808105046,10762104.320548791,0.0,14377680.0,3222676.78988975,3222676.78988975,24058356.311236836,1.5133991837501526e-9 
 01/09  11:00:00,40329293.51547144,26827200.0,1188200.6834611911,12313892.832010252,10948134.175632013,0.0,10627200.0,1523796.1894252095,1523796.1894252095,24580448.42666611,-2.7939677238464355e-9 
 01/09  12:00:00,39774310.33070097,26295840.0,1189006.6238371308,12289463.70686384,10924926.557322219,0.0,10095840.0,1118625.6605257136,1118625.6605257136,23941061.812293768,-4.423782229423523e-9 
 01/09  13:00:00,37907574.179397404,24701760.0,1171677.5492073337,12034136.630190067,10664579.662290215,0.0,8501760.0,2107563.193841944,2107563.193841944,22087889.872139994,-1.6298145055770874e-9 
 01/09  14:00:00,38752106.8960836,25764480.0,1204105.6724405559,11783521.223643037,10446971.981293367,0.0,9564480.0,147713.97650006792,147713.97650006792,20181868.749112207,-2.7939677238464355e-9 
 01/09  15:00:00,38035823.33056803,25027200.0,1229929.963334518,11778693.367233515,10470583.34401799,0.0,10627200.0,0.0,0.0,19547763.398239236,-4.190951585769653e-9 
 01/09  16:00:00,35797845.231582716,23227200.0,1192873.096152522,11377772.135430198,10023231.879819503,0.0,10627200.0,427844.2961283645,427844.2961283645,18205926.645996757,-3.259629011154175e-9 
 01/09  17:00:00,38185356.60069925,25851600.0,1136726.9149860828,11197029.685713168,9800923.291519422,0.0,16851600.0,5755652.257506475,5755652.257506475,8935725.550656617,-3.026798367500305e-9 
 01/09  18:00:00,48213079.5087424,36000000.0,1140007.9346541252,11073071.57408827,9672973.979394305,0.0,27000000.0,4875359.754896402,4875359.754896402,2482747.5061375457,-4.423782229423523e-9 
 01/09  19:00:00,33628570.916460335,21600000.0,1136544.5956399357,10892026.320820399,9519711.948616343,0.0,16200000.0,5239390.794855492,5239390.794855492,0.0,-6.752088665962219e-9 
 01/09  20:00:00,22345917.48072758,10800000.0,1136544.5956399357,10409372.88508764,9161561.85079503,0.0,5400000.0,5150714.293092988,5150714.293092988,0.0,-5.820766091346741e-10 
 01/09  21:00:00,6896544.595639936,5760000.0,1136544.5956399357,0.0,0.0,0.0,5400000.0,0.0,0.0,0.0,-2.561137080192566e-9 
 01/09  22:00:00,2846544.5956399357,1710000.0,1136544.5956399357,0.0,0.0,0.0,1350000.0,0.0,0.0,0.0,-4.423782229423523e-9 
 01/09  23:00:00,2846544.5956399357,1710000.0,1136544.5956399357,0.0,0.0,0.0,1350000.0,0.0,0.0,0.0,3.4924596548080444e-10 
 01/09  24:00:00,2846544.5956399357,1710000.0,1136544.5956399357,0.0,0.0,0.0,1350000.0,0.0,0.0,0.0,6.402842700481415e-10 
 01/10  01:00:00,2846544.5956399357,1710000.0,1136544.5956399357,0.0,0.0,0.0,1350000.0,0.0,0.0,0.0,1.6880221664905548e-9 
 01/10  02:00:00,2846544.5956399357,1710000.0,1136544.5956399357,0.0,0.0,0.0,1350000.0,0.0,0.0,0.0,-5.820766091346741e-11 
 01/10  03:00:00,2846544.5956399357,1710000.0,1136544.5956399357,0.0,0.0,0.0,1350000.0,0.0,0.0,0.0,-4.0745362639427185e-9 
 01/10  04:00:00,2846544.5956399357,1710000.0,1136544.5956399357,0.0,0.0,0.0,1350000.0,0.0,0.0,0.0,-5.820766091346741e-11 
 01/10  05:00:00,2846544.5956399357,1710000.0,1136544.5956399357,0.0,0.0,0.0,1350000.0,0.0,0.0,0.0,-3.6088749766349792e-9 
 01/10  06:00:00,2846544.5956399357,1710000.0,1136544.5956399357,0.0,0.0,0.0,1350000.0,0.0,0.0,0.0,4.94765117764473e-10 
 01/10  07:00:00,11823956.177302912,1710000.0,1136544.5956399357,8977411.581662977,7989057.889190557,0.0,1350000.0,2878382.6567027173,2878382.6567027173,189658.9958724623,-2.3283064365386963e-10 
 01/10  08:00:00,12654386.6203138,1686240.0,1136544.5956399357,9831602.024673866,8746359.264486928,0.0,1326240.0,3496016.869098499,3496016.869098499,4152875.718601281,4.656612873077393e-10 
 01/10  09:00:00,36542967.99867919,24504840.0,1136544.595639936,10901583.40303925,9687289.025218762,0.0,17304840.0,7227298.584672593,7227298.584672593,17205092.269238487,-2.3283064365386963e-9 
 01/10  10:00:00,42953642.628689975,30126240.0,1162007.5390125602,11665395.089677412,10369004.576824564,0.0,13926240.0,3989602.1407904765,3989602.1407904765,23735564.722321276,-3.725290298461914e-9 
 01/10  11:00:00,40928546.179348774,27716400.0,1192708.8265196504,12019437.352829132,10690736.057282327,0.0,11516400.0,1462260.6702862429,1462260.6702862429,25348968.581417993,-3.259629011154175e-9 
 01/10  12:00:00,39326769.230918206,26295840.0,1192032.99594022,11838896.23497799,10529283.42780324,0.0,10095840.0,985156.0015844228,985156.0015844228,23375959.09746603,-3.725290298461914e-9 
 01/10  13:00:00,37524651.433071844,24701760.0,1170711.3723528374,11652180.060719006,10350267.313465137,0.0,8501760.0,2316154.614553081,2316154.614553081,20748338.951973215,-1.862645149230957e-9 
 01/10  14:00:00,38442788.902871564,25764480.0,1216064.4832526813,11462244.419618886,10198375.670340005,0.0,9564480.0,133192.49757623323,133192.49757623323,19811320.592264593,-6.752088665962219e-9 
 01/10  15:00:00,37491784.072839186,25027200.0,1227736.102721061,11236847.970118124,10010406.113484755,0.0,10627200.0,0.0,0.0,16627738.797647882,-3.4924596548080444e-9 
 01/10  16:00:00,35010534.648038276,23227200.0,1202004.620932405,10581330.02710587,9352327.293229448,0.0,10627200.0,214606.23038651756,214606.23038651756,18775885.632312324,-5.3551048040390015e-9 
 01/10  17:00:00,37971207.92114717,26802000.0,1136976.398929929,10032231.52221723,8793643.558634683,0.0,17802000.0,5946995.192040419,5946995.192040419,7388264.259241555,-4.190951585769653e-9 
 01/10  18:00:00,45242849.09618452,34574400.0,1149106.448900795,9519342.647283731,8325549.570177067,0.0,25574400.0,3842413.364316082,3842413.364316082,6513076.204261258,-3.4924596548080444e-9 
 01/10  19:00:00,32035088.248679116,21600000.0,1136544.5956399357,9298543.653039182,8126662.917493684,0.0,16200000.0,5396645.551489406,5396645.551489406,0.0,-1.6298145055770874e-9 
 01/10  20:00:00,20960247.1022017,10800000.0,1136544.5956399357,9023702.506561764,7944099.664559076,0.0,5400000.0,5215225.902399372,5215225.902399372,0.0,-2.9103830456733704e-9 
 01/10  21:00:00,6896544.595639936,5760000.0,1136544.5956399357,0.0,0.0,0.0,5400000.0,0.0,0.0,0.0,-2.444721758365631e-9 
 01/10  22:00:00,2846544.5956399357,1710000.0,1136544.5956399357,0.0,0.0,0.0,1350000.0,0.0,0.0,0.0,-3.026798367500305e-9 
 01/10  23:00:00,2846544.5956399357,1710000.0,1136544.5956399357,0.0,0.0,0.0,1350000.0,0.0,0.0,0.0,-1.862645149230957e-9 
 01/10  24:00:00,2846544.5956399357,1710000.0,1136544.5956399357,0.0,0.0,0.0,1350000.0,0.0,0.0,0.0,-6.402842700481415e-10 
 01/11  01:00:00,2846544.5956399357,1710000.0,1136544.5956399357,0.0,0.0,0.0,1350000.0,0.0,0.0,0.0,-2.2118911147117615e-9 
 01/11  02:00:00,2846544.5956399357,1710000.0,1136544.5956399357,0.0,0.0,0.0,1350000.0,0.0,0.0,0.0,-2.3283064365386963e-10 
 01/11  03:00:00,2846544.5956399357,1710000.0,1136544.5956399357,0.0,0.0,0.0,1350000.0,0.0,0.0,0.0,1.979060471057892e-9 
 01/11  04:00:00,2846544.5956399357,1710000.0,1136544.5956399357,0.0,0.0,0.0,1350000.0,0.0,0.0,0.0,1.5133991837501526e-9 
 01/11  05:00:00,2846544.5956399357,1710000.0,1136544.5956399357,0.0,0.0,0.0,1350000.0,0.0,0.0,0.0,-2.7939677238464355e-9 
 01/11  06:00:00,2846544.5956399357,1710000.0,1136544.5956399357,0.0,0.0,0.0,1350000.0,0.0,0.0,0.0,-1.6298145055770874e-9 
 01/11  07:00:00,11446044.656126728,1710000.0,1136544.5956399357,8599500.060486792,7651718.930955987,0.0,1350000.0,3127672.716940238,3127672.716940238,0.0,2.764863893389702e-10 
 01/11  08:00:00,12607562.79128989,1686240.0,1136544.5956399357,9784778.195649954,8698905.05848347,0.0,1326240.0,2722698.7140552453,2722698.7140552453,3050045.960442612,8.585629984736443e-10 
 01/11  09:00:00,37628318.490819745,25305120.0,1136544.5956399357,11186653.895179816,9929892.451647274,0.0,18105120.0,8097517.679008371,8097517.679008371,14597434.559014164,-1.5133991837501526e-9 
 01/11  10:00:00,44776798.71012774,31422420.0,1141878.8337558392,12212499.876371896,10840919.761315212,0.0,15222420.0,5638941.821028541,5638941.821028541,17961359.345766433,1.1641532182693481e-10 
 01/11  11:00:00,42254755.93211725,28605600.0,1179640.8647681559,12469515.067349099,11086031.148752028,0.0,12405600.0,2332309.099193856,2332309.099193856,25380618.789530195,-7.450580596923828e-9 
 01/11  12:00:00,39496574.11707452,26295840.0,1184673.9960183417,12016060.121056175,10686966.273096632,0.0,10095840.0,1571678.499086899,1571678.499086899,23588475.416119035,-4.6566128730773926e-9 
 01/11  13:00:00,37114576.297133386,24701760.0,1166335.7418611934,11246480.55527219,9992971.049934639,0.0,8501760.0,2741470.3905160865,2741470.3905160865,20680195.601554602,-5.587935447692871e-9 
 01/11  14:00:00,37503084.08446947,25764480.0,1190392.8278618346,10548211.256607639,9359307.960374555,0.0,9564480.0,624335.9196399036,624335.9196399036,18717647.2931612,-6.05359673500061e-9 
 01/11  15:00:00,36735934.34199725,25027200.0,1219972.0623817877,10488762.279615464,9326246.87741759,0.0,10627200.0,0.0,0.0,18465038.42839476,-4.190951585769653e-9 
 01/11  16:00:00,35444940.62456193,24116400.0,1171991.1357000654,10156549.488861864,8943720.352830052,0.0,11516400.0,1721595.1401318528,1721595.1401318528,14395767.739851685,-5.3551048040390015e-9 
 01/11  17:00:00,35456625.063405775,24073200.0,1136925.203776583,10246499.85962919,8976296.204876712,0.0,15073200.0,5864315.729875437,5864315.729875437,11704625.220497712,-3.958120942115784e-9 
 01/11  18:00:00,46960175.98545487,35524800.0,1138410.227764369,10296965.757690506,9003730.08631103,0.0,26524800.0,5140673.022237857,5140673.022237857,1456260.0548072604,-3.026798367500305e-9 
 01/11  19:00:00,32752151.149145473,21600000.0,1136544.5956399357,10015606.553505536,8759651.376608431,0.0,16200000.0,5243485.521322672,5243485.521322672,0.0,9.313225746154785e-10 
 01/11  20:00:00,21238824.6138799,10800000.0,1136544.5956399357,9302280.018239964,8191400.305794562,0.0,5400000.0,5154046.564970849,5154046.564970849,0.0,-8.149072527885437e-10 
 01/11  21:00:00,6896544.595639936,5760000.0,1136544.5956399357,0.0,0.0,0.0,5400000.0,0.0,0.0,0.0,-3.6088749766349792e-9 
 01/11  22:00:00,2846544.5956399357,1710000.0,1136544.5956399357,0.0,0.0,0.0,1350000.0,0.0,0.0,0.0,-1.6298145055770874e-9 
 01/11  23:00:00,2846544.5956399357,1710000.0,1136544.5956399357,0.0,0.0,0.0,1350000.0,0.0,0.0,0.0,3.4924596548080444e-10 
 01/11  24:00:00,2846544.5956399357,1710000.0,1136544.5956399357,0.0,0.0,0.0,1350000.0,0.0,0.0,0.0,9.313225746154785e-10 
 01/12  01:00:00,6086544.595639936,4950000.0,1136544.5956399357,0.0,0.0,0.0,1350000.0,0.0,0.0,0.0,3.6670826375484467e-9 
 01/12  02:00:00,6086544.595639936,4950000.0,1136544.5956399357,0.0,0.0,0.0,1350000.0,0.0,0.0,0.0,-3.4924596548080444e-9 
 01/12  03:00:00,6086544.595639936,4950000.0,1136544.5956399357,0.0,0.0,0.0,1350000.0,0.0,0.0,0.0,-1.1641532182693481e-10 
 01/12  04:00:00,6086544.595639936,4950000.0,1136544.5956399357,0.0,0.0,0.0,1350000.0,0.0,0.0,0.0,-1.6880221664905548e-9 
 01/12  05:00:00,6086544.595639936,4950000.0,1136544.5956399357,0.0,0.0,0.0,1350000.0,0.0,0.0,0.0,-8.731149137020111e-10 
 01/12  06:00:00,6086544.595639936,4950000.0,1136544.5956399357,0.0,0.0,0.0,1350000.0,0.0,0.0,0.0,-1.1059455573558807e-9 
 01/12  07:00:00,6086544.595639936,4950000.0,1136544.5956399357,0.0,0.0,0.0,1350000.0,0.0,0.0,95403.26265463323,5.820766091346741e-11 
 01/12  08:00:00,6062784.595639936,4926240.0,1136544.5956399357,0.0,0.0,0.0,1326240.0,0.0,0.0,4024727.529763304,-3.2014213502407074e-9 
 01/12  09:00:00,5789904.595639936,4653360.0,1136544.595639936,0.0,0.0,0.0,1053360.0,0.0,0.0,20559875.093691826,2.153683453798294e-9 
 01/12  10:00:00,5881884.595639936,4745340.0,1136544.5956399357,0.0,0.0,0.0,1145340.0,0.0,0.0,33295157.265338767,-1.6298145055770874e-9 
 01/12  11:00:00,5586643.672544461,4448700.0,1137943.6725444603,0.0,0.0,0.0,848700.0,0.0,0.0,27590750.0938511,3.14321368932724e-9 
 01/12  12:00:00,5451841.039337419,4312260.0,1139581.0393374183,0.0,0.0,0.0,712260.0,0.0,0.0,22983909.778110206,-7.450580596923828e-9 
 01/12  13:00:00,5267904.595639936,4131360.0,1136544.5956399357,0.0,0.0,0.0,531360.0,0.0,0.0,19141479.64177629,1.1641532182693481e-10 
 01/12  14:00:00,5267904.595639936,4131360.0,1136544.5956399357,0.0,0.0,0.0,531360.0,0.0,0.0,20380001.261479788,-5.3551048040390015e-9 
 01/12  15:00:00,5267904.595639936,4131360.0,1136544.5956399357,0.0,0.0,0.0,531360.0,0.0,0.0,19232056.611482494,-7.2177499532699585e-9 
 01/12  16:00:00,5267904.595639936,4131360.0,1136544.5956399357,0.0,0.0,0.0,531360.0,0.0,0.0,20549757.863728005,-4.423782229423523e-9 
 01/12  17:00:00,5401284.595639936,4264740.0,1136544.5956399357,0.0,0.0,0.0,664740.0,0.0,0.0,14278712.120403823,-2.561137080192566e-9 
 01/12  18:00:00,5810604.595639936,4674060.0,1136544.5956399357,0.0,0.0,0.0,1074060.0,0.0,0.0,14846739.341517791,-3.14321368932724e-9 
 01/12  19:00:00,6086544.595639936,4950000.0,1136544.5956399357,0.0,0.0,0.0,1350000.0,0.0,0.0,0.0,-3.026798367500305e-9 
 01/12  20:00:00,6086544.595639936,4950000.0,1136544.5956399357,0.0,0.0,0.0,1350000.0,0.0,0.0,0.0,1.3969838619232178e-9 
 01/12  21:00:00,6086544.595639936,4950000.0,1136544.5956399357,0.0,0.0,0.0,1350000.0,0.0,0.0,0.0,-1.5133991837501526e-9 
 01/12  22:00:00,6086544.595639936,4950000.0,1136544.5956399357,0.0,0.0,0.0,1350000.0,0.0,0.0,0.0,-4.656612873077393e-10 
 01/12  23:00:00,6086544.595639936,4950000.0,1136544.5956399357,0.0,0.0,0.0,1350000.0,0.0,0.0,0.0,1.3969838619232178e-9 
 01/12  24:00:00,6086544.595639936,4950000.0,1136544.5956399357,0.0,0.0,0.0,1350000.0,0.0,0.0,0.0,-1.979060471057892e-9 
 01/13  01:00:00,6086544.595639936,4950000.0,1136544.5956399357,0.0,0.0,0.0,1350000.0,0.0,0.0,0.0,-1.9208528101444244e-9 
 01/13  02:00:00,6086544.595639936,4950000.0,1136544.5956399357,0.0,0.0,0.0,1350000.0,0.0,0.0,0.0,2.153683453798294e-9 
 01/13  03:00:00,6086544.595639936,4950000.0,1136544.5956399357,0.0,0.0,0.0,1350000.0,0.0,0.0,0.0,-1.7462298274040222e-9 
 01/13  04:00:00,6086544.595639936,4950000.0,1136544.5956399357,0.0,0.0,0.0,1350000.0,0.0,0.0,0.0,3.7834979593753815e-9 
 01/13  05:00:00,6086544.595639936,4950000.0,1136544.5956399357,0.0,0.0,0.0,1350000.0,0.0,0.0,0.0,6.402842700481415e-10 
 01/13  06:00:00,6086544.595639936,4950000.0,1136544.5956399357,0.0,0.0,0.0,1350000.0,0.0,0.0,0.0,9.313225746154785e-10 
 01/13  07:00:00,6086544.595639936,4950000.0,1136544.5956399357,0.0,0.0,0.0,1350000.0,0.0,0.0,254272.21250563342,6.402842700481415e-10 
 01/13  08:00:00,6062784.595639936,4926240.0,1136544.5956399357,0.0,0.0,0.0,1326240.0,0.0,0.0,5313644.714033738,-1.6880221664905548e-9 
 01/13  09:00:00,5766144.595639936,4629600.0,1136544.595639936,0.0,0.0,0.0,1029600.0,0.0,0.0,20710944.951847546,5.820766091346741e-10 
 01/13  10:00:00,5540784.595639936,4404240.0,1136544.5956399357,0.0,0.0,0.0,804240.0,0.0,0.0,25679073.358189367,-2.561137080192566e-9 
 01/13  11:00:00,5540784.595639936,4404240.0,1136544.5956399357,0.0,0.0,0.0,804240.0,0.0,0.0,26838165.295377824,4.0745362639427185e-10 
 01/13  12:00:00,5448804.595639936,4312260.0,1136544.5956399357,0.0,0.0,0.0,712260.0,0.0,0.0,23671330.99180667,-2.3283064365386963e-9 
 01/13  13:00:00,5267904.595639936,4131360.0,1136544.5956399357,0.0,0.0,0.0,531360.0,0.0,0.0,20121316.1716384,-3.841705620288849e-9 
 01/13  14:00:00,5267904.595639936,4131360.0,1136544.5956399357,0.0,0.0,0.0,531360.0,0.0,0.0,17764638.98478645,-4.889443516731262e-9 
 01/13  15:00:00,5267904.595639936,4131360.0,1136544.5956399357,0.0,0.0,0.0,531360.0,0.0,0.0,16419514.213570874,-6.28642737865448e-9 
 01/13  16:00:00,5312364.595639936,4175820.0,1136544.5956399357,0.0,0.0,0.0,575820.0,0.0,0.0,14698208.405434657,-3.4924596548080444e-9 
 01/13  17:00:00,5534664.595639936,4398120.0,1136544.5956399357,0.0,0.0,0.0,798120.0,0.0,0.0,9631007.06619312,-2.561137080192566e-9 
 01/13  18:00:00,6062784.595639936,4926240.0,1136544.5956399357,0.0,0.0,0.0,1326240.0,0.0,0.0,1391448.9105920428,-1.1641532182693481e-9 
 01/13  19:00:00,6086544.595639936,4950000.0,1136544.5956399357,0.0,0.0,0.0,1350000.0,0.0,0.0,0.0,-6.51925802230835e-9 
 01/13  20:00:00,6086544.595639936,4950000.0,1136544.5956399357,0.0,0.0,0.0,1350000.0,0.0,0.0,0.0,9.313225746154785e-10 
 01/13  21:00:00,6086544.595639936,4950000.0,1136544.5956399357,0.0,0.0,0.0,1350000.0,0.0,0.0,0.0,-2.2118911147117615e-9 
 01/13  22:00:00,6086544.595639936,4950000.0,1136544.5956399357,0.0,0.0,0.0,1350000.0,0.0,0.0,0.0,-4.656612873077393e-10 
 01/13  23:00:00,6086544.595639936,4950000.0,1136544.5956399357,0.0,0.0,0.0,1350000.0,0.0,0.0,0.0,-2.2118911147117615e-9 
 01/13  24:00:00,6086544.595639936,4950000.0,1136544.5956399357,0.0,0.0,0.0,1350000.0,0.0,0.0,0.0,-4.0745362639427185e-9 
 01/14  01:00:00,2846544.5956399357,1710000.0,1136544.5956399357,0.0,0.0,0.0,1350000.0,0.0,0.0,0.0,8.149072527885437e-10 
 01/14  02:00:00,2846544.5956399357,1710000.0,1136544.5956399357,0.0,0.0,0.0,1350000.0,0.0,0.0,0.0,5.820766091346741e-10 
 01/14  03:00:00,2846544.5956399357,1710000.0,1136544.5956399357,0.0,0.0,0.0,1350000.0,0.0,0.0,0.0,-1.57160684466362e-9 
 01/14  04:00:00,2846544.5956399357,1710000.0,1136544.5956399357,0.0,0.0,0.0,1350000.0,0.0,0.0,0.0,2.066371962428093e-9 
 01/14  05:00:00,2846544.5956399357,1710000.0,1136544.5956399357,0.0,0.0,0.0,1350000.0,0.0,0.0,0.0,1.1641532182693481e-9 
 01/14  06:00:00,2846544.5956399357,1710000.0,1136544.5956399357,0.0,0.0,0.0,1350000.0,0.0,0.0,0.0,-3.637978807091713e-9 
 01/14  07:00:00,9223985.851805674,1710000.0,1136544.5956399357,6377441.256165737,5681552.062543945,0.0,1350000.0,7777102.812414411,7777102.812414411,0.0,-2.9103830456733704e-10 
 01/14  08:00:00,10353127.258601194,1710000.0,1136544.5956399357,7506582.662961258,6702851.542863928,0.0,1350000.0,8094214.332345733,8094214.332345733,2750606.827071711,1.928128767758608e-9 
 01/14  09:00:00,36011197.054681204,25732800.0,1136544.5956399357,9141852.459041268,8137247.761042777,0.0,18532800.0,5811847.207319375,5811847.207319375,16192655.035617698,1.0477378964424133e-9 
 01/14  10:00:00,46684931.35618798,34859520.0,1164717.0120809912,10660694.344106989,9485785.299983049,0.0,18659520.0,3618906.235131244,3618906.235131244,26872438.24073517,-4.0745362639427185e-9 
 01/14  11:00:00,48440244.24616501,35841600.0,1205676.023608761,11392968.22255625,10151999.21118261,0.0,19641600.0,864043.5000141929,864043.5000141929,27288290.274998114,-4.190951585769653e-9 
 01/14  12:00:00,43693895.20980179,31422420.0,1213786.7528004674,11057688.457001325,9874371.444430344,0.0,15222420.0,79453.51813411582,79453.51813411582,24135005.347173482,-3.725290298461914e-9 
 01/14  13:00:00,35713962.74145281,24701760.0,1194481.799576899,9817720.941875918,8768317.730535716,0.0,8501760.0,310102.00958120567,310102.00958120567,22226517.605215654,-3.4924596548080444e-9 
 01/14  14:00:00,36576758.50012386,25764480.0,1275324.1636725708,9536954.336451288,8609995.442906234,0.0,9564480.0,0.0,0.0,18778558.853224292,-8.149072527885437e-9 
 01/14  15:00:00,35660230.95570479,25027200.0,1313806.0756963082,9319224.880008485,8452962.79212765,0.0,10627200.0,0.0,0.0,18861978.637259133,-3.259629011154175e-9 
 01/14  16:00:00,33059332.530508123,23227200.0,1246608.2503890814,8585524.28011904,7702441.685200566,0.0,10627200.0,0.0,0.0,16792567.97655145,-5.122274160385132e-9 
 01/14  17:00:00,33453926.01642815,24073200.0,1157696.4969401176,8223029.519488032,7225549.736883784,0.0,15073200.0,2952983.6423728373,2952983.6423728373,11575357.524749542,-5.3551048040390015e-9 
 01/14  18:00:00,45196735.593610644,35524800.0,1149324.969642378,8522610.623968262,7440768.747947501,0.0,26524800.0,3862812.427687522,3862812.427687522,1890233.1152723173,-7.450580596923828e-9 
 01/14  19:00:00,31233514.67118526,21600000.0,1136544.5956399357,8496970.075545318,7403661.9283865485,0.0,16200000.0,5529825.473841177,5529825.473841177,0.0,-3.725290298461914e-9 
 01/14  20:00:00,19840751.95528029,10800000.0,1136544.5956399357,7904207.359640349,6934003.140058386,0.0,5400000.0,5266098.7261759415,5266098.7261759415,0.0,-4.656612873077393e-10 
 01/14  21:00:00,6896544.595639936,5760000.0,1136544.5956399357,0.0,0.0,0.0,5400000.0,0.0,0.0,0.0,-2.9103830456733704e-9 
 01/14  22:00:00,2846544.5956399357,1710000.0,1136544.5956399357,0.0,0.0,0.0,1350000.0,0.0,0.0,0.0,-1.979060471057892e-9 
 01/14  23:00:00,2846544.5956399357,1710000.0,1136544.5956399357,0.0,0.0,0.0,1350000.0,0.0,0.0,0.0,1.7462298274040222e-9 
 01/14  24:00:00,2846544.5956399357,1710000.0,1136544.5956399357,0.0,0.0,0.0,1350000.0,0.0,0.0,0.0,8.149072527885437e-10 
 01/15  01:00:00,2846544.5956399357,1710000.0,1136544.5956399357,0.0,0.0,0.0,1350000.0,0.0,0.0,0.0,-2.9103830456733704e-10 
 01/15  02:00:00,2846544.5956399357,1710000.0,1136544.5956399357,0.0,0.0,0.0,1350000.0,0.0,0.0,0.0,-3.026798367500305e-9 
 01/15  03:00:00,2846544.5956399357,1710000.0,1136544.5956399357,0.0,0.0,0.0,1350000.0,0.0,0.0,0.0,1.862645149230957e-9 
 01/15  04:00:00,2846544.5956399357,1710000.0,1136544.5956399357,0.0,0.0,0.0,1350000.0,0.0,0.0,0.0,-3.3760443329811096e-9 
 01/15  05:00:00,2846544.5956399357,1710000.0,1136544.5956399357,0.0,0.0,0.0,1350000.0,0.0,0.0,0.0,-6.984919309616089e-10 
 01/15  06:00:00,2846544.5956399357,1710000.0,1136544.5956399357,0.0,0.0,0.0,1350000.0,0.0,0.0,0.0,-2.6193447411060333e-10 
 01/15  07:00:00,9000486.989666518,1710000.0,1136544.5956399357,6153942.394026581,5497888.019108948,0.0,1350000.0,7809247.913017202,7809247.913017202,0.0,3.7034624256193638e-9 
 01/15  08:00:00,10024906.716467602,1686240.0,1136544.5956399357,7202122.1208276665,6430656.4245895,0.0,1326240.0,7807767.242752504,7807767.242752504,3927610.528790866,-5.456968210637569e-10 
 01/15  09:00:00,35620953.6573426,25732800.0,1136544.595639936,8751609.061702663,7791863.09467453,0.0,18532800.0,5933593.007988801,5933593.007988801,20012764.233805493,-1.57160684466362e-9 
 01/15  10:00:00,43547868.33085543,32325300.0,1175480.4416415186,10047087.88921391,8945342.012066491,0.0,16125300.0,3022283.722535737,3022283.722535737,26564088.069623217,-3.259629011154175e-9 
 01/15  11:00:00,41732321.221709415,29556000.0,1205641.7035172293,10970679.518192183,9772933.551190807,0.0,13356000.0,876615.6688947713,876615.6688947713,26601728.25918782,-2.0954757928848267e-9 
 01/15  12:00:00,38564662.78013902,26295840.0,1199116.0709635918,11069706.70917543,9862578.028577277,0.0,10095840.0,586690.7821475992,586690.7821475992,23553106.93615015,-6.28642737865448e-9 
 01/15  13:00:00,36415691.44352866,24701760.0,1175852.342073813,10538079.101454848,9383089.07855465,0.0,8501760.0,1743868.1297703455,1743868.1297703455,20287734.338741563,-4.656612873077393e-10 
 01/15  14:00:00,37044767.68139629,25764480.0,1234820.9542260068,10045466.727170292,8985984.249038829,0.0,9564480.0,0.0,0.0,20337805.19289223,4.656612873077393e-10 
 01/15  15:00:00,36274935.53686126,25027200.0,1292478.0517022717,9955257.48515899,8971233.280687034,0.0,10627200.0,0.0,0.0,21133178.394428376,-5.820766091346741e-9 
 01/15  16:00:00,33306636.918633107,23227200.0,1240589.229021718,8838847.689611388,7895291.1962042395,0.0,10627200.0,0.0,0.0,18903307.49480193,-4.889443516731262e-9 
 01/15  17:00:00,35807861.74454178,26740800.0,1151891.4588240474,7915170.285717736,6934847.1136845285,0.0,17740800.0,3779569.770007742,3779569.770007742,9098359.099682026,-4.6566128730773926e-9 
 01/15  18:00:00,44897592.39597599,36000000.0,1146450.2702761833,7751142.125699809,6749352.808488479,0.0,27000000.0,4255994.8640713915,4255994.8640713915,1899455.137897658,-1.6298145055770874e-9 
 01/15  19:00:00,30552177.534427732,21600000.0,1136544.5956399357,7815632.9387877965,6804320.511648949,0.0,16200000.0,5489714.319162045,5489714.319162045,0.0,-2.3283064365386963e-10 
 01/15  20:00:00,19768181.923628055,10800000.0,1136544.5956399357,7831637.327988117,6873360.729456821,0.0,5400000.0,5250311.499711356,5250311.499711356,0.0,-3.3760443329811096e-9 
 01/15  21:00:00,6896544.595639936,5760000.0,1136544.5956399357,0.0,0.0,0.0,5400000.0,0.0,0.0,0.0,1.1641532182693481e-10 
 01/15  22:00:00,2846544.5956399357,1710000.0,1136544.5956399357,0.0,0.0,0.0,1350000.0,0.0,0.0,0.0,1.280568540096283e-9 
 01/15  23:00:00,2846544.5956399357,1710000.0,1136544.5956399357,0.0,0.0,0.0,1350000.0,0.0,0.0,0.0,-4.307366907596588e-9 
 01/15  24:00:00,2846544.5956399357,1710000.0,1136544.5956399357,0.0,0.0,0.0,1350000.0,0.0,0.0,0.0,-4.94765117764473e-9 
 01/16  01:00:00,2846544.5956399357,1710000.0,1136544.5956399357,0.0,0.0,0.0,1350000.0,0.0,0.0,0.0,1.8044374883174896e-9 
 01/16  02:00:00,2846544.5956399357,1710000.0,1136544.5956399357,0.0,0.0,0.0,1350000.0,0.0,0.0,0.0,3.6670826375484467e-9 
 01/16  03:00:00,2846544.5956399357,1710000.0,1136544.5956399357,0.0,0.0,0.0,1350000.0,0.0,0.0,0.0,-1.2223608791828156e-9 
 01/16  04:00:00,2846544.5956399357,1710000.0,1136544.5956399357,0.0,0.0,0.0,1350000.0,0.0,0.0,0.0,-5.820766091346741e-11 
 01/16  05:00:00,2846544.5956399357,1710000.0,1136544.5956399357,0.0,0.0,0.0,1350000.0,0.0,0.0,0.0,-8.731149137020111e-10 
 01/16  06:00:00,2846544.5956399357,1710000.0,1136544.5956399357,0.0,0.0,0.0,1350000.0,0.0,0.0,0.0,2.9103830456733704e-11 
 01/16  07:00:00,9389075.818565283,1710000.0,1136544.5956399357,6542531.222925345,5840414.208145769,0.0,1350000.0,6652378.872810467,6652378.872810467,40244.89095488642,-3.2159732654690742e-9 
 01/16  08:00:00,10591470.703047914,1686240.0,1136544.5956399357,7768686.107407979,6927558.467695648,0.0,1326240.0,7137736.687354386,7137736.687354386,3678406.2479988607,2.371962182223797e-9 
 01/16  09:00:00,35383149.20893671,24504840.0,1136544.5956399357,9741764.613296775,8659759.797961472,0.0,17304840.0,5885953.12390822,5885953.12390822,17392704.86888947,-1.7462298274040222e-10 
 01/16  10:00:00,43926653.93042181,31480560.0,1159450.427703606,11286643.502718199,10027767.42075886,0.0,15280560.0,3954086.9801038415,3954086.9801038415,24476550.62986683,-1.7462298274040222e-9 
 01/16  11:00:00,45187289.21652409,31809600.0,1196941.2123401882,12180748.004183905,10832042.250094794,0.0,15609600.0,1345777.4291039607,1345777.4291039607,26698472.60450019,-4.423782229423523e-9 
 01/16  12:00:00,40301098.323659174,27140580.0,1196144.5562767924,11964373.767382376,10643117.844672702,0.0,10940580.0,811146.4649285533,811146.4649285533,23710426.86350415,-3.725290298461914e-9 
 01/16  13:00:00,37332763.31738208,24701760.0,1172999.2110977592,11458004.106284324,10183620.239108618,0.0,8501760.0,2036459.6029619821,2036459.6029619821,20564434.796338588,-6.752088665962219e-9 
 01/16  14:00:00,37606483.684432566,25764480.0,1212841.185839037,10629162.498593532,9463498.640597062,0.0,9564480.0,171143.04603299848,171143.04603299848,19428181.386312038,-5.3551048040390015e-9 
 01/16  15:00:00,36557051.49194281,25027200.0,1242448.636916223,10287402.855026577,9192169.179469088,0.0,10627200.0,0.0,0.0,18273663.82842108,-6.984919309616089e-10 
 01/16  16:00:00,35217545.6951652,25005600.0,1179522.93198499,9032422.763180217,7956589.17148876,0.0,12405600.0,960873.9553339438,960873.9553339438,12991120.339556469,-8.149072527885437e-9 
 01/16  17:00:00,30220425.347717147,20516400.0,1140379.3808291163,8563645.966888031,7495572.772968739,0.0,11516400.0,5362644.708732409,5362644.708732409,16808682.051079407,-5.122274160385132e-9 
 01/16  18:00:00,42855015.27483989,33685200.0,1143919.1203363044,8025896.154503583,7005862.507627597,0.0,24685200.0,4476577.927598173,4476577.927598173,5178323.85955088,-3.958120942115784e-9 
 01/16  19:00:00,30521661.806970455,21600000.0,1136544.5956399357,7785117.211330517,6786771.61234167,0.0,16200000.0,5362124.449363604,5362124.449363604,0.0,-2.561137080192566e-9 
 01/16  20:00:00,19420904.87705991,10800000.0,1136544.5956399357,7484360.281419976,6578083.761243853,0.0,5400000.0,5199950.134302699,5199950.134302699,0.0,-1.0477378964424133e-9 
 01/16  21:00:00,6896544.595639936,5760000.0,1136544.5956399357,0.0,0.0,0.0,5400000.0,0.0,0.0,0.0,-1.5133991837501526e-9 
 01/16  22:00:00,2846544.5956399357,1710000.0,1136544.5956399357,0.0,0.0,0.0,1350000.0,0.0,0.0,0.0,-1.6298145055770874e-9 
 01/16  23:00:00,2846544.5956399357,1710000.0,1136544.5956399357,0.0,0.0,0.0,1350000.0,0.0,0.0,0.0,2.3283064365386963e-10 
 01/16  24:00:00,2846544.5956399357,1710000.0,1136544.5956399357,0.0,0.0,0.0,1350000.0,0.0,0.0,0.0,-6.984919309616089e-10 
 01/17  01:00:00,2846544.5956399357,1710000.0,1136544.5956399357,0.0,0.0,0.0,1350000.0,0.0,0.0,0.0,2.7939677238464355e-9 
 01/17  02:00:00,2846544.5956399357,1710000.0,1136544.5956399357,0.0,0.0,0.0,1350000.0,0.0,0.0,0.0,-4.71482053399086e-9 
 01/17  03:00:00,2846544.5956399357,1710000.0,1136544.5956399357,0.0,0.0,0.0,1350000.0,0.0,0.0,0.0,-1.3387762010097504e-9 
 01/17  04:00:00,2846544.5956399357,1710000.0,1136544.5956399357,0.0,0.0,0.0,1350000.0,0.0,0.0,0.0,-6.402842700481415e-10 
 01/17  05:00:00,2846544.5956399357,1710000.0,1136544.5956399357,0.0,0.0,0.0,1350000.0,0.0,0.0,0.0,1.3387762010097504e-9 
 01/17  06:00:00,2846544.5956399357,1710000.0,1136544.5956399357,0.0,0.0,0.0,1350000.0,0.0,0.0,0.0,-2.1245796233415604e-9 
 01/17  07:00:00,9951451.717390442,1710000.0,1136544.5956399357,7104907.121750507,6336926.565263982,0.0,1350000.0,5406042.288429031,5406042.288429031,40244.6300484214,-1.775333657860756e-9 
 01/17  08:00:00,10792364.921295637,1686240.0,1136544.5956399357,7969580.325655702,7108226.155794539,0.0,1326240.0,6601810.795654427,6601810.795654427,3885318.898087523,-1.3096723705530167e-9 
 01/17  09:00:00,35068155.45473136,24504840.0,1136544.595639936,9426770.859091427,8387455.792780329,0.0,17304840.0,6370503.196563199,6370503.196563199,19033584.706696294,-1.9208528101444244e-9 
 01/17  10:00:00,42574029.39456399,31029120.0,1167946.6716136276,10376962.722950367,9236266.796699192,0.0,14829120.0,3528456.5455346885,3528456.5455346885,25007124.42426607,-5.820766091346741e-10 
 01/17  11:00:00,40925510.83232603,28605600.0,1198400.2354719886,11121510.596854046,9902280.5418396,0.0,12405600.0,1256338.1226668314,1256338.1226668314,26073544.318367578,-5.820766091346741e-9 
 01/17  12:00:00,38494922.97961855,26295840.0,1192450.5644930296,11006632.415125517,9793580.32299349,0.0,10095840.0,1036868.3427650682,1036868.3427650682,23669838.849694975,-6.28642737865448e-9 
 01/17  13:00:00,36600891.26148215,24701760.0,1170116.2324749576,10729015.029007189,9531542.409302974,0.0,8501760.0,2376460.6092209932,2376460.6092209932,21160209.21792777,-2.7939677238464355e-9 
 01/17  14:00:00,37414293.17761758,25764480.0,1206087.53522463,10443725.642392946,9277201.824777614,0.0,9564480.0,175568.8349284235,175568.8349284235,20636810.62318939,-4.423782229423523e-9 
 01/17  15:00:00,36926391.32964304,25027200.0,1235444.000313989,10663747.329329055,9503979.288765542,0.0,10627200.0,0.0,0.0,19431391.95932746,-4.423782229423523e-9 
 01/17  16:00:00,33979274.76785986,23227200.0,1185176.329040774,9566898.438819092,8426442.347328864,0.0,10627200.0,541567.6503919172,541567.6503919172,16444317.578124631,-2.0954757928848267e-9 
 01/17  17:00:00,30608952.755264465,20516400.0,1149563.3480704776,8942989.407193987,7837128.330358086,0.0,11516400.0,4194622.567790421,4194622.567790421,18727119.94938136,-6.05359673500061e-9 
 01/17  18:00:00,42877755.47967425,33685200.0,1149659.6323583992,8042895.847315855,7023917.830478506,0.0,24685200.0,3955395.815574744,3955395.815574744,5537731.202026858,-1.1641532182693481e-9 
 01/17  19:00:00,30173640.151855566,21600000.0,1136544.5956399357,7437095.556215629,6477398.487123907,0.0,16200000.0,5539970.319739704,5539970.319739704,0.0,-2.561137080192566e-9 
 01/17  20:00:00,18773170.75501267,10800000.0,1136544.5956399357,6836626.159372729,6003456.944219073,0.0,5400000.0,5269508.4569558725,5269508.4569558725,0.0,-4.0745362639427185e-9 
 01/17  21:00:00,6896544.595639936,5760000.0,1136544.5956399357,0.0,0.0,0.0,5400000.0,0.0,0.0,0.0,-3.4924596548080444e-10 
 01/17  22:00:00,2846544.5956399357,1710000.0,1136544.5956399357,0.0,0.0,0.0,1350000.0,0.0,0.0,0.0,-1.7462298274040222e-9 
 01/17  23:00:00,2846544.5956399357,1710000.0,1136544.5956399357,0.0,0.0,0.0,1350000.0,0.0,0.0,0.0,2.444721758365631e-9 
 01/17  24:00:00,2846544.5956399357,1710000.0,1136544.5956399357,0.0,0.0,0.0,1350000.0,0.0,0.0,0.0,-1.280568540096283e-9 
 01/18  01:00:00,2846544.5956399357,1710000.0,1136544.5956399357,0.0,0.0,0.0,1350000.0,0.0,0.0,0.0,-1.862645149230957e-9 
 01/18  02:00:00,2846544.5956399357,1710000.0,1136544.5956399357,0.0,0.0,0.0,1350000.0,0.0,0.0,0.0,-1.7462298274040222e-9 
 01/18  03:00:00,2846544.5956399357,1710000.0,1136544.5956399357,0.0,0.0,0.0,1350000.0,0.0,0.0,0.0,-3.725290298461914e-9 
 01/18  04:00:00,2846544.5956399357,1710000.0,1136544.5956399357,0.0,0.0,0.0,1350000.0,0.0,0.0,0.0,-1.2223608791828156e-9 
 01/18  05:00:00,2846544.5956399357,1710000.0,1136544.5956399357,0.0,0.0,0.0,1350000.0,0.0,0.0,0.0,6.402842700481415e-10 
 01/18  06:00:00,2846544.5956399357,1710000.0,1136544.5956399357,0.0,0.0,0.0,1350000.0,0.0,0.0,0.0,-2.6193447411060333e-10 
 01/18  07:00:00,9207376.27352112,1710000.0,1136544.5956399357,6360831.677881185,5676059.025519855,0.0,1350000.0,6241969.152503157,6241969.152503157,0.0,1.2514647096395493e-9 
 01/18  08:00:00,10114153.287622076,1710000.0,1136544.5956399357,7267608.691982139,6480510.442023655,0.0,1350000.0,7298082.374399127,7298082.374399127,2475722.184535172,-5.238689482212067e-10 
 01/18  09:00:00,35558142.99036154,25732800.0,1136544.5956399357,8688798.394721607,7724809.825407677,0.0,18532800.0,5763019.340114182,5763019.340114182,14123243.83521063,-5.820766091346741e-10 
 01/18  10:00:00,41699325.675134376,30577680.0,1149751.60066835,9971894.07446602,8857016.573148012,0.0,14377680.0,4481370.643641208,4481370.643641208,23461069.670303497,-4.423782229423523e-9 
 01/18  11:00:00,38861248.04136338,26827200.0,1172225.644662835,10861822.396700539,9653643.337062573,0.0,10627200.0,2787233.969223271,2787233.969223271,23028881.085427143,-3.026798367500305e-9 
 01/18  12:00:00,38485532.023935825,26295840.0,1180037.8210611683,11009654.202874659,9793583.999147397,0.0,10095840.0,1931996.0588010584,1931996.0588010584,23619523.32132462,-3.026798367500305e-9 
 01/18  13:00:00,36470618.242878854,24701760.0,1164712.1803210934,10604146.062557766,9435082.440029573,0.0,8501760.0,2846311.131241778,2846311.131241778,20673937.38320297,-3.725290298461914e-9 
 01/18  14:00:00,36888200.802935824,25764480.0,1190935.1835217257,9932785.61941409,8838953.851370975,0.0,9564480.0,885427.0353297666,885427.0353297666,18773473.870305836,-6.984919309616089e-9 
 01/18  15:00:00,36242354.65792084,25027200.0,1267078.1400889794,9948076.517831853,8930500.294986717,0.0,10627200.0,0.0,0.0,21774926.80406829,-3.4924596548080444e-9 
 01/18  16:00:00,33623615.20347163,23227200.0,1247509.0273697325,9148906.176101893,8182013.1674604,0.0,10627200.0,0.0,0.0,21642861.478187487,-2.561137080192566e-9 
 01/18  17:00:00,33143272.92342809,24073200.0,1156292.639422343,7913780.284005743,6943082.1281452915,0.0,15073200.0,3195266.549337094,3195266.549337094,11959677.685443066,0.0 
 01/18  18:00:00,42712940.80019857,34099200.0,1156244.5045996439,7457496.295598922,6503724.801273329,0.0,25099200.0,3064011.8507007365,3064011.8507007365,6363538.124721203,-6.984919309616089e-9 
 01/18  19:00:00,29937396.68617607,21600000.0,1136544.5956399357,7200852.090536131,6264941.090672005,0.0,16200000.0,5612731.254776513,5612731.254776513,0.0,-3.259629011154175e-9 
 01/18  20:00:00,18734667.879853897,10800000.0,1136544.5956399357,6798123.284213961,5966075.248359338,0.0,5400000.0,5294132.085642206,5294132.085642206,0.0,-2.7939677238464355e-9 
 01/18  21:00:00,6896544.595639936,5760000.0,1136544.5956399357,0.0,0.0,0.0,5400000.0,0.0,0.0,0.0,-2.3283064365386963e-9 
 01/18  22:00:00,2846544.5956399357,1710000.0,1136544.5956399357,0.0,0.0,0.0,1350000.0,0.0,0.0,0.0,-3.14321368932724e-9 
 01/18  23:00:00,2846544.5956399357,1710000.0,1136544.5956399357,0.0,0.0,0.0,1350000.0,0.0,0.0,0.0,-3.3760443329811096e-9 
 01/18  24:00:00,2846544.5956399357,1710000.0,1136544.5956399357,0.0,0.0,0.0,1350000.0,0.0,0.0,0.0,-4.0745362639427185e-10 
 01/19  01:00:00,6086544.595639936,4950000.0,1136544.5956399357,0.0,0.0,0.0,1350000.0,0.0,0.0,0.0,-2.9103830456733704e-9 
 01/19  02:00:00,6086544.595639936,4950000.0,1136544.5956399357,0.0,0.0,0.0,1350000.0,0.0,0.0,0.0,-1.7462298274040222e-9 
 01/19  03:00:00,6086544.595639936,4950000.0,1136544.5956399357,0.0,0.0,0.0,1350000.0,0.0,0.0,0.0,-3.7834979593753815e-9 
 01/19  04:00:00,6086544.595639936,4950000.0,1136544.5956399357,0.0,0.0,0.0,1350000.0,0.0,0.0,0.0,1.1641532182693481e-10 
 01/19  05:00:00,6086544.595639936,4950000.0,1136544.5956399357,0.0,0.0,0.0,1350000.0,0.0,0.0,0.0,5.820766091346741e-11 
 01/19  06:00:00,6086544.595639936,4950000.0,1136544.5956399357,0.0,0.0,0.0,1350000.0,0.0,0.0,0.0,-4.132743924856186e-9 
 01/19  07:00:00,6086544.595639936,4950000.0,1136544.5956399357,0.0,0.0,0.0,1350000.0,0.0,0.0,50340.33988627352,-8.149072527885437e-10 
 01/19  08:00:00,6086544.595639936,4950000.0,1136544.5956399357,0.0,0.0,0.0,1350000.0,0.0,0.0,2436989.8170219082,-1.1932570487260818e-9 
 01/19  09:00:00,5766144.595639936,4629600.0,1136544.5956399357,0.0,0.0,0.0,1029600.0,0.0,0.0,14508712.396274598,-1.1059455573558807e-9 
 01/19  10:00:00,5718624.595639936,4582080.0,1136544.595639936,0.0,0.0,0.0,982080.0,0.0,0.0,26727452.08405307,-5.820766091346741e-11 
 01/19  11:00:00,5629704.595639936,4493160.0,1136544.5956399357,0.0,0.0,0.0,893160.0,0.0,0.0,27397109.977410145,-2.6193447411060333e-9 
 01/19  12:00:00,5356824.595639936,4220280.0,1136544.5956399357,0.0,0.0,0.0,620280.0,0.0,0.0,24101813.699498158,-8.149072527885437e-10 
 01/19  13:00:00,5267904.595639936,4131360.0,1136544.5956399357,0.0,0.0,0.0,531360.0,0.0,0.0,22453304.26994098,-6.402842700481415e-9 
 01/19  14:00:00,5267904.595639936,4131360.0,1136544.5956399357,0.0,0.0,0.0,531360.0,0.0,0.0,21118483.283901792,-9.313225746154785e-10 
 01/19  15:00:00,5267904.595639936,4131360.0,1136544.5956399357,0.0,0.0,0.0,531360.0,0.0,0.0,21499498.62045444,-5.820766091346741e-9 
 01/19  16:00:00,5267904.595639936,4131360.0,1136544.5956399357,0.0,0.0,0.0,531360.0,0.0,0.0,17642667.45113453,-6.28642737865448e-9 
 01/19  17:00:00,5445744.595639936,4309200.0,1136544.5956399357,0.0,0.0,0.0,709200.0,0.0,0.0,13210543.477868052,-3.4924596548080444e-9 
 01/19  18:00:00,6015264.595639936,4878720.0,1136544.5956399357,0.0,0.0,0.0,1278720.0,0.0,0.0,5823289.684276253,-1.1641532182693481e-9 
 01/19  19:00:00,6086544.595639936,4950000.0,1136544.5956399357,0.0,0.0,0.0,1350000.0,0.0,0.0,0.0,-4.423782229423523e-9 
 01/19  20:00:00,6086544.595639936,4950000.0,1136544.5956399357,0.0,0.0,0.0,1350000.0,0.0,0.0,0.0,-4.6566128730773926e-9 
 01/19  21:00:00,6086544.595639936,4950000.0,1136544.5956399357,0.0,0.0,0.0,1350000.0,0.0,0.0,0.0,-2.9103830456733704e-9 
 01/19  22:00:00,6086544.595639936,4950000.0,1136544.5956399357,0.0,0.0,0.0,1350000.0,0.0,0.0,0.0,2.3283064365386963e-10 
 01/19  23:00:00,6086544.595639936,4950000.0,1136544.5956399357,0.0,0.0,0.0,1350000.0,0.0,0.0,0.0,-1.1641532182693481e-9 
 01/19  24:00:00,6086544.595639936,4950000.0,1136544.5956399357,0.0,0.0,0.0,1350000.0,0.0,0.0,0.0,1.1641532182693481e-9 
 01/20  01:00:00,6086544.595639936,4950000.0,1136544.5956399357,0.0,0.0,0.0,1350000.0,0.0,0.0,0.0,-3.3178366720676422e-9 
 01/20  02:00:00,6086544.595639936,4950000.0,1136544.5956399357,0.0,0.0,0.0,1350000.0,0.0,0.0,0.0,-5.820766091346741e-11 
 01/20  03:00:00,6086544.595639936,4950000.0,1136544.5956399357,0.0,0.0,0.0,1350000.0,0.0,0.0,0.0,2.153683453798294e-9 
 01/20  04:00:00,6086544.595639936,4950000.0,1136544.5956399357,0.0,0.0,0.0,1350000.0,0.0,0.0,0.0,-2.6193447411060333e-9 
 01/20  05:00:00,6086544.595639936,4950000.0,1136544.5956399357,0.0,0.0,0.0,1350000.0,0.0,0.0,0.0,1.8044374883174896e-9 
 01/20  06:00:00,6086544.595639936,4950000.0,1136544.5956399357,0.0,0.0,0.0,1350000.0,0.0,0.0,0.0,-9.604264050722122e-10 
 01/20  07:00:00,6086544.595639936,4950000.0,1136544.5956399357,0.0,0.0,0.0,1350000.0,0.0,0.0,456466.6770302426,5.820766091346741e-11 
 01/20  08:00:00,6086544.595639936,4950000.0,1136544.5956399357,0.0,0.0,0.0,1350000.0,0.0,0.0,6992811.065647166,3.2014213502407074e-10 
 01/20  09:00:00,5858124.595639936,4721580.0,1136544.5956399357,0.0,0.0,0.0,1121580.0,0.0,0.0,24785160.03598144,-2.4156179279088974e-9 
 01/20  10:00:00,5697924.595639936,4561380.0,1136544.5956399357,0.0,0.0,0.0,961380.0,0.0,0.0,26967874.74335042,-5.878973752260208e-9 
 01/20  11:00:00,5721684.595639936,4585140.0,1136544.5956399357,0.0,0.0,0.0,985140.0,0.0,0.0,28420107.26508133,-2.9103830456733704e-9 
 01/20  12:00:00,5357041.560410407,4220280.0,1136761.560410407,0.0,0.0,0.0,620280.0,0.0,0.0,23737308.60551749,-3.3760443329811096e-9 
 01/20  13:00:00,5425044.595639936,4288500.0,1136544.5956399357,0.0,0.0,0.0,688500.0,0.0,0.0,18753076.82468556,-2.3283064365386963e-9 
 01/20  14:00:00,5267904.595639936,4131360.0,1136544.5956399357,0.0,0.0,0.0,531360.0,0.0,0.0,18742853.579799157,-2.561137080192566e-9 
 01/20  15:00:00,5267904.595639936,4131360.0,1136544.5956399357,0.0,0.0,0.0,531360.0,0.0,0.0,21659513.583526786,-5.587935447692871e-9 
 01/20  16:00:00,5267904.595639936,4131360.0,1136544.5956399357,0.0,0.0,0.0,531360.0,0.0,0.0,21727344.79035526,-6.984919309616089e-9 
 01/20  17:00:00,5312364.595639936,4175820.0,1136544.5956399357,0.0,0.0,0.0,575820.0,0.0,0.0,17733157.117835134,-3.958120942115784e-9 
 01/20  18:00:00,6015264.595639936,4878720.0,1136544.5956399357,0.0,0.0,0.0,1278720.0,0.0,0.0,3684269.497222205,-2.561137080192566e-9 
 01/20  19:00:00,6086544.595639936,4950000.0,1136544.5956399357,0.0,0.0,0.0,1350000.0,0.0,0.0,0.0,-4.889443516731262e-9 
 01/20  20:00:00,6086544.595639936,4950000.0,1136544.5956399357,0.0,0.0,0.0,1350000.0,0.0,0.0,0.0,-9.313225746154785e-10 
 01/20  21:00:00,6086544.595639936,4950000.0,1136544.5956399357,0.0,0.0,0.0,1350000.0,0.0,0.0,0.0,-1.6298145055770874e-9 
 01/20  22:00:00,6086544.595639936,4950000.0,1136544.5956399357,0.0,0.0,0.0,1350000.0,0.0,0.0,0.0,-1.3969838619232178e-9 
 01/20  23:00:00,6086544.595639936,4950000.0,1136544.5956399357,0.0,0.0,0.0,1350000.0,0.0,0.0,0.0,2.6775524020195007e-9 
 01/20  24:00:00,6086544.595639936,4950000.0,1136544.5956399357,0.0,0.0,0.0,1350000.0,0.0,0.0,0.0,1.1641532182693481e-10 
 01/21  01:00:00,2846544.5956399357,1710000.0,1136544.5956399357,0.0,0.0,0.0,1350000.0,0.0,0.0,0.0,1.7462298274040222e-10 
 01/21  02:00:00,2846544.5956399357,1710000.0,1136544.5956399357,0.0,0.0,0.0,1350000.0,0.0,0.0,0.0,-2.3865140974521637e-9 
 01/21  03:00:00,2846544.5956399357,1710000.0,1136544.5956399357,0.0,0.0,0.0,1350000.0,0.0,0.0,0.0,-2.3283064365386963e-9 
 01/21  04:00:00,2846544.5956399357,1710000.0,1136544.5956399357,0.0,0.0,0.0,1350000.0,0.0,0.0,0.0,5.820766091346741e-10 
 01/21  05:00:00,2846544.5956399357,1710000.0,1136544.5956399357,0.0,0.0,0.0,1350000.0,0.0,0.0,0.0,1.1932570487260818e-9 
 01/21  06:00:00,2846544.5956399357,1710000.0,1136544.5956399357,0.0,0.0,0.0,1350000.0,0.0,0.0,0.0,-1.1641532182693481e-10 
 01/21  07:00:00,8839156.386003768,1710000.0,1136544.5956399357,5992611.790363833,5361271.342330777,0.0,1350000.0,7316441.446874316,7316441.446874316,499392.63749582204,1.8917489796876907e-9 
 01/21  08:00:00,9671227.008241398,1710000.0,1136544.5956399357,6824682.412601462,6106876.486952461,0.0,1350000.0,6063673.021914924,6063673.021914924,7209885.282815628,-8.440110832452774e-10 
 01/21  09:00:00,37265575.12816467,28188720.0,1142074.6554819522,7934780.472682718,7087163.154701011,0.0,20988720.0,5899682.763407979,5899682.763407979,25509200.142844714,-4.773028194904327e-9 
 01/21  10:00:00,48053881.217735626,38354760.0,1205481.2499355616,8493639.967800068,7596903.319539789,0.0,22154760.0,1415666.1074015466,1415666.1074015466,29984159.06220563,-6.984919309616089e-10 
 01/21  11:00:00,47620253.188731864,37742400.0,1221403.344806475,8656449.843925392,7759020.055045772,0.0,21542400.0,285132.5821365411,285132.5821365411,27668525.96134776,-4.190951585769653e-9 
 01/21  12:00:00,43147803.11321867,33170040.0,1270328.2579606469,8707434.855258025,7870670.743030753,0.0,16970040.0,0.0,0.0,23472775.397468638,-7.683411240577698e-9 
 01/21  13:00:00,34618820.0031411,25413120.0,1221482.0087961538,7984217.994344946,7175492.620470995,0.0,9213120.0,0.0,0.0,19855861.896914408,-5.3551048040390015e-9 
 01/21  14:00:00,36109266.57560133,25764480.0,1340096.9447053645,9004689.630895965,8200644.783297002,0.0,9564480.0,0.0,0.0,20692894.664201617,-4.190951585769653e-9 
 01/21  15:00:00,35812460.45109146,25027200.0,1365525.997824695,9419734.453266766,8593429.885878136,0.0,10627200.0,0.0,0.0,21337937.153688353,-3.026798367500305e-9 
 01/21  16:00:00,33232828.07081252,23227200.0,1289576.8407103494,8716051.230102174,7878901.163584528,0.0,10627200.0,0.0,0.0,20251244.862488817,-2.3283064365386963e-9 
 01/21  17:00:00,31927161.958664045,23184000.0,1170073.5193838817,7573088.439280161,6682046.359856901,0.0,14184000.0,1708404.3904021273,1708404.3904021273,12356398.424851732,-3.725290298461914e-9 
 01/21  18:00:00,41768419.01528703,33210000.0,1160897.1804689835,7397521.834818045,6466597.324443985,0.0,24210000.0,2485299.9078646777,2485299.9078646777,6572901.390671874,-5.820766091346741e-9 
 01/21  19:00:00,29959841.688566513,21600000.0,1136544.5956399357,7223297.092926577,6289196.80937532,0.0,16200000.0,5824462.38355238,5824462.38355238,0.0,-4.6566128730773926e-9 
 01/21  20:00:00,18767574.960968833,10800000.0,1136544.5956399357,6831030.365328895,5994373.324293951,0.0,5400000.0,5381162.174222665,5381162.174222665,0.0,1.1641532182693481e-9 
 01/21  21:00:00,6896544.595639936,5760000.0,1136544.5956399357,0.0,0.0,0.0,5400000.0,0.0,0.0,0.0,-8.149072527885437e-10 
 01/21  22:00:00,2846544.5956399357,1710000.0,1136544.5956399357,0.0,0.0,0.0,1350000.0,0.0,0.0,0.0,-4.656612873077393e-10 
 01/21  23:00:00,2846544.5956399357,1710000.0,1136544.5956399357,0.0,0.0,0.0,1350000.0,0.0,0.0,0.0,1.0477378964424133e-9 
 01/21  24:00:00,2846544.5956399357,1710000.0,1136544.5956399357,0.0,0.0,0.0,1350000.0,0.0,0.0,0.0,-3.550667315721512e-9 
 01/22  01:00:00,2846544.5956399357,1710000.0,1136544.5956399357,0.0,0.0,0.0,1350000.0,0.0,0.0,0.0,3.259629011154175e-9 
 01/22  02:00:00,2846544.5956399357,1710000.0,1136544.5956399357,0.0,0.0,0.0,1350000.0,0.0,0.0,0.0,6.984919309616089e-10 
 01/22  03:00:00,2846544.5956399357,1710000.0,1136544.5956399357,0.0,0.0,0.0,1350000.0,0.0,0.0,0.0,-5.820766091346741e-11 
 01/22  04:00:00,2846544.5956399357,1710000.0,1136544.5956399357,0.0,0.0,0.0,1350000.0,0.0,0.0,0.0,5.238689482212067e-10 
 01/22  05:00:00,2846544.5956399357,1710000.0,1136544.5956399357,0.0,0.0,0.0,1350000.0,0.0,0.0,0.0,-4.103640094399452e-9 
 01/22  06:00:00,2846544.5956399357,1710000.0,1136544.5956399357,0.0,0.0,0.0,1350000.0,0.0,0.0,0.0,-2.270098775625229e-9 
 01/22  07:00:00,9773896.967828857,1710000.0,1136544.5956399357,6927352.372188922,6180942.5124323545,0.0,1350000.0,5858333.306994176,5858333.306994176,298543.21942574414,2.1827872842550278e-10 
 01/22  08:00:00,10923158.305442182,1686240.0,1136544.5956399357,8100373.709802245,7226213.128236146,0.0,1326240.0,5447364.180931231,5447364.180931231,5233607.462176252,-1.8917489796876907e-9 
 01/22  09:00:00,35708469.37201962,24932520.0,1136544.595639936,9639404.776379686,8578364.646662124,0.0,17732520.0,6647650.160829368,6647650.160829368,18131570.484771624,-2.735760062932968e-9 
 01/22  10:00:00,42486159.30839958,30577680.0,1151791.674904169,10756687.633495415,9575945.64382286,0.0,14377680.0,4589155.169321043,4589155.169321043,20290152.52620693,3.4924596548080444e-10 
 01/22  11:00:00,42353025.64455741,29494800.0,1189335.9076331535,11668889.736924255,10397050.551480405,0.0,13294800.0,1715744.4661231502,1715744.4661231502,25559050.764909506,-3.958120942115784e-9 
 01/22  12:00:00,39366878.21034141,26295840.0,1193757.7754394235,11877280.434901988,10579554.154700264,0.0,10095840.0,935067.1473130432,935067.1473130432,23682137.06846127,-3.4924596548080444e-9 
 01/22  13:00:00,37724917.53247294,24701760.0,1174754.1356837372,11848403.396789208,10536485.492871404,0.0,8501760.0,1856076.2165552208,1856076.2165552208,20958372.89447884,-3.259629011154175e-9 
 01/22  14:00:00,38972830.14289257,25764480.0,1218945.5371370956,11989404.605755478,10678921.930676019,0.0,9564480.0,64508.957479078505,64508.957479078505,18960977.992979072,-2.0954757928848267e-9 
 01/22  15:00:00,40996249.130404875,27694800.0,1228927.3022436313,12072521.828161238,10751488.033701792,0.0,13294800.0,0.0,0.0,14042888.016659187,-6.984919309616089e-9 
 01/22  16:00:00,42385882.81281188,29988000.0,1184437.1748866257,11213445.63792526,9878741.321931886,0.0,17388000.0,523909.55015109596,523909.55015109596,10659352.505492862,-6.05359673500061e-9 
 01/22  17:00:00,39712795.4651048,27691200.0,1137472.5419776395,10884122.92312716,9533823.843189761,0.0,18691200.0,5832365.157280035,5832365.157280035,7800819.338333671,-2.3283064365386963e-9 
 01/22  18:00:00,42185363.49305661,30895200.0,1153417.7035001952,10136745.789556418,8870269.659194095,0.0,21895200.0,3410993.15028324,3410993.15028324,12475820.141263064,-4.423782229423523e-9 
 01/22  19:00:00,32334697.661086317,21600000.0,1136544.5956399357,9598153.065446382,8391179.69319939,0.0,16200000.0,5407211.063403343,5407211.063403343,0.0,-2.0954757928848267e-9 
 01/22  20:00:00,20929586.267912656,10800000.0,1136544.5956399357,8993041.672272716,7920551.350528402,0.0,5400000.0,5218018.484838379,5218018.484838379,0.0,8.149072527885437e-10 
 01/22  21:00:00,6896544.595639936,5760000.0,1136544.5956399357,0.0,0.0,0.0,5400000.0,0.0,0.0,0.0,-1.7462298274040222e-9 
 01/22  22:00:00,2846544.5956399357,1710000.0,1136544.5956399357,0.0,0.0,0.0,1350000.0,0.0,0.0,0.0,3.4924596548080444e-9 
 01/22  23:00:00,2846544.5956399357,1710000.0,1136544.5956399357,0.0,0.0,0.0,1350000.0,0.0,0.0,0.0,2.3283064365386963e-10 
 01/22  24:00:00,2846544.5956399357,1710000.0,1136544.5956399357,0.0,0.0,0.0,1350000.0,0.0,0.0,0.0,3.4924596548080444e-10 
 01/23  01:00:00,2846544.5956399357,1710000.0,1136544.5956399357,0.0,0.0,0.0,1350000.0,0.0,0.0,0.0,-9.89530235528946e-10 
 01/23  02:00:00,2846544.5956399357,1710000.0,1136544.5956399357,0.0,0.0,0.0,1350000.0,0.0,0.0,0.0,2.5029294192790985e-9 
 01/23  03:00:00,2846544.5956399357,1710000.0,1136544.5956399357,0.0,0.0,0.0,1350000.0,0.0,0.0,0.0,-2.6775524020195007e-9 
 01/23  04:00:00,2846544.5956399357,1710000.0,1136544.5956399357,0.0,0.0,0.0,1350000.0,0.0,0.0,0.0,6.402842700481415e-10 
 01/23  05:00:00,2846544.5956399357,1710000.0,1136544.5956399357,0.0,0.0,0.0,1350000.0,0.0,0.0,0.0,4.0745362639427185e-10 
 01/23  06:00:00,2846544.5956399357,1710000.0,1136544.5956399357,0.0,0.0,0.0,1350000.0,0.0,0.0,0.0,1.6589183360338211e-9 
 01/23  07:00:00,11743649.021591531,1710000.0,1136544.5956399357,8897104.425951594,7921003.079604559,0.0,1350000.0,3448773.8503759876,3448773.8503759876,40244.03439340385,2.4301698431372643e-9 
 01/23  08:00:00,12986799.136647332,1686240.0,1136544.5956399357,10164014.541007396,9040526.996537097,0.0,1326240.0,3026889.8272426985,3026889.8272426985,3829699.031214169,1.4115357771515846e-9 
 01/23  09:00:00,38213899.66521938,25305120.0,1136544.595639936,11772235.069579447,10456787.261578167,0.0,18105120.0,7707291.53569474,7707291.53569474,18441794.590813056,-2.2118911147117615e-9 
 01/23  10:00:00,44554473.46543352,31029120.0,1169269.4622013804,12356084.00323214,10985850.0626904,0.0,14829120.0,3685363.34330887,3685363.34330887,24994842.24631482,-3.725290298461914e-9 
 01/23  11:00:00,41299798.462677926,27716400.0,1193482.1573847034,12389916.305293225,11028209.740420716,0.0,11516400.0,1523145.1144634518,1523145.1144634518,24758717.380138,-3.958120942115784e-9 
 01/23  12:00:00,38713589.53320281,26295840.0,1194563.1570588406,11223186.376143966,9997098.638569433,0.0,10095840.0,884147.9350554307,884147.9350554307,23804948.45965188,4.656612873077393e-10 
 01/23  13:00:00,36072985.33026357,24701760.0,1177385.2206138351,10193840.109649735,9075454.714474563,0.0,8501760.0,1772397.6557894782,1772397.6557894782,21650071.494377244,-4.889443516731262e-9 
 01/23  14:00:00,36380751.60848632,25764480.0,1208060.395906238,9408211.212580081,8379858.636029609,0.0,9564480.0,95825.09828111251,95825.09828111251,18097742.69306933,-1.3969838619232178e-9 
 01/23  15:00:00,35872733.51012729,25027200.0,1253237.2112828305,9592296.298844459,8597165.920475092,0.0,10627200.0,0.0,0.0,19891803.098008934,-2.7939677238464355e-9 
 01/23  16:00:00,33257095.324300095,23227200.0,1215348.1907483255,8814547.133551769,7839857.242497667,0.0,10627200.0,0.0,0.0,18536209.49711907,-4.889443516731262e-9 
 01/23  17:00:00,29917350.256818496,20516400.0,1155822.9641213815,8245127.292697115,7246726.19238097,0.0,11516400.0,3581351.4220466283,3581351.4220466283,17253442.186095897,-4.6566128730773926e-9 
 01/23  18:00:00,42576243.15853696,33685200.0,1144182.9163490392,7746860.242187927,6769544.200981462,0.0,24685200.0,4758281.13709088,4758281.13709088,1935375.6980833705,-5.587935447692871e-9 
 01/23  19:00:00,30327845.418109514,21600000.0,1136544.5956399357,7591300.822469575,6620632.662882233,0.0,16200000.0,5554267.30899876,5554267.30899876,0.0,-2.0954757928848267e-9 
 01/23  20:00:00,19194607.00680369,10800000.0,1136544.5956399357,7258062.411163753,6376535.959216176,0.0,5400000.0,5277432.177011031,5277432.177011031,0.0,-2.2118911147117615e-9 
 01/23  21:00:00,6896544.595639936,5760000.0,1136544.5956399357,0.0,0.0,0.0,5400000.0,0.0,0.0,0.0,1.1641532182693481e-9 
 01/23  22:00:00,2846544.5956399357,1710000.0,1136544.5956399357,0.0,0.0,0.0,1350000.0,0.0,0.0,0.0,-3.4924596548080444e-10 
 01/23  23:00:00,2846544.5956399357,1710000.0,1136544.5956399357,0.0,0.0,0.0,1350000.0,0.0,0.0,0.0,-8.149072527885437e-10 
 01/23  24:00:00,2846544.5956399357,1710000.0,1136544.5956399357,0.0,0.0,0.0,1350000.0,0.0,0.0,0.0,-3.6088749766349792e-9 
 01/24  01:00:00,2846544.5956399357,1710000.0,1136544.5956399357,0.0,0.0,0.0,1350000.0,0.0,0.0,0.0,-5.820766091346741e-11 
 01/24  02:00:00,2846544.5956399357,1710000.0,1136544.5956399357,0.0,0.0,0.0,1350000.0,0.0,0.0,0.0,2.0954757928848267e-9 
 01/24  03:00:00,2846544.5956399357,1710000.0,1136544.5956399357,0.0,0.0,0.0,1350000.0,0.0,0.0,0.0,5.820766091346741e-11 
 01/24  04:00:00,2846544.5956399357,1710000.0,1136544.5956399357,0.0,0.0,0.0,1350000.0,0.0,0.0,0.0,5.820766091346741e-10 
 01/24  05:00:00,2846544.5956399357,1710000.0,1136544.5956399357,0.0,0.0,0.0,1350000.0,0.0,0.0,0.0,-2.2118911147117615e-9 
 01/24  06:00:00,2846544.5956399357,1710000.0,1136544.5956399357,0.0,0.0,0.0,1350000.0,0.0,0.0,0.0,2.066371962428093e-9 
 01/24  07:00:00,10390854.320603274,1710000.0,1136544.5956399357,7544309.724963337,6722313.205686546,0.0,1350000.0,3889124.3739275667,3889124.3739275667,180197.865345235,-1.4551915228366852e-10 
 01/24  08:00:00,11531080.912261823,1686240.0,1136544.5956399357,8708296.316621887,7755503.938429446,0.0,1326240.0,4026939.713130109,4026939.713130109,3236237.474455353,5.238689482212067e-10 
 01/24  09:00:00,37002284.93983975,25732800.0,1136544.5956399357,10132940.344199814,9007975.131553022,0.0,18532800.0,7435281.024696732,7435281.024696732,14201972.469996918,-1.6880221664905548e-9 
 01/24  10:00:00,42919828.0677173,30577680.0,1152367.749971774,11189780.31774553,9947837.455771483,0.0,14377680.0,4744196.129822166,4744196.129822166,23005143.38095911,-2.561137080192566e-9 
 01/24  11:00:00,40008133.362569466,26827200.0,1182322.4533178755,11998610.909251586,10673828.718334947,0.0,10627200.0,2193697.6810514512,2193697.6810514512,24423453.023179114,-4.190951585769653e-9 
 01/24  12:00:00,39541030.07325236,26295840.0,1187668.6610330914,12057521.412219271,10726001.791933985,0.0,10095840.0,1353900.5050959773,1353900.5050959773,23701432.090795934,-2.3283064365386963e-9 
 01/24  13:00:00,37473824.05291413,24701760.0,1171811.832628479,11600252.22028565,10309297.088067057,0.0,8501760.0,2179023.4179362427,2179023.4179362427,21439060.202076565,-2.561137080192566e-9 
 01/24  14:00:00,38232227.257845685,25764480.0,1217207.9733377418,11250539.28450794,10016940.993687427,0.0,9564480.0,98344.53680914096,98344.53680914096,20216263.353011776,-5.122274160385132e-9 
 01/24  15:00:00,37393749.61493912,25027200.0,1243124.544944334,11123425.069994783,9931281.10896086,0.0,10627200.0,0.0,0.0,18436544.070850495,-1.6298145055770874e-9 
 01/24  16:00:00,34606974.33719678,23227200.0,1184953.7313203749,10194820.605876405,8985737.193957908,0.0,10627200.0,683681.134246968,683681.134246968,15829537.730197065,-6.05359673500061e-9 
 01/24  17:00:00,32408006.226168696,21405600.0,1137304.8535845894,9865101.372584106,8639671.60784448,0.0,12405600.0,5865605.316312909,5865605.316312909,15107802.78801608,-5.3551048040390015e-9 
 01/24  18:00:00,42924147.82924176,32259600.0,1150402.8756608376,9514144.953580923,8313674.845511814,0.0,23259600.0,3619763.687887775,3619763.687887775,9778695.6211205,-3.725290298461914e-9 
 01/24  19:00:00,31993127.78958245,21600000.0,1136544.5956399357,9256583.193942513,8078276.578754617,0.0,16200000.0,5439622.357830912,5439622.357830912,0.0,-5.3551048040390015e-9 
 01/24  20:00:00,20798827.786475614,10800000.0,1136544.5956399357,8862283.190835673,7793087.591050848,0.0,5400000.0,5230881.118958907,5230881.118958907,0.0,-2.0954757928848267e-9 
 01/24  21:00:00,6896544.595639936,5760000.0,1136544.5956399357,0.0,0.0,0.0,5400000.0,0.0,0.0,0.0,-1.3969838619232178e-9 
 01/24  22:00:00,2846544.5956399357,1710000.0,1136544.5956399357,0.0,0.0,0.0,1350000.0,0.0,0.0,0.0,-2.0954757928848267e-9 
 01/24  23:00:00,2846544.5956399357,1710000.0,1136544.5956399357,0.0,0.0,0.0,1350000.0,0.0,0.0,0.0,1.979060471057892e-9 
 01/24  24:00:00,2846544.5956399357,1710000.0,1136544.5956399357,0.0,0.0,0.0,1350000.0,0.0,0.0,0.0,-4.3655745685100555e-9 
 01/25  01:00:00,2846544.5956399357,1710000.0,1136544.5956399357,0.0,0.0,0.0,1350000.0,0.0,0.0,0.0,4.0745362639427185e-10 
 01/25  02:00:00,2846544.5956399357,1710000.0,1136544.5956399357,0.0,0.0,0.0,1350000.0,0.0,0.0,0.0,1.3969838619232178e-9 
 01/25  03:00:00,2846544.5956399357,1710000.0,1136544.5956399357,0.0,0.0,0.0,1350000.0,0.0,0.0,0.0,-9.89530235528946e-10 
 01/25  04:00:00,2846544.5956399357,1710000.0,1136544.5956399357,0.0,0.0,0.0,1350000.0,0.0,0.0,0.0,-4.0745362639427185e-9 
 01/25  05:00:00,2846544.5956399357,1710000.0,1136544.5956399357,0.0,0.0,0.0,1350000.0,0.0,0.0,0.0,2.0372681319713593e-10 
 01/25  06:00:00,2846544.5956399357,1710000.0,1136544.5956399357,0.0,0.0,0.0,1350000.0,0.0,0.0,0.0,-1.4842953532934189e-9 
 01/25  07:00:00,11013374.247295998,1710000.0,1136544.5956399357,8166829.651656062,7273034.243314288,0.0,1350000.0,3868462.2325919652,3868462.2325919652,0.0,-5.529727786779404e-10 
 01/25  08:00:00,12143338.448216854,1710000.0,1136544.5956399357,9296793.852576915,8273502.121833265,0.0,1350000.0,3648790.5936093116,3648790.5936093116,2049725.6039937064,-3.4924596548080444e-10 
 01/25  09:00:00,38842974.76326583,26960760.0,1136544.5956399357,10745670.167625895,9547148.882688291,0.0,19760760.0,7373412.173332041,7373412.173332041,12565289.377508022,-2.7939677238464355e-9 
 01/25  10:00:00,44121474.60965182,31029120.0,1152061.670429668,11940292.939222151,10613814.698531978,0.0,14829120.0,4767549.33673922,4767549.33673922,23748493.592137497,-3.4924596548080444e-9 
 01/25  11:00:00,44412093.31743774,30445200.0,1192276.599428968,12774616.718008768,11379452.309860513,0.0,14245200.0,1523978.350711106,1523978.350711106,26339523.614954993,-9.313225746154785e-10 
 01/25  12:00:00,40343345.362163946,26295840.0,1196227.5328706466,12851277.829293294,11448931.56457222,0.0,10095840.0,763074.7527524327,763074.7527524327,23962012.976831585,-6.28642737865448e-9 
 01/25  13:00:00,38387770.99624361,24701760.0,1184646.8934773258,12501364.102766285,11129217.322938504,0.0,8501760.0,1072365.7925369213,1072365.7925369213,22312454.21748736,-3.4924596548080444e-9 
 01/25  14:00:00,39541048.2641107,25764480.0,1245223.8986603695,12531344.36545033,11212179.002934918,0.0,9564480.0,0.0,0.0,19466581.148587026,-4.190951585769653e-9 
 01/25  15:00:00,38521150.514817834,25027200.0,1261306.163437646,12232644.351380182,10954659.593296662,0.0,10627200.0,0.0,0.0,17121227.783176582,-7.2177499532699585e-9 
 01/25  16:00:00,35251917.315069556,23227200.0,1201957.0417350708,10822760.273334483,9567743.672722835,0.0,10627200.0,84717.02097326051,84717.02097326051,15571229.849655855,-4.6566128730773926e-9 
 01/25  17:00:00,35351400.82807301,24073200.0,1140191.0526654387,10138009.775407575,8883429.857384,0.0,15073200.0,5519574.640833339,5519574.640833339,11653915.431109311,-4.423782229423523e-9 
 01/25  18:00:00,45905604.59972291,35049600.0,1142108.4524457634,9713896.147277147,8482312.845155662,0.0,26049600.0,4707751.5994967185,4707751.5994967185,3091712.4085083744,-7.916241884231567e-9 
 01/25  19:00:00,32082016.192156598,21600000.0,1136544.5956399357,9345471.59651666,8158826.790192908,0.0,16200000.0,5354515.081819947,5354515.081819947,0.0,-2.561137080192566e-9 
 01/25  20:00:00,20860823.75263085,10800000.0,1136544.5956399357,8924279.156990908,7849441.812281048,0.0,5400000.0,5200248.625198984,5200248.625198984,0.0,-2.7939677238464355e-9 
 01/25  21:00:00,6896544.595639936,5760000.0,1136544.5956399357,0.0,0.0,0.0,5400000.0,0.0,0.0,0.0,-1.7462298274040222e-9 
 01/25  22:00:00,2846544.5956399357,1710000.0,1136544.5956399357,0.0,0.0,0.0,1350000.0,0.0,0.0,0.0,-2.9103830456733704e-9 
 01/25  23:00:00,2846544.5956399357,1710000.0,1136544.5956399357,0.0,0.0,0.0,1350000.0,0.0,0.0,0.0,8.149072527885437e-10 
 01/25  24:00:00,2846544.5956399357,1710000.0,1136544.5956399357,0.0,0.0,0.0,1350000.0,0.0,0.0,0.0,-6.402842700481415e-10 
 01/26  01:00:00,6086544.595639936,4950000.0,1136544.5956399357,0.0,0.0,0.0,1350000.0,0.0,0.0,0.0,2.735760062932968e-9 
 01/26  02:00:00,6086544.595639936,4950000.0,1136544.5956399357,0.0,0.0,0.0,1350000.0,0.0,0.0,0.0,-2.270098775625229e-9 
 01/26  03:00:00,6086544.595639936,4950000.0,1136544.5956399357,0.0,0.0,0.0,1350000.0,0.0,0.0,0.0,-6.984919309616089e-10 
 01/26  04:00:00,6086544.595639936,4950000.0,1136544.5956399357,0.0,0.0,0.0,1350000.0,0.0,0.0,0.0,-6.984919309616089e-10 
 01/26  05:00:00,6086544.595639936,4950000.0,1136544.5956399357,0.0,0.0,0.0,1350000.0,0.0,0.0,0.0,-1.6298145055770874e-9 
 01/26  06:00:00,6086544.595639936,4950000.0,1136544.5956399357,0.0,0.0,0.0,1350000.0,0.0,0.0,0.0,-2.852175384759903e-9 
 01/26  07:00:00,6086544.595639936,4950000.0,1136544.5956399357,0.0,0.0,0.0,1350000.0,0.0,0.0,75362.60240003075,4.0745362639427185e-10 
 01/26  08:00:00,6086544.595639936,4950000.0,1136544.5956399357,0.0,0.0,0.0,1350000.0,0.0,0.0,3219565.846516018,-1.2223608791828156e-9 
 01/26  09:00:00,5721684.595639936,4585140.0,1136544.5956399357,0.0,0.0,0.0,985140.0,0.0,0.0,15674002.926195256,-2.9103830456733704e-10 
 01/26  10:00:00,5469504.595639936,4332960.0,1136544.5956399357,0.0,0.0,0.0,732960.0,0.0,0.0,22975693.587767206,-5.238689482212067e-10 
 01/26  11:00:00,5312364.595639936,4175820.0,1136544.5956399357,0.0,0.0,0.0,575820.0,0.0,0.0,25466679.11522483,-5.820766091346741e-10 
 01/26  12:00:00,5267904.595639936,4131360.0,1136544.5956399357,0.0,0.0,0.0,531360.0,0.0,0.0,23570296.39629055,-2.3283064365386963e-10 
 01/26  13:00:00,5267904.595639936,4131360.0,1136544.5956399357,0.0,0.0,0.0,531360.0,0.0,0.0,21291204.833474442,-1.6298145055770874e-9 
 01/26  14:00:00,5267904.595639936,4131360.0,1136544.5956399357,0.0,0.0,0.0,531360.0,0.0,0.0,19760200.89019311,-3.3760443329811096e-9 
 01/26  15:00:00,5267904.595639936,4131360.0,1136544.5956399357,0.0,0.0,0.0,531360.0,0.0,0.0,17312997.82103694,-1.1641532182693481e-9 
 01/26  16:00:00,5267904.595639936,4131360.0,1136544.5956399357,0.0,0.0,0.0,531360.0,0.0,0.0,20641379.05813813,-4.190951585769653e-9 
 01/26  17:00:00,5445744.595639936,4309200.0,1136544.5956399357,0.0,0.0,0.0,709200.0,0.0,0.0,13145686.767120417,-7.2177499532699585e-9 
 01/26  18:00:00,5855064.595639936,4718520.0,1136544.5956399357,0.0,0.0,0.0,1118520.0,0.0,0.0,10169671.890706483,6.984919309616089e-10 
 01/26  19:00:00,6086544.595639936,4950000.0,1136544.5956399357,0.0,0.0,0.0,1350000.0,0.0,0.0,0.0,-1.0477378964424133e-9 
 01/26  20:00:00,6086544.595639936,4950000.0,1136544.5956399357,0.0,0.0,0.0,1350000.0,0.0,0.0,0.0,-4.656612873077393e-10 
 01/26  21:00:00,6086544.595639936,4950000.0,1136544.5956399357,0.0,0.0,0.0,1350000.0,0.0,0.0,0.0,-2.6775524020195007e-9 
 01/26  22:00:00,6086544.595639936,4950000.0,1136544.5956399357,0.0,0.0,0.0,1350000.0,0.0,0.0,0.0,-1.0477378964424133e-9 
 01/26  23:00:00,6086544.595639936,4950000.0,1136544.5956399357,0.0,0.0,0.0,1350000.0,0.0,0.0,0.0,-3.958120942115784e-9 
 01/26  24:00:00,6086544.595639936,4950000.0,1136544.5956399357,0.0,0.0,0.0,1350000.0,0.0,0.0,0.0,-5.820766091346741e-10 
 01/27  01:00:00,6086544.595639936,4950000.0,1136544.5956399357,0.0,0.0,0.0,1350000.0,0.0,0.0,0.0,4.0745362639427185e-10 
 01/27  02:00:00,6086544.595639936,4950000.0,1136544.5956399357,0.0,0.0,0.0,1350000.0,0.0,0.0,0.0,-1.1059455573558807e-9 
 01/27  03:00:00,6086544.595639936,4950000.0,1136544.5956399357,0.0,0.0,0.0,1350000.0,0.0,0.0,0.0,1.280568540096283e-9 
 01/27  04:00:00,6086544.595639936,4950000.0,1136544.5956399357,0.0,0.0,0.0,1350000.0,0.0,0.0,0.0,-5.820766091346741e-11 
 01/27  05:00:00,6086544.595639936,4950000.0,1136544.5956399357,0.0,0.0,0.0,1350000.0,0.0,0.0,0.0,-1.3387762010097504e-9 
 01/27  06:00:00,6086544.595639936,4950000.0,1136544.5956399357,0.0,0.0,0.0,1350000.0,0.0,0.0,0.0,8.149072527885437e-10 
 01/27  07:00:00,6086544.595639936,4950000.0,1136544.5956399357,0.0,0.0,0.0,1350000.0,0.0,0.0,1808374.7250891158,5.820766091346741e-11 
 01/27  08:00:00,6062784.595639936,4926240.0,1136544.5956399357,0.0,0.0,0.0,1326240.0,0.0,0.0,11115356.278658653,-2.9103830456733704e-9 
 01/27  09:00:00,5789904.595639936,4653360.0,1136544.595639936,0.0,0.0,0.0,1053360.0,0.0,0.0,23827343.7305776,1.1059455573558807e-9 
 01/27  10:00:00,5517024.595639936,4380480.0,1136544.5956399357,0.0,0.0,0.0,780480.0,0.0,0.0,25005318.78911174,-4.3655745685100555e-9 
 01/27  11:00:00,5312364.595639936,4175820.0,1136544.5956399357,0.0,0.0,0.0,575820.0,0.0,0.0,25459183.2451836,-2.2118911147117615e-9 
 01/27  12:00:00,5267904.595639936,4131360.0,1136544.5956399357,0.0,0.0,0.0,531360.0,0.0,0.0,23477000.15418134,-1.1641532182693481e-9 
 01/27  13:00:00,5267904.595639936,4131360.0,1136544.5956399357,0.0,0.0,0.0,531360.0,0.0,0.0,21146474.248032726,-2.3283064365386963e-9 
 01/27  14:00:00,5267904.595639936,4131360.0,1136544.5956399357,0.0,0.0,0.0,531360.0,0.0,0.0,20654423.083819594,-4.423782229423523e-9 
 01/27  15:00:00,5267904.595639936,4131360.0,1136544.5956399357,0.0,0.0,0.0,531360.0,0.0,0.0,20524544.552811474,-2.561137080192566e-9 
 01/27  16:00:00,5267904.595639936,4131360.0,1136544.5956399357,0.0,0.0,0.0,531360.0,0.0,0.0,23860402.350191265,-8.847564458847046e-9 
 01/27  17:00:00,5267904.595639936,4131360.0,1136544.5956399357,0.0,0.0,0.0,531360.0,0.0,0.0,19650942.250001237,-1.862645149230957e-9 
 01/27  18:00:00,5786844.595639936,4650300.0,1136544.5956399357,0.0,0.0,0.0,1050300.0,0.0,0.0,12618309.839413844,-1.6298145055770874e-9 
 01/27  19:00:00,6086544.595639936,4950000.0,1136544.5956399357,0.0,0.0,0.0,1350000.0,0.0,0.0,0.0,4.656612873077393e-10 
 01/27  20:00:00,6086544.595639936,4950000.0,1136544.5956399357,0.0,0.0,0.0,1350000.0,0.0,0.0,0.0,-4.0745362639427185e-9 
 01/27  21:00:00,6086544.595639936,4950000.0,1136544.5956399357,0.0,0.0,0.0,1350000.0,0.0,0.0,0.0,-4.540197551250458e-9 
 01/27  22:00:00,6086544.595639936,4950000.0,1136544.5956399357,0.0,0.0,0.0,1350000.0,0.0,0.0,0.0,-3.6088749766349792e-9 
 01/27  23:00:00,6086544.595639936,4950000.0,1136544.5956399357,0.0,0.0,0.0,1350000.0,0.0,0.0,0.0,-1.280568540096283e-9 
 01/27  24:00:00,6086544.595639936,4950000.0,1136544.5956399357,0.0,0.0,0.0,1350000.0,0.0,0.0,0.0,-1.280568540096283e-9 
 01/28  01:00:00,2846544.5956399357,1710000.0,1136544.5956399357,0.0,0.0,0.0,1350000.0,0.0,0.0,0.0,-2.561137080192566e-9 
 01/28  02:00:00,2846544.5956399357,1710000.0,1136544.5956399357,0.0,0.0,0.0,1350000.0,0.0,0.0,0.0,-1.0477378964424133e-9 
 01/28  03:00:00,2846544.5956399357,1710000.0,1136544.5956399357,0.0,0.0,0.0,1350000.0,0.0,0.0,0.0,2.3283064365386963e-10 
 01/28  04:00:00,2846544.5956399357,1710000.0,1136544.5956399357,0.0,0.0,0.0,1350000.0,0.0,0.0,0.0,-1.3969838619232178e-9 
 01/28  05:00:00,2846544.5956399357,1710000.0,1136544.5956399357,0.0,0.0,0.0,1350000.0,0.0,0.0,0.0,1.6880221664905548e-9 
 01/28  06:00:00,2846544.5956399357,1710000.0,1136544.5956399357,0.0,0.0,0.0,1350000.0,0.0,0.0,0.0,2.270098775625229e-9 
 01/28  07:00:00,10505002.004220793,1710000.0,1136544.5956399357,7658457.408580858,6779861.600111279,0.0,1350000.0,3930042.609890204,3930042.609890204,135770.66957440402,-1.4551915228366852e-11 
 01/28  08:00:00,11278951.64192003,1686240.0,1136544.5956399357,8456167.046280095,7536142.487392043,0.0,1326240.0,3951722.7026810143,3951722.7026810143,4806662.1898951065,3.0704541131854057e-9 
 01/28  09:00:00,36351213.962384224,25732800.0,1136544.595639936,9481869.366744291,8443877.434730392,0.0,18532800.0,7574508.140409858,7574508.140409858,20379997.522450514,-2.561137080192566e-9 
 01/28  10:00:00,42671478.72604259,31480560.0,1177930.1142455102,10012988.611797076,8921387.89706678,0.0,15280560.0,3056127.631942049,3056127.631942049,26004916.579665806,-4.540197551250458e-9 
 01/28  11:00:00,42816259.74191786,31334400.0,1207519.600027199,10274340.141890664,9155257.023167942,0.0,15134400.0,681806.4141957649,681806.4141957649,26761552.054616906,-4.889443516731262e-9 
 01/28  12:00:00,38367165.45305163,27140580.0,1200978.8807740354,10025606.572277589,8928923.476935051,0.0,10940580.0,429230.2738722739,429230.2738722739,23818992.483616613,-6.984919309616089e-9 
 01/28  13:00:00,35631522.28748385,24701760.0,1174226.2764816524,9755536.011002198,8675966.399501486,0.0,8501760.0,2014941.3560956076,2014941.3560956076,20505910.827614646,-6.28642737865448e-9 
 01/28  14:00:00,36802306.9029429,25764480.0,1218636.402656613,9819190.500286292,8752435.878110565,0.0,9564480.0,120403.57369454911,120403.57369454911,19835081.337195903,-5.122274160385132e-9 
 01/28  15:00:00,36634231.68424839,25027200.0,1266601.0441884892,10340430.6400599,9271891.828733737,0.0,10627200.0,0.0,0.0,20859445.783951964,-3.725290298461914e-9 
 01/28  16:00:00,34072253.994578235,23227200.0,1217570.4331611923,9627483.561417043,8546692.149906943,0.0,10627200.0,0.0,0.0,18268468.45104577,-3.259629011154175e-9 
 01/28  17:00:00,34399375.256241724,24073200.0,1145097.6451104851,9181077.61113124,8051722.529559696,0.0,15073200.0,4892390.071489996,4892390.071489996,11891611.273965959,-5.122274160385132e-9 
 01/28  18:00:00,41219288.34112085,31370400.0,1156330.1582431982,8692558.18287765,7599942.913438992,0.0,22370400.0,3054916.571522779,3054916.571522779,10801225.334194949,-2.7939677238464355e-9 
 01/28  19:00:00,31046117.33489899,21600000.0,1136544.5956399357,8309572.739259054,7251118.580772427,0.0,16200000.0,5626355.009876935,5626355.009876935,0.0,-9.313225746154785e-10 
 01/28  20:00:00,19982748.443427637,10800000.0,1136544.5956399357,8046203.847787702,7077668.937027143,0.0,5400000.0,5303676.541317247,5303676.541317247,0.0,-1.280568540096283e-9 
 01/28  21:00:00,6896544.595639936,5760000.0,1136544.5956399357,0.0,0.0,0.0,5400000.0,0.0,0.0,0.0,-1.862645149230957e-9 
 01/28  22:00:00,2846544.5956399357,1710000.0,1136544.5956399357,0.0,0.0,0.0,1350000.0,0.0,0.0,0.0,-2.7939677238464355e-9 
 01/28  23:00:00,2846544.5956399357,1710000.0,1136544.5956399357,0.0,0.0,0.0,1350000.0,0.0,0.0,0.0,-2.3283064365386963e-9 
 01/28  24:00:00,2846544.5956399357,1710000.0,1136544.5956399357,0.0,0.0,0.0,1350000.0,0.0,0.0,0.0,-2.270098775625229e-9 
 01/29  01:00:00,2846544.5956399357,1710000.0,1136544.5956399357,0.0,0.0,0.0,1350000.0,0.0,0.0,0.0,9.313225746154785e-10 
 01/29  02:00:00,2846544.5956399357,1710000.0,1136544.5956399357,0.0,0.0,0.0,1350000.0,0.0,0.0,0.0,-1.2223608791828156e-9 
 01/29  03:00:00,2846544.5956399357,1710000.0,1136544.5956399357,0.0,0.0,0.0,1350000.0,0.0,0.0,0.0,9.313225746154785e-10 
 01/29  04:00:00,2846544.5956399357,1710000.0,1136544.5956399357,0.0,0.0,0.0,1350000.0,0.0,0.0,0.0,6.402842700481415e-10 
 01/29  05:00:00,2846544.5956399357,1710000.0,1136544.5956399357,0.0,0.0,0.0,1350000.0,0.0,0.0,0.0,-2.0081643015146255e-9 
 01/29  06:00:00,2846544.5956399357,1710000.0,1136544.5956399357,0.0,0.0,0.0,1350000.0,0.0,0.0,0.0,-2.2992026060819626e-9 
 01/29  07:00:00,10987163.95619051,1710000.0,1136544.5956399357,8140619.360550574,7248822.075710721,0.0,1350000.0,3434740.8245625086,3434740.8245625086,0.0,1.280568540096283e-9 
 01/29  08:00:00,11979418.293881495,1686240.0,1136544.5956399357,9156633.698241558,8149650.498444298,0.0,1326240.0,2828296.8530661603,2828296.8530661603,3345366.305964187,-5.384208634495735e-10 
 01/29  09:00:00,35908442.21106114,24504840.0,1136544.5956399357,10267057.615421204,9124421.104291297,0.0,17304840.0,8093481.497020638,8093481.497020638,16883877.189301267,-9.313225746154785e-10 
 01/29  10:00:00,42367591.04144246,30126240.0,1153388.4114672602,11087962.629975202,9856626.497818384,0.0,13926240.0,4787495.915818051,4787495.915818051,22252581.718523268,3.4924596548080444e-10 
 01/29  11:00:00,39323344.42124109,26827200.0,1181558.138078676,11314586.283162411,10069263.08557047,0.0,10627200.0,2250956.4892823766,2250956.4892823766,24402734.620439842,-1.862645149230957e-9 
 01/29  12:00:00,38515832.13073315,26295840.0,1185142.8437014502,11034849.287031697,9822886.956434447,0.0,10095840.0,1545127.4448015627,1545127.4448015627,23766328.431648813,-5.3551048040390015e-9 
 01/29  13:00:00,36631158.91768149,24701760.0,1167277.0126492656,10762121.905032229,9572720.82356346,0.0,8501760.0,2687108.071254507,2687108.071254507,21348977.98266442,-4.6566128730773926e-9 
 01/29  14:00:00,37703369.72759964,25764480.0,1215687.424086538,10723202.303513102,9553196.45485196,0.0,9564480.0,171663.320046347,171663.320046347,21586996.339939088,-2.561137080192566e-9 
 01/29  15:00:00,37520736.60647346,25027200.0,1272821.424021531,11220715.182451935,10062851.410626717,0.0,10627200.0,0.0,0.0,21537716.465420984,-3.4924596548080444e-9 
 01/29  16:00:00,35055558.55727287,23227200.0,1243325.4087832647,10585033.148489606,9436865.371019837,0.0,10627200.0,0.0,0.0,21507846.89971712,-3.259629011154175e-9 
 01/29  17:00:00,31315478.65703351,20516400.0,1167537.0851580482,9631541.571875462,8465757.364886397,0.0,11516400.0,2116184.881165686,2116184.881165686,18669663.727863796,-4.190951585769653e-9 
 01/29  18:00:00,43973111.902876996,33685200.0,1155628.7122322407,9132283.190644752,7988926.486224097,0.0,24685200.0,3245753.3778738664,3245753.3778738664,4939795.525534268,-8.149072527885437e-9 
 01/29  19:00:00,31462526.454777867,21600000.0,1136544.5956399357,8725981.859137932,7614516.756048854,0.0,16200000.0,5765491.370007727,5765491.370007727,0.0,-3.026798367500305e-9 
 01/29  20:00:00,20233963.383472122,10800000.0,1136544.5956399357,8297418.7878321875,7293469.544416085,0.0,5400000.0,5356254.951285843,5356254.951285843,0.0,-2.3283064365386963e-9 
 01/29  21:00:00,6896544.595639936,5760000.0,1136544.5956399357,0.0,0.0,0.0,5400000.0,0.0,0.0,0.0,-6.984919309616089e-10 
 01/29  22:00:00,2846544.5956399357,1710000.0,1136544.5956399357,0.0,0.0,0.0,1350000.0,0.0,0.0,0.0,-2.444721758365631e-9 
 01/29  23:00:00,2846544.5956399357,1710000.0,1136544.5956399357,0.0,0.0,0.0,1350000.0,0.0,0.0,0.0,-3.6088749766349792e-9 
 01/29  24:00:00,2846544.5956399357,1710000.0,1136544.5956399357,0.0,0.0,0.0,1350000.0,0.0,0.0,0.0,-1.7462298274040222e-9 
 01/30  01:00:00,2846544.5956399357,1710000.0,1136544.5956399357,0.0,0.0,0.0,1350000.0,0.0,0.0,0.0,-5.820766091346741e-10 
 01/30  02:00:00,2846544.5956399357,1710000.0,1136544.5956399357,0.0,0.0,0.0,1350000.0,0.0,0.0,0.0,4.0745362639427185e-10 
 01/30  03:00:00,2846544.5956399357,1710000.0,1136544.5956399357,0.0,0.0,0.0,1350000.0,0.0,0.0,0.0,-4.0745362639427185e-9 
 01/30  04:00:00,2846544.5956399357,1710000.0,1136544.5956399357,0.0,0.0,0.0,1350000.0,0.0,0.0,0.0,-1.7462298274040222e-10 
 01/30  05:00:00,2846544.5956399357,1710000.0,1136544.5956399357,0.0,0.0,0.0,1350000.0,0.0,0.0,0.0,-5.820766091346741e-10 
 01/30  06:00:00,2846544.5956399357,1710000.0,1136544.5956399357,0.0,0.0,0.0,1350000.0,0.0,0.0,0.0,1.9208528101444244e-9 
 01/30  07:00:00,11077382.437638996,1710000.0,1136544.5956399357,8230837.84199906,7328549.552990043,0.0,1350000.0,3091782.5497713527,3091782.5497713527,175422.17266911874,-5.820766091346741e-11 
 01/30  08:00:00,12203987.806282012,1686240.0,1136544.5956399357,9381203.210642073,8347627.409503414,0.0,1326240.0,1962952.1511259147,1962952.1511259147,4341925.988189135,1.6443664208054543e-9 
 01/30  09:00:00,37188125.51060309,25305120.0,1136544.595639936,10746460.914963154,9547457.51455931,0.0,18105120.0,8653414.671818284,8653414.671818284,18697853.652143076,-2.852175384759903e-9 
 01/30  10:00:00,44404491.93799999,31480560.0,1173282.122734089,11750649.8152659,10448825.518141357,0.0,15280560.0,3493637.362240882,3493637.362240882,25979219.10052097,-8.96397978067398e-9 
 01/30  11:00:00,43058090.94273851,29556000.0,1204407.9384073853,12297683.004331123,10944777.624347497,0.0,13356000.0,841877.6306662614,841877.6306662614,26671155.525800154,-6.05359673500061e-9 
 01/30  12:00:00,39866761.37796164,26295840.0,1202592.2115934808,12368329.166368155,11011951.161249075,0.0,10095840.0,381782.1798105441,381782.1798105441,23898096.206198033,-3.958120942115784e-9 
 01/30  13:00:00,38109120.84916487,24701760.0,1178982.9249494842,12228377.924215395,10859303.062992478,0.0,8501760.0,1658560.2735864683,1658560.2735864683,21224045.345485512,-6.28642737865448e-9 
 01/30  14:00:00,39309756.77823427,25764480.0,1226263.0469392394,12319013.73129504,10972891.116885297,0.0,9564480.0,3442.2661242259683,3442.2661242259683,19477298.171624567,-5.820766091346741e-9 
 01/30  15:00:00,38861337.906438164,25027200.0,1253577.5428784343,12580560.363559728,11229951.289836578,0.0,10627200.0,0.0,0.0,18562634.26350765,-3.4924596548080444e-9 
 01/30  16:00:00,36305967.153078906,23227200.0,1226621.8932723445,11852145.259806566,10513572.935385866,0.0,10627200.0,0.0,0.0,20453800.333056647,-3.725290298461914e-9 
 01/30  17:00:00,32633862.454536807,20516400.0,1157608.0384492383,10959854.416087572,9624905.715867046,0.0,11516400.0,3402079.7810940933,3402079.7810940933,18300841.10269967,-5.3551048040390015e-9 
 01/30  18:00:00,42920017.190251485,31370400.0,1160132.780681375,10389484.409570113,9096507.295685686,0.0,22370400.0,2820291.5762360115,2820291.5762360115,10303893.045406187,-6.752088665962219e-9 
 01/30  19:00:00,32547613.860133365,21600000.0,1136544.5956399357,9811069.264493434,8570351.388876203,0.0,16200000.0,5846236.872636095,5846236.872636095,0.0,-5.3551048040390015e-9 
 01/30  20:00:00,20995169.96211646,10800000.0,1136544.5956399357,9058625.366476525,7968194.047863742,0.0,5400000.0,5389782.00130232,5389782.00130232,0.0,-2.7939677238464355e-9 
 01/30  21:00:00,6896544.595639936,5760000.0,1136544.5956399357,0.0,0.0,0.0,5400000.0,0.0,0.0,0.0,3.4924596548080444e-10 
 01/30  22:00:00,2846544.5956399357,1710000.0,1136544.5956399357,0.0,0.0,0.0,1350000.0,0.0,0.0,0.0,-2.6775524020195007e-9 
 01/30  23:00:00,2846544.5956399357,1710000.0,1136544.5956399357,0.0,0.0,0.0,1350000.0,0.0,0.0,0.0,-4.540197551250458e-9 
 01/30  24:00:00,2846544.5956399357,1710000.0,1136544.5956399357,0.0,0.0,0.0,1350000.0,0.0,0.0,0.0,-1.280568540096283e-9 
 01/31  01:00:00,2846544.5956399357,1710000.0,1136544.5956399357,0.0,0.0,0.0,1350000.0,0.0,0.0,0.0,6.402842700481415e-10 
 01/31  02:00:00,2846544.5956399357,1710000.0,1136544.5956399357,0.0,0.0,0.0,1350000.0,0.0,0.0,0.0,-6.984919309616089e-10 
 01/31  03:00:00,2846544.5956399357,1710000.0,1136544.5956399357,0.0,0.0,0.0,1350000.0,0.0,0.0,0.0,-1.8044374883174896e-9 
 01/31  04:00:00,2846544.5956399357,1710000.0,1136544.5956399357,0.0,0.0,0.0,1350000.0,0.0,0.0,0.0,-1.9208528101444244e-9 
 01/31  05:00:00,2846544.5956399357,1710000.0,1136544.5956399357,0.0,0.0,0.0,1350000.0,0.0,0.0,0.0,-2.5902409106492996e-9 
 01/31  06:00:00,2846544.5956399357,1710000.0,1136544.5956399357,0.0,0.0,0.0,1350000.0,0.0,0.0,0.0,5.1513779908418655e-9 
 01/31  07:00:00,10881413.542202052,1710000.0,1136544.5956399357,8034868.946562115,7156550.773771567,0.0,1350000.0,3698495.815063378,3698495.815063378,40245.69196711804,-1.3533281162381172e-9 
 01/31  08:00:00,11816319.051349297,1710000.0,1136544.5956399357,8969774.455709362,7986050.313530793,0.0,1350000.0,3999898.491221577,3999898.491221577,3063613.5087814564,-2.3283064365386963e-10 
 01/31  09:00:00,36269403.75157714,24932520.0,1136544.5956399357,10200339.1559372,9064466.43480986,0.0,17732520.0,7485154.503322553,7485154.503322553,15821877.51627166,-3.899913281202316e-9 
 01/31  10:00:00,42978526.27787464,30577680.0,1156029.4184592771,11244816.859415371,9991526.52725469,0.0,14377680.0,4516177.90193155,4516177.90193155,23906932.65534441,-3.6088749766349792e-9 
 01/31  11:00:00,40799995.81441691,27716400.0,1189627.8938233298,11893967.920593577,10575476.466185525,0.0,11516400.0,1766790.7523268047,1766790.7523268047,25668429.56940023,-1.1641532182693481e-9 
 01/31  12:00:00,39567406.378760196,26295840.0,1190564.1521098139,12081002.226650383,10742293.410558488,0.0,10095840.0,1169280.3941371879,1169280.3941371879,23954540.377275907,-7.450580596923828e-9 
 01/31  13:00:00,37737391.28400354,24701760.0,1172556.565548717,11863074.718454828,10542725.401842378,0.0,8501760.0,2160062.456418805,2160062.456418805,21454004.047609657,-4.190951585769653e-9 
 01/31  14:00:00,38705948.14116132,25764480.0,1223291.6920977025,11718176.449063625,10443861.53104344,0.0,9564480.0,78407.81136732033,78407.81136732033,20677198.13849102,-2.7939677238464355e-9 
 01/31  15:00:00,37901115.52091901,25027200.0,1252369.684522036,11621545.83639697,10392660.605378062,0.0,10627200.0,0.0,0.0,18364290.610985033,-6.984919309616089e-9 
 01/31  16:00:00,34761456.8949002,23227200.0,1196178.3823610013,10338078.512539197,9129081.690713286,0.0,10627200.0,265013.28519883455,265013.28519883455,16208992.801970376,-7.2177499532699585e-9 
 01/31  17:00:00,35892986.08708533,24962400.0,1138537.7229915552,9792048.364093775,8575871.32374297,0.0,15962400.0,5725100.667753692,5725100.667753692,11166940.154899836,-1.862645149230957e-9 
 01/31  18:00:00,45542415.36003802,35049600.0,1141317.3032384766,9351498.056799542,8161197.423471414,0.0,26049600.0,4788946.087305965,4788946.087305965,3321717.441661559,-6.752088665962219e-9 
 01/31  19:00:00,31651538.31691544,21600000.0,1136544.5956399357,8914993.721275505,7777584.5227915505,0.0,16200000.0,5326211.025535952,5326211.025535952,0.0,-4.6566128730773926e-9 
 01/31  20:00:00,20449003.56736706,10800000.0,1136544.5956399357,8512458.971727122,7482403.078770528,0.0,5400000.0,5188482.483164271,5188482.483164271,0.0,-2.0954757928848267e-9 
 01/31  21:00:00,6896544.595639936,5760000.0,1136544.5956399357,0.0,0.0,0.0,5400000.0,0.0,0.0,0.0,-5.820766091346741e-10 
 01/31  22:00:00,2846544.5956399357,1710000.0,1136544.5956399357,0.0,0.0,0.0,1350000.0,0.0,0.0,0.0,-3.4924596548080444e-9 
 01/31  23:00:00,2846544.5956399357,1710000.0,1136544.5956399357,0.0,0.0,0.0,1350000.0,0.0,0.0,0.0,-2.3283064365386963e-9 
 01/31  24:00:00,2846544.5956399357,1710000.0,1136544.5956399357,0.0,0.0,0.0,1350000.0,0.0,0.0,0.0,-1.5133991837501526e-9 
 07/01  01:00:00,1710000.0,1710000.0,0.0,0.0,0.0,0.0,1350000.0,0.0,0.0,0.0,-3.725290298461914e-9 
 07/01  02:00:00,1710000.0,1710000.0,0.0,0.0,0.0,0.0,1350000.0,0.0,0.0,0.0,-7.566995918750763e-10 
 07/01  03:00:00,1710000.0,1710000.0,0.0,0.0,0.0,0.0,1350000.0,0.0,0.0,0.0,2.0372681319713593e-9 
 07/01  04:00:00,1710000.0,1710000.0,0.0,0.0,0.0,0.0,1350000.0,0.0,0.0,0.0,-9.89530235528946e-10 
 07/01  05:00:00,1710000.0,1710000.0,0.0,0.0,0.0,0.0,1350000.0,0.0,0.0,0.0,-1.7462298274040222e-9 
 07/01  06:00:00,1710000.0,1710000.0,0.0,0.0,0.0,0.0,1350000.0,0.0,0.0,0.0,-4.3655745685100555e-9 
 07/01  07:00:00,18091150.930390887,1710000.0,1136544.5956399357,15244606.334750954,13386551.961223032,0.0,1350000.0,0.0,0.0,3533221.508329469,3.841705620288849e-9 
 07/01  08:00:00,18255894.184573475,1481580.0,1136544.5956399357,15637769.588933539,13831814.735115718,0.0,1121580.0,0.0,0.0,19740343.773817573,2.5029294192790985e-9 
 07/01  09:00:00,39946034.43850723,22476600.0,1136544.5956399357,16332889.842867292,14483584.2099703,0.0,15276600.0,0.0,0.0,29728209.82999305,-3.725290298461914e-9 
 07/01  10:00:00,51523964.66727209,33170040.0,1158781.1684680968,17195143.498804003,15268331.467571774,0.0,16970040.0,0.0,0.0,23827174.47693853,-6.402842700481415e-9 
 07/01  11:00:00,48327098.68225168,27716400.0,1223590.0688878905,19387108.613363788,17459787.549054034,0.0,11516400.0,0.0,0.0,29446580.996219713,-6.752088665962219e-9 
 07/01  12:00:00,47847183.74084789,26295840.0,1246071.6941026957,20305272.046745196,18377950.98243545,0.0,10095840.0,0.0,0.0,27368572.283586916,-3.026798367500305e-9 
 07/01  13:00:00,45736345.90496108,24701760.0,1203374.2292271322,19831211.675733946,17903890.6114242,0.0,8501760.0,0.0,0.0,26506435.669782497,-4.6566128730773926e-9 
 07/01  14:00:00,48968592.835949,25764480.0,1273384.479591249,21930728.35635776,20003407.29204801,0.0,9564480.0,0.0,0.0,26020268.63349122,-6.05359673500061e-9 
 07/01  15:00:00,49253393.082040474,25027200.0,1297438.2619513632,22928754.820089113,21001433.755779363,0.0,10627200.0,0.0,0.0,26875637.980080865,-4.889443516731262e-9 
 07/01  16:00:00,46118662.250106364,23227200.0,1263546.9154247376,21627915.33468163,19700594.27037188,0.0,10627200.0,0.0,0.0,23286464.604591206,-6.28642737865448e-9 
 07/01  17:00:00,39292367.03581472,19627200.0,1197368.1274758298,18467798.908338882,16540477.844029136,0.0,10627200.0,0.0,0.0,21427854.57986333,-2.561137080192566e-9 
 07/01  18:00:00,37496036.700967185,21052800.0,1157260.6991263153,15285976.00184087,13358654.937531123,0.0,12052800.0,0.0,0.0,11362746.896043435,-3.026798367500305e-9 
 07/01  19:00:00,36336994.57664065,21600000.0,1136544.5956399357,13600449.981000714,11695087.29880069,0.0,16200000.0,508201.8201044661,508201.8201044661,1021323.786352561,-8.614733815193176e-9 
 07/01  20:00:00,24514418.404508248,10800000.0,1136544.5956399357,12577873.808868311,10759581.813414287,0.0,5400000.0,529924.0100849122,529924.0100849122,0.0,-3.841705620288849e-9 
 07/01  21:00:00,5760000.0,5760000.0,0.0,0.0,0.0,0.0,5400000.0,0.0,0.0,0.0,-1.3969838619232178e-9 
 07/01  22:00:00,1710000.0,1710000.0,0.0,0.0,0.0,0.0,1350000.0,0.0,0.0,0.0,-4.307366907596588e-9 
 07/01  23:00:00,1710000.0,1710000.0,0.0,0.0,0.0,0.0,1350000.0,0.0,0.0,0.0,-9.313225746154785e-10 
 07/01  24:00:00,1710000.0,1710000.0,0.0,0.0,0.0,0.0,1350000.0,0.0,0.0,0.0,-2.0954757928848267e-9 
 07/02  01:00:00,1710000.0,1710000.0,0.0,0.0,0.0,0.0,1350000.0,0.0,0.0,0.0,1.1641532182693481e-10 
 07/02  02:00:00,1710000.0,1710000.0,0.0,0.0,0.0,0.0,1350000.0,0.0,0.0,0.0,-1.57160684466362e-9 
 07/02  03:00:00,1710000.0,1710000.0,0.0,0.0,0.0,0.0,1350000.0,0.0,0.0,0.0,-2.6193447411060333e-9 
 07/02  04:00:00,1710000.0,1710000.0,0.0,0.0,0.0,0.0,1350000.0,0.0,0.0,0.0,1.0477378964424133e-9 
 07/02  05:00:00,1710000.0,1710000.0,0.0,0.0,0.0,0.0,1350000.0,0.0,0.0,0.0,-1.0477378964424133e-9 
 07/02  06:00:00,1710000.0,1710000.0,0.0,0.0,0.0,0.0,1350000.0,0.0,0.0,53576.53520387532,1.1641532182693481e-10 
 07/02  07:00:00,16102463.835894188,1710000.0,1136544.5956399357,13255919.240254253,11457355.363938801,0.0,1350000.0,486614.777788488,486614.777788488,5821760.496883737,1.367880031466484e-9 
 07/02  08:00:00,16865304.907589242,1437120.0,1136544.5956399357,14291640.311949307,12542454.324675813,0.0,1077120.0,122974.22201826387,122974.22201826387,27777235.563029222,-3.6088749766349792e-9 
 07/02  09:00:00,38904027.256678455,22476600.0,1140054.4631357645,15287372.793542685,13471534.006286383,0.0,15276600.0,0.0,0.0,36387792.31124741,-5.3551048040390015e-9 
 07/02  10:00:00,50277205.999194875,30126240.0,1221298.2402314832,18929667.758963395,17029429.98865861,0.0,13926240.0,0.0,0.0,34393792.38098291,-1.862645149230957e-9 
 07/02  11:00:00,49644932.67816168,26827200.0,1276104.7170310214,21541627.961130656,19614306.89682091,0.0,10627200.0,0.0,0.0,29734637.743672863,-3.4924596548080444e-9 
 07/02  12:00:00,50716992.80617921,26295840.0,1279624.9017428972,23141527.90443632,21214206.840126567,0.0,10095840.0,0.0,0.0,25097733.42803788,-5.587935447692871e-9 
 07/02  13:00:00,47436966.47241212,24701760.0,1217572.72567701,21517633.74673511,19590312.682425365,0.0,8501760.0,0.0,0.0,23681696.977903873,-3.026798367500305e-9 
 07/02  14:00:00,49716217.36895156,25764480.0,1296154.7258174252,22655582.643134132,20728261.578824386,0.0,9564480.0,0.0,0.0,24895657.505436003,-6.28642737865448e-9 
 07/02  15:00:00,47749663.461014174,25027200.0,1316219.8426779616,21406243.618336216,19478922.55402647,0.0,10627200.0,0.0,0.0,23994459.615018312,-4.423782229423523e-9 
 07/02  16:00:00,43486284.30505808,23227200.0,1249727.9238904798,19009356.381167598,17082035.31685785,0.0,10627200.0,0.0,0.0,17905038.91598004,-6.05359673500061e-9 
 07/02  17:00:00,43952688.453670144,26863200.0,1168913.079949498,15920575.373720651,13993254.309410904,0.0,17863200.0,0.0,0.0,10642986.280698612,-1.862645149230957e-9 
 07/02  18:00:00,42166613.93787266,25682400.0,1144754.2288105409,15339459.709062127,13412138.64475238,0.0,16682400.0,0.0,0.0,7106662.7793619875,-4.889443516731262e-9 
 07/02  19:00:00,37969983.39809428,21600000.0,1136544.5956399357,15233438.802454349,13306117.738144603,0.0,16200000.0,0.0,0.0,840628.7010327373,-6.984919309616089e-10 
 07/02  20:00:00,27497261.494308606,10800000.0,1136544.5956399357,15560716.898668673,13633395.834358923,0.0,5400000.0,0.0,0.0,0.0,-1.6298145055770874e-9 
 07/02  21:00:00,5760000.0,5760000.0,0.0,0.0,0.0,0.0,5400000.0,0.0,0.0,0.0,6.984919309616089e-10 
 07/02  22:00:00,1710000.0,1710000.0,0.0,0.0,0.0,0.0,1350000.0,0.0,0.0,0.0,-3.841705620288849e-9 
 07/02  23:00:00,1710000.0,1710000.0,0.0,0.0,0.0,0.0,1350000.0,0.0,0.0,0.0,-3.4924596548080444e-9 
 07/02  24:00:00,1710000.0,1710000.0,0.0,0.0,0.0,0.0,1350000.0,0.0,0.0,0.0,-1.1641532182693481e-9 
 07/03  01:00:00,1710000.0,1710000.0,0.0,0.0,0.0,0.0,1350000.0,0.0,0.0,0.0,-2.3283064365386963e-10 
 07/03  02:00:00,1710000.0,1710000.0,0.0,0.0,0.0,0.0,1350000.0,0.0,0.0,0.0,-1.9208528101444244e-9 
 07/03  03:00:00,1710000.0,1710000.0,0.0,0.0,0.0,0.0,1350000.0,0.0,0.0,0.0,-1.280568540096283e-9 
 07/03  04:00:00,1710000.0,1710000.0,0.0,0.0,0.0,0.0,1350000.0,0.0,0.0,0.0,-7.566995918750763e-10 
 07/03  05:00:00,1710000.0,1710000.0,0.0,0.0,0.0,0.0,1350000.0,0.0,0.0,0.0,2.6775524020195007e-9 
 07/03  06:00:00,1710000.0,1710000.0,0.0,0.0,0.0,0.0,1350000.0,0.0,0.0,0.0,-1.6880221664905548e-9 
 07/03  07:00:00,18532505.13384208,1710000.0,1136544.5956399357,15685960.538202146,13796218.75233312,0.0,1350000.0,0.0,0.0,476771.8837513148,3.6088749766349792e-9 
 07/03  08:00:00,19512880.564774845,1710000.0,1136544.5956399357,16666335.969134912,14826738.450415077,0.0,1350000.0,0.0,0.0,5084189.074655968,5.820766091346741e-10 
 07/03  09:00:00,43752054.546715304,24932520.0,1136544.5956399357,17682989.951075368,15823737.783692364,0.0,17732520.0,0.0,0.0,20071717.77425388,-3.3760443329811096e-9 
 07/03  10:00:00,49468862.916168734,30126240.0,1152652.7771992935,18189970.138969444,16262649.074659696,0.0,13926240.0,0.0,0.0,32383524.794797536,-2.9103830456733704e-9 
 07/03  11:00:00,51365397.73489086,30384000.0,1215288.9969811866,19766108.737909675,17838787.673599925,0.0,14184000.0,0.0,0.0,29360170.08845883,-6.05359673500061e-9 
 07/03  12:00:00,51192906.86319487,29732940.0,1235986.2952495269,20223980.567945343,18296659.503635593,0.0,13532940.0,0.0,0.0,24577607.646989547,-1.6298145055770874e-9 
 07/03  13:00:00,44918281.6690876,24701760.0,1182374.160815319,19034147.508272283,17106826.443962537,0.0,8501760.0,0.0,0.0,23389841.71754165,-2.7939677238464355e-9 
 07/03  14:00:00,48532097.69126309,25764480.0,1255027.187844158,21512590.50341893,19585269.43910918,0.0,9564480.0,0.0,0.0,24804776.96037086,-5.820766091346741e-9 
 07/03  15:00:00,49259335.39421071,25027200.0,1283619.7843711353,22948515.60983958,21021194.545529827,0.0,10627200.0,0.0,0.0,23426950.702141527,-7.450580596923828e-9 
 07/03  16:00:00,47344121.43058449,23227200.0,1277002.7878876266,22839918.642696865,20912597.578387115,0.0,10627200.0,0.0,0.0,26287888.047638338,-6.05359673500061e-9 
 07/03  17:00:00,41065334.92953582,19627200.0,1206350.3730798343,20231784.556455985,18304463.49214624,0.0,10627200.0,0.0,0.0,20974422.723711148,-4.423782229423523e-9 
 07/03  18:00:00,40334367.244744316,21052800.0,1166602.7476910395,18114964.497053273,16187643.432743523,0.0,12052800.0,0.0,0.0,12142766.041376812,-2.3283064365386963e-9 
 07/03  19:00:00,39143310.27731094,21600000.0,1136544.5956399357,16406765.681671001,14479444.617361253,0.0,16200000.0,0.0,0.0,1423723.2077196343,-5.587935447692871e-9 
 07/03  20:00:00,27842691.269710734,10800000.0,1136544.5956399357,15906146.674070802,13978825.609761056,0.0,5400000.0,0.0,0.0,0.0,-2.3283064365386963e-9 
 07/03  21:00:00,5760000.0,5760000.0,0.0,0.0,0.0,0.0,5400000.0,0.0,0.0,0.0,-4.656612873077393e-10 
 07/03  22:00:00,1710000.0,1710000.0,0.0,0.0,0.0,0.0,1350000.0,0.0,0.0,0.0,2.3283064365386963e-10 
 07/03  23:00:00,1710000.0,1710000.0,0.0,0.0,0.0,0.0,1350000.0,0.0,0.0,0.0,-3.725290298461914e-9 
 07/03  24:00:00,1710000.0,1710000.0,0.0,0.0,0.0,0.0,1350000.0,0.0,0.0,0.0,-3.841705620288849e-9 
 07/04  01:00:00,1710000.0,1710000.0,0.0,0.0,0.0,0.0,1350000.0,0.0,0.0,0.0,-4.190951585769653e-9 
 07/04  02:00:00,1710000.0,1710000.0,0.0,0.0,0.0,0.0,1350000.0,0.0,0.0,0.0,-1.7462298274040222e-9 
 07/04  03:00:00,1710000.0,1710000.0,0.0,0.0,0.0,0.0,1350000.0,0.0,0.0,0.0,-2.3283064365386963e-10 
 07/04  04:00:00,1710000.0,1710000.0,0.0,0.0,0.0,0.0,1350000.0,0.0,0.0,0.0,1.4551915228366852e-9 
 07/04  05:00:00,1710000.0,1710000.0,0.0,0.0,0.0,0.0,1350000.0,0.0,0.0,0.0,-2.3865140974521637e-9 
 07/04  06:00:00,1710000.0,1710000.0,0.0,0.0,0.0,0.0,1350000.0,0.0,0.0,0.0,-1.280568540096283e-9 
 07/04  07:00:00,16660764.794588784,1710000.0,1136544.5956399357,13814220.198948847,11968359.668274447,0.0,1350000.0,61095.568678731506,61095.568678731506,1980227.4215457444,-2.1245796233415604e-9 
 07/04  08:00:00,16654642.108498737,1618020.0,1136544.5956399357,13900077.5128588,12112947.597890131,0.0,1258020.0,7881.3138735647835,7881.3138735647835,11168150.67982211,-2.240994945168495e-9 
 07/04  09:00:00,41664684.071257174,26160480.0,1136544.5956399357,14367659.475617236,12566626.909182895,0.0,18960480.0,0.0,0.0,19024865.726702455,-5.122274160385132e-9 
 07/04  10:00:00,48555483.356917635,32325300.0,1139459.5974684588,15090723.759449175,13180106.138779312,0.0,16125300.0,0.0,0.0,25727614.583025876,-2.0954757928848267e-9 
 07/04  11:00:00,50148691.19249687,32284800.0,1184327.5923487477,16679563.600148125,14752242.535838377,0.0,16084800.0,0.0,0.0,26547947.572971005,-3.026798367500305e-9 
 07/04  12:00:00,50107143.574535534,31480560.0,1201747.5128593075,17424836.061676227,15497514.99736648,0.0,15280560.0,0.0,0.0,23607128.122322887,-9.313225746154785e-10 
 07/04  13:00:00,46167211.170120426,28687680.0,1166006.5556663857,16313524.614454048,14386203.5501443,0.0,12487680.0,0.0,0.0,23006045.152195837,-4.889443516731262e-9 
 07/04  14:00:00,44881357.49124126,25764480.0,1224248.7866489948,17892628.704592265,15965307.640282521,0.0,9564480.0,0.0,0.0,25350358.950276,-5.820766091346741e-9 
 07/04  15:00:00,44762950.59631391,25027200.0,1234951.6799533188,18500798.916360594,16573477.852050848,0.0,10627200.0,0.0,0.0,22796759.177476376,-6.28642737865448e-9 
 07/04  16:00:00,44698400.804693185,25894800.0,1189819.19345486,17613781.611238323,15686460.546928573,0.0,13294800.0,0.0,0.0,15288479.092907373,-2.7939677238464355e-9 
 07/04  17:00:00,40896215.15843305,23659200.0,1142468.562218677,16094546.596214378,14167225.53190463,0.0,14659200.0,0.0,0.0,13128631.158337887,-4.6566128730773926e-9 
 07/04  18:00:00,40709229.54112834,23842800.0,1136640.4947724105,15729789.046355933,13802467.982046183,0.0,14842800.0,0.0,0.0,7801123.622830821,-4.423782229423523e-9 
 07/04  19:00:00,38492387.94907793,21600000.0,1136544.5956399357,15755843.35343799,13828522.289128242,0.0,16200000.0,0.0,0.0,721472.3945923713,-4.889443516731262e-9 
 07/04  20:00:00,27656455.784991108,10800000.0,1136544.5956399357,15719911.189351171,13792590.125041425,0.0,5400000.0,0.0,0.0,0.0,-6.984919309616089e-10 
 07/04  21:00:00,5760000.0,5760000.0,0.0,0.0,0.0,0.0,5400000.0,0.0,0.0,0.0,-3.14321368932724e-9 
 07/04  22:00:00,1710000.0,1710000.0,0.0,0.0,0.0,0.0,1350000.0,0.0,0.0,0.0,1.280568540096283e-9 
 07/04  23:00:00,1710000.0,1710000.0,0.0,0.0,0.0,0.0,1350000.0,0.0,0.0,0.0,-1.1641532182693481e-10 
 07/04  24:00:00,1710000.0,1710000.0,0.0,0.0,0.0,0.0,1350000.0,0.0,0.0,0.0,-3.3760443329811096e-9 
 07/05  01:00:00,4950000.0,4950000.0,0.0,0.0,0.0,0.0,1350000.0,0.0,0.0,0.0,2.444721758365631e-9 
 07/05  02:00:00,4950000.0,4950000.0,0.0,0.0,0.0,0.0,1350000.0,0.0,0.0,0.0,1.6880221664905548e-9 
 07/05  03:00:00,4950000.0,4950000.0,0.0,0.0,0.0,0.0,1350000.0,0.0,0.0,0.0,-2.7939677238464355e-9 
 07/05  04:00:00,4950000.0,4950000.0,0.0,0.0,0.0,0.0,1350000.0,0.0,0.0,0.0,-4.307366907596588e-9 
 07/05  05:00:00,4950000.0,4950000.0,0.0,0.0,0.0,0.0,1350000.0,0.0,0.0,0.0,-3.6088749766349792e-9 
 07/05  06:00:00,4950000.0,4950000.0,0.0,0.0,0.0,0.0,1350000.0,0.0,0.0,0.0,5.820766091346741e-11 
 07/05  07:00:00,4950000.0,4950000.0,0.0,0.0,0.0,0.0,1350000.0,0.0,0.0,3810541.8246723474,-1.4551915228366852e-9 
 07/05  08:00:00,4721580.0,4721580.0,0.0,0.0,0.0,0.0,1121580.0,0.0,0.0,20960510.561658874,-7.566995918750763e-10 
 07/05  09:00:00,4448700.0,4448700.0,0.0,0.0,0.0,0.0,848700.0,0.0,0.0,32035715.29144997,-1.9208528101444244e-9 
 07/05  10:00:00,4332960.0,4332960.0,0.0,0.0,0.0,0.0,732960.0,0.0,0.0,34237415.3907011,-6.402842700481415e-9 
 07/05  11:00:00,4332960.0,4332960.0,0.0,0.0,0.0,0.0,732960.0,0.0,0.0,28135405.036401056,1.1641532182693481e-10 
 07/05  12:00:00,4288500.0,4288500.0,0.0,0.0,0.0,0.0,688500.0,0.0,0.0,26243342.610685226,-4.889443516731262e-9 
 07/05  13:00:00,4312260.0,4312260.0,0.0,0.0,0.0,0.0,712260.0,0.0,0.0,23139508.39801824,-3.259629011154175e-9 
 07/05  14:00:00,4131360.0,4131360.0,0.0,0.0,0.0,0.0,531360.0,0.0,0.0,25369314.592635702,-1.862645149230957e-9 
 07/05  15:00:00,4131360.0,4131360.0,0.0,0.0,0.0,0.0,531360.0,0.0,0.0,19497710.895561337,-3.4924596548080444e-9 
 07/05  16:00:00,4131360.0,4131360.0,0.0,0.0,0.0,0.0,531360.0,0.0,0.0,16700092.876062792,-1.1641532182693481e-9 
 07/05  17:00:00,4380480.0,4380480.0,0.0,0.0,0.0,0.0,780480.0,0.0,0.0,12164361.221560374,-4.190951585769653e-9 
 07/05  18:00:00,4273920.0,4273920.0,0.0,0.0,0.0,0.0,673920.0,0.0,0.0,9474649.205987338,-5.820766091346741e-9 
 07/05  19:00:00,4905540.0,4905540.0,0.0,0.0,0.0,0.0,1305540.0,0.0,0.0,2087740.7933610377,-2.3283064365386963e-9 
 07/05  20:00:00,4950000.0,4950000.0,0.0,0.0,0.0,0.0,1350000.0,0.0,0.0,0.0,-2.3283064365386963e-10 
 07/05  21:00:00,4950000.0,4950000.0,0.0,0.0,0.0,0.0,1350000.0,0.0,0.0,0.0,9.313225746154785e-10 
 07/05  22:00:00,4950000.0,4950000.0,0.0,0.0,0.0,0.0,1350000.0,0.0,0.0,0.0,-3.4924596548080444e-9 
 07/05  23:00:00,4950000.0,4950000.0,0.0,0.0,0.0,0.0,1350000.0,0.0,0.0,0.0,-1.1641532182693481e-9 
 07/05  24:00:00,4950000.0,4950000.0,0.0,0.0,0.0,0.0,1350000.0,0.0,0.0,0.0,-1.6298145055770874e-9 
 07/06  01:00:00,4950000.0,4950000.0,0.0,0.0,0.0,0.0,1350000.0,0.0,0.0,0.0,-9.313225746154785e-10 
 07/06  02:00:00,4950000.0,4950000.0,0.0,0.0,0.0,0.0,1350000.0,0.0,0.0,0.0,-6.984919309616089e-10 
 07/06  03:00:00,4950000.0,4950000.0,0.0,0.0,0.0,0.0,1350000.0,0.0,0.0,0.0,-1.5133991837501526e-9 
 07/06  04:00:00,4950000.0,4950000.0,0.0,0.0,0.0,0.0,1350000.0,0.0,0.0,0.0,-4.656612873077393e-10 
 07/06  05:00:00,4950000.0,4950000.0,0.0,0.0,0.0,0.0,1350000.0,0.0,0.0,0.0,-4.831235855817795e-9 
 07/06  06:00:00,4950000.0,4950000.0,0.0,0.0,0.0,0.0,1350000.0,0.0,0.0,0.0,-1.979060471057892e-9 
 07/06  07:00:00,4950000.0,4950000.0,0.0,0.0,0.0,0.0,1350000.0,0.0,0.0,1936731.4625544725,-1.862645149230957e-9 
 07/06  08:00:00,4902480.0,4902480.0,0.0,0.0,0.0,0.0,1302480.0,0.0,0.0,10295124.200438295,-4.656612873077393e-10 
 07/06  09:00:00,4721580.0,4721580.0,0.0,0.0,0.0,0.0,1121580.0,0.0,0.0,15856534.875260152,-2.6193447411060333e-9 
 07/06  10:00:00,4493160.0,4493160.0,0.0,0.0,0.0,0.0,893160.0,0.0,0.0,23599343.721776567,1.280568540096283e-9 
 07/06  11:00:00,4605840.0,4605840.0,0.0,0.0,0.0,0.0,1005840.0,0.0,0.0,19928950.579199683,-1.0477378964424133e-9 
 07/06  12:00:00,4404240.0,4404240.0,0.0,0.0,0.0,0.0,804240.0,0.0,0.0,24890874.069102794,-2.2118911147117615e-9 
 07/06  13:00:00,4175820.0,4175820.0,0.0,0.0,0.0,0.0,575820.0,0.0,0.0,25677096.60517764,-6.170012056827545e-9 
 07/06  14:00:00,4175820.0,4175820.0,0.0,0.0,0.0,0.0,575820.0,0.0,0.0,22054814.483029805,-4.6566128730773926e-9 
 07/06  15:00:00,4131360.0,4131360.0,0.0,0.0,0.0,0.0,531360.0,0.0,0.0,24749342.477760833,4.656612873077393e-10 
 07/06  16:00:00,4131360.0,4131360.0,0.0,0.0,0.0,0.0,531360.0,0.0,0.0,21479983.244672127,-6.984919309616089e-9 
 07/06  17:00:00,4653360.0,4653360.0,0.0,0.0,0.0,0.0,1053360.0,0.0,0.0,7382225.197567647,-2.7939677238464355e-9 
 07/06  18:00:00,4881780.0,4881780.0,0.0,0.0,0.0,0.0,1281780.0,0.0,0.0,3665620.170382545,-6.752088665962219e-9 
 07/06  19:00:00,4950000.0,4950000.0,0.0,0.0,0.0,0.0,1350000.0,0.0,0.0,263743.48220086226,-3.4924596548080444e-10 
 07/06  20:00:00,4950000.0,4950000.0,0.0,0.0,0.0,0.0,1350000.0,0.0,0.0,0.0,-3.841705620288849e-9 
 07/06  21:00:00,4950000.0,4950000.0,0.0,0.0,0.0,0.0,1350000.0,0.0,0.0,0.0,-3.259629011154175e-9 
 07/06  22:00:00,4950000.0,4950000.0,0.0,0.0,0.0,0.0,1350000.0,0.0,0.0,0.0,0.0 
 07/06  23:00:00,4950000.0,4950000.0,0.0,0.0,0.0,0.0,1350000.0,0.0,0.0,0.0,-2.561137080192566e-9 
 07/06  24:00:00,4950000.0,4950000.0,0.0,0.0,0.0,0.0,1350000.0,0.0,0.0,0.0,2.3283064365386963e-10 
 07/07  01:00:00,1710000.0,1710000.0,0.0,0.0,0.0,0.0,1350000.0,0.0,0.0,0.0,-6.402842700481415e-10 
 07/07  02:00:00,1710000.0,1710000.0,0.0,0.0,0.0,0.0,1350000.0,0.0,0.0,0.0,5.820766091346741e-11 
 07/07  03:00:00,1710000.0,1710000.0,0.0,0.0,0.0,0.0,1350000.0,0.0,0.0,0.0,6.984919309616089e-10 
 07/07  04:00:00,1710000.0,1710000.0,0.0,0.0,0.0,0.0,1350000.0,0.0,0.0,0.0,-1.0477378964424133e-9 
 07/07  05:00:00,1710000.0,1710000.0,0.0,0.0,0.0,0.0,1350000.0,0.0,0.0,0.0,-1.4551915228366852e-9 
 07/07  06:00:00,1710000.0,1710000.0,0.0,0.0,0.0,0.0,1350000.0,0.0,0.0,0.0,7.566995918750763e-10 
 07/07  07:00:00,15674124.927224342,1710000.0,1136544.5956399357,12827580.331584407,11013339.773778116,0.0,1350000.0,518647.063260105,518647.063260105,3159197.4891127995,1.1641532182693481e-10 
 07/07  08:00:00,15779901.169657018,1505340.0,1136544.5956399357,13138016.574017085,11368805.121985357,0.0,1145340.0,466639.5885895774,466639.5885895774,18708608.985929847,1.2223608791828156e-9 
 07/07  09:00:00,37488054.19965059,22476600.0,1136544.5956399357,13874909.604010656,12081079.162719538,0.0,15276600.0,176036.97973847107,176036.97973847107,31143981.96300063,-2.444721758365631e-9 
 07/07  10:00:00,47814252.08582161,31480560.0,1166104.7073747353,15167587.378446873,13269766.196600948,0.0,15280560.0,3849.056200432604,3849.056200432604,28785293.96083647,-3.026798367500305e-9 
 07/07  11:00:00,50414141.013893545,32284800.0,1209186.925767834,16920154.08812572,14992833.023815973,0.0,16084800.0,0.0,0.0,24704410.327568337,-4.889443516731262e-9 
 07/07  12:00:00,51044402.895355605,32325300.0,1219613.7587324837,17499489.13662312,15572168.072313378,0.0,16125300.0,0.0,0.0,23099575.741153076,-2.7939677238464355e-9 
 07/07  13:00:00,47399045.45235319,29779200.0,1169651.1306874924,16450194.321665693,14522873.257355947,0.0,13579200.0,0.0,0.0,21144305.65489108,-1.1641532182693481e-9 
 07/07  14:00:00,46081834.354752764,27365040.0,1206982.028209097,17509812.326543674,15582491.262233926,0.0,11165040.0,0.0,0.0,20437295.213082634,-3.4924596548080444e-9 
 07/07  15:00:00,44626571.4200484,25027200.0,1223798.5956412875,18375572.82440711,16448251.760097364,0.0,10627200.0,0.0,0.0,23238888.604139753,-5.3551048040390015e-9 
 07/07  16:00:00,41798710.65688066,23227200.0,1180380.2178518677,17391130.439028796,15463809.374719046,0.0,10627200.0,0.0,0.0,16614609.844569279,-5.820766091346741e-9 
 07/07  17:00:00,37398083.32559234,20516400.0,1137144.6648911033,15744538.66070124,13817217.596391492,0.0,11516400.0,0.0,0.0,14271144.49537353,-2.561137080192566e-9 
 07/07  18:00:00,38489942.10462761,22478400.0,1136544.5956399357,14874997.508987678,12947675.067176618,0.0,13478400.0,0.0,0.0,9060728.56338176,-3.259629011154175e-9 
 07/07  19:00:00,36822540.95974812,21600000.0,1136544.5956399357,14085996.36410818,12158538.477862502,0.0,16200000.0,97483.10100568814,97483.10100568814,744076.348748026,-2.7939677238464355e-9 
 07/07  20:00:00,25502962.131675564,10800000.0,1136544.5956399357,13566417.536035623,11638697.272479335,0.0,5400000.0,287425.6166351172,287425.6166351172,0.0,1.6298145055770874e-9 
 07/07  21:00:00,5760000.0,5760000.0,0.0,0.0,0.0,0.0,5400000.0,0.0,0.0,0.0,-3.3760443329811096e-9 
 07/07  22:00:00,1710000.0,1710000.0,0.0,0.0,0.0,0.0,1350000.0,0.0,0.0,0.0,-4.307366907596588e-9 
 07/07  23:00:00,1710000.0,1710000.0,0.0,0.0,0.0,0.0,1350000.0,0.0,0.0,0.0,-3.026798367500305e-9 
 07/07  24:00:00,1710000.0,1710000.0,0.0,0.0,0.0,0.0,1350000.0,0.0,0.0,0.0,-1.0477378964424133e-9 
 07/08  01:00:00,1710000.0,1710000.0,0.0,0.0,0.0,0.0,1350000.0,0.0,0.0,0.0,-3.434251993894577e-9 
 07/08  02:00:00,1710000.0,1710000.0,0.0,0.0,0.0,0.0,1350000.0,0.0,0.0,0.0,-9.313225746154785e-10 
 07/08  03:00:00,1710000.0,1710000.0,0.0,0.0,0.0,0.0,1350000.0,0.0,0.0,0.0,-3.259629011154175e-9 
 07/08  04:00:00,1710000.0,1710000.0,0.0,0.0,0.0,0.0,1350000.0,0.0,0.0,0.0,4.0745362639427185e-10 
 07/08  05:00:00,1710000.0,1710000.0,0.0,0.0,0.0,0.0,1350000.0,0.0,0.0,0.0,-4.249159246683121e-9 
 07/08  06:00:00,1710000.0,1710000.0,0.0,0.0,0.0,0.0,1350000.0,0.0,0.0,0.0,3.4924596548080444e-10 
 07/08  07:00:00,15896174.583086947,1710000.0,1136544.5956399357,13049629.987447012,11228180.659696402,0.0,1350000.0,414787.33236860426,414787.33236860426,2226331.729594823,-1.1641532182693481e-9 
 07/08  08:00:00,16014196.346595395,1573560.0,1136544.5956399357,13304091.750955462,11542578.410088656,0.0,1213560.0,254878.35885551228,254878.35885551228,13505134.246982358,-2.764863893389702e-9 
 07/08  09:00:00,39653140.26219213,24504840.0,1136544.5956399357,14011755.66655219,12225781.167721476,0.0,17304840.0,29341.14163682,29341.14163682,24633221.75813419,-3.3760443329811096e-9 
 07/08  10:00:00,47178369.31984493,31029120.0,1148437.9875768607,15000811.332268067,13093232.380656274,0.0,14829120.0,0.0,0.0,28754851.85856667,-3.841705620288849e-9 
 07/08  11:00:00,48515009.14478867,30384000.0,1203286.598441415,16927722.546347246,15000401.4820375,0.0,14184000.0,0.0,0.0,29656672.81012747,-5.820766091346741e-9 
 07/08  12:00:00,48474588.96575017,29674800.0,1228562.7919786822,17571226.173771493,15643905.109461749,0.0,13474800.0,0.0,0.0,27226292.559803564,-4.889443516731262e-9 
 07/08  13:00:00,42230741.74836992,24701760.0,1185790.5586892054,16343191.189680714,14415870.125370966,0.0,8501760.0,0.0,0.0,26636994.748431005,-6.984919309616089e-10 
 07/08  14:00:00,44552977.06635846,25764480.0,1245299.6579409887,17543197.40841747,15615876.344107727,0.0,9564480.0,0.0,0.0,26192694.76558531,-4.6566128730773926e-9 
 07/08  15:00:00,44386198.085002124,25027200.0,1258979.2820982044,18100018.80290392,16172697.738594176,0.0,10627200.0,0.0,0.0,25025335.762574352,-7.2177499532699585e-9 
 07/08  16:00:00,41595346.2785809,23227200.0,1209409.768551633,17158736.510029264,15231415.445719516,0.0,10627200.0,0.0,0.0,19683468.52179953,-5.587935447692871e-9 
 07/08  17:00:00,35976798.5080928,19627200.0,1145097.9847061732,15204500.52338663,13277179.459076883,0.0,10627200.0,0.0,0.0,15406402.338251576,-2.0954757928848267e-9 
 07/08  18:00:00,38384008.00886236,22478400.0,1137097.6738772043,14768510.334985157,12841189.27067541,0.0,13478400.0,0.0,0.0,9791854.424167326,-4.6566128730773926e-9 
 07/08  19:00:00,37416196.928470895,21600000.0,1136544.5956399357,14679652.332830966,12752331.268521218,0.0,16200000.0,0.0,0.0,1642964.9403896583,-6.984919309616089e-10 
 07/08  20:00:00,26319142.94130343,10800000.0,1136544.5956399357,14382598.345663492,12455277.281353744,0.0,5400000.0,0.0,0.0,0.0,-4.889443516731262e-9 
 07/08  21:00:00,5760000.0,5760000.0,0.0,0.0,0.0,0.0,5400000.0,0.0,0.0,0.0,-1.862645149230957e-9 
 07/08  22:00:00,1710000.0,1710000.0,0.0,0.0,0.0,0.0,1350000.0,0.0,0.0,0.0,1.1641532182693481e-10 
 07/08  23:00:00,1710000.0,1710000.0,0.0,0.0,0.0,0.0,1350000.0,0.0,0.0,0.0,-5.122274160385132e-9 
 07/08  24:00:00,1710000.0,1710000.0,0.0,0.0,0.0,0.0,1350000.0,0.0,0.0,0.0,1.862645149230957e-9 
 07/09  01:00:00,1710000.0,1710000.0,0.0,0.0,0.0,0.0,1350000.0,0.0,0.0,0.0,-1.6298145055770874e-9 
 07/09  02:00:00,1710000.0,1710000.0,0.0,0.0,0.0,0.0,1350000.0,0.0,0.0,0.0,-2.3283064365386963e-9 
 07/09  03:00:00,1710000.0,1710000.0,0.0,0.0,0.0,0.0,1350000.0,0.0,0.0,0.0,-1.862645149230957e-9 
 07/09  04:00:00,1710000.0,1710000.0,0.0,0.0,0.0,0.0,1350000.0,0.0,0.0,0.0,1.9208528101444244e-9 
 07/09  05:00:00,1710000.0,1710000.0,0.0,0.0,0.0,0.0,1350000.0,0.0,0.0,0.0,2.561137080192566e-9 
 07/09  06:00:00,1710000.0,1710000.0,0.0,0.0,0.0,0.0,1350000.0,0.0,0.0,0.0,6.402842700481415e-10 
 07/09  07:00:00,15647743.725566661,1710000.0,1136544.5956399357,12801199.129926724,10989702.318035766,0.0,1350000.0,547218.1390653885,547218.1390653885,3515792.3739642976,-2.0372681319713593e-10 
 07/09  08:00:00,15778333.900294151,1505340.0,1136544.5956399357,13136449.304654215,11374058.031829553,0.0,1145340.0,424052.6363058381,424052.6363058381,18449434.56813007,-5.820766091346741e-10 
 07/09  09:00:00,37978119.1266319,23276880.0,1136544.5956399357,13564694.530991971,11789692.878693612,0.0,16076880.0,267379.4147362178,267379.4147362178,27120316.110321,-3.958120942115784e-9 
 07/09  10:00:00,47022788.79686335,31029120.0,1155048.4839893081,14838620.312874036,12946227.804542435,0.0,14829120.0,42532.01111239375,42532.01111239375,29292542.83668951,-6.868503987789154e-9 
 07/09  11:00:00,47578760.03785949,29494800.0,1205488.5196067085,16878471.518252786,14951150.45394304,0.0,13294800.0,0.0,0.0,29004275.054955,-6.28642737865448e-9 
 07/09  12:00:00,50285058.76818292,30577680.0,1230948.81003932,18476429.9581436,16549108.893833853,0.0,14377680.0,0.0,0.0,25669266.025236316,-4.423782229423523e-9 
 07/09  13:00:00,43513861.04136992,24701760.0,1189419.8589918052,17622681.18237812,15695360.118068375,0.0,8501760.0,0.0,0.0,26122798.452431887,-3.259629011154175e-9 
 07/09  14:00:00,46108537.162591174,25764480.0,1254432.3939924915,19089624.768598683,17162303.704288933,0.0,9564480.0,0.0,0.0,25941647.449131586,-3.958120942115784e-9 
 07/09  15:00:00,45644517.16356385,25027200.0,1286880.537732861,19330436.62583099,17403115.561521243,0.0,10627200.0,0.0,0.0,26558589.99775473,-3.4924596548080444e-9 
 07/09  16:00:00,42286772.336146094,23227200.0,1237004.7862296805,17822567.549916416,15895246.485606667,0.0,10627200.0,0.0,0.0,20036281.11221594,-4.190951585769653e-9 
 07/09  17:00:00,36208739.85533095,19627200.0,1168452.9390334147,15413086.91629754,13485765.851987792,0.0,10627200.0,0.0,0.0,17396129.018378563,-2.561137080192566e-9 
 07/09  18:00:00,36778994.794397786,21052800.0,1146076.4333745772,14580118.361023206,12652797.296713458,0.0,12052800.0,0.0,0.0,11967266.83123372,-5.587935447692871e-9 
 07/09  19:00:00,36384214.380324036,21066480.0,1136544.5956399357,14181189.7846841,12253331.697163468,0.0,15666480.0,419380.7782840669,419380.7782840669,2902365.1068059746,-4.423782229423523e-9 
 07/09  20:00:00,25799736.26783834,10800000.0,1136544.5956399357,13863191.672198404,11935108.147073878,0.0,5400000.0,601954.8909889072,601954.8909889072,0.0,-3.3760443329811096e-9 
 07/09  21:00:00,5760000.0,5760000.0,0.0,0.0,0.0,0.0,5400000.0,0.0,0.0,0.0,-6.868503987789154e-9 
 07/09  22:00:00,1710000.0,1710000.0,0.0,0.0,0.0,0.0,1350000.0,0.0,0.0,0.0,-1.979060471057892e-9 
 07/09  23:00:00,1710000.0,1710000.0,0.0,0.0,0.0,0.0,1350000.0,0.0,0.0,0.0,-1.979060471057892e-9 
 07/09  24:00:00,1710000.0,1710000.0,0.0,0.0,0.0,0.0,1350000.0,0.0,0.0,0.0,-1.979060471057892e-9 
 07/10  01:00:00,1710000.0,1710000.0,0.0,0.0,0.0,0.0,1350000.0,0.0,0.0,0.0,-4.656612873077393e-10 
 07/10  02:00:00,1710000.0,1710000.0,0.0,0.0,0.0,0.0,1350000.0,0.0,0.0,0.0,-1.6880221664905548e-9 
 07/10  03:00:00,1710000.0,1710000.0,0.0,0.0,0.0,0.0,1350000.0,0.0,0.0,0.0,-4.016328603029251e-9 
 07/10  04:00:00,1710000.0,1710000.0,0.0,0.0,0.0,0.0,1350000.0,0.0,0.0,0.0,-1.7462298274040222e-10 
 07/10  05:00:00,1710000.0,1710000.0,0.0,0.0,0.0,0.0,1350000.0,0.0,0.0,0.0,-4.656612873077393e-10 
 07/10  06:00:00,1710000.0,1710000.0,0.0,0.0,0.0,0.0,1350000.0,0.0,0.0,13391.084269269693,-1.7462298274040222e-10 
 07/10  07:00:00,15668857.90118268,1710000.0,1136544.5956399357,12822313.305542745,11052752.544291742,0.0,1350000.0,657617.5718497792,657617.5718497792,4141755.3265018417,6.693881005048752e-10 
 07/10  08:00:00,16253111.083361974,1481580.0,1136544.5956399357,13634986.487722037,11879503.994278088,0.0,1121580.0,424650.2327968651,424650.2327968651,20769906.155986734,-1.1641532182693481e-10 
 07/10  09:00:00,38938762.36945039,23276880.0,1136544.5956399357,14525337.773810461,12718992.39545064,0.0,16076880.0,83094.7879182467,83094.7879182467,28326411.09153434,-9.313225746154785e-10 
 07/10  10:00:00,47365971.34264746,30126240.0,1185932.776369056,16053798.566278402,14155849.30443974,0.0,13926240.0,0.0,0.0,32849159.69133307,-2.2118911147117615e-9 
 07/10  11:00:00,47688400.69867668,28605600.0,1250877.9684540431,17831922.730222646,15904601.665912896,0.0,12405600.0,0.0,0.0,30192466.306081183,-4.190951585769653e-9 
 07/10  12:00:00,49838316.864874706,30126240.0,1277825.1272634137,18434251.73761129,16506930.673301542,0.0,13926240.0,0.0,0.0,26655134.672278605,-6.05359673500061e-9 
 07/10  13:00:00,43822442.74102698,25413120.0,1214259.5983497323,17195063.14267725,15267742.078367503,0.0,9213120.0,0.0,0.0,25924787.363597304,-5.587935447692871e-9 
 07/10  14:00:00,45873586.90318939,25764480.0,1273743.7304310966,18835363.172758292,16908042.108448546,0.0,9564480.0,0.0,0.0,25731552.592666153,2.3283064365386963e-10 
 07/10  15:00:00,46573988.03356354,25027200.0,1303683.988876285,20243104.044687256,18315782.980377506,0.0,10627200.0,0.0,0.0,27798989.670821186,-3.4924596548080444e-9 
 07/10  16:00:00,44352845.91735291,23227200.0,1279382.8909911644,19846263.026361745,17918941.962052,0.0,10627200.0,0.0,0.0,26641379.93099408,-6.28642737865448e-9 
 07/10  17:00:00,37838806.49986486,19627200.0,1199345.9775398308,17012260.52232503,15084939.458015285,0.0,10627200.0,0.0,0.0,18965416.15914675,-5.587935447692871e-9 
 07/10  18:00:00,37594617.21616742,22003200.0,1157912.2828977283,14433504.933269693,12526861.110858116,0.0,13003200.0,0.0,0.0,10316148.378144434,-6.752088665962219e-9 
 07/10  19:00:00,35844897.595127076,21600000.0,1136544.5956399357,13108352.999487137,11244748.037323281,0.0,16200000.0,686511.0811677224,686511.0811677224,1418306.1537506678,-6.28642737865448e-9 
 07/10  20:00:00,24430726.99139568,10800000.0,1136544.5956399357,12494182.395755744,10663766.998751458,0.0,5400000.0,691671.5889809744,691671.5889809744,0.0,-2.3283064365386963e-10 
 07/10  21:00:00,5760000.0,5760000.0,0.0,0.0,0.0,0.0,5400000.0,0.0,0.0,0.0,-1.0477378964424133e-9 
 07/10  22:00:00,1710000.0,1710000.0,0.0,0.0,0.0,0.0,1350000.0,0.0,0.0,0.0,-5.3551048040390015e-9 
 07/10  23:00:00,1710000.0,1710000.0,0.0,0.0,0.0,0.0,1350000.0,0.0,0.0,0.0,-2.3283064365386963e-10 
 07/10  24:00:00,1710000.0,1710000.0,0.0,0.0,0.0,0.0,1350000.0,0.0,0.0,0.0,-6.984919309616089e-10 
 07/11  01:00:00,1710000.0,1710000.0,0.0,0.0,0.0,0.0,1350000.0,0.0,0.0,0.0,-2.3865140974521637e-9 
 07/11  02:00:00,1710000.0,1710000.0,0.0,0.0,0.0,0.0,1350000.0,0.0,0.0,0.0,-1.3387762010097504e-9 
 07/11  03:00:00,1710000.0,1710000.0,0.0,0.0,0.0,0.0,1350000.0,0.0,0.0,0.0,1.9208528101444244e-9 
 07/11  04:00:00,1710000.0,1710000.0,0.0,0.0,0.0,0.0,1350000.0,0.0,0.0,0.0,1.1059455573558807e-9 
 07/11  05:00:00,1710000.0,1710000.0,0.0,0.0,0.0,0.0,1350000.0,0.0,0.0,0.0,-1.6298145055770874e-9 
 07/11  06:00:00,1710000.0,1710000.0,0.0,0.0,0.0,0.0,1350000.0,0.0,0.0,6686.5888988218885,-3.6670826375484467e-9 
 07/11  07:00:00,15909578.292076182,1710000.0,1136544.5956399357,13063033.696436245,11290254.113244615,0.0,1350000.0,703556.1791867018,703556.1791867018,2370525.6000807593,-2.2118911147117615e-9 
 07/11  08:00:00,15700492.51192379,1573560.0,1136544.5956399357,12990387.916283853,11285908.27089274,0.0,1213560.0,705636.2639494069,705636.2639494069,14307210.115140025,-2.444721758365631e-9 
 07/11  09:00:00,39645326.254966535,24504840.0,1136544.5956399357,14003941.659326598,12224866.140513489,0.0,17304840.0,372476.00523152784,372476.00523152784,24836093.79092311,-1.1641532182693481e-9 
 07/11  10:00:00,47883065.3074119,31029120.0,1158553.7108802102,15695391.596531693,13792062.888870627,0.0,14829120.0,2404.682286784514,2404.682286784514,27607631.84283746,-3.958120942115784e-9 
 07/11  11:00:00,48294397.460012734,27716400.0,1230993.4621848546,19347003.997827873,17419682.933518127,0.0,11516400.0,0.0,0.0,29782335.59585561,-4.6566128730773926e-9 
 07/11  12:00:00,48874957.15595388,26295840.0,1260443.6847362358,21318673.471217636,19391352.406907886,0.0,10095840.0,0.0,0.0,26259354.997933626,-2.561137080192566e-9 
 07/11  13:00:00,46230132.06354132,24701760.0,1204887.7016680425,20323484.361873284,18396163.297563534,0.0,8501760.0,0.0,0.0,23255337.767957855,-6.05359673500061e-9 
 07/11  14:00:00,49101800.903053194,25764480.0,1301751.3058894034,22035569.5971638,20108248.53285405,0.0,9564480.0,0.0,0.0,27309623.795968853,-4.6566128730773926e-9 
 07/11  15:00:00,48447704.86011724,25027200.0,1328580.4559242832,22091924.40419296,20164603.339883212,0.0,10627200.0,0.0,0.0,24953021.85077527,-6.05359673500061e-9 
 07/11  16:00:00,44016956.20973706,23227200.0,1254844.2830751033,19534911.926661965,17607590.862352215,0.0,10627200.0,0.0,0.0,17310226.160116572,-2.0954757928848267e-9 
 07/11  17:00:00,39653715.70396674,21880800.0,1176715.8487526719,16596199.855214069,14668878.79090432,0.0,12880800.0,0.0,0.0,14292119.276004972,-4.656612873077393e-10 
 07/11  18:00:00,44969879.57725191,28764000.0,1150749.0529475063,15055130.524304405,13127809.459994657,0.0,19764000.0,0.0,0.0,5848990.410742304,-3.259629011154175e-9 
 07/11  19:00:00,37370909.744973004,21600000.0,1136544.5956399357,14634365.149333065,12706730.77888931,0.0,16200000.0,263242.4661560457,263242.4661560457,480682.1692658556,-3.026798367500305e-9 
 07/11  20:00:00,26503994.47833242,10800000.0,1136544.5956399357,14567449.882692482,12639834.011451485,0.0,5400000.0,249092.32893010328,249092.32893010328,0.0,1.0477378964424133e-9 
 07/11  21:00:00,5760000.0,5760000.0,0.0,0.0,0.0,0.0,5400000.0,0.0,0.0,0.0,1.1641532182693481e-10 
 07/11  22:00:00,1710000.0,1710000.0,0.0,0.0,0.0,0.0,1350000.0,0.0,0.0,0.0,1.979060471057892e-9 
 07/11  23:00:00,1710000.0,1710000.0,0.0,0.0,0.0,0.0,1350000.0,0.0,0.0,0.0,-2.561137080192566e-9 
 07/11  24:00:00,1710000.0,1710000.0,0.0,0.0,0.0,0.0,1350000.0,0.0,0.0,0.0,-1.862645149230957e-9 
 07/12  01:00:00,4950000.0,4950000.0,0.0,0.0,0.0,0.0,1350000.0,0.0,0.0,0.0,5.820766091346741e-10 
 07/12  02:00:00,4950000.0,4950000.0,0.0,0.0,0.0,0.0,1350000.0,0.0,0.0,0.0,-4.540197551250458e-9 
 07/12  03:00:00,4950000.0,4950000.0,0.0,0.0,0.0,0.0,1350000.0,0.0,0.0,0.0,-3.4924596548080444e-10 
 07/12  04:00:00,4950000.0,4950000.0,0.0,0.0,0.0,0.0,1350000.0,0.0,0.0,0.0,-5.471520125865936e-9 
 07/12  05:00:00,4950000.0,4950000.0,0.0,0.0,0.0,0.0,1350000.0,0.0,0.0,0.0,-9.313225746154785e-10 
 07/12  06:00:00,4950000.0,4950000.0,0.0,0.0,0.0,0.0,1350000.0,0.0,0.0,0.0,-2.444721758365631e-9 
 07/12  07:00:00,4950000.0,4950000.0,0.0,0.0,0.0,0.0,1350000.0,0.0,0.0,3403553.8237892836,-1.3387762010097504e-9 
 07/12  08:00:00,4745340.0,4745340.0,0.0,0.0,0.0,0.0,1145340.0,0.0,0.0,20045908.714566544,-1.3969838619232178e-9 
 07/12  09:00:00,4493160.0,4493160.0,0.0,0.0,0.0,0.0,893160.0,0.0,0.0,33583869.26124706,-4.307366907596588e-9 
 07/12  10:00:00,4380480.0,4380480.0,0.0,0.0,0.0,0.0,780480.0,0.0,0.0,30350366.05444631,-6.05359673500061e-9 
 07/12  11:00:00,4175820.0,4175820.0,0.0,0.0,0.0,0.0,575820.0,0.0,0.0,29775977.159296174,-3.6088749766349792e-9 
 07/12  12:00:00,4264740.0,4264740.0,0.0,0.0,0.0,0.0,664740.0,0.0,0.0,26676133.893149234,-5.005858838558197e-9 
 07/12  13:00:00,4131360.0,4131360.0,0.0,0.0,0.0,0.0,531360.0,0.0,0.0,26145448.279483918,-6.984919309616089e-10 
 07/12  14:00:00,4131360.0,4131360.0,0.0,0.0,0.0,0.0,531360.0,0.0,0.0,26261880.11784851,-3.026798367500305e-9 
 07/12  15:00:00,4131360.0,4131360.0,0.0,0.0,0.0,0.0,531360.0,0.0,0.0,21886793.216970168,-2.3283064365386963e-9 
 07/12  16:00:00,4131360.0,4131360.0,0.0,0.0,0.0,0.0,531360.0,0.0,0.0,23059299.995698582,-1.3969838619232178e-9 
 07/12  17:00:00,4336020.0,4336020.0,0.0,0.0,0.0,0.0,736020.0,0.0,0.0,12340718.686400494,-5.587935447692871e-9 
 07/12  18:00:00,4410360.0,4410360.0,0.0,0.0,0.0,0.0,810360.0,0.0,0.0,7179289.745640584,-3.026798367500305e-9 
 07/12  19:00:00,4950000.0,4950000.0,0.0,0.0,0.0,0.0,1350000.0,0.0,0.0,573572.606609831,-2.3283064365386963e-9 
 07/12  20:00:00,4950000.0,4950000.0,0.0,0.0,0.0,0.0,1350000.0,0.0,0.0,0.0,-3.259629011154175e-9 
 07/12  21:00:00,4950000.0,4950000.0,0.0,0.0,0.0,0.0,1350000.0,0.0,0.0,0.0,1.1641532182693481e-9 
 07/12  22:00:00,4950000.0,4950000.0,0.0,0.0,0.0,0.0,1350000.0,0.0,0.0,0.0,-3.14321368932724e-9 
 07/12  23:00:00,4950000.0,4950000.0,0.0,0.0,0.0,0.0,1350000.0,0.0,0.0,0.0,-2.9103830456733704e-9 
 07/12  24:00:00,4950000.0,4950000.0,0.0,0.0,0.0,0.0,1350000.0,0.0,0.0,0.0,-5.820766091346741e-10 
 07/13  01:00:00,4950000.0,4950000.0,0.0,0.0,0.0,0.0,1350000.0,0.0,0.0,0.0,-5.820766091346741e-10 
 07/13  02:00:00,4950000.0,4950000.0,0.0,0.0,0.0,0.0,1350000.0,0.0,0.0,0.0,-8.149072527885437e-10 
 07/13  03:00:00,4950000.0,4950000.0,0.0,0.0,0.0,0.0,1350000.0,0.0,0.0,0.0,-1.862645149230957e-9 
 07/13  04:00:00,4950000.0,4950000.0,0.0,0.0,0.0,0.0,1350000.0,0.0,0.0,0.0,1.7462298274040222e-10 
 07/13  05:00:00,4950000.0,4950000.0,0.0,0.0,0.0,0.0,1350000.0,0.0,0.0,0.0,-1.3969838619232178e-9 
 07/13  06:00:00,4950000.0,4950000.0,0.0,0.0,0.0,0.0,1350000.0,0.0,0.0,0.0,-2.7939677238464355e-9 
 07/13  07:00:00,4950000.0,4950000.0,0.0,0.0,0.0,0.0,1350000.0,0.0,0.0,1972900.1779891336,5.820766091346741e-10 
 07/13  08:00:00,4858020.0,4858020.0,0.0,0.0,0.0,0.0,1258020.0,0.0,0.0,12776205.280845176,2.444721758365631e-9 
 07/13  09:00:00,4561380.0,4561380.0,0.0,0.0,0.0,0.0,961380.0,0.0,0.0,26004974.68168337,-6.6356733441352844e-9 
 07/13  10:00:00,4356720.0,4356720.0,0.0,0.0,0.0,0.0,756720.0,0.0,0.0,31198464.027831964,-8.149072527885437e-10 
 07/13  11:00:00,4220280.0,4220280.0,0.0,0.0,0.0,0.0,620280.0,0.0,0.0,29662754.466630954,-2.561137080192566e-9 
 07/13  12:00:00,4264740.0,4264740.0,0.0,0.0,0.0,0.0,664740.0,0.0,0.0,23195755.753034122,-4.889443516731262e-9 
 07/13  13:00:00,4131360.0,4131360.0,0.0,0.0,0.0,0.0,531360.0,0.0,0.0,21065037.569431655,-6.05359673500061e-9 
 07/13  14:00:00,4131360.0,4131360.0,0.0,0.0,0.0,0.0,531360.0,0.0,0.0,24914622.59560557,-4.190951585769653e-9 
 07/13  15:00:00,4131360.0,4131360.0,0.0,0.0,0.0,0.0,531360.0,0.0,0.0,27063895.49047848,-5.820766091346741e-9 
 07/13  16:00:00,4131360.0,4131360.0,0.0,0.0,0.0,0.0,531360.0,0.0,0.0,24556528.945233326,-5.122274160385132e-9 
 07/13  17:00:00,4131360.0,4131360.0,0.0,0.0,0.0,0.0,531360.0,0.0,0.0,22291780.598812707,-5.3551048040390015e-9 
 07/13  18:00:00,4202640.0,4202640.0,0.0,0.0,0.0,0.0,602640.0,0.0,0.0,14201714.33796883,-7.2177499532699585e-9 
 07/13  19:00:00,4905540.0,4905540.0,0.0,0.0,0.0,0.0,1305540.0,0.0,0.0,3024138.2064043405,-7.2177499532699585e-9 
 07/13  20:00:00,4950000.0,4950000.0,0.0,0.0,0.0,0.0,1350000.0,0.0,0.0,0.0,-2.0954757928848267e-9 
 07/13  21:00:00,4950000.0,4950000.0,0.0,0.0,0.0,0.0,1350000.0,0.0,0.0,0.0,-1.3969838619232178e-9 
 07/13  22:00:00,4950000.0,4950000.0,0.0,0.0,0.0,0.0,1350000.0,0.0,0.0,0.0,-3.4924596548080444e-9 
 07/13  23:00:00,4950000.0,4950000.0,0.0,0.0,0.0,0.0,1350000.0,0.0,0.0,0.0,-4.423782229423523e-9 
 07/13  24:00:00,4950000.0,4950000.0,0.0,0.0,0.0,0.0,1350000.0,0.0,0.0,0.0,2.3283064365386963e-10 
 07/14  01:00:00,1710000.0,1710000.0,0.0,0.0,0.0,0.0,1350000.0,0.0,0.0,0.0,-2.2118911147117615e-9 
 07/14  02:00:00,1710000.0,1710000.0,0.0,0.0,0.0,0.0,1350000.0,0.0,0.0,0.0,-3.3760443329811096e-9 
 07/14  03:00:00,1710000.0,1710000.0,0.0,0.0,0.0,0.0,1350000.0,0.0,0.0,0.0,-3.4924596548080444e-9 
 07/14  04:00:00,1710000.0,1710000.0,0.0,0.0,0.0,0.0,1350000.0,0.0,0.0,0.0,-1.6298145055770874e-9 
 07/14  05:00:00,1710000.0,1710000.0,0.0,0.0,0.0,0.0,1350000.0,0.0,0.0,0.0,1.1641532182693481e-9 
 07/14  06:00:00,1710000.0,1710000.0,0.0,0.0,0.0,0.0,1350000.0,0.0,0.0,20114.49046444328,-7.566995918750763e-10 
 07/14  07:00:00,15336385.29126598,1710000.0,1136544.5956399357,12489840.695626047,10743492.431165598,0.0,1350000.0,723978.3560458978,723978.3560458978,1851145.694452493,-1.7462298274040222e-9 
 07/14  08:00:00,15930419.375614824,1618020.0,1136544.5956399357,13175854.779974889,11433836.839043228,0.0,1258020.0,726606.3954375439,726606.3954375439,11174443.572904067,-3.6088749766349792e-9 
 07/14  09:00:00,40152616.72434294,24932520.0,1136544.5956399357,14083552.128703006,12289864.25410847,0.0,17732520.0,481064.14205525996,481064.14205525996,23751039.845038,-2.2118911147117615e-9 
 07/14  10:00:00,47366234.16061809,30577680.0,1180332.196714419,15608221.963903677,13706395.829074154,0.0,14377680.0,47949.16793178218,47949.16793178218,34123893.00657595,-3.14321368932724e-9 
 07/14  11:00:00,49531920.82941736,29494800.0,1271853.9387667477,18765266.890650623,16837945.826340877,0.0,13294800.0,0.0,0.0,30354097.963087637,-2.561137080192566e-9 
 07/14  12:00:00,47316646.80687392,26295840.0,1271747.673776332,19749059.13309758,17821738.06878783,0.0,10095840.0,0.0,0.0,23760700.080960438,6.984919309616089e-10 
 07/14  13:00:00,45076126.322136894,24701760.0,1209685.4861719238,19164680.83596497,17237359.77165522,0.0,8501760.0,0.0,0.0,21655044.211938187,-6.752088665962219e-9 
 07/14  14:00:00,48849217.63058384,25764480.0,1298304.8390270881,21786432.791556753,19859111.727247007,0.0,9564480.0,0.0,0.0,25253727.867827266,9.313225746154785e-10 
 07/14  15:00:00,49399446.83501147,25027200.0,1345320.6612290042,23026926.173782464,21099605.109472718,0.0,10627200.0,0.0,0.0,27862283.11632606,-4.889443516731262e-9 
 07/14  16:00:00,46066747.554997146,23227200.0,1314191.2427707242,21525356.312226422,19598035.247916672,0.0,10627200.0,0.0,0.0,27872329.593460366,-2.3283064365386963e-9 
 07/14  17:00:00,38745493.47890434,19627200.0,1223381.0755263525,17894912.403377987,15967591.33906824,0.0,10627200.0,0.0,0.0,21175416.36734884,-5.587935447692871e-9 
 07/14  18:00:00,39068143.03919347,22892400.0,1168425.653031399,15007317.38616207,13104899.795640329,0.0,13892400.0,0.0,0.0,9292136.720827745,-6.28642737865448e-9 
 07/14  19:00:00,36726970.498449616,21600000.0,1136544.5956399357,13990425.902809681,12076308.35292776,0.0,16200000.0,706254.6709572456,706254.6709572456,711856.0340263288,-4.6566128730773926e-9 
 07/14  20:00:00,26009895.72884994,10800000.0,1136544.5956399357,14073351.133210005,12145383.57327235,0.0,5400000.0,557208.8031918681,557208.8031918681,0.0,-4.307366907596588e-9 
 07/14  21:00:00,5760000.0,5760000.0,0.0,0.0,0.0,0.0,5400000.0,0.0,0.0,0.0,5.820766091346741e-10 
 07/14  22:00:00,1710000.0,1710000.0,0.0,0.0,0.0,0.0,1350000.0,0.0,0.0,0.0,3.725290298461914e-9 
 07/14  23:00:00,1710000.0,1710000.0,0.0,0.0,0.0,0.0,1350000.0,0.0,0.0,0.0,-4.190951585769653e-9 
 07/14  24:00:00,1710000.0,1710000.0,0.0,0.0,0.0,0.0,1350000.0,0.0,0.0,0.0,-4.540197551250458e-9 
 07/15  01:00:00,1710000.0,1710000.0,0.0,0.0,0.0,0.0,1350000.0,0.0,0.0,0.0,-1.1641532182693481e-9 
 07/15  02:00:00,1710000.0,1710000.0,0.0,0.0,0.0,0.0,1350000.0,0.0,0.0,0.0,5.820766091346741e-10 
 07/15  03:00:00,1710000.0,1710000.0,0.0,0.0,0.0,0.0,1350000.0,0.0,0.0,0.0,-5.005858838558197e-9 
 07/15  04:00:00,1710000.0,1710000.0,0.0,0.0,0.0,0.0,1350000.0,0.0,0.0,0.0,7.566995918750763e-10 
 07/15  05:00:00,1710000.0,1710000.0,0.0,0.0,0.0,0.0,1350000.0,0.0,0.0,0.0,-6.402842700481415e-10 
 07/15  06:00:00,1710000.0,1710000.0,0.0,0.0,0.0,0.0,1350000.0,0.0,0.0,0.0,7.566995918750763e-10 
 07/15  07:00:00,15338256.996063964,1710000.0,1136544.5956399357,12491712.400424028,10758507.418655489,0.0,1350000.0,737276.2931589062,737276.2931589062,5463798.369101001,-1.280568540096283e-9 
 07/15  08:00:00,16143200.252510032,1481580.0,1136544.5956399357,13525075.656870093,11769681.26866703,0.0,1121580.0,565437.6996883112,565437.6996883112,27345605.01885982,-1.5133991837501526e-9 
 07/15  09:00:00,39442836.39166868,24077160.0,1143050.8936207052,14222625.49804797,12407833.42642412,0.0,16877160.0,238351.60148953245,238351.60148953245,38177418.42149472,-3.841705620288849e-9 
 07/15  10:00:00,48933214.790496305,30577680.0,1231968.352571999,17123566.437924303,15228294.013868896,0.0,14377680.0,0.0,0.0,37221646.11664169,-5.820766091346741e-10 
 07/15  11:00:00,51089885.58857209,30859200.0,1293496.7437651083,18937188.844806988,17009867.780497238,0.0,14659200.0,0.0,0.0,27354531.517049063,2.561137080192566e-9 
 07/15  12:00:00,47517939.22592664,27140580.0,1271258.9964084718,19106100.22951817,17178779.165208425,0.0,10940580.0,0.0,0.0,24793117.332776897,-2.561137080192566e-9 
 07/15  13:00:00,45982191.42885886,27596160.0,1205153.1203196978,17180878.308539156,15253557.24422941,0.0,11396160.0,0.0,0.0,23544648.049992695,-3.725290298461914e-9 
 07/15  14:00:00,45340413.5924854,25764480.0,1263394.344408519,18312539.24807688,16385218.183767134,0.0,9564480.0,0.0,0.0,25177790.73722998,-4.423782229423523e-9 
 07/15  15:00:00,43916522.77293241,25027200.0,1252226.5883019282,17637096.184630476,15709775.120320728,0.0,10627200.0,0.0,0.0,21214262.386263147,-4.6566128730773926e-9 
 07/15  16:00:00,41659474.49349188,23227200.0,1207184.3451153291,17225090.14837655,15297769.084066804,0.0,10627200.0,0.0,0.0,18565581.888528034,-4.190951585769653e-9 
 07/15  17:00:00,36694519.165027276,19627200.0,1153215.956999816,15914103.208027462,13986782.143717714,0.0,10627200.0,0.0,0.0,17671992.79379972,-5.587935447692871e-9 
 07/15  18:00:00,37640663.264578484,20102400.0,1148197.0666835438,16390066.19789494,14462745.133585194,0.0,11102400.0,0.0,0.0,16400973.627925646,-5.3551048040390015e-9 
 07/15  19:00:00,36818165.54136765,20247840.0,1136544.5956399357,15433780.94572771,13506425.142278986,0.0,14847840.0,30255.049031751914,30255.049031751914,5032382.672039201,-3.026798367500305e-9 
 07/15  20:00:00,26568027.720453054,10800000.0,1136544.5956399357,14631483.124813115,12703882.786110286,0.0,5400000.0,243827.0089045504,243827.0089045504,0.0,-6.51925802230835e-9 
 07/15  21:00:00,5760000.0,5760000.0,0.0,0.0,0.0,0.0,5400000.0,0.0,0.0,0.0,2.3283064365386963e-10 
 07/15  22:00:00,1710000.0,1710000.0,0.0,0.0,0.0,0.0,1350000.0,0.0,0.0,0.0,-4.307366907596588e-9 
 07/15  23:00:00,1710000.0,1710000.0,0.0,0.0,0.0,0.0,1350000.0,0.0,0.0,0.0,-2.0954757928848267e-9 
 07/15  24:00:00,1710000.0,1710000.0,0.0,0.0,0.0,0.0,1350000.0,0.0,0.0,0.0,-1.0477378964424133e-9 
 07/16  01:00:00,1710000.0,1710000.0,0.0,0.0,0.0,0.0,1350000.0,0.0,0.0,0.0,-4.190951585769653e-9 
 07/16  02:00:00,1710000.0,1710000.0,0.0,0.0,0.0,0.0,1350000.0,0.0,0.0,0.0,-3.6088749766349792e-9 
 07/16  03:00:00,1710000.0,1710000.0,0.0,0.0,0.0,0.0,1350000.0,0.0,0.0,0.0,-1.1059455573558807e-9 
 07/16  04:00:00,1710000.0,1710000.0,0.0,0.0,0.0,0.0,1350000.0,0.0,0.0,0.0,-3.3760443329811096e-9 
 07/16  05:00:00,1710000.0,1710000.0,0.0,0.0,0.0,0.0,1350000.0,0.0,0.0,0.0,-2.561137080192566e-9 
 07/16  06:00:00,1710000.0,1710000.0,0.0,0.0,0.0,0.0,1350000.0,0.0,0.0,0.0,7.566995918750763e-10 
 07/16  07:00:00,16632248.175685752,1710000.0,1136544.5956399357,13785703.580045816,11918664.467076808,0.0,1350000.0,321856.7597126712,321856.7597126712,2987472.8463704465,-2.153683453798294e-9 
 07/16  08:00:00,16675308.901130192,1549800.0,1136544.5956399357,13988964.30549026,12192872.689116858,0.0,1189800.0,262539.2205426765,262539.2205426765,18960566.494283956,1.280568540096283e-9 
 07/16  09:00:00,39002074.37854716,23276880.0,1136544.5956399357,14588649.782907225,12763643.168254761,0.0,16076880.0,68717.02805532966,68717.02805532966,33699167.832372665,-2.444721758365631e-9 
 07/16  10:00:00,48115797.25602637,30126240.0,1196632.7018559836,16792924.554170385,14892693.49365006,0.0,13926240.0,0.0,0.0,32598684.32568818,-5.587935447692871e-9 
 07/16  11:00:00,48065178.89286015,27716400.0,1260904.7280120244,19087874.164848126,17160553.10053838,0.0,11516400.0,0.0,0.0,29819086.16852631,-4.190951585769653e-9 
 07/16  12:00:00,47250809.32570398,26295840.0,1258174.609394488,19696794.716309495,17769473.65199975,0.0,10095840.0,0.0,0.0,23961575.838364854,-2.7939677238464355e-9 
 07/16  13:00:00,45700817.0005607,25413120.0,1213122.9762559398,19074574.024304766,17147252.95999502,0.0,9213120.0,0.0,0.0,24232465.70743788,-7.2177499532699585e-9 
 07/16  14:00:00,48026711.41804592,25764480.0,1287757.8174879854,20974473.60055794,19047152.53624819,0.0,9564480.0,0.0,0.0,25692579.88876652,-5.820766091346741e-9 
 07/16  15:00:00,48195606.523578785,25027200.0,1324200.420341984,21844206.103236806,19916885.03892706,0.0,10627200.0,0.0,0.0,27455078.7852654,-9.080395102500916e-9 
 07/16  16:00:00,45010342.49580687,23227200.0,1259592.5398298278,20523549.95597705,18596228.8916673,0.0,10627200.0,0.0,0.0,18791594.650863387,-3.4924596548080444e-9 
 07/16  17:00:00,47228662.029424384,28227600.0,1177547.5442161215,17823514.48520826,15896193.420898514,0.0,19227600.0,0.0,0.0,9704735.764072035,-5.3551048040390015e-9 
 07/16  18:00:00,44228944.04710239,26571600.0,1150756.5284838898,16506587.518618507,14579266.45430876,0.0,17571600.0,0.0,0.0,6945568.110648332,-5.3551048040390015e-9 
 07/16  19:00:00,38342467.7325028,21600000.0,1136544.5956399357,15605923.136862872,13678602.072553124,0.0,16200000.0,0.0,0.0,1257342.4238166297,-6.752088665962219e-9 
 07/16  20:00:00,27064796.639935784,10800000.0,1136544.5956399357,15128252.04429585,13200930.979986101,0.0,5400000.0,0.0,0.0,0.0,-1.979060471057892e-9 
 07/16  21:00:00,5760000.0,5760000.0,0.0,0.0,0.0,0.0,5400000.0,0.0,0.0,0.0,6.984919309616089e-10 
 07/16  22:00:00,1710000.0,1710000.0,0.0,0.0,0.0,0.0,1350000.0,0.0,0.0,0.0,-3.4924596548080444e-10 
 07/16  23:00:00,1710000.0,1710000.0,0.0,0.0,0.0,0.0,1350000.0,0.0,0.0,0.0,-2.9103830456733704e-9 
 07/16  24:00:00,1710000.0,1710000.0,0.0,0.0,0.0,0.0,1350000.0,0.0,0.0,0.0,-2.6775524020195007e-9 
 07/17  01:00:00,1710000.0,1710000.0,0.0,0.0,0.0,0.0,1350000.0,0.0,0.0,0.0,-2.444721758365631e-9 
 07/17  02:00:00,1710000.0,1710000.0,0.0,0.0,0.0,0.0,1350000.0,0.0,0.0,0.0,1.2223608791828156e-9 
 07/17  03:00:00,1710000.0,1710000.0,0.0,0.0,0.0,0.0,1350000.0,0.0,0.0,0.0,-8.149072527885437e-10 
 07/17  04:00:00,1710000.0,1710000.0,0.0,0.0,0.0,0.0,1350000.0,0.0,0.0,0.0,-4.0745362639427185e-10 
 07/17  05:00:00,1710000.0,1710000.0,0.0,0.0,0.0,0.0,1350000.0,0.0,0.0,0.0,5.238689482212067e-10 
 07/17  06:00:00,1710000.0,1710000.0,0.0,0.0,0.0,0.0,1350000.0,0.0,0.0,0.0,-1.6880221664905548e-9 
 07/17  07:00:00,15898717.270685747,1710000.0,1136544.5956399357,13052172.67504581,11235918.423487507,0.0,1350000.0,721276.2655991875,721276.2655991875,2734154.023415741,-8.731149137020111e-10 
 07/17  08:00:00,16266093.888318425,1549800.0,1136544.5956399357,13579749.292678488,11792775.992277835,0.0,1189800.0,527546.6225204775,527546.6225204775,16812923.05153066,-4.0745362639427185e-10 
 07/17  09:00:00,40865700.720081344,25305120.0,1136544.5956399357,14424036.124441406,12613153.598944925,0.0,18105120.0,130243.20876995158,130243.20876995158,25477015.473135814,-4.423782229423523e-9 
 07/17  10:00:00,50053146.613212824,33170040.0,1153842.6036241977,15729264.00958862,13808660.107841207,0.0,16970040.0,0.0,0.0,23954236.536353488,-2.3283064365386963e-9 
 07/17  11:00:00,47435305.50023673,27716400.0,1224571.5708036276,18494333.9294331,16567012.865123354,0.0,11516400.0,0.0,0.0,29352680.868799377,-2.3283064365386963e-9 
 07/17  12:00:00,47978226.67288686,27140580.0,1252331.4260255585,19585315.246861305,17657994.18255156,0.0,10940580.0,0.0,0.0,26705180.190177362,-1.862645149230957e-9 
 07/17  13:00:00,44562616.06530336,24701760.0,1202812.1776361028,18658043.88766726,16730722.823357515,0.0,8501760.0,0.0,0.0,26073290.859505896,-4.423782229423523e-9 
 07/17  14:00:00,47605210.255792126,25764480.0,1271625.7063197186,20569104.54947241,18641783.48516266,0.0,9564480.0,0.0,0.0,26129971.30497096,-5.3551048040390015e-9 
 07/17  15:00:00,47156608.97241382,25027200.0,1269971.227405663,20859437.745008163,18932116.680698417,0.0,10627200.0,0.0,0.0,22218064.872477468,-6.51925802230835e-9 
 07/17  16:00:00,44495421.12512332,23227200.0,1230653.65338583,20037567.47173749,18110246.407427743,0.0,10627200.0,0.0,0.0,20738262.23754789,-3.958120942115784e-9 
 07/17  17:00:00,40350776.56188972,21880800.0,1156032.8647970182,17313943.697092704,15386622.632782957,0.0,12880800.0,0.0,0.0,12939191.12217255,-5.122274160385132e-9 
 07/17  18:00:00,37928937.47662726,21052800.0,1140618.0795063018,15735519.397120968,13808198.332811216,0.0,12052800.0,0.0,0.0,11925362.478388641,-6.752088665962219e-9 
 07/17  19:00:00,37010223.910096005,21066480.0,1136544.5956399357,14807199.314456075,12879816.46767624,0.0,15666480.0,54832.487371965886,54832.487371965886,2994512.41345081,-2.3283064365386963e-10 
 07/17  20:00:00,26256544.067556337,10800000.0,1136544.5956399357,14319999.471916398,12392390.295226946,0.0,5400000.0,256321.06621267583,256321.06621267583,0.0,-4.656612873077393e-10 
 07/17  21:00:00,5760000.0,5760000.0,0.0,0.0,0.0,0.0,5400000.0,0.0,0.0,0.0,-2.444721758365631e-9 
 07/17  22:00:00,1710000.0,1710000.0,0.0,0.0,0.0,0.0,1350000.0,0.0,0.0,0.0,-3.259629011154175e-9 
 07/17  23:00:00,1710000.0,1710000.0,0.0,0.0,0.0,0.0,1350000.0,0.0,0.0,0.0,-2.561137080192566e-9 
 07/17  24:00:00,1710000.0,1710000.0,0.0,0.0,0.0,0.0,1350000.0,0.0,0.0,0.0,-1.0477378964424133e-9 
 07/18  01:00:00,1710000.0,1710000.0,0.0,0.0,0.0,0.0,1350000.0,0.0,0.0,0.0,-2.9103830456733704e-10 
 07/18  02:00:00,1710000.0,1710000.0,0.0,0.0,0.0,0.0,1350000.0,0.0,0.0,0.0,-1.1059455573558807e-9 
 07/18  03:00:00,1710000.0,1710000.0,0.0,0.0,0.0,0.0,1350000.0,0.0,0.0,0.0,-4.016328603029251e-9 
 07/18  04:00:00,1710000.0,1710000.0,0.0,0.0,0.0,0.0,1350000.0,0.0,0.0,0.0,-5.238689482212067e-10 
 07/18  05:00:00,1710000.0,1710000.0,0.0,0.0,0.0,0.0,1350000.0,0.0,0.0,0.0,-2.3283064365386963e-9 
 07/18  06:00:00,1710000.0,1710000.0,0.0,0.0,0.0,0.0,1350000.0,0.0,0.0,0.0,8.731149137020111e-10 
 07/18  07:00:00,16155042.20570233,1710000.0,1136544.5956399357,13308497.610062396,11473911.634757321,0.0,1350000.0,758376.3436371578,758376.3436371578,4018542.1931632357,-4.656612873077393e-10 
 07/18  08:00:00,16184609.358651172,1481580.0,1136544.5956399357,13566484.763011236,11797380.751722427,0.0,1121580.0,614021.131531019,614021.131531019,20396950.42946095,-1.9208528101444244e-9 
 07/18  09:00:00,40043927.775082916,24504840.0,1136544.5956399357,14402543.179442978,12590386.26921279,0.0,17304840.0,186411.61628364967,186411.61628364967,25997347.85643243,2.3283064365386963e-10 
 07/18  10:00:00,48952360.469428815,30577680.0,1186560.9195342455,17188119.549894568,15277537.838780725,0.0,14377680.0,0.0,0.0,33179610.02763543,-3.841705620288849e-9 
 07/18  11:00:00,52951476.59925136,30859200.0,1263241.784827096,20829034.81442426,18901713.750114515,0.0,14659200.0,0.0,0.0,27202814.664268114,-5.587935447692871e-9 
 07/18  12:00:00,50014401.3412215,26295840.0,1270677.8954113796,22447883.44581011,20520562.381500363,0.0,10095840.0,0.0,0.0,24778585.78478644,-2.7939677238464355e-9 
 07/18  13:00:00,47465245.286091596,24701760.0,1211541.650305073,21551943.635786526,19624622.571476772,0.0,8501760.0,0.0,0.0,23135218.294400405,-3.259629011154175e-9 
 07/18  14:00:00,50423594.075870685,25764480.0,1297869.9316231743,23361244.144247517,21433923.07993777,0.0,9564480.0,0.0,0.0,25703573.44851958,-6.28642737865448e-9 
 07/18  15:00:00,49731659.53414622,25027200.0,1337371.3006785458,23367088.233467676,21439767.16915793,0.0,10627200.0,0.0,0.0,26840135.114537742,-3.958120942115784e-9 
 07/18  16:00:00,45346716.0596292,23227200.0,1274927.7211408196,20844588.338488378,18917267.27417863,0.0,10627200.0,0.0,0.0,21251184.7954915,-6.51925802230835e-9 
 07/18  17:00:00,40197252.07817604,21880800.0,1177271.249615554,17139180.82856049,15211859.764250744,0.0,12880800.0,0.0,0.0,13848570.40898091,-4.656612873077393e-10 
 07/18  18:00:00,43033549.39930184,26096400.0,1146426.6222978146,15790722.777004022,13863401.712694276,0.0,17096400.0,0.0,0.0,7132369.806488153,-4.423782229423523e-9 
 07/18  19:00:00,38396216.47119944,21600000.0,1136544.5956399357,15659671.875559501,13732350.811249753,0.0,16200000.0,0.0,0.0,1026003.2943762781,-2.7939677238464355e-9 
 07/18  20:00:00,28024947.61999154,10800000.0,1136544.5956399357,16088403.024351606,14161081.960041858,0.0,5400000.0,0.0,0.0,0.0,-2.3283064365386963e-9 
 07/18  21:00:00,5760000.0,5760000.0,0.0,0.0,0.0,0.0,5400000.0,0.0,0.0,0.0,-1.5133991837501526e-9 
 07/18  22:00:00,1710000.0,1710000.0,0.0,0.0,0.0,0.0,1350000.0,0.0,0.0,0.0,-2.7939677238464355e-9 
 07/18  23:00:00,1710000.0,1710000.0,0.0,0.0,0.0,0.0,1350000.0,0.0,0.0,0.0,-6.984919309616089e-10 
 07/18  24:00:00,1710000.0,1710000.0,0.0,0.0,0.0,0.0,1350000.0,0.0,0.0,0.0,2.2118911147117615e-9 
 07/19  01:00:00,4950000.0,4950000.0,0.0,0.0,0.0,0.0,1350000.0,0.0,0.0,0.0,-1.0477378964424133e-9 
 07/19  02:00:00,4950000.0,4950000.0,0.0,0.0,0.0,0.0,1350000.0,0.0,0.0,0.0,2.561137080192566e-9 
 07/19  03:00:00,4950000.0,4950000.0,0.0,0.0,0.0,0.0,1350000.0,0.0,0.0,0.0,-2.6775524020195007e-9 
 07/19  04:00:00,4950000.0,4950000.0,0.0,0.0,0.0,0.0,1350000.0,0.0,0.0,0.0,-5.820766091346741e-10 
 07/19  05:00:00,4950000.0,4950000.0,0.0,0.0,0.0,0.0,1350000.0,0.0,0.0,0.0,2.3283064365386963e-10 
 07/19  06:00:00,4950000.0,4950000.0,0.0,0.0,0.0,0.0,1350000.0,0.0,0.0,0.0,-3.2014213502407074e-9 
 07/19  07:00:00,4950000.0,4950000.0,0.0,0.0,0.0,0.0,1350000.0,0.0,0.0,4918297.012635616,1.1641532182693481e-10 
 07/19  08:00:00,4721580.0,4721580.0,0.0,0.0,0.0,0.0,1121580.0,0.0,0.0,23382970.12142796,-1.6880221664905548e-9 
 07/19  09:00:00,4516920.0,4516920.0,0.0,0.0,0.0,0.0,916920.0,0.0,0.0,28180852.31228398,9.313225746154785e-10 
 07/19  10:00:00,4356720.0,4356720.0,0.0,0.0,0.0,0.0,756720.0,0.0,0.0,35533741.18475036,3.6088749766349792e-9 
 07/19  11:00:00,4220280.0,4220280.0,0.0,0.0,0.0,0.0,620280.0,0.0,0.0,30127002.390127182,-1.5133991837501526e-9 
 07/19  12:00:00,4131360.0,4131360.0,0.0,0.0,0.0,0.0,531360.0,0.0,0.0,24088094.254423723,-3.026798367500305e-9 
 07/19  13:00:00,4131360.0,4131360.0,0.0,0.0,0.0,0.0,531360.0,0.0,0.0,25087215.846115753,-4.889443516731262e-9 
 07/19  14:00:00,4131360.0,4131360.0,0.0,0.0,0.0,0.0,531360.0,0.0,0.0,23998652.112095337,-4.6566128730773926e-9 
 07/19  15:00:00,4175820.0,4175820.0,0.0,0.0,0.0,0.0,575820.0,0.0,0.0,18791870.5757954,-6.05359673500061e-9 
 07/19  16:00:00,4131360.0,4131360.0,0.0,0.0,0.0,0.0,531360.0,0.0,0.0,16992247.488994695,-3.725290298461914e-9 
 07/19  17:00:00,4424940.0,4424940.0,0.0,0.0,0.0,0.0,824940.0,0.0,0.0,11635498.942912659,-5.820766091346741e-9 
 07/19  18:00:00,4523040.0,4523040.0,0.0,0.0,0.0,0.0,923040.0,0.0,0.0,6323338.903062242,-2.0954757928848267e-9 
 07/19  19:00:00,4950000.0,4950000.0,0.0,0.0,0.0,0.0,1350000.0,0.0,0.0,698970.9749710216,-4.423782229423523e-9 
 07/19  20:00:00,4950000.0,4950000.0,0.0,0.0,0.0,0.0,1350000.0,0.0,0.0,0.0,4.656612873077393e-10 
 07/19  21:00:00,4950000.0,4950000.0,0.0,0.0,0.0,0.0,1350000.0,0.0,0.0,0.0,-1.5133991837501526e-9 
 07/19  22:00:00,4950000.0,4950000.0,0.0,0.0,0.0,0.0,1350000.0,0.0,0.0,0.0,5.820766091346741e-10 
 07/19  23:00:00,4950000.0,4950000.0,0.0,0.0,0.0,0.0,1350000.0,0.0,0.0,0.0,1.5133991837501526e-9 
 07/19  24:00:00,4950000.0,4950000.0,0.0,0.0,0.0,0.0,1350000.0,0.0,0.0,0.0,-2.0954757928848267e-9 
 07/20  01:00:00,4950000.0,4950000.0,0.0,0.0,0.0,0.0,1350000.0,0.0,0.0,0.0,-8.149072527885437e-10 
 07/20  02:00:00,4950000.0,4950000.0,0.0,0.0,0.0,0.0,1350000.0,0.0,0.0,0.0,2.3283064365386963e-10 
 07/20  03:00:00,4950000.0,4950000.0,0.0,0.0,0.0,0.0,1350000.0,0.0,0.0,0.0,1.1641532182693481e-10 
 07/20  04:00:00,4950000.0,4950000.0,0.0,0.0,0.0,0.0,1350000.0,0.0,0.0,0.0,-2.3283064365386963e-9 
 07/20  05:00:00,4950000.0,4950000.0,0.0,0.0,0.0,0.0,1350000.0,0.0,0.0,0.0,-1.862645149230957e-9 
 07/20  06:00:00,4950000.0,4950000.0,0.0,0.0,0.0,0.0,1350000.0,0.0,0.0,0.0,-1.979060471057892e-9 
 07/20  07:00:00,4950000.0,4950000.0,0.0,0.0,0.0,0.0,1350000.0,0.0,0.0,2664834.2841804,1.6880221664905548e-9 
 07/20  08:00:00,4789800.0,4789800.0,0.0,0.0,0.0,0.0,1189800.0,0.0,0.0,16606247.559681706,1.280568540096283e-9 
 07/20  09:00:00,4516920.0,4516920.0,0.0,0.0,0.0,0.0,916920.0,0.0,0.0,29204729.10498881,-2.7939677238464355e-9 
 07/20  10:00:00,4356720.0,4356720.0,0.0,0.0,0.0,0.0,756720.0,0.0,0.0,35360967.09337145,-5.471520125865936e-9 
 07/20  11:00:00,4175820.0,4175820.0,0.0,0.0,0.0,0.0,575820.0,0.0,0.0,29903001.231354166,-2.3283064365386963e-9 
 07/20  12:00:00,4175820.0,4175820.0,0.0,0.0,0.0,0.0,575820.0,0.0,0.0,23742509.152976487,-1.3969838619232178e-9 
 07/20  13:00:00,4175820.0,4175820.0,0.0,0.0,0.0,0.0,575820.0,0.0,0.0,25342599.80971472,-9.313225746154785e-10 
 07/20  14:00:00,4131360.0,4131360.0,0.0,0.0,0.0,0.0,531360.0,0.0,0.0,26986375.012826815,-4.190951585769653e-9 
 07/20  15:00:00,4131360.0,4131360.0,0.0,0.0,0.0,0.0,531360.0,0.0,0.0,22833859.261523347,-2.561137080192566e-9 
 07/20  16:00:00,4516920.0,4516920.0,0.0,0.0,0.0,0.0,916920.0,0.0,0.0,10588934.091926172,-4.190951585769653e-9 
 07/20  17:00:00,4950000.0,4950000.0,0.0,0.0,0.0,0.0,1350000.0,0.0,0.0,1998939.09532951,-3.4924596548080444e-9 
 07/20  18:00:00,4950000.0,4950000.0,0.0,0.0,0.0,0.0,1350000.0,0.0,0.0,1837142.7781859757,-1.862645149230957e-9 
 07/20  19:00:00,4950000.0,4950000.0,0.0,0.0,0.0,0.0,1350000.0,0.0,0.0,145651.15647463893,-4.423782229423523e-9 
 07/20  20:00:00,4950000.0,4950000.0,0.0,0.0,0.0,0.0,1350000.0,0.0,0.0,0.0,-1.6298145055770874e-9 
 07/20  21:00:00,4950000.0,4950000.0,0.0,0.0,0.0,0.0,1350000.0,0.0,0.0,0.0,-2.7939677238464355e-9 
 07/20  22:00:00,4950000.0,4950000.0,0.0,0.0,0.0,0.0,1350000.0,0.0,0.0,0.0,-6.402842700481415e-9 
 07/20  23:00:00,4950000.0,4950000.0,0.0,0.0,0.0,0.0,1350000.0,0.0,0.0,0.0,9.313225746154785e-10 
 07/20  24:00:00,4950000.0,4950000.0,0.0,0.0,0.0,0.0,1350000.0,0.0,0.0,0.0,-5.471520125865936e-9 
 07/21  01:00:00,1710000.0,1710000.0,0.0,0.0,0.0,0.0,1350000.0,0.0,0.0,0.0,-1.7462298274040222e-9 
 07/21  02:00:00,1710000.0,1710000.0,0.0,0.0,0.0,0.0,1350000.0,0.0,0.0,0.0,-6.6356733441352844e-9 
 07/21  03:00:00,1710000.0,1710000.0,0.0,0.0,0.0,0.0,1350000.0,0.0,0.0,0.0,-3.841705620288849e-9 
 07/21  04:00:00,1710000.0,1710000.0,0.0,0.0,0.0,0.0,1350000.0,0.0,0.0,0.0,-2.270098775625229e-9 
 07/21  05:00:00,1710000.0,1710000.0,0.0,0.0,0.0,0.0,1350000.0,0.0,0.0,0.0,-1.0477378964424133e-9 
 07/21  06:00:00,1710000.0,1710000.0,0.0,0.0,0.0,0.0,1350000.0,0.0,0.0,0.0,-6.984919309616089e-10 
 07/21  07:00:00,17043095.782179594,1710000.0,1136544.5956399357,14196551.186539657,12316547.501895124,0.0,1350000.0,373398.1538619802,373398.1538619802,1909227.4549290577,-1.1059455573558807e-9 
 07/21  08:00:00,17214346.125450537,1573560.0,1136544.5956399357,14504241.5298106,12689573.775998611,0.0,1213560.0,153973.9173771595,153973.9173771595,13650163.78657177,-2.6193447411060333e-9 
 07/21  09:00:00,38671042.92912497,22476600.0,1136544.5956399357,15057898.333485037,13217800.661664752,0.0,15276600.0,0.0,0.0,28792088.67711334,-2.9103830456733704e-9 
 07/21  10:00:00,50700563.73105526,32325300.0,1167804.682433977,17207459.04862129,15280763.100562977,0.0,16125300.0,0.0,0.0,25506585.36890077,-3.026798367500305e-9 
 07/21  11:00:00,50777315.06561665,28605600.0,1261548.2065210615,20910166.85909559,18982845.794785842,0.0,12405600.0,0.0,0.0,29156801.679713152,-4.423782229423523e-9 
 07/21  12:00:00,49777949.94664808,26295840.0,1256382.0540797766,22225727.892568305,20298406.828258555,0.0,10095840.0,0.0,0.0,23196207.020479754,-4.889443516731262e-9 
 07/21  13:00:00,46750288.417850405,24701760.0,1200074.7565822178,20848453.66126819,18921132.596958444,0.0,8501760.0,0.0,0.0,21943734.282623135,-6.752088665962219e-9 
 07/21  14:00:00,49971254.52351079,25764480.0,1300364.154048199,22906410.369462594,20979089.305152845,0.0,9564480.0,0.0,0.0,26538150.114793733,-5.122274160385132e-9 
 07/21  15:00:00,48188473.84682931,25027200.0,1312545.6784016138,21848728.16842771,19921407.10411796,0.0,10627200.0,0.0,0.0,23089632.785051756,-5.587935447692871e-9 
 07/21  16:00:00,44773501.195367366,24116400.0,1239755.0364433688,19417346.158924,17490025.09461425,0.0,11516400.0,0.0,0.0,16077733.347633528,-4.6566128730773926e-9 
 07/21  17:00:00,42292053.66685204,24609600.0,1164780.2728054137,16517673.394046627,14590352.32973688,0.0,15609600.0,0.0,0.0,11577271.31331132,-3.4924596548080444e-9 
 07/21  18:00:00,43048345.631955706,26096400.0,1142208.0124598641,15809737.619495839,13882416.555186091,0.0,17096400.0,0.0,0.0,6743676.356236266,-9.313225746154785e-10 
 07/21  19:00:00,38536205.34725733,21600000.0,1136544.5956399357,15799660.75161739,13872339.68730764,0.0,16200000.0,0.0,0.0,879958.3540461613,-6.05359673500061e-9 
 07/21  20:00:00,28359867.444730446,10800000.0,1136544.5956399357,16423322.84909051,14496001.78478076,0.0,5400000.0,0.0,0.0,0.0,-4.540197551250458e-9 
 07/21  21:00:00,5760000.0,5760000.0,0.0,0.0,0.0,0.0,5400000.0,0.0,0.0,0.0,-2.2118911147117615e-9 
 07/21  22:00:00,1710000.0,1710000.0,0.0,0.0,0.0,0.0,1350000.0,0.0,0.0,0.0,3.4924596548080444e-10 
 07/21  23:00:00,1710000.0,1710000.0,0.0,0.0,0.0,0.0,1350000.0,0.0,0.0,0.0,2.2118911147117615e-9 
 07/21  24:00:00,1710000.0,1710000.0,0.0,0.0,0.0,0.0,1350000.0,0.0,0.0,0.0,-2.2118911147117615e-9 
 07/22  01:00:00,1710000.0,1710000.0,0.0,0.0,0.0,0.0,1350000.0,0.0,0.0,0.0,-2.3283064365386963e-10 
 07/22  02:00:00,1710000.0,1710000.0,0.0,0.0,0.0,0.0,1350000.0,0.0,0.0,0.0,-3.725290298461914e-9 
 07/22  03:00:00,1710000.0,1710000.0,0.0,0.0,0.0,0.0,1350000.0,0.0,0.0,0.0,-1.7462298274040222e-9 
 07/22  04:00:00,1710000.0,1710000.0,0.0,0.0,0.0,0.0,1350000.0,0.0,0.0,0.0,-9.313225746154785e-10 
 07/22  05:00:00,1710000.0,1710000.0,0.0,0.0,0.0,0.0,1350000.0,0.0,0.0,0.0,-8.731149137020111e-10 
 07/22  06:00:00,1710000.0,1710000.0,0.0,0.0,0.0,0.0,1350000.0,0.0,0.0,0.0,-1.1059455573558807e-9 
 07/22  07:00:00,16908193.049103327,1710000.0,1136544.5956399357,14061648.45346339,12189472.086736362,0.0,1350000.0,401253.9133941181,401253.9133941181,2581714.0611373708,0.0 
 07/22  08:00:00,17159098.139715366,1549800.0,1136544.5956399357,14472753.544075428,12663877.107124357,0.0,1189800.0,123944.94696550317,123944.94696550317,16677027.529445983,-2.3283064365386963e-10 
 07/22  09:00:00,38844447.39240704,22476600.0,1136544.5956399357,15231302.7967671,13388641.960411228,0.0,15276600.0,0.0,0.0,30925079.395989683,-3.4924596548080444e-10 
 07/22  10:00:00,49069737.72064075,30126240.0,1195405.172249781,17748092.548390966,15828678.094231281,0.0,13926240.0,0.0,0.0,32389464.032999333,-3.259629011154175e-9 
 07/22  11:00:00,51939797.18505099,29970000.0,1269974.5853450673,20699822.59970592,18772501.53539617,0.0,13770000.0,0.0,0.0,26511031.697097093,-5.820766091346741e-9 
 07/22  12:00:00,49229294.2273246,26295840.0,1266467.1876020872,21666987.039722517,19739665.975412767,0.0,10095840.0,0.0,0.0,23294077.9007069,-5.3551048040390015e-9 
 07/22  13:00:00,47354637.42244975,24701760.0,1229197.1693621036,21423680.253087655,19496359.18877791,0.0,8501760.0,0.0,0.0,26004322.20419278,-2.561137080192566e-9 
 07/22  14:00:00,51300821.25212135,25764480.0,1332567.575671441,24203773.676449917,22276452.612140168,0.0,9564480.0,0.0,0.0,27121064.245265283,-3.259629011154175e-9 
 07/22  15:00:00,51096257.641088605,25027200.0,1362774.5381430476,24706283.10294556,22778962.038635813,0.0,10627200.0,0.0,0.0,26804531.092253007,-1.1641532182693481e-9 
 07/22  16:00:00,48049150.58892832,23227200.0,1315654.7876236495,23506295.801304676,21578974.736994926,0.0,10627200.0,0.0,0.0,25676639.30074937,-2.561137080192566e-9 
 07/22  17:00:00,43986930.53230167,22770000.0,1208909.171791986,20008021.360509694,18080700.296199944,0.0,13770000.0,0.0,0.0,13689329.228139838,-7.683411240577698e-9 
 07/22  18:00:00,42541350.24037033,23367600.0,1166365.4251518592,18007384.815218482,16080063.750908736,0.0,14367600.0,0.0,0.0,7893239.319533961,-4.6566128730773926e-9 
 07/22  19:00:00,39133188.55808314,21600000.0,1136544.5956399357,16396643.962443206,14469322.89813346,0.0,16200000.0,0.0,0.0,1010016.9077615718,-4.423782229423523e-9 
 07/22  20:00:00,27927063.806207396,10800000.0,1136544.5956399357,15990519.21056746,14063198.146257712,0.0,5400000.0,0.0,0.0,0.0,-3.3760443329811096e-9 
 07/22  21:00:00,5760000.0,5760000.0,0.0,0.0,0.0,0.0,5400000.0,0.0,0.0,0.0,-5.122274160385132e-9 
 07/22  22:00:00,1710000.0,1710000.0,0.0,0.0,0.0,0.0,1350000.0,0.0,0.0,0.0,1.0477378964424133e-9 
 07/22  23:00:00,1710000.0,1710000.0,0.0,0.0,0.0,0.0,1350000.0,0.0,0.0,0.0,-2.7939677238464355e-9 
 07/22  24:00:00,1710000.0,1710000.0,0.0,0.0,0.0,0.0,1350000.0,0.0,0.0,0.0,-5.820766091346741e-10 
 07/23  01:00:00,1710000.0,1710000.0,0.0,0.0,0.0,0.0,1350000.0,0.0,0.0,0.0,2.3283064365386963e-10 
 07/23  02:00:00,1710000.0,1710000.0,0.0,0.0,0.0,0.0,1350000.0,0.0,0.0,0.0,-3.6088749766349792e-9 
 07/23  03:00:00,1710000.0,1710000.0,0.0,0.0,0.0,0.0,1350000.0,0.0,0.0,0.0,2.3283064365386963e-10 
 07/23  04:00:00,1710000.0,1710000.0,0.0,0.0,0.0,0.0,1350000.0,0.0,0.0,0.0,5.820766091346741e-11 
 07/23  05:00:00,1710000.0,1710000.0,0.0,0.0,0.0,0.0,1350000.0,0.0,0.0,0.0,-1.1641532182693481e-10 
 07/23  06:00:00,1710000.0,1710000.0,0.0,0.0,0.0,0.0,1350000.0,0.0,0.0,0.0,9.313225746154785e-10 
 07/23  07:00:00,17335682.890945345,1710000.0,1136544.5956399357,14489138.295305409,12604093.613967933,0.0,1350000.0,158181.38687096545,158181.38687096545,5213471.927327524,-2.3865140974521637e-9 
 07/23  08:00:00,17532126.40071637,1481580.0,1136544.5956399357,14914001.805076435,13099677.47783253,0.0,1121580.0,0.0,0.0,26345699.686620273,-4.656612873077393e-10 
 07/23  09:00:00,40508015.28181937,23276880.0,1145558.9484549104,16085576.333364464,14220546.18710393,0.0,16076880.0,0.0,0.0,37466534.203256354,-2.3283064365386963e-9 
 07/23  10:00:00,50892720.22751153,30577680.0,1242358.6178987394,19072681.609612793,17156556.688038234,0.0,14377680.0,0.0,0.0,35643642.63490749,-5.9371814131736755e-9 
 07/23  11:00:00,50676781.44838727,27716400.0,1310799.5325582677,21649581.91582901,19722260.85151926,0.0,11516400.0,0.0,0.0,28885985.12554655,-3.4924596548080444e-9 
 07/23  12:00:00,52743709.74139964,29281500.0,1304155.2236348942,22158054.51776475,20230733.453455,0.0,13081500.0,0.0,0.0,24160192.026796095,-6.28642737865448e-9 
 07/23  13:00:00,46243287.25504333,24701760.0,1212127.7618825762,20329399.49316076,18402078.42885101,0.0,8501760.0,0.0,0.0,21167002.94086802,-4.889443516731262e-9 
 07/23  14:00:00,49441096.594305724,25764480.0,1285389.0475398325,22391227.546765886,20463906.48245614,0.0,9564480.0,0.0,0.0,24137560.074033946,-6.05359673500061e-9 
 07/23  15:00:00,50122180.6981841,25027200.0,1331390.519858893,23763590.178325206,21836269.11401546,0.0,10627200.0,0.0,0.0,27744579.24970423,-6.05359673500061e-9 
 07/23  16:00:00,47340817.831812255,23227200.0,1318627.5808188238,22794990.25099343,20867669.186683685,0.0,10627200.0,0.0,0.0,28202121.107828487,-5.587935447692871e-9 
 07/23  17:00:00,40866153.07200041,19627200.0,1238273.7414427968,20000679.330557607,18073358.26624786,0.0,10627200.0,0.0,0.0,22762315.913650133,-3.958120942115784e-9 
 07/23  18:00:00,39756924.969525814,21052800.0,1182539.703389073,17521585.266136743,15594264.201826993,0.0,12052800.0,0.0,0.0,11661862.165248122,-3.259629011154175e-9 
 07/23  19:00:00,38092400.10712249,21066480.0,1136544.5956399357,15889375.511482554,13962054.447172806,0.0,15666480.0,0.0,0.0,1307181.1700041802,-4.6566128730773926e-9 
 07/23  20:00:00,28040939.21750884,10800000.0,1136544.5956399357,16104394.621868905,14177073.557559157,0.0,5400000.0,0.0,0.0,0.0,-3.725290298461914e-9 
 07/23  21:00:00,5760000.0,5760000.0,0.0,0.0,0.0,0.0,5400000.0,0.0,0.0,0.0,-1.0477378964424133e-9 
 07/23  22:00:00,1710000.0,1710000.0,0.0,0.0,0.0,0.0,1350000.0,0.0,0.0,0.0,-1.6298145055770874e-9 
 07/23  23:00:00,1710000.0,1710000.0,0.0,0.0,0.0,0.0,1350000.0,0.0,0.0,0.0,2.3283064365386963e-9 
 07/23  24:00:00,1710000.0,1710000.0,0.0,0.0,0.0,0.0,1350000.0,0.0,0.0,0.0,1.862645149230957e-9 
 07/24  01:00:00,1710000.0,1710000.0,0.0,0.0,0.0,0.0,1350000.0,0.0,0.0,0.0,-2.3283064365386963e-10 
 07/24  02:00:00,1710000.0,1710000.0,0.0,0.0,0.0,0.0,1350000.0,0.0,0.0,0.0,-3.6088749766349792e-9 
 07/24  03:00:00,1710000.0,1710000.0,0.0,0.0,0.0,0.0,1350000.0,0.0,0.0,0.0,-1.862645149230957e-9 
 07/24  04:00:00,1710000.0,1710000.0,0.0,0.0,0.0,0.0,1350000.0,0.0,0.0,0.0,-2.444721758365631e-9 
 07/24  05:00:00,1710000.0,1710000.0,0.0,0.0,0.0,0.0,1350000.0,0.0,0.0,0.0,3.4924596548080444e-10 
 07/24  06:00:00,1710000.0,1710000.0,0.0,0.0,0.0,0.0,1350000.0,0.0,0.0,0.0,-1.1059455573558807e-9 
 07/24  07:00:00,16628820.328098323,1710000.0,1136544.5956399357,13782275.73245839,11911071.476742372,0.0,1350000.0,558259.6176666138,558259.6176666138,3363616.005087453,1.1641532182693481e-9 
 07/24  08:00:00,17030844.69033309,1505340.0,1136544.5956399357,14388960.094693154,12580289.528572667,0.0,1145340.0,158752.08326138256,158752.08326138256,18555640.41763537,-8.149072527885437e-10 
 07/24  09:00:00,39181290.75279549,22476600.0,1136544.5956399357,15568146.157155553,13715744.06609151,0.0,15276600.0,0.0,0.0,31220186.33865193,-2.444721758365631e-9 
 07/24  10:00:00,50601847.155511275,30577680.0,1208266.7380444738,18815900.417466808,16894057.24102061,0.0,14377680.0,0.0,0.0,35338489.42753083,-2.0954757928848267e-9 
 07/24  11:00:00,52473538.395122156,29080800.0,1291502.7039224042,22101235.691199753,20173914.626890007,0.0,12880800.0,0.0,0.0,29630988.623886872,-7.683411240577698e-9 
 07/24  12:00:00,50466409.38108668,26295840.0,1283809.0136959348,22886760.36739075,20959439.303081006,0.0,10095840.0,0.0,0.0,24433912.651368536,-4.6566128730773926e-9 
 07/24  13:00:00,47569918.98544137,24701760.0,1228255.5429289155,21639903.44251246,19712582.37820271,0.0,8501760.0,0.0,0.0,25444254.123790715,-6.05359673500061e-9 
 07/24  14:00:00,50192425.50495271,25764480.0,1309165.8839510635,23118779.621001646,21191458.556691896,0.0,9564480.0,0.0,0.0,26360251.30651352,-5.3551048040390015e-9 
 07/24  15:00:00,49506482.11197619,25027200.0,1331273.3651670455,23148008.746809144,21220687.682499398,0.0,10627200.0,0.0,0.0,26188128.84908693,-9.313225746154785e-10 
 07/24  16:00:00,46632184.21668732,23227200.0,1283503.26921537,22121480.94747195,20194159.883162204,0.0,10627200.0,0.0,0.0,22668128.937340003,-5.122274160385132e-9 
 07/24  17:00:00,41273727.49454933,20516400.0,1191863.1446730713,19565464.349876255,17638143.28556651,0.0,11516400.0,0.0,0.0,15126996.370734312,-1.3969838619232178e-9 
 07/24  18:00:00,43384326.86481228,23842800.0,1157099.9433166943,18384426.921495587,16457105.857185837,0.0,14842800.0,0.0,0.0,8110781.339498738,-3.259629011154175e-9 
 07/24  19:00:00,39768676.1161267,21600000.0,1136544.5956399357,17032131.520486772,15104810.456177022,0.0,16200000.0,0.0,0.0,657950.0002327516,-4.423782229423523e-9 
 07/24  20:00:00,28221942.983886197,10800000.0,1136544.5956399357,16285398.388246262,14358077.323936516,0.0,5400000.0,0.0,0.0,0.0,-4.0745362639427185e-9 
 07/24  21:00:00,5760000.0,5760000.0,0.0,0.0,0.0,0.0,5400000.0,0.0,0.0,0.0,-1.1641532182693481e-9 
 07/24  22:00:00,1710000.0,1710000.0,0.0,0.0,0.0,0.0,1350000.0,0.0,0.0,0.0,1.1641532182693481e-10 
 07/24  23:00:00,1710000.0,1710000.0,0.0,0.0,0.0,0.0,1350000.0,0.0,0.0,0.0,-2.2118911147117615e-9 
 07/24  24:00:00,1710000.0,1710000.0,0.0,0.0,0.0,0.0,1350000.0,0.0,0.0,0.0,-2.2118911147117615e-9 
 07/25  01:00:00,1710000.0,1710000.0,0.0,0.0,0.0,0.0,1350000.0,0.0,0.0,0.0,1.1641532182693481e-9 
 07/25  02:00:00,1710000.0,1710000.0,0.0,0.0,0.0,0.0,1350000.0,0.0,0.0,0.0,0.0 
 07/25  03:00:00,1710000.0,1710000.0,0.0,0.0,0.0,0.0,1350000.0,0.0,0.0,0.0,2.9103830456733704e-10 
 07/25  04:00:00,1710000.0,1710000.0,0.0,0.0,0.0,0.0,1350000.0,0.0,0.0,0.0,-1.4551915228366852e-9 
 07/25  05:00:00,1710000.0,1710000.0,0.0,0.0,0.0,0.0,1350000.0,0.0,0.0,0.0,-2.6193447411060333e-9 
 07/25  06:00:00,1710000.0,1710000.0,0.0,0.0,0.0,0.0,1350000.0,0.0,0.0,0.0,1.1641532182693481e-10 
 07/25  07:00:00,16967769.94437087,1710000.0,1136544.5956399357,14121225.348730933,12243824.71324479,0.0,1350000.0,332998.4032834103,332998.4032834103,3487854.105682062,-3.259629011154175e-9 
 07/25  08:00:00,17606818.788642693,1505340.0,1136544.5956399357,14964934.19300276,13148242.72828053,0.0,1145340.0,15785.27049637008,15785.27049637008,20800044.552811142,-7.566995918750763e-10 
 07/25  09:00:00,40846223.24756345,23276880.0,1137609.434341321,16431733.813222127,14556150.724041631,0.0,16076880.0,0.0,0.0,35549784.594605014,-4.307366907596588e-9 
 07/25  10:00:00,52315362.62675209,31480560.0,1201385.2362723844,19633417.39047971,17707955.231514037,0.0,15280560.0,0.0,0.0,28327351.515433412,3.4924596548080444e-10 
 07/25  11:00:00,56601367.107599765,32284800.0,1288016.7137231352,23028550.393876627,21101229.32956688,0.0,16084800.0,0.0,0.0,25874614.119379517,-8.614733815193176e-9 
 07/25  12:00:00,55118038.12075485,30126240.0,1298264.5042337119,23693533.616521135,21766212.55221139,0.0,13926240.0,0.0,0.0,26341721.83652388,-6.28642737865448e-9 
 07/25  13:00:00,47181968.51703558,24701760.0,1224482.2897782074,21255726.227257375,19328405.162947625,0.0,8501760.0,0.0,0.0,25434576.01566972,-2.0954757928848267e-9 
 07/25  14:00:00,49330473.072151385,25764480.0,1312120.9432014371,22253872.128949944,20326551.064640194,0.0,9564480.0,0.0,0.0,26661776.551524237,-2.7939677238464355e-9 
 07/25  15:00:00,48394257.001901135,25027200.0,1345293.866425043,22021763.135476097,20094442.071166348,0.0,10627200.0,0.0,0.0,27471855.890378952,-6.51925802230835e-9 
 07/25  16:00:00,45997193.545385,23227200.0,1315580.7678249145,21454412.77756009,19527091.71325034,0.0,10627200.0,0.0,0.0,25504022.123818647,-5.587935447692871e-9 
 07/25  17:00:00,40174667.167133525,19627200.0,1218664.5146683385,19328802.652465187,17401481.588155437,0.0,10627200.0,0.0,0.0,17294161.570485845,-5.122274160385132e-9 
 07/25  18:00:00,42367540.60388425,22892400.0,1171198.0080052628,18303942.595878985,16376621.531569239,0.0,13892400.0,0.0,0.0,9234051.363302022,-5.3551048040390015e-9 
 07/25  19:00:00,39867629.87213283,21600000.0,1136544.5956399357,17131085.276492897,15203764.212183148,0.0,16200000.0,0.0,0.0,1303891.750739132,-1.6298145055770874e-9 
 07/25  20:00:00,29014012.332058016,10800000.0,1136544.5956399357,17077467.73641808,15150146.672108334,0.0,5400000.0,0.0,0.0,0.0,-2.444721758365631e-9 
 07/25  21:00:00,5760000.0,5760000.0,0.0,0.0,0.0,0.0,5400000.0,0.0,0.0,0.0,-3.026798367500305e-9 
 07/25  22:00:00,1710000.0,1710000.0,0.0,0.0,0.0,0.0,1350000.0,0.0,0.0,0.0,-4.656612873077393e-10 
 07/25  23:00:00,1710000.0,1710000.0,0.0,0.0,0.0,0.0,1350000.0,0.0,0.0,0.0,-2.3283064365386963e-9 
 07/25  24:00:00,1710000.0,1710000.0,0.0,0.0,0.0,0.0,1350000.0,0.0,0.0,0.0,-6.984919309616089e-9 
 07/26  01:00:00,4950000.0,4950000.0,0.0,0.0,0.0,0.0,1350000.0,0.0,0.0,0.0,-2.2118911147117615e-9 
 07/26  02:00:00,4950000.0,4950000.0,0.0,0.0,0.0,0.0,1350000.0,0.0,0.0,0.0,-5.005858838558197e-9 
 07/26  03:00:00,4950000.0,4950000.0,0.0,0.0,0.0,0.0,1350000.0,0.0,0.0,0.0,0.0 
 07/26  04:00:00,4950000.0,4950000.0,0.0,0.0,0.0,0.0,1350000.0,0.0,0.0,0.0,-1.280568540096283e-9 
 07/26  05:00:00,4950000.0,4950000.0,0.0,0.0,0.0,0.0,1350000.0,0.0,0.0,0.0,-8.149072527885437e-10 
 07/26  06:00:00,4950000.0,4950000.0,0.0,0.0,0.0,0.0,1350000.0,0.0,0.0,0.0,-3.259629011154175e-9 
 07/26  07:00:00,4950000.0,4950000.0,0.0,0.0,0.0,0.0,1350000.0,0.0,0.0,875023.7141918156,-4.016328603029251e-9 
 07/26  08:00:00,4926240.0,4926240.0,0.0,0.0,0.0,0.0,1326240.0,0.0,0.0,6921653.394058049,-9.89530235528946e-10 
 07/26  09:00:00,4585140.0,4585140.0,0.0,0.0,0.0,0.0,985140.0,0.0,0.0,21053814.54207182,-1.3969838619232178e-9 
 07/26  10:00:00,4356720.0,4356720.0,0.0,0.0,0.0,0.0,756720.0,0.0,0.0,34853554.50331912,-4.423782229423523e-9 
 07/26  11:00:00,4131360.0,4131360.0,0.0,0.0,0.0,0.0,531360.0,0.0,0.0,28870910.074063122,-3.6088749766349792e-9 
 07/26  12:00:00,4131360.0,4131360.0,0.0,0.0,0.0,0.0,531360.0,0.0,0.0,22665606.660674058,-2.2118911147117615e-9 
 07/26  13:00:00,4131360.0,4131360.0,0.0,0.0,0.0,0.0,531360.0,0.0,0.0,21900694.933408175,-2.0954757928848267e-9 
 07/26  14:00:00,4131360.0,4131360.0,0.0,0.0,0.0,0.0,531360.0,0.0,0.0,27538412.956445873,-2.561137080192566e-9 
 07/26  15:00:00,4131360.0,4131360.0,0.0,0.0,0.0,0.0,531360.0,0.0,0.0,28509709.480776496,-3.725290298461914e-9 
 07/26  16:00:00,4131360.0,4131360.0,0.0,0.0,0.0,0.0,531360.0,0.0,0.0,25387803.428516313,-9.546056389808655e-9 
 07/26  17:00:00,4131360.0,4131360.0,0.0,0.0,0.0,0.0,531360.0,0.0,0.0,22587727.002020877,-4.889443516731262e-9 
 07/26  18:00:00,4155120.0,4155120.0,0.0,0.0,0.0,0.0,555120.0,0.0,0.0,15796482.156704953,-4.423782229423523e-9 
 07/26  19:00:00,4881780.0,4881780.0,0.0,0.0,0.0,0.0,1281780.0,0.0,0.0,4045900.455712226,-3.958120942115784e-9 
 07/26  20:00:00,4950000.0,4950000.0,0.0,0.0,0.0,0.0,1350000.0,0.0,0.0,0.0,-6.984919309616089e-9 
 07/26  21:00:00,4950000.0,4950000.0,0.0,0.0,0.0,0.0,1350000.0,0.0,0.0,0.0,-5.3551048040390015e-9 
 07/26  22:00:00,4950000.0,4950000.0,0.0,0.0,0.0,0.0,1350000.0,0.0,0.0,0.0,1.280568540096283e-9 
 07/26  23:00:00,4950000.0,4950000.0,0.0,0.0,0.0,0.0,1350000.0,0.0,0.0,0.0,-6.984919309616089e-10 
 07/26  24:00:00,4950000.0,4950000.0,0.0,0.0,0.0,0.0,1350000.0,0.0,0.0,0.0,-3.841705620288849e-9 
 07/27  01:00:00,4950000.0,4950000.0,0.0,0.0,0.0,0.0,1350000.0,0.0,0.0,0.0,-2.444721758365631e-9 
 07/27  02:00:00,4950000.0,4950000.0,0.0,0.0,0.0,0.0,1350000.0,0.0,0.0,0.0,-5.820766091346741e-10 
 07/27  03:00:00,4950000.0,4950000.0,0.0,0.0,0.0,0.0,1350000.0,0.0,0.0,0.0,9.313225746154785e-10 
 07/27  04:00:00,4950000.0,4950000.0,0.0,0.0,0.0,0.0,1350000.0,0.0,0.0,0.0,-4.307366907596588e-9 
 07/27  05:00:00,4950000.0,4950000.0,0.0,0.0,0.0,0.0,1350000.0,0.0,0.0,0.0,-4.656612873077393e-10 
 07/27  06:00:00,4950000.0,4950000.0,0.0,0.0,0.0,0.0,1350000.0,0.0,0.0,0.0,-1.3969838619232178e-9 
 07/27  07:00:00,4950000.0,4950000.0,0.0,0.0,0.0,0.0,1350000.0,0.0,0.0,2122793.9090608517,-2.9103830456733704e-9 
 07/27  08:00:00,4813560.0,4813560.0,0.0,0.0,0.0,0.0,1213560.0,0.0,0.0,15165147.268836686,-6.984919309616089e-10 
 07/27  09:00:00,4448700.0,4448700.0,0.0,0.0,0.0,0.0,848700.0,0.0,0.0,33176807.1953934,-8.149072527885437e-10 
 07/27  10:00:00,4356720.0,4356720.0,0.0,0.0,0.0,0.0,756720.0,0.0,0.0,34933000.88845981,-6.752088665962219e-9 
 07/27  11:00:00,4264740.0,4264740.0,0.0,0.0,0.0,0.0,664740.0,0.0,0.0,28039065.14696627,-3.14321368932724e-9 
 07/27  12:00:00,4131360.0,4131360.0,0.0,0.0,0.0,0.0,531360.0,0.0,0.0,22605293.051244076,-6.05359673500061e-9 
 07/27  13:00:00,4131360.0,4131360.0,0.0,0.0,0.0,0.0,531360.0,0.0,0.0,21095533.056368344,-1.6298145055770874e-9 
 07/27  14:00:00,4131360.0,4131360.0,0.0,0.0,0.0,0.0,531360.0,0.0,0.0,24257089.025301345,-6.984919309616089e-9 
 07/27  15:00:00,4131360.0,4131360.0,0.0,0.0,0.0,0.0,531360.0,0.0,0.0,25887205.357813172,-1.0477378964424133e-8 
 07/27  16:00:00,4131360.0,4131360.0,0.0,0.0,0.0,0.0,531360.0,0.0,0.0,23184566.105389502,-5.122274160385132e-9 
 07/27  17:00:00,4131360.0,4131360.0,0.0,0.0,0.0,0.0,531360.0,0.0,0.0,17893238.56370517,-5.587935447692871e-9 
 07/27  18:00:00,4410360.0,4410360.0,0.0,0.0,0.0,0.0,810360.0,0.0,0.0,7665583.456152673,-1.6298145055770874e-9 
 07/27  19:00:00,4950000.0,4950000.0,0.0,0.0,0.0,0.0,1350000.0,0.0,0.0,1283660.4505666872,-3.4924596548080444e-9 
 07/27  20:00:00,4950000.0,4950000.0,0.0,0.0,0.0,0.0,1350000.0,0.0,0.0,0.0,-3.259629011154175e-9 
 07/27  21:00:00,4950000.0,4950000.0,0.0,0.0,0.0,0.0,1350000.0,0.0,0.0,0.0,-1.5133991837501526e-9 
 07/27  22:00:00,4950000.0,4950000.0,0.0,0.0,0.0,0.0,1350000.0,0.0,0.0,0.0,-4.773028194904327e-9 
 07/27  23:00:00,4950000.0,4950000.0,0.0,0.0,0.0,0.0,1350000.0,0.0,0.0,0.0,-2.2118911147117615e-9 
 07/27  24:00:00,4950000.0,4950000.0,0.0,0.0,0.0,0.0,1350000.0,0.0,0.0,0.0,-5.3551048040390015e-9 
 07/28  01:00:00,1710000.0,1710000.0,0.0,0.0,0.0,0.0,1350000.0,0.0,0.0,0.0,-1.0477378964424133e-9 
 07/28  02:00:00,1710000.0,1710000.0,0.0,0.0,0.0,0.0,1350000.0,0.0,0.0,0.0,-1.1641532182693481e-10 
 07/28  03:00:00,1710000.0,1710000.0,0.0,0.0,0.0,0.0,1350000.0,0.0,0.0,0.0,-2.7939677238464355e-9 
 07/28  04:00:00,1710000.0,1710000.0,0.0,0.0,0.0,0.0,1350000.0,0.0,0.0,0.0,-2.0372681319713593e-9 
 07/28  05:00:00,1710000.0,1710000.0,0.0,0.0,0.0,0.0,1350000.0,0.0,0.0,0.0,1.1059455573558807e-9 
 07/28  06:00:00,1710000.0,1710000.0,0.0,0.0,0.0,0.0,1350000.0,0.0,0.0,0.0,-9.89530235528946e-10 
 07/28  07:00:00,17437415.307205204,1710000.0,1136544.5956399357,14590870.71156527,12704463.33432942,0.0,1350000.0,107325.86271411982,107325.86271411982,4040689.3181397635,8.731149137020111e-10 
 07/28  08:00:00,18005546.38630498,1481580.0,1136544.5956399357,15387421.790665042,13557220.55301461,0.0,1121580.0,0.0,0.0,22016697.23716589,-8.149072527885437e-10 
 07/28  09:00:00,41130380.47990081,23276880.0,1136544.5956399357,16716955.884260874,14834658.80625547,0.0,16076880.0,0.0,0.0,27335615.446724646,-1.0477378964424133e-9 
 07/28  10:00:00,50989324.9412639,31029120.0,1178132.2578094252,18782072.683454476,16854751.61914473,0.0,14829120.0,0.0,0.0,26697756.547647607,-2.0954757928848267e-9 
 07/28  11:00:00,50828702.19137673,27716400.0,1256957.8227007505,21855344.368675977,19928023.30436623,0.0,11516400.0,0.0,0.0,28948456.89669338,-1.1641532182693481e-9 
 07/28  12:00:00,52652930.025468424,28436760.0,1271933.7539157346,22944236.27155269,21016915.207242943,0.0,12236760.0,0.0,0.0,24434036.635943633,-1.862645149230957e-9 
 07/28  13:00:00,47438681.730255574,24701760.0,1194146.7938579659,21542774.9363976,19615453.87208785,0.0,8501760.0,0.0,0.0,21684761.224287197,-4.423782229423523e-9 
 07/28  14:00:00,51011343.300839856,25764480.0,1277229.98423175,23969633.316608105,22042312.252298355,0.0,9564480.0,0.0,0.0,25949864.296915643,-4.6566128730773926e-9 
 07/28  15:00:00,50715158.33530352,25027200.0,1300531.9377054218,24387426.397598103,22460105.333288357,0.0,10627200.0,0.0,0.0,25742855.030913264,-1.1641532182693481e-9 
 07/28  16:00:00,46353470.722335875,23227200.0,1233117.8190322376,21893152.903303638,19965831.83899389,0.0,10627200.0,0.0,0.0,16811250.780046813,-2.7939677238464355e-9 
 07/28  17:00:00,43608485.636301674,24134400.0,1163777.6414596995,18310307.994841974,16382986.930532226,0.0,15134400.0,0.0,0.0,12709481.776307777,-6.05359673500061e-9 
 07/28  18:00:00,40211056.13698357,23367600.0,1139602.026007738,15703854.110975841,13776533.046666093,0.0,14367600.0,0.0,0.0,8413609.999670897,-2.7939677238464355e-9 
 07/28  19:00:00,37118713.773993276,21600000.0,1136544.5956399357,14382169.17835334,12454638.802156605,0.0,16200000.0,190570.72590870026,190570.72590870026,1147195.712683308,-5.820766091346741e-9 
 07/28  20:00:00,25771430.652375445,10800000.0,1136544.5956399357,13834886.05673551,11907144.187697526,0.0,5400000.0,383833.5561226849,383833.5561226849,0.0,-6.984919309616089e-10 
 07/28  21:00:00,5760000.0,5760000.0,0.0,0.0,0.0,0.0,5400000.0,0.0,0.0,0.0,-1.6298145055770874e-9 
 07/28  22:00:00,1710000.0,1710000.0,0.0,0.0,0.0,0.0,1350000.0,0.0,0.0,0.0,-6.05359673500061e-9 
 07/28  23:00:00,1710000.0,1710000.0,0.0,0.0,0.0,0.0,1350000.0,0.0,0.0,0.0,0.0 
 07/28  24:00:00,1710000.0,1710000.0,0.0,0.0,0.0,0.0,1350000.0,0.0,0.0,0.0,-1.4551915228366852e-9 
 07/29  01:00:00,1710000.0,1710000.0,0.0,0.0,0.0,0.0,1350000.0,0.0,0.0,0.0,-2.270098775625229e-9 
 07/29  02:00:00,1710000.0,1710000.0,0.0,0.0,0.0,0.0,1350000.0,0.0,0.0,0.0,-2.444721758365631e-9 
 07/29  03:00:00,1710000.0,1710000.0,0.0,0.0,0.0,0.0,1350000.0,0.0,0.0,0.0,-8.731149137020111e-10 
 07/29  04:00:00,1710000.0,1710000.0,0.0,0.0,0.0,0.0,1350000.0,0.0,0.0,0.0,-9.313225746154785e-10 
 07/29  05:00:00,1710000.0,1710000.0,0.0,0.0,0.0,0.0,1350000.0,0.0,0.0,0.0,-2.0372681319713593e-9 
 07/29  06:00:00,1710000.0,1710000.0,0.0,0.0,0.0,0.0,1350000.0,0.0,0.0,0.0,-3.4924596548080444e-9 
 07/29  07:00:00,17069595.12717339,1710000.0,1136544.5956399357,14223050.531533452,12355058.591731964,0.0,1350000.0,29006.338075086005,29006.338075086005,3203395.3241751185,-1.1641532182693481e-10 
 07/29  08:00:00,17374181.264295787,1549800.0,1136544.5956399357,14687836.66865585,12879485.07771927,0.0,1189800.0,0.0,0.0,18253052.32951619,-1.6880221664905548e-9 
 07/29  09:00:00,39380289.27760288,22476600.0,1136544.5956399357,15767144.681962952,13916243.53595075,0.0,15276600.0,0.0,0.0,30994739.584601454,-2.3283064365386963e-9 
 07/29  10:00:00,49858777.61674227,30577680.0,1183197.9010500484,18097899.715692215,16171362.037529668,0.0,14377680.0,0.0,0.0,30360546.969068266,-4.540197551250458e-9 
 07/29  11:00:00,49396051.05918616,26827200.0,1243872.5837004064,21324978.475485757,19397657.411176007,0.0,10627200.0,0.0,0.0,28854955.08992965,-3.725290298461914e-9 
 07/29  12:00:00,51453504.647433415,27140580.0,1250074.7672809032,23062849.880152516,21135528.815842766,0.0,10940580.0,0.0,0.0,22389278.79651205,-7.916241884231567e-9 
 07/29  13:00:00,48614485.51516122,24701760.0,1197280.9181510764,22715444.59701015,20788123.532700405,0.0,8501760.0,0.0,0.0,21450356.003702976,-4.423782229423523e-9 
 07/29  14:00:00,52695106.17687637,25764480.0,1276109.4620649808,25654516.714811392,23727195.650501642,0.0,9564480.0,0.0,0.0,23828238.17236924,-2.561137080192566e-9 
 07/29  15:00:00,53422702.38475227,25027200.0,1315844.4816223227,27079657.903129954,25152336.838820208,0.0,10627200.0,0.0,0.0,24243565.121239386,-2.3283064365386963e-10 
 07/29  16:00:00,50531890.99614654,23227200.0,1294818.346963148,26009872.649183385,24082551.584873635,0.0,10627200.0,0.0,0.0,24594902.96492757,-5.587935447692871e-9 
 07/29  17:00:00,43316516.114242,19627200.0,1210279.5309066523,22479036.583335355,20551715.5190256,0.0,10627200.0,0.0,0.0,18299898.244499553,-2.7939677238464355e-9 
 07/29  18:00:00,52343523.38296486,31017600.0,1173368.1241878415,20152555.25877702,18225234.19446727,0.0,22017600.0,0.0,0.0,5447226.04668598,-7.450580596923828e-9 
 07/29  19:00:00,40685321.07289995,21600000.0,1136544.5956399357,17948776.477260016,16021455.412950266,0.0,16200000.0,0.0,0.0,1351559.0341781653,-4.889443516731262e-9 
 07/29  20:00:00,29287739.144186087,10800000.0,1136544.5956399357,17351194.54854615,15423873.484236404,0.0,5400000.0,0.0,0.0,0.0,-3.14321368932724e-9 
 07/29  21:00:00,5760000.0,5760000.0,0.0,0.0,0.0,0.0,5400000.0,0.0,0.0,0.0,-1.862645149230957e-9 
 07/29  22:00:00,1710000.0,1710000.0,0.0,0.0,0.0,0.0,1350000.0,0.0,0.0,0.0,-6.984919309616089e-10 
 07/29  23:00:00,1710000.0,1710000.0,0.0,0.0,0.0,0.0,1350000.0,0.0,0.0,0.0,8.149072527885437e-10 
 07/29  24:00:00,1710000.0,1710000.0,0.0,0.0,0.0,0.0,1350000.0,0.0,0.0,0.0,-3.14321368932724e-9 
 07/30  01:00:00,1710000.0,1710000.0,0.0,0.0,0.0,0.0,1350000.0,0.0,0.0,0.0,-4.0745362639427185e-9 
 07/30  02:00:00,1710000.0,1710000.0,0.0,0.0,0.0,0.0,1350000.0,0.0,0.0,0.0,-3.4924596548080444e-10 
 07/30  03:00:00,1710000.0,1710000.0,0.0,0.0,0.0,0.0,1350000.0,0.0,0.0,0.0,-4.190951585769653e-9 
 07/30  04:00:00,1710000.0,1710000.0,0.0,0.0,0.0,0.0,1350000.0,0.0,0.0,0.0,-1.9208528101444244e-9 
 07/30  05:00:00,1710000.0,1710000.0,0.0,0.0,0.0,0.0,1350000.0,0.0,0.0,0.0,1.0477378964424133e-9 
 07/30  06:00:00,1710000.0,1710000.0,0.0,0.0,0.0,0.0,1350000.0,0.0,0.0,0.0,-5.296897143125534e-9 
 07/30  07:00:00,17145947.227364972,1710000.0,1136544.5956399357,14299402.631725036,12435221.90250421,0.0,1350000.0,176118.92448575847,176118.92448575847,5134577.023120543,1.1641532182693481e-10 
 07/30  08:00:00,18293031.763652,1481580.0,1136544.5956399357,15674907.168012062,13863051.336501345,0.0,1121580.0,0.0,0.0,25028992.504160717,-3.550667315721512e-9 
 07/30  09:00:00,40762884.5882192,22476600.0,1137514.3585714183,17148770.229647785,15271371.313799921,0.0,15276600.0,0.0,0.0,32223287.745988376,-2.9103830456733704e-9 
 07/30  10:00:00,52032128.67854725,30126240.0,1216278.276301398,20689610.402245857,18764631.355401047,0.0,13926240.0,0.0,0.0,32787868.51107602,-3.725290298461914e-9 
 07/30  11:00:00,52854201.307386406,27716400.0,1298330.2685119705,23839471.03887444,21912149.97456469,0.0,11516400.0,0.0,0.0,29263441.398408495,-6.984919309616089e-9 
 07/30  12:00:00,53053309.275087826,26295840.0,1294800.3808216895,25462668.89426614,23535347.829956394,0.0,10095840.0,0.0,0.0,24058556.350017935,-5.122274160385132e-9 
 07/30  13:00:00,49832551.46463421,24701760.0,1223854.880893139,23906936.583741065,21979615.51943132,0.0,8501760.0,0.0,0.0,22575041.883236382,-4.6566128730773926e-9 
 07/30  14:00:00,53142991.49654554,25764480.0,1322649.2168367268,26055862.27970881,24128541.215399064,0.0,9564480.0,0.0,0.0,27090435.551296853,-9.546056389808655e-9 
 07/30  15:00:00,51589510.045564964,25027200.0,1341467.7118334363,25220842.33373152,23293521.269421775,0.0,10627200.0,0.0,0.0,25406707.355459254,-4.190951585769653e-9 
 07/30  16:00:00,47501323.74404149,24116400.0,1261777.128979378,22123146.615062118,20195825.550752368,0.0,11516400.0,0.0,0.0,17970894.93905026,-3.4924596548080444e-9 
 07/30  17:00:00,49535380.17757663,30067200.0,1170389.3965519597,18297790.78102468,16370469.716714934,0.0,21067200.0,0.0,0.0,7701059.948262281,-1.3969838619232178e-9 
 07/30  18:00:00,43660688.79781658,25207200.0,1145129.5214407558,17308359.276375823,15381038.212066075,0.0,16207200.0,0.0,0.0,7093479.152345713,-5.587935447692871e-9 
 07/30  19:00:00,39607220.03672625,21600000.0,1136544.5956399357,16870675.441086315,14943354.376776567,0.0,16200000.0,0.0,0.0,1344142.1152731343,-4.6566128730773926e-9 
 07/30  20:00:00,29042028.834663562,10800000.0,1136544.5956399357,17105484.23902363,15178163.17471388,0.0,5400000.0,0.0,0.0,0.0,-1.1641532182693481e-9 
 07/30  21:00:00,5760000.0,5760000.0,0.0,0.0,0.0,0.0,5400000.0,0.0,0.0,0.0,-1.6298145055770874e-9 
 07/30  22:00:00,1710000.0,1710000.0,0.0,0.0,0.0,0.0,1350000.0,0.0,0.0,0.0,-1.0477378964424133e-9 
 07/30  23:00:00,1710000.0,1710000.0,0.0,0.0,0.0,0.0,1350000.0,0.0,0.0,0.0,-1.0477378964424133e-9 
 07/30  24:00:00,1710000.0,1710000.0,0.0,0.0,0.0,0.0,1350000.0,0.0,0.0,0.0,-3.3760443329811096e-9 
 07/31  01:00:00,1710000.0,1710000.0,0.0,0.0,0.0,0.0,1350000.0,0.0,0.0,0.0,2.3283064365386963e-10 
 07/31  02:00:00,1710000.0,1710000.0,0.0,0.0,0.0,0.0,1350000.0,0.0,0.0,0.0,6.984919309616089e-10 
 07/31  03:00:00,1710000.0,1710000.0,0.0,0.0,0.0,0.0,1350000.0,0.0,0.0,0.0,-2.0954757928848267e-9 
 07/31  04:00:00,1710000.0,1710000.0,0.0,0.0,0.0,0.0,1350000.0,0.0,0.0,0.0,-1.1059455573558807e-9 
 07/31  05:00:00,1710000.0,1710000.0,0.0,0.0,0.0,0.0,1350000.0,0.0,0.0,0.0,-9.313225746154785e-10 
 07/31  06:00:00,1710000.0,1710000.0,0.0,0.0,0.0,0.0,1350000.0,0.0,0.0,0.0,-5.820766091346741e-11 
 07/31  07:00:00,18651534.29619262,1710000.0,1136544.5956399357,15804989.700552687,13909064.190142894,0.0,1350000.0,0.0,0.0,1609922.5314105684,-4.0745362639427185e-10 
 07/31  08:00:00,19819424.124726515,1573560.0,1136544.5956399357,17109319.529086582,15262756.31021797,0.0,1213560.0,0.0,0.0,12751622.703259686,-2.9685907065868378e-9 
 07/31  09:00:00,42203260.22660145,22476600.0,1136544.5956399357,18590115.63096152,16706963.283531807,0.0,15276600.0,0.0,0.0,31234672.273328796,4.656612873077393e-10 
 07/31  10:00:00,52996610.61791713,30577680.0,1209324.0081653353,21209606.6097518,19282285.545442052,0.0,14377680.0,0.0,0.0,34713323.56421776,-2.6775524020195007e-9 
 07/31  11:00:00,52232027.376541235,26827200.0,1300911.5518791876,24103915.82466205,22176594.7603523,0.0,10627200.0,0.0,0.0,29178524.96353043,-6.752088665962219e-9 
 07/31  12:00:00,54806732.64309685,28888200.0,1314677.7709413813,24603854.872155465,22676533.80784572,0.0,12688200.0,0.0,0.0,25392226.76280293,-6.28642737865448e-9 
 07/31  13:00:00,52695527.357773155,28687680.0,1231811.5881494777,22776035.769623682,20848714.70531394,0.0,12487680.0,0.0,0.0,21745994.01190382,-2.0954757928848267e-9 
 07/31  14:00:00,51204740.5547487,25764480.0,1288730.0199405185,24151530.534808174,22224209.470498428,0.0,9564480.0,0.0,0.0,24189923.843412604,-5.587935447692871e-9 
 07/31  15:00:00,51150762.612486064,25027200.0,1293914.092855915,24829648.51963015,22902327.455320403,0.0,10627200.0,0.0,0.0,24062926.919182334,-5.587935447692871e-9 
 07/31  16:00:00,48139775.95991137,23227200.0,1245128.502898454,23667447.457012918,21740126.39270317,0.0,10627200.0,0.0,0.0,21213787.62489383,-6.752088665962219e-9 
 07/31  17:00:00,41844712.47842371,19627200.0,1176791.2745367307,21040721.20388698,19113400.139577232,0.0,10627200.0,0.0,0.0,18357935.320600506,-5.122274160385132e-9 
 07/31  18:00:00,41785439.453574345,22003200.0,1146322.6578257228,18635916.79574862,16708595.731438875,0.0,13003200.0,0.0,0.0,9847064.393339831,-5.820766091346741e-9 
 07/31  19:00:00,39906933.66651067,21600000.0,1136544.5956399357,17170389.070870742,15243068.006560992,0.0,16200000.0,0.0,0.0,928425.1330065401,-1.862645149230957e-9 
 07/31  20:00:00,28389322.99052397,10800000.0,1136544.5956399357,16452778.394884035,14525457.330574287,0.0,5400000.0,0.0,0.0,0.0,2.9103830456733704e-9 
 07/31  21:00:00,5760000.0,5760000.0,0.0,0.0,0.0,0.0,5400000.0,0.0,0.0,0.0,-3.4924596548080444e-10 
 07/31  22:00:00,1710000.0,1710000.0,0.0,0.0,0.0,0.0,1350000.0,0.0,0.0,0.0,-1.0477378964424133e-9 
 07/31  23:00:00,1710000.0,1710000.0,0.0,0.0,0.0,0.0,1350000.0,0.0,0.0,0.0,-3.4924596548080444e-10 
 07/31  24:00:00,1710000.0,1710000.0,0.0,0.0,0.0,0.0,1350000.0,0.0,0.0,0.0,-5.820766091346741e-10 
