Time,SPACE1-1:CHICAGO_IL_USA ANNUAL HEATING 99% DESIGN CONDITIONS DB:Des Heat Load [W],SPACE1-1:CHICAGO_IL_USA ANNUAL COOLING 1% DESIGN CONDITIONS DB/MCWB:Des Sens Cool Load [W],SPACE1-1:CHICAGO_IL_USA ANNUAL HEATING 99% DESIGN CONDITIONS DB:Des Heat Mass Flow [kg/s],SPACE1-1:CHICAGO_IL_USA ANNUAL COOLING 1% DESIGN CONDITIONS DB/MCWB:Des Cool Mass Flow [kg/s],SPACE1-1::Des Latent Heat Load [W],SPACE1-1::Des Latent Cool Load [W],SPACE1-1::Des Latent Heat Mass Flow [kg/s],SPACE1-1::Des Latent Cool Mass Flow [kg/s],SPACE1-1::Des Heat Load No DOAS [W],SPACE1-1::Des Sens Cool Load No DOAS [W],SPACE1-1::Des Latent Heat Load No DOAS [W],SPACE1-1::Des Latent Cool Load No DOAS [W],SPACE1-1:CHICAGO_IL_USA ANNUAL HEATING 99% DESIGN CONDITIONS DB:Heating Zone Temperature [C],SPACE1-1:CHICAGO_IL_USA ANNUAL HEATING 99% DESIGN CONDITIONS DB:Heating Zone Relative Humidity [%],SPACE1-1:CHICAGO_IL_USA ANNUAL COOLING 1% DESIGN CONDITIONS DB/MCWB:Cooling Zone Temperature [C],SPACE1-1:CHICAGO_IL_USA ANNUAL COOLING 1% DESIGN CONDITIONS DB/MCWB:Cooling Zone Relative Humidity [%],SPACE2-1:CHICAGO_IL_USA ANNUAL HEATING 99% DESIGN CONDITIONS DB:Des Heat Load [W],SPACE2-1:CHICAGO_IL_USA ANNUAL COOLING 1% DESIGN CONDITIONS DB/MCWB:Des Sens Cool Load [W],SPACE2-1:CHICAGO_IL_USA ANNUAL HEATING 99% DESIGN CONDITIONS DB:Des Heat Mass Flow [kg/s],SPACE2-1:CHICAGO_IL_USA ANNUAL COOLING 1% DESIGN CONDITIONS DB/MCWB:Des Cool Mass Flow [kg/s],SPACE2-1::Des Latent Heat Load [W],SPACE2-1::Des Latent Cool Load [W],SPACE2-1::Des Latent Heat Mass Flow [kg/s],SPACE2-1::Des Latent Cool Mass Flow [kg/s],SPACE2-1::Des Heat Load No DOAS [W],SPACE2-1::Des Sens Cool Load No DOAS [W],SPACE2-1::Des Latent Heat Load No DOAS [W],SPACE2-1::Des Latent Cool Load No DOAS [W],SPACE2-1:CHICAGO_IL_USA ANNUAL HEATING 99% DESIGN CONDITIONS DB:Heating Zone Temperature [C],SPACE2-1:CHICAGO_IL_USA ANNUAL HEATING 99% DESIGN CONDITIONS DB:Heating Zone Relative Humidity [%],SPACE2-1:CHICAGO_IL_USA ANNUAL COOLING 1% DESIGN CONDITIONS DB/MCWB:Cooling Zone Temperature [C],SPACE2-1:CHICAGO_IL_USA ANNUAL COOLING 1% DESIGN CONDITIONS DB/MCWB:Cooling Zone Relative Humidity [%],SPACE3-1:CHICAGO_IL_USA ANNUAL HEATING 99% DESIGN CONDITIONS DB:Des Heat Load [W],SPACE3-1:CHICAGO_IL_USA ANNUAL COOLING 1% DESIGN CONDITIONS DB/MCWB:Des Sens Cool Load [W],SPACE3-1:CHICAGO_IL_USA ANNUAL HEATING 99% DESIGN CONDITIONS DB:Des Heat Mass Flow [kg/s],SPACE3-1:CHICAGO_IL_USA ANNUAL COOLING 1% DESIGN CONDITIONS DB/MCWB:Des Cool Mass Flow [kg/s],SPACE3-1::Des Latent Heat Load [W],SPACE3-1::Des Latent Cool Load [W],SPACE3-1::Des Latent Heat Mass Flow [kg/s],SPACE3-1::Des Latent Cool Mass Flow [kg/s],SPACE3-1::Des Heat Load No DOAS [W],SPACE3-1::Des Sens Cool Load No DOAS [W],SPACE3-1::Des Latent Heat Load No DOAS [W],SPACE3-1::Des Latent Cool Load No DOAS [W],SPACE3-1:CHICAGO_IL_USA ANNUAL HEATING 99% DESIGN CONDITIONS DB:Heating Zone Temperature [C],SPACE3-1:CHICAGO_IL_USA ANNUAL HEATING 99% DESIGN CONDITIONS DB:Heating Zone Relative Humidity [%],SPACE3-1:CHICAGO_IL_USA ANNUAL COOLING 1% DESIGN CONDITIONS DB/MCWB:Cooling Zone Temperature [C],SPACE3-1:CHICAGO_IL_USA ANNUAL COOLING 1% DESIGN CONDITIONS DB/MCWB:Cooling Zone Relative Humidity [%],SPACE4-1:CHICAGO_IL_USA ANNUAL HEATING 99% DESIGN CONDITIONS DB:Des Heat Load [W],SPACE4-1:CHICAGO_IL_USA ANNUAL COOLING 1% DESIGN CONDITIONS DB/MCWB:Des Sens Cool Load [W],SPACE4-1:CHICAGO_IL_USA ANNUAL HEATING 99% DESIGN CONDITIONS DB:Des Heat Mass Flow [kg/s],SPACE4-1:CHICAGO_IL_USA ANNUAL COOLING 1% DESIGN CONDITIONS DB/MCWB:Des Cool Mass Flow [kg/s],SPACE4-1::Des Latent Heat Load [W],SPACE4-1::Des Latent Cool Load [W],SPACE4-1::Des Latent Heat Mass Flow [kg/s],SPACE4-1::Des Latent Cool Mass Flow [kg/s],SPACE4-1::Des Heat Load No DOAS [W],SPACE4-1::Des Sens Cool Load No DOAS [W],SPACE4-1::Des Latent Heat Load No DOAS [W],SPACE4-1::Des Latent Cool Load No DOAS [W],SPACE4-1:CHICAGO_IL_USA ANNUAL HEATING 99% DESIGN CONDITIONS DB:Heating Zone Temperature [C],SPACE4-1:CHICAGO_IL_USA ANNUAL HEATING 99% DESIGN CONDITIONS DB:Heating Zone Relative Humidity [%],SPACE4-1:CHICAGO_IL_USA ANNUAL COOLING 1% DESIGN CONDITIONS DB/MCWB:Cooling Zone Temperature [C],SPACE4-1:CHICAGO_IL_USA ANNUAL COOLING 1% DESIGN CONDITIONS DB/MCWB:Cooling Zone Relative Humidity [%],SPACE5-1:CHICAGO_IL_USA ANNUAL HEATING 99% DESIGN CONDITIONS DB:Des Heat Load [W],SPACE5-1:CHICAGO_IL_USA ANNUAL COOLING 1% DESIGN CONDITIONS DB/MCWB:Des Sens Cool Load [W],SPACE5-1:CHICAGO_IL_USA ANNUAL HEATING 99% DESIGN CONDITIONS DB:Des Heat Mass Flow [kg/s],SPACE5-1:CHICAGO_IL_USA ANNUAL COOLING 1% DESIGN CONDITIONS DB/MCWB:Des Cool Mass Flow [kg/s],SPACE5-1::Des Latent Heat Load [W],SPACE5-1::Des Latent Cool Load [W],SPACE5-1::Des Latent Heat Mass Flow [kg/s],SPACE5-1::Des Latent Cool Mass Flow [kg/s],SPACE5-1::Des Heat Load No DOAS [W],SPACE5-1::Des Sens Cool Load No DOAS [W],SPACE5-1::Des Latent Heat Load No DOAS [W],SPACE5-1::Des Latent Cool Load No DOAS [W],SPACE5-1:CHICAGO_IL_USA ANNUAL HEATING 99% DESIGN CONDITIONS DB:Heating Zone Temperature [C],SPACE5-1:CHICAGO_IL_USA ANNUAL HEATING 99% DESIGN CONDITIONS DB:Heating Zone Relative Humidity [%],SPACE5-1:CHICAGO_IL_USA ANNUAL COOLING 1% DESIGN CONDITIONS DB/MCWB:Cooling Zone Temperature [C],SPACE5-1:CHICAGO_IL_USA ANNUAL COOLING 1% DESIGN CONDITIONS DB/MCWB:Cooling Zone Relative Humidity [%]
00:15:00,3.250978E+03,0.000000E+00,1.155181E-01,0.000000E+00,0.000000E+00,0.000000E+00,0.000000E+00,0.000000E+00,0.000000E+00,0.000000E+00,0.000000E+00,0.000000E+00,2.219871E+01,2.186579E+01,2.210036E+01,6.048217E+01,1.634754E+03,0.000000E+00,5.808895E-02,0.000000E+00,0.000000E+00,0.000000E+00,0.000000E+00,0.000000E+00,0.000000E+00,0.000000E+00,0.000000E+00,0.000000E+00,2.219902E+01,2.228161E+01,2.223068E+01,5.712084E+01,3.791384E+03,0.000000E+00,1.347218E-01,0.000000E+00,0.000000E+00,0.000000E+00,0.000000E+00,0.000000E+00,0.000000E+00,0.000000E+00,0.000000E+00,0.000000E+00,2.219896E+01,2.229999E+01,2.218115E+01,5.748631E+01,1.403027E+03,0.000000E+00,4.985439E-02,0.000000E+00,0.000000E+00,0.000000E+00,0.000000E+00,0.000000E+00,0.000000E+00,0.000000E+00,0.000000E+00,0.000000E+00,2.219879E+01,2.185456E+01,2.209930E+01,6.047954E+01,3.193455E+03,0.000000E+00,1.134750E-01,0.000000E+00,0.000000E+00,0.000000E+00,0.000000E+00,0.000000E+00,0.000000E+00,0.000000E+00,0.000000E+00,0.000000E+00,2.219890E+01,2.112131E+01,2.209975E+01,6.051139E+01
00:30:00,3.250978E+03,0.000000E+00,1.155181E-01,0.000000E+00,0.000000E+00,0.000000E+00,0.000000E+00,0.000000E+00,0.000000E+00,0.000000E+00,0.000000E+00,0.000000E+00,2.219871E+01,2.186579E+01,2.203101E+01,6.074126E+01,1.634754E+03,0.000000E+00,5.808895E-02,0.000000E+00,0.000000E+00,0.000000E+00,0.000000E+00,0.000000E+00,0.000000E+00,0.000000E+00,0.000000E+00,0.000000E+00,2.219902E+01,2.228161E+01,2.215484E+01,5.738532E+01,3.791384E+03,0.000000E+00,1.347218E-01,0.000000E+00,0.000000E+00,0.000000E+00,0.000000E+00,0.000000E+00,0.000000E+00,0.000000E+00,0.000000E+00,0.000000E+00,2.219896E+01,2.229999E+01,2.210521E+01,5.775292E+01,1.403027E+03,0.000000E+00,4.985439E-02,0.000000E+00,0.000000E+00,0.000000E+00,0.000000E+00,0.000000E+00,0.000000E+00,0.000000E+00,0.000000E+00,0.000000E+00,2.219879E+01,2.185456E+01,2.202945E+01,6.074206E+01,3.193455E+03,0.000000E+00,1.134750E-01,0.000000E+00,0.000000E+00,0.000000E+00,0.000000E+00,0.000000E+00,0.000000E+00,0.000000E+00,0.000000E+00,0.000000E+00,2.219890E+01,2.112131E+01,2.203902E+01,6.073306E+01
00:45:00,3.250978E+03,0.000000E+00,1.155181E-01,0.000000E+00,0.000000E+00,0.000000E+00,0.000000E+00,0.000000E+00,0.000000E+00,0.000000E+00,0.000000E+00,0.000000E+00,2.219871E+01,2.186579E+01,2.196518E+01,6.098792E+01,1.634754E+03,0.000000E+00,5.808895E-02,0.000000E+00,0.000000E+00,0.000000E+00,0.000000E+00,0.000000E+00,0.000000E+00,0.000000E+00,0.000000E+00,0.000000E+00,2.219902E+01,2.228161E+01,2.208244E+01,5.763906E+01,3.791384E+03,0.000000E+00,1.347218E-01,0.000000E+00,0.000000E+00,0.000000E+00,0.000000E+00,0.000000E+00,0.000000E+00,0.000000E+00,0.000000E+00,0.000000E+00,2.219896E+01,2.229999E+01,2.203282E+01,5.800837E+01,1.403027E+03,0.000000E+00,4.985439E-02,0.000000E+00,0.000000E+00,0.000000E+00,0.000000E+00,0.000000E+00,0.000000E+00,0.000000E+00,0.000000E+00,0.000000E+00,2.219879E+01,2.185456E+01,2.196330E+01,6.099113E+01,3.193455E+03,0.000000E+00,1.134750E-01,0.000000E+00,0.000000E+00,0.000000E+00,0.000000E+00,0.000000E+00,0.000000E+00,0.000000E+00,0.000000E+00,0.000000E+00,2.219890E+01,2.112131E+01,2.198132E+01,6.094492E+01
01:00:00,3.250978E+03,0.000000E+00,1.155181E-01,0.000000E+00,0.000000E+00,0.000000E+00,0.000000E+00,0.000000E+00,0.000000E+00,0.000000E+00,0.000000E+00,0.000000E+00,2.219871E+01,2.186579E+01,2.190228E+01,6.122430E+01,1.634754E+03,0.000000E+00,5.808895E-02,0.000000E+00,0.000000E+00,0.000000E+00,0.000000E+00,0.000000E+00,0.000000E+00,0.000000E+00,0.000000E+00,0.000000E+00,2.219902E+01,2.228161E+01,2.201304E+01,5.788349E+01,3.791384E+03,0.000000E+00,1.347218E-01,0.000000E+00,0.000000E+00,0.000000E+00,0.000000E+00,0.000000E+00,0.000000E+00,0.000000E+00,0.000000E+00,0.000000E+00,2.219896E+01,2.229999E+01,2.196345E+01,5.825434E+01,1.403027E+03,0.000000E+00,4.985439E-02,0.000000E+00,0.000000E+00,0.000000E+00,0.000000E+00,0.000000E+00,0.000000E+00,0.000000E+00,0.000000E+00,0.000000E+00,2.219879E+01,2.185456E+01,2.190028E+01,6.122887E+01,3.193455E+03,0.000000E+00,1.134750E-01,0.000000E+00,0.000000E+00,0.000000E+00,0.000000E+00,0.000000E+00,0.000000E+00,0.000000E+00,0.000000E+00,0.000000E+00,2.219890E+01,2.112131E+01,2.192641E+01,6.114771E+01
01:15:00,3.250978E+03,0.000000E+00,1.155181E-01,0.000000E+00,0.000000E+00,0.000000E+00,0.000000E+00,0.000000E+00,0.000000E+00,0.000000E+00,0.000000E+00,0.000000E+00,2.219871E+01,2.186579E+01,2.184184E+01,6.145207E+01,1.634754E+03,0.000000E+00,5.808895E-02,0.000000E+00,0.000000E+00,0.000000E+00,0.000000E+00,0.000000E+00,0.000000E+00,0.000000E+00,0.000000E+00,0.000000E+00,2.219902E+01,2.228161E+01,2.194631E+01,5.811961E+01,3.791384E+03,0.000000E+00,1.347218E-01,0.000000E+00,0.000000E+00,0.000000E+00,0.000000E+00,0.000000E+00,0.000000E+00,0.000000E+00,0.000000E+00,0.000000E+00,2.219896E+01,2.229999E+01,2.189672E+01,5.849208E+01,1.403027E+03,0.000000E+00,4.985439E-02,0.000000E+00,0.000000E+00,0.000000E+00,0.000000E+00,0.000000E+00,0.000000E+00,0.000000E+00,0.000000E+00,0.000000E+00,2.219879E+01,2.185456E+01,2.183997E+01,6.145691E+01,3.193455E+03,0.000000E+00,1.134750E-01,0.000000E+00,0.000000E+00,0.000000E+00,0.000000E+00,0.000000E+00,0.000000E+00,0.000000E+00,0.000000E+00,0.000000E+00,2.219890E+01,2.112131E+01,2.187404E+01,6.134210E+01
01:30:00,3.250978E+03,0.000000E+00,1.155181E-01,0.000000E+00,0.000000E+00,0.000000E+00,0.000000E+00,0.000000E+00,0.000000E+00,0.000000E+00,0.000000E+00,0.000000E+00,2.219871E+01,2.186579E+01,2.178534E+01,6.166567E+01,1.634754E+03,0.000000E+00,5.808895E-02,0.000000E+00,0.000000E+00,0.000000E+00,0.000000E+00,0.000000E+00,0.000000E+00,0.000000E+00,0.000000E+00,0.000000E+00,2.219902E+01,2.228161E+01,2.188335E+01,5.834339E+01,3.791384E+03,0.000000E+00,1.347218E-01,0.000000E+00,0.000000E+00,0.000000E+00,0.000000E+00,0.000000E+00,0.000000E+00,0.000000E+00,0.000000E+00,0.000000E+00,2.219896E+01,2.229999E+01,2.183401E+01,5.871648E+01,1.403027E+03,0.000000E+00,4.985439E-02,0.000000E+00,0.000000E+00,0.000000E+00,0.000000E+00,0.000000E+00,0.000000E+00,0.000000E+00,0.000000E+00,0.000000E+00,2.219879E+01,2.185456E+01,2.178338E+01,6.167138E+01,3.193455E+03,0.000000E+00,1.134750E-01,0.000000E+00,0.000000E+00,0.000000E+00,0.000000E+00,0.000000E+00,0.000000E+00,0.000000E+00,0.000000E+00,0.000000E+00,2.219890E+01,2.112131E+01,2.182412E+01,6.152827E+01
01:45:00,3.250978E+03,0.000000E+00,1.155181E-01,0.000000E+00,0.000000E+00,0.000000E+00,0.000000E+00,0.000000E+00,0.000000E+00,0.000000E+00,0.000000E+00,0.000000E+00,2.219871E+01,2.186579E+01,2.173237E+01,6.186654E+01,1.634754E+03,0.000000E+00,5.808895E-02,0.000000E+00,0.000000E+00,0.000000E+00,0.000000E+00,0.000000E+00,0.000000E+00,0.000000E+00,0.000000E+00,0.000000E+00,2.219902E+01,2.228161E+01,2.182372E+01,5.855623E+01,3.791384E+03,0.000000E+00,1.347218E-01,0.000000E+00,0.000000E+00,0.000000E+00,0.000000E+00,0.000000E+00,0.000000E+00,0.000000E+00,0.000000E+00,0.000000E+00,2.219896E+01,2.229999E+01,2.177480E+01,5.892925E+01,1.403027E+03,0.000000E+00,4.985439E-02,0.000000E+00,0.000000E+00,0.000000E+00,0.000000E+00,0.000000E+00,0.000000E+00,0.000000E+00,0.000000E+00,0.000000E+00,2.219879E+01,2.185456E+01,2.173012E+01,6.187373E+01,3.193455E+03,0.000000E+00,1.134750E-01,0.000000E+00,0.000000E+00,0.000000E+00,0.000000E+00,0.000000E+00,0.000000E+00,0.000000E+00,0.000000E+00,0.000000E+00,2.219890E+01,2.112131E+01,2.177656E+01,6.170642E+01
02:00:00,3.250978E+03,0.000000E+00,1.155181E-01,0.000000E+00,0.000000E+00,0.000000E+00,0.000000E+00,0.000000E+00,0.000000E+00,0.000000E+00,0.000000E+00,0.000000E+00,2.219871E+01,2.186579E+01,2.168201E+01,6.205803E+01,1.634754E+03,0.000000E+00,5.808895E-02,0.000000E+00,0.000000E+00,0.000000E+00,0.000000E+00,0.000000E+00,0.000000E+00,0.000000E+00,0.000000E+00,0.000000E+00,2.219902E+01,2.228161E+01,2.176676E+01,5.876037E+01,3.791384E+03,0.000000E+00,1.347218E-01,0.000000E+00,0.000000E+00,0.000000E+00,0.000000E+00,0.000000E+00,0.000000E+00,0.000000E+00,0.000000E+00,0.000000E+00,2.219896E+01,2.229999E+01,2.171842E+01,5.913267E+01,1.403027E+03,0.000000E+00,4.985439E-02,0.000000E+00,0.000000E+00,0.000000E+00,0.000000E+00,0.000000E+00,0.000000E+00,0.000000E+00,0.000000E+00,0.000000E+00,2.219879E+01,2.185456E+01,2.167948E+01,6.206662E+01,3.193455E+03,0.000000E+00,1.134750E-01,0.000000E+00,0.000000E+00,0.000000E+00,0.000000E+00,0.000000E+00,0.000000E+00,0.000000E+00,0.000000E+00,0.000000E+00,2.219890E+01,2.112131E+01,2.173124E+01,6.187688E+01
02:15:00,3.250978E+03,0.000000E+00,1.155181E-01,0.000000E+00,0.000000E+00,0.000000E+00,0.000000E+00,0.000000E+00,0.000000E+00,0.000000E+00,0.000000E+00,0.000000E+00,2.219871E+01,2.186579E+01,2.163371E+01,6.224218E+01,1.634754E+03,0.000000E+00,5.808895E-02,0.000000E+00,0.000000E+00,0.000000E+00,0.000000E+00,0.000000E+00,0.000000E+00,0.000000E+00,0.000000E+00,0.000000E+00,2.219902E+01,2.228161E+01,2.171214E+01,5.895686E+01,3.791384E+03,0.000000E+00,1.347218E-01,0.000000E+00,0.000000E+00,0.000000E+00,0.000000E+00,0.000000E+00,0.000000E+00,0.000000E+00,0.000000E+00,0.000000E+00,2.219896E+01,2.229999E+01,2.166438E+01,5.932835E+01,1.403027E+03,0.000000E+00,4.985439E-02,0.000000E+00,0.000000E+00,0.000000E+00,0.000000E+00,0.000000E+00,0.000000E+00,0.000000E+00,0.000000E+00,0.000000E+00,2.219879E+01,2.185456E+01,2.163104E+01,6.225158E+01,3.193455E+03,0.000000E+00,1.134750E-01,0.000000E+00,0.000000E+00,0.000000E+00,0.000000E+00,0.000000E+00,0.000000E+00,0.000000E+00,0.000000E+00,0.000000E+00,2.219890E+01,2.112131E+01,2.168800E+01,6.204012E+01
02:30:00,3.250978E+03,0.000000E+00,1.155181E-01,0.000000E+00,0.000000E+00,0.000000E+00,0.000000E+00,0.000000E+00,0.000000E+00,0.000000E+00,0.000000E+00,0.000000E+00,2.219871E+01,2.186579E+01,2.158795E+01,6.241713E+01,1.634754E+03,0.000000E+00,5.808895E-02,0.000000E+00,0.000000E+00,0.000000E+00,0.000000E+00,0.000000E+00,0.000000E+00,0.000000E+00,0.000000E+00,0.000000E+00,2.219902E+01,2.228161E+01,2.166023E+01,5.914427E+01,3.791384E+03,0.000000E+00,1.347218E-01,0.000000E+00,0.000000E+00,0.000000E+00,0.000000E+00,0.000000E+00,0.000000E+00,0.000000E+00,0.000000E+00,0.000000E+00,2.219896E+01,2.229999E+01,2.161312E+01,5.951467E+01,1.403027E+03,0.000000E+00,4.985439E-02,0.000000E+00,0.000000E+00,0.000000E+00,0.000000E+00,0.000000E+00,0.000000E+00,0.000000E+00,0.000000E+00,0.000000E+00,2.219879E+01,2.185456E+01,2.158512E+01,6.242737E+01,3.193455E+03,0.000000E+00,1.134750E-01,0.000000E+00,0.000000E+00,0.000000E+00,0.000000E+00,0.000000E+00,0.000000E+00,0.000000E+00,0.000000E+00,0.000000E+00,2.219890E+01,2.112131E+01,2.164673E+01,6.219646E+01
02:45:00,3.250978E+03,0.000000E+00,1.155181E-01,0.000000E+00,0.000000E+00,0.000000E+00,0.000000E+00,0.000000E+00,0.000000E+00,0.000000E+00,0.000000E+00,0.000000E+00,2.219871E+01,2.186579E+01,2.154469E+01,6.258296E+01,1.634754E+03,0.000000E+00,5.808895E-02,0.000000E+00,0.000000E+00,0.000000E+00,0.000000E+00,0.000000E+00,0.000000E+00,0.000000E+00,0.000000E+00,0.000000E+00,2.219902E+01,2.228161E+01,2.161095E+01,5.932285E+01,3.791384E+03,0.000000E+00,1.347218E-01,0.000000E+00,0.000000E+00,0.000000E+00,0.000000E+00,0.000000E+00,0.000000E+00,0.000000E+00,0.000000E+00,0.000000E+00,2.219896E+01,2.229999E+01,2.156454E+01,5.969184E+01,1.403027E+03,0.000000E+00,4.985439E-02,0.000000E+00,0.000000E+00,0.000000E+00,0.000000E+00,0.000000E+00,0.000000E+00,0.000000E+00,0.000000E+00,0.000000E+00,2.219879E+01,2.185456E+01,2.154163E+01,6.259425E+01,3.193455E+03,0.000000E+00,1.134750E-01,0.000000E+00,0.000000E+00,0.000000E+00,0.000000E+00,0.000000E+00,0.000000E+00,0.000000E+00,0.000000E+00,0.000000E+00,2.219890E+01,2.112131E+01,2.160733E+01,6.234617E+01
03:00:00,3.250978E+03,0.000000E+00,1.155181E-01,0.000000E+00,0.000000E+00,0.000000E+00,0.000000E+00,0.000000E+00,0.000000E+00,0.000000E+00,0.000000E+00,0.000000E+00,2.219871E+01,2.186579E+01,2.150354E+01,6.274114E+01,1.634754E+03,0.000000E+00,5.808895E-02,0.000000E+00,0.000000E+00,0.000000E+00,0.000000E+00,0.000000E+00,0.000000E+00,0.000000E+00,0.000000E+00,0.000000E+00,2.219902E+01,2.228161E+01,2.156395E+01,5.949368E+01,3.791384E+03,0.000000E+00,1.347218E-01,0.000000E+00,0.000000E+00,0.000000E+00,0.000000E+00,0.000000E+00,0.000000E+00,0.000000E+00,0.000000E+00,0.000000E+00,2.219896E+01,2.229999E+01,2.151827E+01,5.986115E+01,1.403027E+03,0.000000E+00,4.985439E-02,0.000000E+00,0.000000E+00,0.000000E+00,0.000000E+00,0.000000E+00,0.000000E+00,0.000000E+00,0.000000E+00,0.000000E+00,2.219879E+01,2.185456E+01,2.150025E+01,6.275343E+01,3.193455E+03,0.000000E+00,1.134750E-01,0.000000E+00,0.000000E+00,0.000000E+00,0.000000E+00,0.000000E+00,0.000000E+00,0.000000E+00,0.000000E+00,0.000000E+00,2.219890E+01,2.112131E+01,2.156973E+01,6.248954E+01
03:15:00,3.250978E+03,0.000000E+00,1.155181E-01,0.000000E+00,0.000000E+00,0.000000E+00,0.000000E+00,0.000000E+00,0.000000E+00,0.000000E+00,0.000000E+00,0.000000E+00,2.219871E+01,2.186579E+01,2.146414E+01,6.289291E+01,1.634754E+03,0.000000E+00,5.808895E-02,0.000000E+00,0.000000E+00,0.000000E+00,0.000000E+00,0.000000E+00,0.000000E+00,0.000000E+00,0.000000E+00,0.000000E+00,2.219902E+01,2.228161E+01,2.151900E+01,5.965761E+01,3.791384E+03,0.000000E+00,1.347218E-01,0.000000E+00,0.000000E+00,0.000000E+00,0.000000E+00,0.000000E+00,0.000000E+00,0.000000E+00,0.000000E+00,0.000000E+00,2.219896E+01,2.229999E+01,2.147400E+01,6.002363E+01,1.403027E+03,0.000000E+00,4.985439E-02,0.000000E+00,0.000000E+00,0.000000E+00,0.000000E+00,0.000000E+00,0.000000E+00,0.000000E+00,0.000000E+00,0.000000E+00,2.219879E+01,2.185456E+01,2.146070E+01,6.290590E+01,3.193455E+03,0.000000E+00,1.134750E-01,0.000000E+00,0.000000E+00,0.000000E+00,0.000000E+00,0.000000E+00,0.000000E+00,0.000000E+00,0.000000E+00,0.000000E+00,2.219890E+01,2.112131E+01,2.153381E+01,6.262687E+01
03:30:00,3.250978E+03,0.000000E+00,1.155181E-01,0.000000E+00,0.000000E+00,0.000000E+00,0.000000E+00,0.000000E+00,0.000000E+00,0.000000E+00,0.000000E+00,0.000000E+00,2.219871E+01,2.186579E+01,2.142641E+01,6.303863E+01,1.634754E+03,0.000000E+00,5.808895E-02,0.000000E+00,0.000000E+00,0.000000E+00,0.000000E+00,0.000000E+00,0.000000E+00,0.000000E+00,0.000000E+00,0.000000E+00,2.219902E+01,2.228161E+01,2.147603E+01,5.981477E+01,3.791384E+03,0.000000E+00,1.347218E-01,0.000000E+00,0.000000E+00,0.000000E+00,0.000000E+00,0.000000E+00,0.000000E+00,0.000000E+00,0.000000E+00,0.000000E+00,2.219896E+01,2.229999E+01,2.143166E+01,6.017953E+01,1.403027E+03,0.000000E+00,4.985439E-02,0.000000E+00,0.000000E+00,0.000000E+00,0.000000E+00,0.000000E+00,0.000000E+00,0.000000E+00,0.000000E+00,0.000000E+00,2.219879E+01,2.185456E+01,2.142293E+01,6.305188E+01,3.193455E+03,0.000000E+00,1.134750E-01,0.000000E+00,0.000000E+00,0.000000E+00,0.000000E+00,0.000000E+00,0.000000E+00,0.000000E+00,0.000000E+00,0.000000E+00,2.219890E+01,2.112131E+01,2.149956E+01,6.275815E+01
03:45:00,3.250978E+03,0.000000E+00,1.155181E-01,0.000000E+00,0.000000E+00,0.000000E+00,0.000000E+00,0.000000E+00,0.000000E+00,0.000000E+00,0.000000E+00,0.000000E+00,2.219871E+01,2.186579E+01,2.139016E+01,6.317896E+01,1.634754E+03,0.000000E+00,5.808895E-02,0.000000E+00,0.000000E+00,0.000000E+00,0.000000E+00,0.000000E+00,0.000000E+00,0.000000E+00,0.000000E+00,0.000000E+00,2.219902E+01,2.228161E+01,2.143486E+01,5.996580E+01,3.791384E+03,0.000000E+00,1.347218E-01,0.000000E+00,0.000000E+00,0.000000E+00,0.000000E+00,0.000000E+00,0.000000E+00,0.000000E+00,0.000000E+00,0.000000E+00,2.219896E+01,2.229999E+01,2.139103E+01,6.032952E+01,1.403027E+03,0.000000E+00,4.985439E-02,0.000000E+00,0.000000E+00,0.000000E+00,0.000000E+00,0.000000E+00,0.000000E+00,0.000000E+00,0.000000E+00,0.000000E+00,2.219879E+01,2.185456E+01,2.138671E+01,6.319214E+01,3.193455E+03,0.000000E+00,1.134750E-01,0.000000E+00,0.000000E+00,0.000000E+00,0.000000E+00,0.000000E+00,0.000000E+00,0.000000E+00,0.000000E+00,0.000000E+00,2.219890E+01,2.112131E+01,2.146682E+01,6.288397E+01
04:00:00,3.250978E+03,0.000000E+00,1.155181E-01,0.000000E+00,0.000000E+00,0.000000E+00,0.000000E+00,0.000000E+00,0.000000E+00,0.000000E+00,0.000000E+00,0.000000E+00,2.219871E+01,2.186579E+01,2.135524E+01,6.331442E+01,1.634754E+03,0.000000E+00,5.808895E-02,0.000000E+00,0.000000E+00,0.000000E+00,0.000000E+00,0.000000E+00,0.000000E+00,0.000000E+00,0.000000E+00,0.000000E+00,2.219902E+01,2.228161E+01,2.139533E+01,6.011125E+01,3.791384E+03,0.000000E+00,1.347218E-01,0.000000E+00,0.000000E+00,0.000000E+00,0.000000E+00,0.000000E+00,0.000000E+00,0.000000E+00,0.000000E+00,0.000000E+00,2.219896E+01,2.229999E+01,2.135197E+01,6.047415E+01,1.403027E+03,0.000000E+00,4.985439E-02,0.000000E+00,0.000000E+00,0.000000E+00,0.000000E+00,0.000000E+00,0.000000E+00,0.000000E+00,0.000000E+00,0.000000E+00,2.219879E+01,2.185456E+01,2.135190E+01,6.332727E+01,3.193455E+03,0.000000E+00,1.134750E-01,0.000000E+00,0.000000E+00,0.000000E+00,0.000000E+00,0.000000E+00,0.000000E+00,0.000000E+00,0.000000E+00,0.000000E+00,2.219890E+01,2.112131E+01,2.143544E+01,6.300483E+01
04:15:00,3.250978E+03,0.000000E+00,1.155181E-01,0.000000E+00,0.000000E+00,0.000000E+00,0.000000E+00,0.000000E+00,0.000000E+00,0.000000E+00,0.000000E+00,0.000000E+00,2.219871E+01,2.186579E+01,2.132156E+01,6.344541E+01,1.634754E+03,0.000000E+00,5.808895E-02,0.000000E+00,0.000000E+00,0.000000E+00,0.000000E+00,0.000000E+00,0.000000E+00,0.000000E+00,0.000000E+00,0.000000E+00,2.219902E+01,2.228161E+01,2.135730E+01,6.025150E+01,3.791384E+03,0.000000E+00,1.347218E-01,0.000000E+00,0.000000E+00,0.000000E+00,0.000000E+00,0.000000E+00,0.000000E+00,0.000000E+00,0.000000E+00,0.000000E+00,2.219896E+01,2.229999E+01,2.131434E+01,6.061383E+01,1.403027E+03,0.000000E+00,4.985439E-02,0.000000E+00,0.000000E+00,0.000000E+00,0.000000E+00,0.000000E+00,0.000000E+00,0.000000E+00,0.000000E+00,0.000000E+00,2.219879E+01,2.185456E+01,2.131838E+01,6.345766E+01,3.193455E+03,0.000000E+00,1.134750E-01,0.000000E+00,0.000000E+00,0.000000E+00,0.000000E+00,0.000000E+00,0.000000E+00,0.000000E+00,0.000000E+00,0.000000E+00,2.219890E+01,2.112131E+01,2.140534E+01,6.312107E+01
04:30:00,3.250978E+03,0.000000E+00,1.155181E-01,0.000000E+00,0.000000E+00,0.000000E+00,0.000000E+00,0.000000E+00,0.000000E+00,0.000000E+00,0.000000E+00,0.000000E+00,2.219871E+01,2.186579E+01,2.128970E+01,6.356956E+01,1.634754E+03,0.000000E+00,5.808895E-02,0.000000E+00,0.000000E+00,0.000000E+00,0.000000E+00,0.000000E+00,0.000000E+00,0.000000E+00,0.000000E+00,0.000000E+00,2.219902E+01,2.228161E+01,2.132119E+01,6.038504E+01,3.791384E+03,0.000000E+00,1.347218E-01,0.000000E+00,0.000000E+00,0.000000E+00,0.000000E+00,0.000000E+00,0.000000E+00,0.000000E+00,0.000000E+00,0.000000E+00,2.219896E+01,2.229999E+01,2.127868E+01,6.074651E+01,1.403027E+03,0.000000E+00,4.985439E-02,0.000000E+00,0.000000E+00,0.000000E+00,0.000000E+00,0.000000E+00,0.000000E+00,0.000000E+00,0.000000E+00,0.000000E+00,2.219879E+01,2.185456E+01,2.128657E+01,6.358166E+01,3.193455E+03,0.000000E+00,1.134750E-01,0.000000E+00,0.000000E+00,0.000000E+00,0.000000E+00,0.000000E+00,0.000000E+00,0.000000E+00,0.000000E+00,0.000000E+00,2.219890E+01,2.112131E+01,2.137648E+01,6.323275E+01
04:45:00,3.250978E+03,0.000000E+00,1.155181E-01,0.000000E+00,0.000000E+00,0.000000E+00,0.000000E+00,0.000000E+00,0.000000E+00,0.000000E+00,0.000000E+00,0.000000E+00,2.219871E+01,2.186579E+01,2.125965E+01,6.368688E+01,1.634754E+03,0.000000E+00,5.808895E-02,0.000000E+00,0.000000E+00,0.000000E+00,0.000000E+00,0.000000E+00,0.000000E+00,0.000000E+00,0.000000E+00,0.000000E+00,2.219902E+01,2.228161E+01,2.128692E+01,6.051208E+01,3.791384E+03,0.000000E+00,1.347218E-01,0.000000E+00,0.000000E+00,0.000000E+00,0.000000E+00,0.000000E+00,0.000000E+00,0.000000E+00,0.000000E+00,0.000000E+00,2.219896E+01,2.229999E+01,2.124495E+01,6.087234E+01,1.403027E+03,0.000000E+00,4.985439E-02,0.000000E+00,0.000000E+00,0.000000E+00,0.000000E+00,0.000000E+00,0.000000E+00,0.000000E+00,0.000000E+00,0.000000E+00,2.219879E+01,2.185456E+01,2.125645E+01,6.369935E+01,3.193455E+03,0.000000E+00,1.134750E-01,0.000000E+00,0.000000E+00,0.000000E+00,0.000000E+00,0.000000E+00,0.000000E+00,0.000000E+00,0.000000E+00,0.000000E+00,2.219890E+01,2.112131E+01,2.134885E+01,6.333987E+01
05:00:00,3.250978E+03,0.000000E+00,1.155181E-01,0.000000E+00,0.000000E+00,0.000000E+00,0.000000E+00,0.000000E+00,0.000000E+00,0.000000E+00,0.000000E+00,0.000000E+00,2.219871E+01,2.186579E+01,2.123107E+01,6.379870E+01,1.634754E+03,0.000000E+00,5.808895E-02,0.000000E+00,0.000000E+00,0.000000E+00,0.000000E+00,0.000000E+00,0.000000E+00,0.000000E+00,0.000000E+00,0.000000E+00,2.219902E+01,2.228161E+01,2.125422E+01,6.063359E+01,3.791384E+03,0.000000E+00,1.347218E-01,0.000000E+00,0.000000E+00,0.000000E+00,0.000000E+00,0.000000E+00,0.000000E+00,0.000000E+00,0.000000E+00,0.000000E+00,2.219896E+01,2.229999E+01,2.121281E+01,6.099251E+01,1.403027E+03,0.000000E+00,4.985439E-02,0.000000E+00,0.000000E+00,0.000000E+00,0.000000E+00,0.000000E+00,0.000000E+00,0.000000E+00,0.000000E+00,0.000000E+00,2.219879E+01,2.185456E+01,2.122774E+01,6.381171E+01,3.193455E+03,0.000000E+00,1.134750E-01,0.000000E+00,0.000000E+00,0.000000E+00,0.000000E+00,0.000000E+00,0.000000E+00,0.000000E+00,0.000000E+00,0.000000E+00,2.219890E+01,2.112131E+01,2.132242E+01,6.344254E+01
05:15:00,3.250978E+03,0.000000E+00,1.155181E-01,0.000000E+00,0.000000E+00,0.000000E+00,0.000000E+00,0.000000E+00,0.000000E+00,0.000000E+00,0.000000E+00,0.000000E+00,2.219871E+01,2.186579E+01,2.120367E+01,6.390611E+01,1.634754E+03,0.000000E+00,5.808895E-02,0.000000E+00,0.000000E+00,0.000000E+00,0.000000E+00,0.000000E+00,0.000000E+00,0.000000E+00,0.000000E+00,0.000000E+00,2.219902E+01,2.228161E+01,2.122289E+01,6.075024E+01,3.791384E+03,0.000000E+00,1.347218E-01,0.000000E+00,0.000000E+00,0.000000E+00,0.000000E+00,0.000000E+00,0.000000E+00,0.000000E+00,0.000000E+00,0.000000E+00,2.219896E+01,2.229999E+01,2.118202E+01,6.110788E+01,1.403027E+03,0.000000E+00,4.985439E-02,0.000000E+00,0.000000E+00,0.000000E+00,0.000000E+00,0.000000E+00,0.000000E+00,0.000000E+00,0.000000E+00,0.000000E+00,2.219879E+01,2.185456E+01,2.120024E+01,6.391954E+01,3.193455E+03,0.000000E+00,1.134750E-01,0.000000E+00,0.000000E+00,0.000000E+00,0.000000E+00,0.000000E+00,0.000000E+00,0.000000E+00,0.000000E+00,0.000000E+00,2.219890E+01,2.112131E+01,2.129714E+01,6.354095E+01
05:30:00,3.250978E+03,0.000000E+00,1.155181E-01,0.000000E+00,0.000000E+00,0.000000E+00,0.000000E+00,0.000000E+00,0.000000E+00,0.000000E+00,0.000000E+00,0.000000E+00,2.219871E+01,2.186579E+01,2.117981E+01,6.399979E+01,1.634754E+03,0.000000E+00,5.808895E-02,0.000000E+00,0.000000E+00,0.000000E+00,0.000000E+00,0.000000E+00,0.000000E+00,0.000000E+00,0.000000E+00,0.000000E+00,2.219902E+01,2.228161E+01,2.119468E+01,6.085549E+01,3.791384E+03,0.000000E+00,1.347218E-01,0.000000E+00,0.000000E+00,0.000000E+00,0.000000E+00,0.000000E+00,0.000000E+00,0.000000E+00,0.000000E+00,0.000000E+00,2.219896E+01,2.229999E+01,2.115480E+01,6.121007E+01,1.403027E+03,0.000000E+00,4.985439E-02,0.000000E+00,0.000000E+00,0.000000E+00,0.000000E+00,0.000000E+00,0.000000E+00,0.000000E+00,0.000000E+00,0.000000E+00,2.219879E+01,2.185456E+01,2.117568E+01,6.401599E+01,3.193455E+03,0.000000E+00,1.134750E-01,0.000000E+00,0.000000E+00,0.000000E+00,0.000000E+00,0.000000E+00,0.000000E+00,0.000000E+00,0.000000E+00,0.000000E+00,2.219890E+01,2.112131E+01,2.127311E+01,6.363464E+01
05:45:00,3.250978E+03,0.000000E+00,1.155181E-01,0.000000E+00,0.000000E+00,0.000000E+00,0.000000E+00,0.000000E+00,0.000000E+00,0.000000E+00,0.000000E+00,0.000000E+00,2.219871E+01,2.186579E+01,2.115987E+01,6.407819E+01,1.634754E+03,0.000000E+00,5.808895E-02,0.000000E+00,0.000000E+00,0.000000E+00,0.000000E+00,0.000000E+00,0.000000E+00,0.000000E+00,0.000000E+00,0.000000E+00,2.219902E+01,2.228161E+01,2.116966E+01,6.094904E+01,3.791384E+03,0.000000E+00,1.347218E-01,0.000000E+00,0.000000E+00,0.000000E+00,0.000000E+00,0.000000E+00,0.000000E+00,0.000000E+00,0.000000E+00,0.000000E+00,2.219896E+01,2.229999E+01,2.113141E+01,6.129806E+01,1.403027E+03,0.000000E+00,4.985439E-02,0.000000E+00,0.000000E+00,0.000000E+00,0.000000E+00,0.000000E+00,0.000000E+00,0.000000E+00,0.000000E+00,0.000000E+00,2.219879E+01,2.185456E+01,2.115426E+01,6.410024E+01,3.193455E+03,0.000000E+00,1.134750E-01,0.000000E+00,0.000000E+00,0.000000E+00,0.000000E+00,0.000000E+00,0.000000E+00,0.000000E+00,0.000000E+00,0.000000E+00,2.219890E+01,2.112131E+01,2.125048E+01,6.372303E+01
06:00:00,3.250978E+03,0.000000E+00,1.155181E-01,0.000000E+00,0.000000E+00,0.000000E+00,0.000000E+00,0.000000E+00,0.000000E+00,0.000000E+00,0.000000E+00,0.000000E+00,2.219871E+01,2.186579E+01,2.114307E+01,6.414436E+01,1.634754E+03,0.000000E+00,5.808895E-02,0.000000E+00,0.000000E+00,0.000000E+00,0.000000E+00,0.000000E+00,0.000000E+00,0.000000E+00,0.000000E+00,0.000000E+00,2.219902E+01,2.228161E+01,2.114747E+01,6.103213E+01,3.791384E+03,0.000000E+00,1.347218E-01,0.000000E+00,0.000000E+00,0.000000E+00,0.000000E+00,0.000000E+00,0.000000E+00,0.000000E+00,0.000000E+00,0.000000E+00,2.219896E+01,2.229999E+01,2.111114E+01,6.137439E+01,1.403027E+03,0.000000E+00,4.985439E-02,0.000000E+00,0.000000E+00,0.000000E+00,0.000000E+00,0.000000E+00,0.000000E+00,0.000000E+00,0.000000E+00,0.000000E+00,2.219879E+01,2.185456E+01,2.113566E+01,6.417352E+01,3.193455E+03,0.000000E+00,1.134750E-01,0.000000E+00,0.000000E+00,0.000000E+00,0.000000E+00,0.000000E+00,0.000000E+00,0.000000E+00,0.000000E+00,0.000000E+00,2.219890E+01,2.112131E+01,2.122934E+01,6.380572E+01
06:15:00,3.250978E+03,0.000000E+00,1.155181E-01,0.000000E+00,0.000000E+00,0.000000E+00,0.000000E+00,0.000000E+00,0.000000E+00,0.000000E+00,0.000000E+00,0.000000E+00,2.219871E+01,2.186579E+01,2.112802E+01,6.420365E+01,1.634754E+03,0.000000E+00,5.808895E-02,0.000000E+00,0.000000E+00,0.000000E+00,0.000000E+00,0.000000E+00,0.000000E+00,0.000000E+00,0.000000E+00,0.000000E+00,2.219902E+01,2.228161E+01,2.112715E+01,6.110833E+01,3.791384E+03,0.000000E+00,1.347218E-01,0.000000E+00,0.000000E+00,0.000000E+00,0.000000E+00,0.000000E+00,0.000000E+00,0.000000E+00,0.000000E+00,0.000000E+00,2.219896E+01,2.229999E+01,2.109287E+01,6.144329E+01,1.403027E+03,0.000000E+00,4.985439E-02,0.000000E+00,0.000000E+00,0.000000E+00,0.000000E+00,0.000000E+00,0.000000E+00,0.000000E+00,0.000000E+00,0.000000E+00,2.219879E+01,2.185456E+01,2.111878E+01,6.424010E+01,3.193455E+03,0.000000E+00,1.134750E-01,0.000000E+00,0.000000E+00,0.000000E+00,0.000000E+00,0.000000E+00,0.000000E+00,0.000000E+00,0.000000E+00,0.000000E+00,2.219890E+01,2.112131E+01,2.120966E+01,6.388278E+01
06:30:00,3.250978E+03,0.000000E+00,1.155181E-01,0.000000E+00,0.000000E+00,0.000000E+00,0.000000E+00,0.000000E+00,0.000000E+00,0.000000E+00,0.000000E+00,0.000000E+00,2.219871E+01,2.186579E+01,2.113382E+01,6.418080E+01,1.634754E+03,0.000000E+00,5.808895E-02,0.000000E+00,0.000000E+00,0.000000E+00,0.000000E+00,0.000000E+00,0.000000E+00,0.000000E+00,0.000000E+00,0.000000E+00,2.219902E+01,2.228161E+01,2.135992E+01,6.024184E+01,3.791384E+03,0.000000E+00,1.347218E-01,0.000000E+00,0.000000E+00,0.000000E+00,0.000000E+00,0.000000E+00,0.000000E+00,0.000000E+00,0.000000E+00,0.000000E+00,2.219896E+01,2.229999E+01,2.138908E+01,6.033674E+01,1.403027E+03,0.000000E+00,4.985439E-02,0.000000E+00,0.000000E+00,0.000000E+00,0.000000E+00,0.000000E+00,0.000000E+00,0.000000E+00,0.000000E+00,0.000000E+00,2.219879E+01,2.185456E+01,2.112243E+01,6.422573E+01,3.193455E+03,0.000000E+00,1.134750E-01,0.000000E+00,0.000000E+00,0.000000E+00,0.000000E+00,0.000000E+00,0.000000E+00,0.000000E+00,0.000000E+00,0.000000E+00,2.219890E+01,2.112131E+01,2.119896E+01,6.392476E+01
06:45:00,3.250978E+03,0.000000E+00,1.155181E-01,0.000000E+00,0.000000E+00,0.000000E+00,0.000000E+00,0.000000E+00,0.000000E+00,0.000000E+00,0.000000E+00,0.000000E+00,2.219871E+01,2.186579E+01,2.117580E+01,6.401560E+01,1.634754E+03,0.000000E+00,5.808895E-02,0.000000E+00,0.000000E+00,0.000000E+00,0.000000E+00,0.000000E+00,0.000000E+00,0.000000E+00,0.000000E+00,0.000000E+00,2.219902E+01,2.228161E+01,2.188587E+01,5.833441E+01,3.791384E+03,0.000000E+00,1.347218E-01,0.000000E+00,0.000000E+00,0.000000E+00,0.000000E+00,0.000000E+00,0.000000E+00,0.000000E+00,0.000000E+00,0.000000E+00,2.219896E+01,2.229999E+01,2.202876E+01,5.802273E+01,1.403027E+03,0.000000E+00,4.985439E-02,0.000000E+00,0.000000E+00,0.000000E+00,0.000000E+00,0.000000E+00,0.000000E+00,0.000000E+00,0.000000E+00,0.000000E+00,2.219879E+01,2.185456E+01,2.116592E+01,6.405445E+01,3.193455E+03,0.000000E+00,1.134750E-01,0.000000E+00,0.000000E+00,0.000000E+00,0.000000E+00,0.000000E+00,0.000000E+00,0.000000E+00,0.000000E+00,0.000000E+00,2.219890E+01,2.112131E+01,2.122124E+01,6.383741E+01
07:00:00,3.250978E+03,0.000000E+00,1.155181E-01,0.000000E+00,0.000000E+00,0.000000E+00,0.000000E+00,0.000000E+00,0.000000E+00,0.000000E+00,0.000000E+00,0.000000E+00,2.219871E+01,2.186579E+01,2.124057E+01,6.376169E+01,1.634754E+03,0.000000E+00,5.808895E-02,0.000000E+00,0.000000E+00,0.000000E+00,0.000000E+00,0.000000E+00,0.000000E+00,0.000000E+00,0.000000E+00,0.000000E+00,2.219902E+01,2.228161E+01,2.251757E+01,5.613278E+01,3.791384E+03,0.000000E+00,1.347218E-01,0.000000E+00,0.000000E+00,0.000000E+00,0.000000E+00,0.000000E+00,0.000000E+00,0.000000E+00,0.000000E+00,0.000000E+00,2.219896E+01,2.229999E+01,2.278904E+01,5.540142E+01,1.403027E+03,0.000000E+00,4.985439E-02,0.000000E+00,0.000000E+00,0.000000E+00,0.000000E+00,0.000000E+00,0.000000E+00,0.000000E+00,0.000000E+00,0.000000E+00,2.219879E+01,2.185456E+01,2.123742E+01,6.377398E+01,3.193455E+03,0.000000E+00,1.134750E-01,0.000000E+00,0.000000E+00,0.000000E+00,0.000000E+00,0.000000E+00,0.000000E+00,0.000000E+00,0.000000E+00,0.000000E+00,2.219890E+01,2.112131E+01,2.127501E+01,6.362714E+01
07:15:00,3.250978E+03,0.000000E+00,1.155181E-01,0.000000E+00,0.000000E+00,0.000000E+00,0.000000E+00,0.000000E+00,0.000000E+00,0.000000E+00,0.000000E+00,0.000000E+00,2.219871E+01,2.186579E+01,2.132272E+01,6.344122E+01,1.634754E+03,0.000000E+00,5.808895E-02,0.000000E+00,0.000000E+00,0.000000E+00,0.000000E+00,0.000000E+00,0.000000E+00,0.000000E+00,0.000000E+00,0.000000E+00,2.219902E+01,2.228161E+01,2.317289E+01,5.394717E+01,3.791384E+03,3.269050E+01,1.347218E-01,3.234969E-03,0.000000E+00,0.000000E+00,0.000000E+00,0.000000E+00,0.000000E+00,0.000000E+00,0.000000E+00,0.000000E+00,2.219896E+01,2.229999E+01,2.354670E+01,5.292108E+01,1.403027E+03,0.000000E+00,4.985439E-02,0.000000E+00,0.000000E+00,0.000000E+00,0.000000E+00,0.000000E+00,0.000000E+00,0.000000E+00,0.000000E+00,0.000000E+00,2.219879E+01,2.185456E+01,2.133087E+01,6.340953E+01,3.193455E+03,0.000000E+00,1.134750E-01,0.000000E+00,0.000000E+00,0.000000E+00,0.000000E+00,0.000000E+00,0.000000E+00,0.000000E+00,0.000000E+00,0.000000E+00,2.219890E+01,2.112131E+01,2.135215E+01,6.332689E+01
07:30:00,3.250978E+03,0.000000E+00,1.155181E-01,0.000000E+00,0.000000E+00,0.000000E+00,0.000000E+00,0.000000E+00,0.000000E+00,0.000000E+00,0.000000E+00,0.000000E+00,2.219871E+01,2.186579E+01,2.139970E+01,6.314254E+01,1.634754E+03,3.329060E+01,5.808895E-02,3.293262E-03,0.000000E+00,0.000000E+00,0.000000E+00,0.000000E+00,0.000000E+00,0.000000E+00,0.000000E+00,0.000000E+00,2.219902E+01,2.228161E+01,2.367480E+01,5.233686E+01,3.791384E+03,1.930535E+02,1.347218E-01,1.917606E-02,0.000000E+00,0.000000E+00,0.000000E+00,0.000000E+00,0.000000E+00,0.000000E+00,0.000000E+00,0.000000E+00,2.219896E+01,2.229999E+01,2.385022E+01,5.180828E+01,1.403027E+03,0.000000E+00,4.985439E-02,0.000000E+00,0.000000E+00,0.000000E+00,0.000000E+00,0.000000E+00,0.000000E+00,0.000000E+00,0.000000E+00,0.000000E+00,2.219879E+01,2.185456E+01,2.141579E+01,6.308033E+01,3.193455E+03,0.000000E+00,1.134750E-01,0.000000E+00,0.000000E+00,0.000000E+00,0.000000E+00,0.000000E+00,0.000000E+00,0.000000E+00,0.000000E+00,0.000000E+00,2.219890E+01,2.112131E+01,2.141967E+01,6.306538E+01
07:45:00,3.250978E+03,0.000000E+00,1.155181E-01,0.000000E+00,0.000000E+00,0.000000E+00,0.000000E+00,0.000000E+00,0.000000E+00,0.000000E+00,0.000000E+00,0.000000E+00,2.219871E+01,2.186579E+01,2.149803E+01,6.276338E+01,1.634754E+03,1.240818E+02,5.808895E-02,1.227085E-02,0.000000E+00,0.000000E+00,0.000000E+00,0.000000E+00,0.000000E+00,0.000000E+00,0.000000E+00,0.000000E+00,2.219902E+01,2.228161E+01,2.389956E+01,5.142550E+01,3.791384E+03,4.161699E+02,1.347218E-01,4.123849E-02,0.000000E+00,0.000000E+00,0.000000E+00,0.000000E+00,0.000000E+00,0.000000E+00,0.000000E+00,0.000000E+00,2.219896E+01,2.229999E+01,2.389942E+01,5.118908E+01,1.403027E+03,0.000000E+00,4.985439E-02,0.000000E+00,0.000000E+00,0.000000E+00,0.000000E+00,0.000000E+00,0.000000E+00,0.000000E+00,0.000000E+00,0.000000E+00,2.219879E+01,2.185456E+01,2.152050E+01,6.267710E+01,3.193455E+03,0.000000E+00,1.134750E-01,0.000000E+00,0.000000E+00,0.000000E+00,0.000000E+00,0.000000E+00,0.000000E+00,0.000000E+00,0.000000E+00,0.000000E+00,2.219890E+01,2.112131E+01,2.150738E+01,6.272748E+01
08:00:00,3.250978E+03,0.000000E+00,1.155181E-01,0.000000E+00,0.000000E+00,0.000000E+00,0.000000E+00,0.000000E+00,0.000000E+00,0.000000E+00,0.000000E+00,0.000000E+00,2.219871E+01,2.186579E+01,2.159382E+01,6.239645E+01,1.634754E+03,2.333241E+02,5.808895E-02,2.307332E-02,0.000000E+00,0.000000E+00,0.000000E+00,0.000000E+00,0.000000E+00,0.000000E+00,0.000000E+00,0.000000E+00,2.219902E+01,2.228161E+01,2.389918E+01,5.096490E+01,3.791384E+03,7.089059E+02,1.347218E-01,7.018602E-02,0.000000E+00,0.000000E+00,0.000000E+00,0.000000E+00,0.000000E+00,0.000000E+00,0.000000E+00,0.000000E+00,2.219896E+01,2.229999E+01,2.389911E+01,5.062734E+01,1.403027E+03,0.000000E+00,4.985439E-02,0.000000E+00,0.000000E+00,0.000000E+00,0.000000E+00,0.000000E+00,0.000000E+00,0.000000E+00,0.000000E+00,0.000000E+00,2.219879E+01,2.185456E+01,2.162115E+01,6.229219E+01,3.193455E+03,0.000000E+00,1.134750E-01,0.000000E+00,0.000000E+00,0.000000E+00,0.000000E+00,0.000000E+00,0.000000E+00,0.000000E+00,0.000000E+00,0.000000E+00,2.219890E+01,2.112131E+01,2.159439E+01,6.239431E+01
08:15:00,3.250978E+03,0.000000E+00,1.155181E-01,0.000000E+00,0.000000E+00,0.000000E+00,0.000000E+00,0.000000E+00,0.000000E+00,0.000000E+00,0.000000E+00,0.000000E+00,2.219871E+01,2.186579E+01,2.255218E+01,5.979167E+01,1.634754E+03,4.923106E+02,5.808895E-02,4.868301E-02,0.000000E+00,0.000000E+00,0.000000E+00,0.000000E+00,0.000000E+00,0.000000E+00,0.000000E+00,0.000000E+00,2.219902E+01,2.228161E+01,2.389930E+01,5.056328E+01,3.791384E+03,1.283088E+03,1.347218E-01,1.269610E-01,0.000000E+00,0.000000E+00,0.000000E+00,0.000000E+00,0.000000E+00,0.000000E+00,0.000000E+00,0.000000E+00,2.219896E+01,2.229999E+01,2.389932E+01,5.020203E+01,1.403027E+03,0.000000E+00,4.985439E-02,0.000000E+00,0.000000E+00,0.000000E+00,0.000000E+00,0.000000E+00,0.000000E+00,0.000000E+00,0.000000E+00,0.000000E+00,2.219879E+01,2.185456E+01,2.259518E+01,5.967632E+01,3.193455E+03,0.000000E+00,1.134750E-01,0.000000E+00,0.000000E+00,0.000000E+00,0.000000E+00,0.000000E+00,0.000000E+00,0.000000E+00,0.000000E+00,0.000000E+00,2.219890E+01,2.112131E+01,2.257288E+01,5.970116E+01
08:30:00,3.250978E+03,5.201610E+01,1.155181E-01,5.175912E-03,0.000000E+00,0.000000E+00,0.000000E+00,0.000000E+00,0.000000E+00,0.000000E+00,0.000000E+00,0.000000E+00,2.219871E+01,2.186579E+01,2.350439E+01,5.798209E+01,1.634754E+03,7.517870E+02,5.808895E-02,7.434050E-02,0.000000E+00,0.000000E+00,0.000000E+00,0.000000E+00,0.000000E+00,0.000000E+00,0.000000E+00,0.000000E+00,2.219902E+01,2.228161E+01,2.389906E+01,5.102969E+01,3.791384E+03,1.827804E+03,1.347218E-01,1.807421E-01,0.000000E+00,0.000000E+00,0.000000E+00,0.000000E+00,0.000000E+00,0.000000E+00,0.000000E+00,0.000000E+00,2.219896E+01,2.229999E+01,2.389917E+01,5.068466E+01,1.403027E+03,3.941780E+01,4.985439E-02,3.921595E-03,0.000000E+00,0.000000E+00,0.000000E+00,0.000000E+00,0.000000E+00,0.000000E+00,0.000000E+00,0.000000E+00,2.219879E+01,2.185456E+01,2.356251E+01,5.778986E+01,3.193455E+03,1.862523E+02,1.134750E-01,1.853772E-02,0.000000E+00,0.000000E+00,0.000000E+00,0.000000E+00,0.000000E+00,0.000000E+00,0.000000E+00,0.000000E+00,2.219890E+01,2.112131E+01,2.356765E+01,5.762247E+01
08:45:00,3.250978E+03,1.938919E+02,1.155181E-01,1.920471E-02,0.000000E+00,0.000000E+00,0.000000E+00,0.000000E+00,0.000000E+00,0.000000E+00,0.000000E+00,0.000000E+00,2.219871E+01,2.186579E+01,2.389964E+01,5.815593E+01,1.634754E+03,9.911536E+02,5.808895E-02,9.801174E-02,0.000000E+00,0.000000E+00,0.000000E+00,0.000000E+00,0.000000E+00,0.000000E+00,0.000000E+00,0.000000E+00,2.219902E+01,2.228161E+01,2.389887E+01,5.137873E+01,3.791384E+03,2.369472E+03,1.347218E-01,2.343071E-01,0.000000E+00,0.000000E+00,0.000000E+00,0.000000E+00,0.000000E+00,0.000000E+00,0.000000E+00,0.000000E+00,2.219896E+01,2.229999E+01,2.389900E+01,5.103641E+01,1.403027E+03,1.081623E+02,4.985439E-02,1.071913E-02,0.000000E+00,0.000000E+00,0.000000E+00,0.000000E+00,0.000000E+00,0.000000E+00,0.000000E+00,0.000000E+00,2.219879E+01,2.185456E+01,2.389960E+01,5.792234E+01,3.193455E+03,4.800859E+02,1.134750E-01,4.759260E-02,0.000000E+00,0.000000E+00,0.000000E+00,0.000000E+00,0.000000E+00,0.000000E+00,0.000000E+00,0.000000E+00,2.219890E+01,2.112131E+01,2.389952E+01,5.765086E+01
09:00:00,3.250978E+03,3.246728E+02,1.155181E-01,3.213788E-02,0.000000E+00,0.000000E+00,0.000000E+00,0.000000E+00,0.000000E+00,0.000000E+00,0.000000E+00,0.000000E+00,2.219871E+01,2.186579E+01,2.389853E+01,5.876005E+01,1.634754E+03,1.233522E+03,5.808895E-02,1.219834E-01,0.000000E+00,0.000000E+00,0.000000E+00,0.000000E+00,0.000000E+00,0.000000E+00,0.000000E+00,0.000000E+00,2.219902E+01,2.228161E+01,2.389776E+01,5.133620E+01,3.791384E+03,2.883194E+03,1.347218E-01,2.851174E-01,0.000000E+00,0.000000E+00,0.000000E+00,0.000000E+00,0.000000E+00,0.000000E+00,0.000000E+00,0.000000E+00,2.219896E+01,2.229999E+01,2.389784E+01,5.104760E+01,1.403027E+03,1.680216E+02,4.985439E-02,1.663875E-02,0.000000E+00,0.000000E+00,0.000000E+00,0.000000E+00,0.000000E+00,0.000000E+00,0.000000E+00,0.000000E+00,2.219879E+01,2.185456E+01,2.389851E+01,5.859934E+01,3.193455E+03,7.161120E+02,1.134750E-01,7.093436E-02,0.000000E+00,0.000000E+00,0.000000E+00,0.000000E+00,0.000000E+00,0.000000E+00,0.000000E+00,0.000000E+00,2.219890E+01,2.112131E+01,2.389824E+01,5.832076E+01
09:15:00,3.250978E+03,5.882358E+02,1.155181E-01,5.820215E-02,0.000000E+00,0.000000E+00,0.000000E+00,0.000000E+00,0.000000E+00,0.000000E+00,0.000000E+00,0.000000E+00,2.219871E+01,2.186579E+01,2.389853E+01,6.002072E+01,1.634754E+03,1.384005E+03,5.808895E-02,1.368713E-01,0.000000E+00,0.000000E+00,0.000000E+00,0.000000E+00,0.000000E+00,0.000000E+00,0.000000E+00,0.000000E+00,2.219902E+01,2.228161E+01,2.389748E+01,5.127561E+01,3.791384E+03,3.211997E+03,1.347218E-01,3.176474E-01,0.000000E+00,0.000000E+00,0.000000E+00,0.000000E+00,0.000000E+00,0.000000E+00,0.000000E+00,0.000000E+00,2.219896E+01,2.229999E+01,2.389754E+01,5.106169E+01,1.403027E+03,2.898655E+02,4.985439E-02,2.868809E-02,0.000000E+00,0.000000E+00,0.000000E+00,0.000000E+00,0.000000E+00,0.000000E+00,0.000000E+00,0.000000E+00,2.219879E+01,2.185456E+01,2.389857E+01,5.984733E+01,3.193455E+03,1.191624E+03,1.134750E-01,1.179591E-01,0.000000E+00,0.000000E+00,0.000000E+00,0.000000E+00,0.000000E+00,0.000000E+00,0.000000E+00,0.000000E+00,2.219890E+01,2.112131E+01,2.389843E+01,5.963776E+01
09:30:00,3.250978E+03,8.271127E+02,1.155181E-01,8.179817E-02,0.000000E+00,0.000000E+00,0.000000E+00,0.000000E+00,0.000000E+00,0.000000E+00,0.000000E+00,0.000000E+00,2.219871E+01,2.186579E+01,2.389683E+01,6.010190E+01,1.634754E+03,1.506780E+03,5.808895E-02,1.490201E-01,0.000000E+00,0.000000E+00,0.000000E+00,0.000000E+00,0.000000E+00,0.000000E+00,0.000000E+00,0.000000E+00,2.219902E+01,2.228161E+01,2.389713E+01,5.097803E+01,3.791384E+03,3.455135E+03,1.347218E-01,3.417094E-01,0.000000E+00,0.000000E+00,0.000000E+00,0.000000E+00,0.000000E+00,0.000000E+00,0.000000E+00,0.000000E+00,2.219896E+01,2.229999E+01,2.389715E+01,5.082935E+01,1.403027E+03,3.818915E+02,4.985439E-02,3.776739E-02,0.000000E+00,0.000000E+00,0.000000E+00,0.000000E+00,0.000000E+00,0.000000E+00,0.000000E+00,0.000000E+00,2.219879E+01,2.185456E+01,2.389689E+01,5.993353E+01,3.193455E+03,1.513824E+03,1.134750E-01,1.497130E-01,0.000000E+00,0.000000E+00,0.000000E+00,0.000000E+00,0.000000E+00,0.000000E+00,0.000000E+00,0.000000E+00,2.219890E+01,2.112131E+01,2.389662E+01,5.989760E+01
09:45:00,3.250978E+03,9.879411E+02,1.155181E-01,9.771091E-02,0.000000E+00,0.000000E+00,0.000000E+00,0.000000E+00,0.000000E+00,0.000000E+00,0.000000E+00,0.000000E+00,2.219871E+01,2.186579E+01,2.389637E+01,5.944525E+01,1.634754E+03,1.593129E+03,5.808895E-02,1.575659E-01,0.000000E+00,0.000000E+00,0.000000E+00,0.000000E+00,0.000000E+00,0.000000E+00,0.000000E+00,0.000000E+00,2.219902E+01,2.228161E+01,2.389723E+01,5.071374E+01,3.791384E+03,3.643301E+03,1.347218E-01,3.603337E-01,0.000000E+00,0.000000E+00,0.000000E+00,0.000000E+00,0.000000E+00,0.000000E+00,0.000000E+00,0.000000E+00,2.219896E+01,2.229999E+01,2.389720E+01,5.059969E+01,1.403027E+03,4.523284E+02,4.985439E-02,4.473771E-02,0.000000E+00,0.000000E+00,0.000000E+00,0.000000E+00,0.000000E+00,0.000000E+00,0.000000E+00,0.000000E+00,2.219879E+01,2.185456E+01,2.389569E+01,5.934083E+01,3.193455E+03,1.736619E+03,1.134750E-01,1.717607E-01,0.000000E+00,0.000000E+00,0.000000E+00,0.000000E+00,0.000000E+00,0.000000E+00,0.000000E+00,0.000000E+00,2.219890E+01,2.112131E+01,2.389618E+01,5.943842E+01
10:00:00,3.250978E+03,1.173697E+03,1.155181E-01,1.160904E-01,0.000000E+00,0.000000E+00,0.000000E+00,0.000000E+00,0.000000E+00,0.000000E+00,0.000000E+00,0.000000E+00,2.219871E+01,2.186579E+01,2.389546E+01,5.864271E+01,1.634754E+03,1.653633E+03,5.808895E-02,1.635511E-01,0.000000E+00,0.000000E+00,0.000000E+00,0.000000E+00,0.000000E+00,0.000000E+00,0.000000E+00,0.000000E+00,2.219902E+01,2.228161E+01,2.389741E+01,5.059225E+01,3.791384E+03,3.785617E+03,1.347218E-01,3.744131E-01,0.000000E+00,0.000000E+00,0.000000E+00,0.000000E+00,0.000000E+00,0.000000E+00,0.000000E+00,0.000000E+00,2.219896E+01,2.229999E+01,2.389736E+01,5.048462E+01,1.403027E+03,5.384569E+02,4.985439E-02,5.325945E-02,0.000000E+00,0.000000E+00,0.000000E+00,0.000000E+00,0.000000E+00,0.000000E+00,0.000000E+00,0.000000E+00,2.219879E+01,2.185456E+01,2.389555E+01,5.857872E+01,3.193455E+03,2.029522E+03,1.134750E-01,2.007439E-01,0.000000E+00,0.000000E+00,0.000000E+00,0.000000E+00,0.000000E+00,0.000000E+00,0.000000E+00,0.000000E+00,2.219890E+01,2.112131E+01,2.389510E+01,5.880784E+01
10:15:00,3.250978E+03,1.239804E+03,1.155181E-01,1.226354E-01,0.000000E+00,0.000000E+00,0.000000E+00,0.000000E+00,0.000000E+00,0.000000E+00,0.000000E+00,0.000000E+00,2.219871E+01,2.186579E+01,2.389623E+01,5.775897E+01,1.634754E+03,1.648395E+03,5.808895E-02,1.630315E-01,0.000000E+00,0.000000E+00,0.000000E+00,0.000000E+00,0.000000E+00,0.000000E+00,0.000000E+00,0.000000E+00,2.219902E+01,2.228161E+01,2.389785E+01,5.059245E+01,3.791384E+03,3.789391E+03,1.347218E-01,3.747839E-01,0.000000E+00,0.000000E+00,0.000000E+00,0.000000E+00,0.000000E+00,0.000000E+00,0.000000E+00,0.000000E+00,2.219896E+01,2.229999E+01,2.389780E+01,5.046713E+01,1.403027E+03,5.689739E+02,4.985439E-02,5.628076E-02,0.000000E+00,0.000000E+00,0.000000E+00,0.000000E+00,0.000000E+00,0.000000E+00,0.000000E+00,0.000000E+00,2.219879E+01,2.185456E+01,2.389631E+01,5.769989E+01,3.193455E+03,2.095047E+03,1.134750E-01,2.072367E-01,0.000000E+00,0.000000E+00,0.000000E+00,0.000000E+00,0.000000E+00,0.000000E+00,0.000000E+00,0.000000E+00,2.219890E+01,2.112131E+01,2.389604E+01,5.810920E+01
10:30:00,3.250978E+03,1.290557E+03,1.155181E-01,1.276541E-01,0.000000E+00,0.000000E+00,0.000000E+00,0.000000E+00,0.000000E+00,0.000000E+00,0.000000E+00,0.000000E+00,2.219871E+01,2.186579E+01,2.389719E+01,5.722361E+01,1.634754E+03,1.625006E+03,5.808895E-02,1.607140E-01,0.000000E+00,0.000000E+00,0.000000E+00,0.000000E+00,0.000000E+00,0.000000E+00,0.000000E+00,0.000000E+00,2.219902E+01,2.228161E+01,2.389821E+01,5.064354E+01,3.791384E+03,3.763874E+03,1.347218E-01,3.722506E-01,0.000000E+00,0.000000E+00,0.000000E+00,0.000000E+00,0.000000E+00,0.000000E+00,0.000000E+00,0.000000E+00,2.219896E+01,2.229999E+01,2.389818E+01,5.049280E+01,1.403027E+03,5.955768E+02,4.985439E-02,5.891152E-02,0.000000E+00,0.000000E+00,0.000000E+00,0.000000E+00,0.000000E+00,0.000000E+00,0.000000E+00,0.000000E+00,2.219879E+01,2.185456E+01,2.389719E+01,5.714283E+01,3.193455E+03,2.138072E+03,1.134750E-01,2.114895E-01,0.000000E+00,0.000000E+00,0.000000E+00,0.000000E+00,0.000000E+00,0.000000E+00,0.000000E+00,0.000000E+00,2.219890E+01,2.112131E+01,2.389714E+01,5.770104E+01
10:45:00,3.250978E+03,1.340348E+03,1.155181E-01,1.325758E-01,0.000000E+00,0.000000E+00,0.000000E+00,0.000000E+00,0.000000E+00,0.000000E+00,0.000000E+00,0.000000E+00,2.219871E+01,2.186579E+01,2.389732E+01,5.671288E+01,1.634754E+03,1.585605E+03,5.808895E-02,1.568132E-01,0.000000E+00,0.000000E+00,0.000000E+00,0.000000E+00,0.000000E+00,0.000000E+00,0.000000E+00,0.000000E+00,2.219902E+01,2.228161E+01,2.389824E+01,5.072865E+01,3.791384E+03,3.711373E+03,1.347218E-01,3.670488E-01,0.000000E+00,0.000000E+00,0.000000E+00,0.000000E+00,0.000000E+00,0.000000E+00,0.000000E+00,0.000000E+00,2.219896E+01,2.229999E+01,2.389822E+01,5.054108E+01,1.403027E+03,6.195199E+02,4.985439E-02,6.127731E-02,0.000000E+00,0.000000E+00,0.000000E+00,0.000000E+00,0.000000E+00,0.000000E+00,0.000000E+00,0.000000E+00,2.219879E+01,2.185456E+01,2.389733E+01,5.661286E+01,3.193455E+03,2.181797E+03,1.134750E-01,2.158085E-01,0.000000E+00,0.000000E+00,0.000000E+00,0.000000E+00,0.000000E+00,0.000000E+00,0.000000E+00,0.000000E+00,2.219890E+01,2.112131E+01,2.389727E+01,5.731140E+01
11:00:00,3.250978E+03,1.386310E+03,1.155181E-01,1.371155E-01,0.000000E+00,0.000000E+00,0.000000E+00,0.000000E+00,0.000000E+00,0.000000E+00,0.000000E+00,0.000000E+00,2.219871E+01,2.186579E+01,2.389737E+01,5.628987E+01,1.634754E+03,1.533817E+03,5.808895E-02,1.516882E-01,0.000000E+00,0.000000E+00,0.000000E+00,0.000000E+00,0.000000E+00,0.000000E+00,0.000000E+00,0.000000E+00,2.219902E+01,2.228161E+01,2.389826E+01,5.083761E+01,3.791384E+03,3.636964E+03,1.347218E-01,3.596819E-01,0.000000E+00,0.000000E+00,0.000000E+00,0.000000E+00,0.000000E+00,0.000000E+00,0.000000E+00,0.000000E+00,2.219896E+01,2.229999E+01,2.389823E+01,5.060458E+01,1.403027E+03,6.412756E+02,4.985439E-02,6.342635E-02,0.000000E+00,0.000000E+00,0.000000E+00,0.000000E+00,0.000000E+00,0.000000E+00,0.000000E+00,0.000000E+00,2.219879E+01,2.185456E+01,2.389739E+01,5.618290E+01,3.193455E+03,2.220919E+03,1.134750E-01,2.196660E-01,0.000000E+00,0.000000E+00,0.000000E+00,0.000000E+00,0.000000E+00,0.000000E+00,0.000000E+00,0.000000E+00,2.219890E+01,2.112131E+01,2.389733E+01,5.698525E+01
11:15:00,3.250978E+03,1.397798E+03,1.155181E-01,1.382474E-01,0.000000E+00,0.000000E+00,0.000000E+00,0.000000E+00,0.000000E+00,0.000000E+00,0.000000E+00,0.000000E+00,2.219871E+01,2.186579E+01,2.389753E+01,5.589264E+01,1.634754E+03,1.463789E+03,5.808895E-02,1.447613E-01,0.000000E+00,0.000000E+00,0.000000E+00,0.000000E+00,0.000000E+00,0.000000E+00,0.000000E+00,0.000000E+00,2.219902E+01,2.228161E+01,2.389823E+01,5.090097E+01,3.791384E+03,3.510171E+03,1.347218E-01,3.471380E-01,0.000000E+00,0.000000E+00,0.000000E+00,0.000000E+00,0.000000E+00,0.000000E+00,0.000000E+00,0.000000E+00,2.219896E+01,2.229999E+01,2.389832E+01,5.062332E+01,1.403027E+03,6.468063E+02,4.985439E-02,6.397146E-02,0.000000E+00,0.000000E+00,0.000000E+00,0.000000E+00,0.000000E+00,0.000000E+00,0.000000E+00,0.000000E+00,2.219879E+01,2.185456E+01,2.389755E+01,5.578428E+01,3.193455E+03,2.202052E+03,1.134750E-01,2.177921E-01,0.000000E+00,0.000000E+00,0.000000E+00,0.000000E+00,0.000000E+00,0.000000E+00,0.000000E+00,0.000000E+00,2.219890E+01,2.112131E+01,2.389750E+01,5.666917E+01
11:30:00,3.250978E+03,1.404435E+03,1.155181E-01,1.389020E-01,0.000000E+00,0.000000E+00,0.000000E+00,0.000000E+00,0.000000E+00,0.000000E+00,0.000000E+00,0.000000E+00,2.219871E+01,2.186579E+01,2.389772E+01,5.539670E+01,1.634754E+03,1.393013E+03,5.808895E-02,1.377619E-01,0.000000E+00,0.000000E+00,0.000000E+00,0.000000E+00,0.000000E+00,0.000000E+00,0.000000E+00,0.000000E+00,2.219902E+01,2.228161E+01,2.389823E+01,5.077466E+01,3.791384E+03,3.366958E+03,1.347218E-01,3.329727E-01,0.000000E+00,0.000000E+00,0.000000E+00,0.000000E+00,0.000000E+00,0.000000E+00,0.000000E+00,0.000000E+00,2.219896E+01,2.229999E+01,2.389845E+01,5.048291E+01,1.403027E+03,6.498527E+02,4.985439E-02,6.427190E-02,0.000000E+00,0.000000E+00,0.000000E+00,0.000000E+00,0.000000E+00,0.000000E+00,0.000000E+00,0.000000E+00,2.219879E+01,2.185456E+01,2.389773E+01,5.528854E+01,3.193455E+03,2.178258E+03,1.134750E-01,2.154358E-01,0.000000E+00,0.000000E+00,0.000000E+00,0.000000E+00,0.000000E+00,0.000000E+00,0.000000E+00,0.000000E+00,2.219890E+01,2.112131E+01,2.389770E+01,5.623945E+01
11:45:00,3.250978E+03,1.407078E+03,1.155181E-01,1.391617E-01,0.000000E+00,0.000000E+00,0.000000E+00,0.000000E+00,0.000000E+00,0.000000E+00,0.000000E+00,0.000000E+00,2.219871E+01,2.186579E+01,2.389781E+01,5.494451E+01,1.634754E+03,1.325407E+03,5.808895E-02,1.310756E-01,0.000000E+00,0.000000E+00,0.000000E+00,0.000000E+00,0.000000E+00,0.000000E+00,0.000000E+00,0.000000E+00,2.219902E+01,2.228161E+01,2.389833E+01,5.070887E+01,3.791384E+03,3.213248E+03,1.347218E-01,3.177690E-01,0.000000E+00,0.000000E+00,0.000000E+00,0.000000E+00,0.000000E+00,0.000000E+00,0.000000E+00,0.000000E+00,2.219896E+01,2.229999E+01,2.389856E+01,5.042115E+01,1.403027E+03,6.508820E+02,4.985439E-02,6.437288E-02,0.000000E+00,0.000000E+00,0.000000E+00,0.000000E+00,0.000000E+00,0.000000E+00,0.000000E+00,0.000000E+00,2.219879E+01,2.185456E+01,2.389783E+01,5.484207E+01,3.193455E+03,2.150495E+03,1.134750E-01,2.126871E-01,0.000000E+00,0.000000E+00,0.000000E+00,0.000000E+00,0.000000E+00,0.000000E+00,0.000000E+00,0.000000E+00,2.219890E+01,2.112131E+01,2.389780E+01,5.582934E+01
12:00:00,3.250978E+03,1.406442E+03,1.155181E-01,1.390969E-01,0.000000E+00,0.000000E+00,0.000000E+00,0.000000E+00,0.000000E+00,0.000000E+00,0.000000E+00,0.000000E+00,2.219871E+01,2.186579E+01,2.389788E+01,5.460347E+01,1.634754E+03,1.266928E+03,5.808895E-02,1.252920E-01,0.000000E+00,0.000000E+00,0.000000E+00,0.000000E+00,0.000000E+00,0.000000E+00,0.000000E+00,0.000000E+00,2.219902E+01,2.228161E+01,2.389837E+01,5.075844E+01,3.791384E+03,3.063912E+03,1.347218E-01,3.029985E-01,0.000000E+00,0.000000E+00,0.000000E+00,0.000000E+00,0.000000E+00,0.000000E+00,0.000000E+00,0.000000E+00,2.219896E+01,2.229999E+01,2.389850E+01,5.047719E+01,1.403027E+03,6.503860E+02,4.985439E-02,6.432298E-02,0.000000E+00,0.000000E+00,0.000000E+00,0.000000E+00,0.000000E+00,0.000000E+00,0.000000E+00,0.000000E+00,2.219879E+01,2.185456E+01,2.389790E+01,5.450881E+01,3.193455E+03,2.119856E+03,1.134750E-01,2.096538E-01,0.000000E+00,0.000000E+00,0.000000E+00,0.000000E+00,0.000000E+00,0.000000E+00,0.000000E+00,0.000000E+00,2.219890E+01,2.112131E+01,2.389787E+01,5.551542E+01
12:15:00,3.250978E+03,1.373456E+03,1.155181E-01,1.358328E-01,0.000000E+00,0.000000E+00,0.000000E+00,0.000000E+00,0.000000E+00,0.000000E+00,0.000000E+00,0.000000E+00,2.219871E+01,2.186579E+01,2.389812E+01,5.423543E+01,1.634754E+03,1.199216E+03,5.808895E-02,1.185949E-01,0.000000E+00,0.000000E+00,0.000000E+00,0.000000E+00,0.000000E+00,0.000000E+00,0.000000E+00,0.000000E+00,2.219902E+01,2.228161E+01,2.389853E+01,5.069893E+01,3.791384E+03,2.891139E+03,1.347218E-01,2.859109E-01,0.000000E+00,0.000000E+00,0.000000E+00,0.000000E+00,0.000000E+00,0.000000E+00,0.000000E+00,0.000000E+00,2.219896E+01,2.229999E+01,2.389853E+01,5.043033E+01,1.403027E+03,6.363928E+02,4.985439E-02,6.293818E-02,0.000000E+00,0.000000E+00,0.000000E+00,0.000000E+00,0.000000E+00,0.000000E+00,0.000000E+00,0.000000E+00,2.219879E+01,2.185456E+01,2.389813E+01,5.414100E+01,3.193455E+03,2.033893E+03,1.134750E-01,2.011491E-01,0.000000E+00,0.000000E+00,0.000000E+00,0.000000E+00,0.000000E+00,0.000000E+00,0.000000E+00,0.000000E+00,2.219890E+01,2.112131E+01,2.389814E+01,5.517462E+01
12:30:00,3.250978E+03,1.338361E+03,1.155181E-01,1.323596E-01,0.000000E+00,0.000000E+00,0.000000E+00,0.000000E+00,0.000000E+00,0.000000E+00,0.000000E+00,0.000000E+00,2.219871E+01,2.186579E+01,2.389842E+01,5.354243E+01,1.634754E+03,1.138273E+03,5.808895E-02,1.125664E-01,0.000000E+00,0.000000E+00,0.000000E+00,0.000000E+00,0.000000E+00,0.000000E+00,0.000000E+00,0.000000E+00,2.219902E+01,2.228161E+01,2.389880E+01,5.021268E+01,3.791384E+03,2.727840E+03,1.347218E-01,2.697596E-01,0.000000E+00,0.000000E+00,0.000000E+00,0.000000E+00,0.000000E+00,0.000000E+00,0.000000E+00,0.000000E+00,2.219896E+01,2.229999E+01,2.389880E+01,4.998241E+01,1.403027E+03,6.242329E+02,4.985439E-02,6.173456E-02,0.000000E+00,0.000000E+00,0.000000E+00,0.000000E+00,0.000000E+00,0.000000E+00,0.000000E+00,0.000000E+00,2.219879E+01,2.185456E+01,2.389842E+01,5.342878E+01,3.193455E+03,1.946099E+03,1.134750E-01,1.924630E-01,0.000000E+00,0.000000E+00,0.000000E+00,0.000000E+00,0.000000E+00,0.000000E+00,0.000000E+00,0.000000E+00,2.219890E+01,2.112131E+01,2.389846E+01,5.450728E+01
12:45:00,3.250978E+03,1.303143E+03,1.155181E-01,1.288741E-01,0.000000E+00,0.000000E+00,0.000000E+00,0.000000E+00,0.000000E+00,0.000000E+00,0.000000E+00,0.000000E+00,2.219871E+01,2.186579E+01,2.389859E+01,5.285817E+01,1.634754E+03,1.084996E+03,5.808895E-02,1.072959E-01,0.000000E+00,0.000000E+00,0.000000E+00,0.000000E+00,0.000000E+00,0.000000E+00,0.000000E+00,0.000000E+00,2.219902E+01,2.228161E+01,2.389902E+01,4.981273E+01,3.791384E+03,2.580137E+03,1.347218E-01,2.551503E-01,0.000000E+00,0.000000E+00,0.000000E+00,0.000000E+00,0.000000E+00,0.000000E+00,0.000000E+00,0.000000E+00,2.219896E+01,2.229999E+01,2.389903E+01,4.962921E+01,1.403027E+03,6.156761E+02,4.985439E-02,6.088716E-02,0.000000E+00,0.000000E+00,0.000000E+00,0.000000E+00,0.000000E+00,0.000000E+00,0.000000E+00,0.000000E+00,2.219879E+01,2.185456E+01,2.389857E+01,5.271538E+01,3.193455E+03,1.859061E+03,1.134750E-01,1.838514E-01,0.000000E+00,0.000000E+00,0.000000E+00,0.000000E+00,0.000000E+00,0.000000E+00,0.000000E+00,0.000000E+00,2.219890E+01,2.112131E+01,2.389861E+01,5.381300E+01
13:00:00,3.250978E+03,1.269064E+03,1.155181E-01,1.255010E-01,0.000000E+00,0.000000E+00,0.000000E+00,0.000000E+00,0.000000E+00,0.000000E+00,0.000000E+00,0.000000E+00,2.219871E+01,2.186579E+01,2.389870E+01,5.235626E+01,1.634754E+03,1.036643E+03,5.808895E-02,1.025122E-01,0.000000E+00,0.000000E+00,0.000000E+00,0.000000E+00,0.000000E+00,0.000000E+00,0.000000E+00,0.000000E+00,2.219902E+01,2.228161E+01,2.389912E+01,4.966020E+01,3.791384E+03,2.440916E+03,1.347218E-01,2.413788E-01,0.000000E+00,0.000000E+00,0.000000E+00,0.000000E+00,0.000000E+00,0.000000E+00,0.000000E+00,0.000000E+00,2.219896E+01,2.229999E+01,2.389913E+01,4.951347E+01,1.403027E+03,6.117372E+02,4.985439E-02,6.049635E-02,0.000000E+00,0.000000E+00,0.000000E+00,0.000000E+00,0.000000E+00,0.000000E+00,0.000000E+00,0.000000E+00,2.219879E+01,2.185456E+01,2.389866E+01,5.217640E+01,3.193455E+03,1.774485E+03,1.134750E-01,1.754830E-01,0.000000E+00,0.000000E+00,0.000000E+00,0.000000E+00,0.000000E+00,0.000000E+00,0.000000E+00,0.000000E+00,2.219890E+01,2.112131E+01,2.389872E+01,5.327773E+01
13:15:00,3.250978E+03,1.350506E+03,1.155181E-01,1.335534E-01,0.000000E+00,0.000000E+00,0.000000E+00,0.000000E+00,0.000000E+00,0.000000E+00,0.000000E+00,0.000000E+00,2.219871E+01,2.186579E+01,2.389862E+01,5.210784E+01,1.634754E+03,1.050406E+03,5.808895E-02,1.038720E-01,0.000000E+00,0.000000E+00,0.000000E+00,0.000000E+00,0.000000E+00,0.000000E+00,0.000000E+00,0.000000E+00,2.219902E+01,2.228161E+01,2.389900E+01,4.975640E+01,3.791384E+03,2.439942E+03,1.347218E-01,2.412794E-01,0.000000E+00,0.000000E+00,0.000000E+00,0.000000E+00,0.000000E+00,0.000000E+00,0.000000E+00,0.000000E+00,2.219896E+01,2.229999E+01,2.389901E+01,4.963149E+01,1.403027E+03,6.645554E+02,4.985439E-02,6.571899E-02,0.000000E+00,0.000000E+00,0.000000E+00,0.000000E+00,0.000000E+00,0.000000E+00,0.000000E+00,0.000000E+00,2.219879E+01,2.185456E+01,2.389857E+01,5.188854E+01,3.193455E+03,1.898853E+03,1.134750E-01,1.877798E-01,0.000000E+00,0.000000E+00,0.000000E+00,0.000000E+00,0.000000E+00,0.000000E+00,0.000000E+00,0.000000E+00,2.219890E+01,2.112131E+01,2.389861E+01,5.298774E+01
13:30:00,3.250978E+03,1.427932E+03,1.155181E-01,1.412099E-01,0.000000E+00,0.000000E+00,0.000000E+00,0.000000E+00,0.000000E+00,0.000000E+00,0.000000E+00,0.000000E+00,2.219871E+01,2.186579E+01,2.389852E+01,5.233500E+01,1.634754E+03,1.070970E+03,5.808895E-02,1.059051E-01,0.000000E+00,0.000000E+00,0.000000E+00,0.000000E+00,0.000000E+00,0.000000E+00,0.000000E+00,0.000000E+00,2.219902E+01,2.228161E+01,2.389891E+01,5.027221E+01,3.791384E+03,2.460807E+03,1.347218E-01,2.433419E-01,0.000000E+00,0.000000E+00,0.000000E+00,0.000000E+00,0.000000E+00,0.000000E+00,0.000000E+00,0.000000E+00,2.219896E+01,2.229999E+01,2.389893E+01,5.014638E+01,1.403027E+03,7.171154E+02,4.985439E-02,7.091673E-02,0.000000E+00,0.000000E+00,0.000000E+00,0.000000E+00,0.000000E+00,0.000000E+00,0.000000E+00,0.000000E+00,2.219879E+01,2.185456E+01,2.389846E+01,5.208172E+01,3.193455E+03,2.016726E+03,1.134750E-01,1.994365E-01,0.000000E+00,0.000000E+00,0.000000E+00,0.000000E+00,0.000000E+00,0.000000E+00,0.000000E+00,0.000000E+00,2.219890E+01,2.112131E+01,2.389848E+01,5.317643E+01
13:45:00,3.250978E+03,1.505023E+03,1.155181E-01,1.488370E-01,0.000000E+00,0.000000E+00,0.000000E+00,0.000000E+00,0.000000E+00,0.000000E+00,0.000000E+00,0.000000E+00,2.219871E+01,2.186579E+01,2.389773E+01,5.256855E+01,1.634754E+03,1.096128E+03,5.808895E-02,1.083950E-01,0.000000E+00,0.000000E+00,0.000000E+00,0.000000E+00,0.000000E+00,0.000000E+00,0.000000E+00,0.000000E+00,2.219902E+01,2.228161E+01,2.389831E+01,5.062277E+01,3.791384E+03,2.496333E+03,1.347218E-01,2.468596E-01,0.000000E+00,0.000000E+00,0.000000E+00,0.000000E+00,0.000000E+00,0.000000E+00,0.000000E+00,0.000000E+00,2.219896E+01,2.229999E+01,2.389830E+01,5.050032E+01,1.403027E+03,7.706575E+02,4.985439E-02,7.621348E-02,0.000000E+00,0.000000E+00,0.000000E+00,0.000000E+00,0.000000E+00,0.000000E+00,0.000000E+00,0.000000E+00,2.219879E+01,2.185456E+01,2.389767E+01,5.226422E+01,3.193455E+03,2.136422E+03,1.134750E-01,2.112793E-01,0.000000E+00,0.000000E+00,0.000000E+00,0.000000E+00,0.000000E+00,0.000000E+00,0.000000E+00,0.000000E+00,2.219890E+01,2.112131E+01,2.389757E+01,5.341188E+01
14:00:00,3.250978E+03,1.582322E+03,1.155181E-01,1.564860E-01,0.000000E+00,0.000000E+00,0.000000E+00,0.000000E+00,0.000000E+00,0.000000E+00,0.000000E+00,0.000000E+00,2.219871E+01,2.186579E+01,2.389749E+01,5.285145E+01,1.634754E+03,1.124474E+03,5.808895E-02,1.112011E-01,0.000000E+00,0.000000E+00,0.000000E+00,0.000000E+00,0.000000E+00,0.000000E+00,0.000000E+00,0.000000E+00,2.219902E+01,2.228161E+01,2.389801E+01,5.095919E+01,3.791384E+03,2.543108E+03,1.347218E-01,2.514923E-01,0.000000E+00,0.000000E+00,0.000000E+00,0.000000E+00,0.000000E+00,0.000000E+00,0.000000E+00,0.000000E+00,2.219896E+01,2.229999E+01,2.389799E+01,5.084678E+01,1.403027E+03,8.249971E+02,4.985439E-02,8.158991E-02,0.000000E+00,0.000000E+00,0.000000E+00,0.000000E+00,0.000000E+00,0.000000E+00,0.000000E+00,0.000000E+00,2.219879E+01,2.185456E+01,2.389739E+01,5.245918E+01,3.193455E+03,2.258111E+03,1.134750E-01,2.233210E-01,0.000000E+00,0.000000E+00,0.000000E+00,0.000000E+00,0.000000E+00,0.000000E+00,0.000000E+00,0.000000E+00,2.219890E+01,2.112131E+01,2.389734E+01,5.373102E+01
14:15:00,3.250978E+03,1.614967E+03,1.155181E-01,1.597199E-01,0.000000E+00,0.000000E+00,0.000000E+00,0.000000E+00,0.000000E+00,0.000000E+00,0.000000E+00,0.000000E+00,2.219871E+01,2.186579E+01,2.389729E+01,5.299624E+01,1.634754E+03,1.133131E+03,5.808895E-02,1.120608E-01,0.000000E+00,0.000000E+00,0.000000E+00,0.000000E+00,0.000000E+00,0.000000E+00,0.000000E+00,0.000000E+00,2.219902E+01,2.228161E+01,2.389776E+01,5.108928E+01,3.791384E+03,2.548561E+03,1.347218E-01,2.520397E-01,0.000000E+00,0.000000E+00,0.000000E+00,0.000000E+00,0.000000E+00,0.000000E+00,0.000000E+00,0.000000E+00,2.219896E+01,2.229999E+01,2.389773E+01,5.099427E+01,1.403027E+03,8.592668E+02,4.985439E-02,8.498213E-02,0.000000E+00,0.000000E+00,0.000000E+00,0.000000E+00,0.000000E+00,0.000000E+00,0.000000E+00,0.000000E+00,2.219879E+01,2.185456E+01,2.389716E+01,5.250984E+01,3.193455E+03,2.297396E+03,1.134750E-01,2.272148E-01,0.000000E+00,0.000000E+00,0.000000E+00,0.000000E+00,0.000000E+00,0.000000E+00,0.000000E+00,0.000000E+00,2.219890E+01,2.112131E+01,2.389714E+01,5.392981E+01
14:30:00,3.250978E+03,1.654934E+03,1.155181E-01,1.636785E-01,0.000000E+00,0.000000E+00,0.000000E+00,0.000000E+00,0.000000E+00,0.000000E+00,0.000000E+00,0.000000E+00,2.219871E+01,2.186579E+01,2.389709E+01,5.328344E+01,1.634754E+03,1.142260E+03,5.808895E-02,1.129673E-01,0.000000E+00,0.000000E+00,0.000000E+00,0.000000E+00,0.000000E+00,0.000000E+00,0.000000E+00,0.000000E+00,2.219902E+01,2.228161E+01,2.389760E+01,5.136018E+01,3.791384E+03,2.555928E+03,1.347218E-01,2.527770E-01,0.000000E+00,0.000000E+00,0.000000E+00,0.000000E+00,0.000000E+00,0.000000E+00,0.000000E+00,0.000000E+00,2.219896E+01,2.229999E+01,2.389756E+01,5.127692E+01,1.403027E+03,8.972555E+02,4.985439E-02,8.874252E-02,0.000000E+00,0.000000E+00,0.000000E+00,0.000000E+00,0.000000E+00,0.000000E+00,0.000000E+00,0.000000E+00,2.219879E+01,2.185456E+01,2.389696E+01,5.270463E+01,3.193455E+03,2.349641E+03,1.134750E-01,2.323910E-01,0.000000E+00,0.000000E+00,0.000000E+00,0.000000E+00,0.000000E+00,0.000000E+00,0.000000E+00,0.000000E+00,2.219890E+01,2.112131E+01,2.389692E+01,5.427637E+01
14:45:00,3.250978E+03,1.696570E+03,1.155181E-01,1.678000E-01,0.000000E+00,0.000000E+00,0.000000E+00,0.000000E+00,0.000000E+00,0.000000E+00,0.000000E+00,0.000000E+00,2.219871E+01,2.186579E+01,2.389688E+01,5.356785E+01,1.634754E+03,1.151663E+03,5.808895E-02,1.138998E-01,0.000000E+00,0.000000E+00,0.000000E+00,0.000000E+00,0.000000E+00,0.000000E+00,0.000000E+00,0.000000E+00,2.219902E+01,2.228161E+01,2.389741E+01,5.162496E+01,3.791384E+03,2.565000E+03,1.347218E-01,2.536802E-01,0.000000E+00,0.000000E+00,0.000000E+00,0.000000E+00,0.000000E+00,0.000000E+00,0.000000E+00,0.000000E+00,2.219896E+01,2.229999E+01,2.389736E+01,5.155491E+01,1.403027E+03,9.356752E+02,4.985439E-02,9.254461E-02,0.000000E+00,0.000000E+00,0.000000E+00,0.000000E+00,0.000000E+00,0.000000E+00,0.000000E+00,0.000000E+00,2.219879E+01,2.185456E+01,2.389672E+01,5.289123E+01,3.193455E+03,2.404181E+03,1.134750E-01,2.377905E-01,0.000000E+00,0.000000E+00,0.000000E+00,0.000000E+00,0.000000E+00,0.000000E+00,0.000000E+00,0.000000E+00,2.219890E+01,2.112131E+01,2.389669E+01,5.462726E+01
15:00:00,3.250978E+03,1.737741E+03,1.155181E-01,1.718756E-01,0.000000E+00,0.000000E+00,0.000000E+00,0.000000E+00,0.000000E+00,0.000000E+00,0.000000E+00,0.000000E+00,2.219871E+01,2.186579E+01,2.389666E+01,5.374692E+01,1.634754E+03,1.160829E+03,5.808895E-02,1.148086E-01,0.000000E+00,0.000000E+00,0.000000E+00,0.000000E+00,0.000000E+00,0.000000E+00,0.000000E+00,0.000000E+00,2.219902E+01,2.228161E+01,2.389721E+01,5.178132E+01,3.791384E+03,2.574702E+03,1.347218E-01,2.546450E-01,0.000000E+00,0.000000E+00,0.000000E+00,0.000000E+00,0.000000E+00,0.000000E+00,0.000000E+00,0.000000E+00,2.219896E+01,2.229999E+01,2.389716E+01,5.172843E+01,1.403027E+03,9.730835E+02,4.985439E-02,9.624673E-02,0.000000E+00,0.000000E+00,0.000000E+00,0.000000E+00,0.000000E+00,0.000000E+00,0.000000E+00,0.000000E+00,2.219879E+01,2.185456E+01,2.389649E+01,5.297476E+01,3.193455E+03,2.458573E+03,1.134750E-01,2.431756E-01,0.000000E+00,0.000000E+00,0.000000E+00,0.000000E+00,0.000000E+00,0.000000E+00,0.000000E+00,0.000000E+00,2.219890E+01,2.112131E+01,2.389646E+01,5.487138E+01
15:15:00,3.250978E+03,1.748619E+03,1.155181E-01,1.729549E-01,0.000000E+00,0.000000E+00,0.000000E+00,0.000000E+00,0.000000E+00,0.000000E+00,0.000000E+00,0.000000E+00,2.219871E+01,2.186579E+01,2.389649E+01,5.381663E+01,1.634754E+03,1.152595E+03,5.808895E-02,1.139962E-01,0.000000E+00,0.000000E+00,0.000000E+00,0.000000E+00,0.000000E+00,0.000000E+00,0.000000E+00,0.000000E+00,2.219902E+01,2.228161E+01,2.389709E+01,5.184011E+01,3.791384E+03,2.547213E+03,1.347218E-01,2.519307E-01,0.000000E+00,0.000000E+00,0.000000E+00,0.000000E+00,0.000000E+00,0.000000E+00,0.000000E+00,0.000000E+00,2.219896E+01,2.229999E+01,2.389703E+01,5.180518E+01,1.403027E+03,9.958881E+02,4.985439E-02,9.850440E-02,0.000000E+00,0.000000E+00,0.000000E+00,0.000000E+00,0.000000E+00,0.000000E+00,0.000000E+00,0.000000E+00,2.219879E+01,2.185456E+01,2.389631E+01,5.296348E+01,3.193455E+03,2.460820E+03,1.134750E-01,2.434030E-01,0.000000E+00,0.000000E+00,0.000000E+00,0.000000E+00,0.000000E+00,0.000000E+00,0.000000E+00,0.000000E+00,2.219890E+01,2.112131E+01,2.389628E+01,5.499386E+01
15:30:00,3.250978E+03,1.755847E+03,1.155181E-01,1.736723E-01,0.000000E+00,0.000000E+00,0.000000E+00,0.000000E+00,0.000000E+00,0.000000E+00,0.000000E+00,0.000000E+00,2.219871E+01,2.186579E+01,2.389652E+01,5.387647E+01,1.634754E+03,1.141354E+03,5.808895E-02,1.128858E-01,0.000000E+00,0.000000E+00,0.000000E+00,0.000000E+00,0.000000E+00,0.000000E+00,0.000000E+00,0.000000E+00,2.219902E+01,2.228161E+01,2.389712E+01,5.189988E+01,3.791384E+03,2.514407E+03,1.347218E-01,2.486892E-01,0.000000E+00,0.000000E+00,0.000000E+00,0.000000E+00,0.000000E+00,0.000000E+00,0.000000E+00,0.000000E+00,2.219896E+01,2.229999E+01,2.389706E+01,5.188094E+01,1.403027E+03,1.015660E+03,4.985439E-02,1.004617E-01,0.000000E+00,0.000000E+00,0.000000E+00,0.000000E+00,0.000000E+00,0.000000E+00,0.000000E+00,0.000000E+00,2.219879E+01,2.185456E+01,2.389630E+01,5.294465E+01,3.193455E+03,2.459827E+03,1.134750E-01,2.433083E-01,0.000000E+00,0.000000E+00,0.000000E+00,0.000000E+00,0.000000E+00,0.000000E+00,0.000000E+00,0.000000E+00,2.219890E+01,2.112131E+01,2.389634E+01,5.510376E+01
15:45:00,3.250978E+03,1.758586E+03,1.155181E-01,1.739451E-01,0.000000E+00,0.000000E+00,0.000000E+00,0.000000E+00,0.000000E+00,0.000000E+00,0.000000E+00,0.000000E+00,2.219871E+01,2.186579E+01,2.389646E+01,5.391941E+01,1.634754E+03,1.127385E+03,5.808895E-02,1.115050E-01,0.000000E+00,0.000000E+00,0.000000E+00,0.000000E+00,0.000000E+00,0.000000E+00,0.000000E+00,0.000000E+00,2.219902E+01,2.228161E+01,2.389711E+01,5.196239E+01,3.791384E+03,2.476771E+03,1.347218E-01,2.449689E-01,0.000000E+00,0.000000E+00,0.000000E+00,0.000000E+00,0.000000E+00,0.000000E+00,0.000000E+00,0.000000E+00,2.219896E+01,2.229999E+01,2.389704E+01,5.195698E+01,1.403027E+03,1.031903E+03,4.985439E-02,1.020695E-01,0.000000E+00,0.000000E+00,0.000000E+00,0.000000E+00,0.000000E+00,0.000000E+00,0.000000E+00,0.000000E+00,2.219879E+01,2.185456E+01,2.389625E+01,5.291785E+01,3.193455E+03,2.454643E+03,1.134750E-01,2.427982E-01,0.000000E+00,0.000000E+00,0.000000E+00,0.000000E+00,0.000000E+00,0.000000E+00,0.000000E+00,0.000000E+00,2.219890E+01,2.112131E+01,2.389626E+01,5.518742E+01
16:00:00,3.250978E+03,1.755830E+03,1.155181E-01,1.736736E-01,0.000000E+00,0.000000E+00,0.000000E+00,0.000000E+00,0.000000E+00,0.000000E+00,0.000000E+00,0.000000E+00,2.219871E+01,2.186579E+01,2.389641E+01,5.393546E+01,1.634754E+03,1.110704E+03,5.808895E-02,1.098556E-01,0.000000E+00,0.000000E+00,0.000000E+00,0.000000E+00,0.000000E+00,0.000000E+00,0.000000E+00,0.000000E+00,2.219902E+01,2.228161E+01,2.389709E+01,5.201646E+01,3.791384E+03,2.434167E+03,1.347218E-01,2.407559E-01,0.000000E+00,0.000000E+00,0.000000E+00,0.000000E+00,0.000000E+00,0.000000E+00,0.000000E+00,0.000000E+00,2.219896E+01,2.229999E+01,2.389701E+01,5.202235E+01,1.403027E+03,1.044142E+03,4.985439E-02,1.032809E-01,0.000000E+00,0.000000E+00,0.000000E+00,0.000000E+00,0.000000E+00,0.000000E+00,0.000000E+00,0.000000E+00,2.219879E+01,2.185456E+01,2.389620E+01,5.287867E+01,3.193455E+03,2.444490E+03,1.134750E-01,2.417956E-01,0.000000E+00,0.000000E+00,0.000000E+00,0.000000E+00,0.000000E+00,0.000000E+00,0.000000E+00,0.000000E+00,2.219890E+01,2.112131E+01,2.389619E+01,5.522943E+01
16:15:00,3.250978E+03,1.726759E+03,1.155181E-01,1.707985E-01,0.000000E+00,0.000000E+00,0.000000E+00,0.000000E+00,0.000000E+00,0.000000E+00,0.000000E+00,0.000000E+00,2.219871E+01,2.186579E+01,2.389638E+01,5.393141E+01,1.634754E+03,1.084064E+03,5.808895E-02,1.072207E-01,0.000000E+00,0.000000E+00,0.000000E+00,0.000000E+00,0.000000E+00,0.000000E+00,0.000000E+00,0.000000E+00,2.219902E+01,2.228161E+01,2.389707E+01,5.206204E+01,3.791384E+03,2.369763E+03,1.347218E-01,2.343860E-01,0.000000E+00,0.000000E+00,0.000000E+00,0.000000E+00,0.000000E+00,0.000000E+00,0.000000E+00,0.000000E+00,2.219896E+01,2.229999E+01,2.389700E+01,5.207721E+01,1.403027E+03,1.042481E+03,4.985439E-02,1.031170E-01,0.000000E+00,0.000000E+00,0.000000E+00,0.000000E+00,0.000000E+00,0.000000E+00,0.000000E+00,0.000000E+00,2.219879E+01,2.185456E+01,2.389617E+01,5.283311E+01,3.193455E+03,2.391150E+03,1.134750E-01,2.365204E-01,0.000000E+00,0.000000E+00,0.000000E+00,0.000000E+00,0.000000E+00,0.000000E+00,0.000000E+00,0.000000E+00,2.219890E+01,2.112131E+01,2.389613E+01,5.523586E+01
16:30:00,3.250978E+03,1.690087E+03,1.155181E-01,1.671707E-01,0.000000E+00,0.000000E+00,0.000000E+00,0.000000E+00,0.000000E+00,0.000000E+00,0.000000E+00,0.000000E+00,2.219871E+01,2.186579E+01,2.389666E+01,5.404836E+01,1.634754E+03,1.053627E+03,5.808895E-02,1.042100E-01,0.000000E+00,0.000000E+00,0.000000E+00,0.000000E+00,0.000000E+00,0.000000E+00,0.000000E+00,0.000000E+00,2.219902E+01,2.228161E+01,2.389723E+01,5.219510E+01,3.791384E+03,2.297781E+03,1.347218E-01,2.272660E-01,0.000000E+00,0.000000E+00,0.000000E+00,0.000000E+00,0.000000E+00,0.000000E+00,0.000000E+00,0.000000E+00,2.219896E+01,2.229999E+01,2.389717E+01,5.221958E+01,1.403027E+03,1.036003E+03,4.985439E-02,1.024760E-01,0.000000E+00,0.000000E+00,0.000000E+00,0.000000E+00,0.000000E+00,0.000000E+00,0.000000E+00,0.000000E+00,2.219879E+01,2.185456E+01,2.389637E+01,5.288549E+01,3.193455E+03,2.330725E+03,1.134750E-01,2.305426E-01,0.000000E+00,0.000000E+00,0.000000E+00,0.000000E+00,0.000000E+00,0.000000E+00,0.000000E+00,0.000000E+00,2.219890E+01,2.112131E+01,2.389651E+01,5.538691E+01
16:45:00,3.250978E+03,1.645353E+03,1.155181E-01,1.627452E-01,0.000000E+00,0.000000E+00,0.000000E+00,0.000000E+00,0.000000E+00,0.000000E+00,0.000000E+00,0.000000E+00,2.219871E+01,2.186579E+01,2.389666E+01,5.421073E+01,1.634754E+03,1.020021E+03,5.808895E-02,1.008858E-01,0.000000E+00,0.000000E+00,0.000000E+00,0.000000E+00,0.000000E+00,0.000000E+00,0.000000E+00,0.000000E+00,2.219902E+01,2.228161E+01,2.389724E+01,5.236056E+01,3.791384E+03,2.219639E+03,1.347218E-01,2.195365E-01,0.000000E+00,0.000000E+00,0.000000E+00,0.000000E+00,0.000000E+00,0.000000E+00,0.000000E+00,0.000000E+00,2.219896E+01,2.229999E+01,2.389717E+01,5.239505E+01,1.403027E+03,1.023801E+03,4.985439E-02,1.012687E-01,0.000000E+00,0.000000E+00,0.000000E+00,0.000000E+00,0.000000E+00,0.000000E+00,0.000000E+00,0.000000E+00,2.219879E+01,2.185456E+01,2.389637E+01,5.296921E+01,3.193455E+03,2.262249E+03,1.134750E-01,2.237680E-01,0.000000E+00,0.000000E+00,0.000000E+00,0.000000E+00,0.000000E+00,0.000000E+00,0.000000E+00,0.000000E+00,2.219890E+01,2.112131E+01,2.389650E+01,5.559122E+01
17:00:00,3.250978E+03,1.592168E+03,1.155181E-01,1.574836E-01,0.000000E+00,0.000000E+00,0.000000E+00,0.000000E+00,0.000000E+00,0.000000E+00,0.000000E+00,0.000000E+00,2.219871E+01,2.186579E+01,2.389662E+01,5.436010E+01,1.634754E+03,9.831934E+02,5.808895E-02,9.724311E-02,0.000000E+00,0.000000E+00,0.000000E+00,0.000000E+00,0.000000E+00,0.000000E+00,0.000000E+00,0.000000E+00,2.219902E+01,2.228161E+01,2.389721E+01,5.251106E+01,3.791384E+03,2.135137E+03,1.347218E-01,2.111780E-01,0.000000E+00,0.000000E+00,0.000000E+00,0.000000E+00,0.000000E+00,0.000000E+00,0.000000E+00,0.000000E+00,2.219896E+01,2.229999E+01,2.389714E+01,5.255519E+01,1.403027E+03,1.005100E+03,4.985439E-02,9.941861E-02,0.000000E+00,0.000000E+00,0.000000E+00,0.000000E+00,0.000000E+00,0.000000E+00,0.000000E+00,0.000000E+00,2.219879E+01,2.185456E+01,2.389633E+01,5.304714E+01,3.193455E+03,2.184979E+03,1.134750E-01,2.161235E-01,0.000000E+00,0.000000E+00,0.000000E+00,0.000000E+00,0.000000E+00,0.000000E+00,0.000000E+00,0.000000E+00,2.219890E+01,2.112131E+01,2.389643E+01,5.577041E+01
17:15:00,3.250978E+03,1.570155E+03,1.155181E-01,1.553054E-01,0.000000E+00,0.000000E+00,0.000000E+00,0.000000E+00,0.000000E+00,0.000000E+00,0.000000E+00,0.000000E+00,2.219871E+01,2.186579E+01,2.389660E+01,5.448929E+01,1.634754E+03,9.600354E+02,5.808895E-02,9.495238E-02,0.000000E+00,0.000000E+00,0.000000E+00,0.000000E+00,0.000000E+00,0.000000E+00,0.000000E+00,0.000000E+00,2.219902E+01,2.228161E+01,2.389718E+01,5.264112E+01,3.791384E+03,2.083212E+03,1.347218E-01,2.060417E-01,0.000000E+00,0.000000E+00,0.000000E+00,0.000000E+00,0.000000E+00,0.000000E+00,0.000000E+00,0.000000E+00,2.219896E+01,2.229999E+01,2.389711E+01,5.269333E+01,1.403027E+03,9.962264E+02,4.985439E-02,9.854047E-02,0.000000E+00,0.000000E+00,0.000000E+00,0.000000E+00,0.000000E+00,0.000000E+00,0.000000E+00,0.000000E+00,2.219879E+01,2.185456E+01,2.389632E+01,5.312327E+01,3.193455E+03,2.170474E+03,1.134750E-01,2.146874E-01,0.000000E+00,0.000000E+00,0.000000E+00,0.000000E+00,0.000000E+00,0.000000E+00,0.000000E+00,0.000000E+00,2.219890E+01,2.112131E+01,2.389638E+01,5.590920E+01
17:30:00,3.250978E+03,1.540648E+03,1.155181E-01,1.523871E-01,0.000000E+00,0.000000E+00,0.000000E+00,0.000000E+00,0.000000E+00,0.000000E+00,0.000000E+00,0.000000E+00,2.219871E+01,2.186579E+01,2.389660E+01,5.461385E+01,1.634754E+03,9.348686E+02,5.808895E-02,9.246336E-02,0.000000E+00,0.000000E+00,0.000000E+00,0.000000E+00,0.000000E+00,0.000000E+00,0.000000E+00,0.000000E+00,2.219902E+01,2.228161E+01,2.389718E+01,5.276738E+01,3.791384E+03,2.027447E+03,1.347218E-01,2.005265E-01,0.000000E+00,0.000000E+00,0.000000E+00,0.000000E+00,0.000000E+00,0.000000E+00,0.000000E+00,0.000000E+00,2.219896E+01,2.229999E+01,2.389711E+01,5.282570E+01,1.403027E+03,9.785328E+02,4.985439E-02,9.679041E-02,0.000000E+00,0.000000E+00,0.000000E+00,0.000000E+00,0.000000E+00,0.000000E+00,0.000000E+00,0.000000E+00,2.219879E+01,2.185456E+01,2.389634E+01,5.321594E+01,3.193455E+03,2.145723E+03,1.134750E-01,2.122400E-01,0.000000E+00,0.000000E+00,0.000000E+00,0.000000E+00,0.000000E+00,0.000000E+00,0.000000E+00,0.000000E+00,2.219890E+01,2.112131E+01,2.389636E+01,5.602567E+01
17:45:00,3.250978E+03,1.501689E+03,1.155181E-01,1.485338E-01,0.000000E+00,0.000000E+00,0.000000E+00,0.000000E+00,0.000000E+00,0.000000E+00,0.000000E+00,0.000000E+00,2.219871E+01,2.186579E+01,2.389663E+01,5.475154E+01,1.634754E+03,9.061123E+02,5.808895E-02,8.961930E-02,0.000000E+00,0.000000E+00,0.000000E+00,0.000000E+00,0.000000E+00,0.000000E+00,0.000000E+00,0.000000E+00,2.219902E+01,2.228161E+01,2.389721E+01,5.290755E+01,3.791384E+03,1.964177E+03,1.347218E-01,1.942689E-01,0.000000E+00,0.000000E+00,0.000000E+00,0.000000E+00,0.000000E+00,0.000000E+00,0.000000E+00,0.000000E+00,2.219896E+01,2.229999E+01,2.389713E+01,5.297017E+01,1.403027E+03,9.501875E+02,4.985439E-02,9.398661E-02,0.000000E+00,0.000000E+00,0.000000E+00,0.000000E+00,0.000000E+00,0.000000E+00,0.000000E+00,0.000000E+00,2.219879E+01,2.185456E+01,2.389640E+01,5.334382E+01,3.193455E+03,2.108836E+03,1.134750E-01,2.085921E-01,0.000000E+00,0.000000E+00,0.000000E+00,0.000000E+00,0.000000E+00,0.000000E+00,0.000000E+00,0.000000E+00,2.219890E+01,2.112131E+01,2.389637E+01,5.614450E+01
18:00:00,3.250978E+03,1.457963E+03,1.155181E-01,1.442085E-01,0.000000E+00,0.000000E+00,0.000000E+00,0.000000E+00,0.000000E+00,0.000000E+00,0.000000E+00,0.000000E+00,2.219871E+01,2.186579E+01,2.389669E+01,5.492094E+01,1.634754E+03,8.727245E+02,5.808895E-02,8.631700E-02,0.000000E+00,0.000000E+00,0.000000E+00,0.000000E+00,0.000000E+00,0.000000E+00,0.000000E+00,0.000000E+00,2.219902E+01,2.228161E+01,2.389724E+01,5.307476E+01,3.791384E+03,1.891137E+03,1.347218E-01,1.870447E-01,0.000000E+00,0.000000E+00,0.000000E+00,0.000000E+00,0.000000E+00,0.000000E+00,0.000000E+00,0.000000E+00,2.219896E+01,2.229999E+01,2.389716E+01,5.314024E+01,1.403027E+03,9.108582E+02,4.985439E-02,9.009606E-02,0.000000E+00,0.000000E+00,0.000000E+00,0.000000E+00,0.000000E+00,0.000000E+00,0.000000E+00,0.000000E+00,2.219879E+01,2.185456E+01,2.389650E+01,5.352707E+01,3.193455E+03,2.063672E+03,1.134750E-01,2.041248E-01,0.000000E+00,0.000000E+00,0.000000E+00,0.000000E+00,0.000000E+00,0.000000E+00,0.000000E+00,0.000000E+00,2.219890E+01,2.112131E+01,2.389642E+01,5.628774E+01
18:15:00,3.250978E+03,1.298481E+03,1.155181E-01,1.284337E-01,0.000000E+00,0.000000E+00,0.000000E+00,0.000000E+00,0.000000E+00,0.000000E+00,0.000000E+00,0.000000E+00,2.219871E+01,2.186579E+01,2.389672E+01,5.511435E+01,1.634754E+03,7.739792E+02,5.808895E-02,7.655042E-02,0.000000E+00,0.000000E+00,0.000000E+00,0.000000E+00,0.000000E+00,0.000000E+00,0.000000E+00,0.000000E+00,2.219902E+01,2.228161E+01,2.389729E+01,5.328013E+01,3.791384E+03,1.672884E+03,1.347218E-01,1.654579E-01,0.000000E+00,0.000000E+00,0.000000E+00,0.000000E+00,0.000000E+00,0.000000E+00,0.000000E+00,0.000000E+00,2.219896E+01,2.229999E+01,2.389721E+01,5.334709E+01,1.403027E+03,8.085774E+02,4.985439E-02,7.997865E-02,0.000000E+00,0.000000E+00,0.000000E+00,0.000000E+00,0.000000E+00,0.000000E+00,0.000000E+00,0.000000E+00,2.219879E+01,2.185456E+01,2.389661E+01,5.377611E+01,3.193455E+03,1.816737E+03,1.134750E-01,1.796994E-01,0.000000E+00,0.000000E+00,0.000000E+00,0.000000E+00,0.000000E+00,0.000000E+00,0.000000E+00,0.000000E+00,2.219890E+01,2.112131E+01,2.389646E+01,5.645686E+01
18:30:00,3.250978E+03,1.131368E+03,1.155181E-01,1.119020E-01,0.000000E+00,0.000000E+00,0.000000E+00,0.000000E+00,0.000000E+00,0.000000E+00,0.000000E+00,0.000000E+00,2.219871E+01,2.186579E+01,2.389775E+01,5.504856E+01,1.634754E+03,6.669775E+02,5.808895E-02,6.596631E-02,0.000000E+00,0.000000E+00,0.000000E+00,0.000000E+00,0.000000E+00,0.000000E+00,0.000000E+00,0.000000E+00,2.219902E+01,2.228161E+01,2.389811E+01,5.318186E+01,3.791384E+03,1.437937E+03,1.347218E-01,1.422178E-01,0.000000E+00,0.000000E+00,0.000000E+00,0.000000E+00,0.000000E+00,0.000000E+00,0.000000E+00,0.000000E+00,2.219896E+01,2.229999E+01,2.389808E+01,5.327362E+01,1.403027E+03,6.980875E+02,4.985439E-02,6.904820E-02,0.000000E+00,0.000000E+00,0.000000E+00,0.000000E+00,0.000000E+00,0.000000E+00,0.000000E+00,0.000000E+00,2.219879E+01,2.185456E+01,2.389753E+01,5.376294E+01,3.193455E+03,1.564468E+03,1.134750E-01,1.547426E-01,0.000000E+00,0.000000E+00,0.000000E+00,0.000000E+00,0.000000E+00,0.000000E+00,0.000000E+00,0.000000E+00,2.219890E+01,2.112131E+01,2.389782E+01,5.641819E+01
18:45:00,3.250978E+03,9.649031E+02,1.155181E-01,9.543414E-02,0.000000E+00,0.000000E+00,0.000000E+00,0.000000E+00,0.000000E+00,0.000000E+00,0.000000E+00,0.000000E+00,2.219871E+01,2.186579E+01,2.389801E+01,5.493750E+01,1.634754E+03,5.575848E+02,5.808895E-02,5.514553E-02,0.000000E+00,0.000000E+00,0.000000E+00,0.000000E+00,0.000000E+00,0.000000E+00,0.000000E+00,0.000000E+00,2.219902E+01,2.228161E+01,2.389840E+01,5.305543E+01,3.791384E+03,1.199076E+03,1.347218E-01,1.185902E-01,0.000000E+00,0.000000E+00,0.000000E+00,0.000000E+00,0.000000E+00,0.000000E+00,0.000000E+00,0.000000E+00,2.219896E+01,2.229999E+01,2.389837E+01,5.317041E+01,1.403027E+03,5.898117E+02,4.985439E-02,5.833659E-02,0.000000E+00,0.000000E+00,0.000000E+00,0.000000E+00,0.000000E+00,0.000000E+00,0.000000E+00,0.000000E+00,2.219879E+01,2.185456E+01,2.389788E+01,5.374042E+01,3.193455E+03,1.313274E+03,1.134750E-01,1.298919E-01,0.000000E+00,0.000000E+00,0.000000E+00,0.000000E+00,0.000000E+00,0.000000E+00,0.000000E+00,0.000000E+00,2.219890E+01,2.112131E+01,2.389802E+01,5.631553E+01
19:00:00,3.250978E+03,7.969797E+02,1.155181E-01,7.882212E-02,0.000000E+00,0.000000E+00,0.000000E+00,0.000000E+00,0.000000E+00,0.000000E+00,0.000000E+00,0.000000E+00,2.219871E+01,2.186579E+01,2.389817E+01,5.491036E+01,1.634754E+03,4.493363E+02,5.808895E-02,4.443794E-02,0.000000E+00,0.000000E+00,0.000000E+00,0.000000E+00,0.000000E+00,0.000000E+00,0.000000E+00,0.000000E+00,2.219902E+01,2.228161E+01,2.389860E+01,5.306364E+01,3.791384E+03,9.635744E+02,1.347218E-01,9.529489E-02,0.000000E+00,0.000000E+00,0.000000E+00,0.000000E+00,0.000000E+00,0.000000E+00,0.000000E+00,0.000000E+00,2.219896E+01,2.229999E+01,2.389856E+01,5.318648E+01,1.403027E+03,4.857165E+02,4.985439E-02,4.803866E-02,0.000000E+00,0.000000E+00,0.000000E+00,0.000000E+00,0.000000E+00,0.000000E+00,0.000000E+00,0.000000E+00,2.219879E+01,2.185456E+01,2.389806E+01,5.381582E+01,3.193455E+03,1.063091E+03,1.134750E-01,1.051413E-01,0.000000E+00,0.000000E+00,0.000000E+00,0.000000E+00,0.000000E+00,0.000000E+00,0.000000E+00,0.000000E+00,2.219890E+01,2.112131E+01,2.389814E+01,5.625594E+01
19:15:00,3.250978E+03,6.492390E+02,1.155181E-01,6.420790E-02,0.000000E+00,0.000000E+00,0.000000E+00,0.000000E+00,0.000000E+00,0.000000E+00,0.000000E+00,0.000000E+00,2.219871E+01,2.186579E+01,2.389830E+01,5.499031E+01,1.634754E+03,3.627563E+02,5.808895E-02,3.587415E-02,0.000000E+00,0.000000E+00,0.000000E+00,0.000000E+00,0.000000E+00,0.000000E+00,0.000000E+00,0.000000E+00,2.219902E+01,2.228161E+01,2.389872E+01,5.322034E+01,3.791384E+03,7.783077E+02,1.347218E-01,7.696964E-02,0.000000E+00,0.000000E+00,0.000000E+00,0.000000E+00,0.000000E+00,0.000000E+00,0.000000E+00,0.000000E+00,2.219896E+01,2.229999E+01,2.389868E+01,5.333727E+01,1.403027E+03,3.969436E+02,4.985439E-02,3.925719E-02,0.000000E+00,0.000000E+00,0.000000E+00,0.000000E+00,0.000000E+00,0.000000E+00,0.000000E+00,0.000000E+00,2.219879E+01,2.185456E+01,2.389821E+01,5.399395E+01,3.193455E+03,8.539157E+02,1.134750E-01,8.444981E-02,0.000000E+00,0.000000E+00,0.000000E+00,0.000000E+00,0.000000E+00,0.000000E+00,0.000000E+00,0.000000E+00,2.219890E+01,2.112131E+01,2.389824E+01,5.627270E+01
19:30:00,3.250978E+03,5.009202E+02,1.155181E-01,4.953837E-02,0.000000E+00,0.000000E+00,0.000000E+00,0.000000E+00,0.000000E+00,0.000000E+00,0.000000E+00,0.000000E+00,2.219871E+01,2.186579E+01,2.389926E+01,5.474686E+01,1.634754E+03,2.797894E+02,5.808895E-02,2.766862E-02,0.000000E+00,0.000000E+00,0.000000E+00,0.000000E+00,0.000000E+00,0.000000E+00,0.000000E+00,0.000000E+00,2.219902E+01,2.228161E+01,2.389936E+01,5.292054E+01,3.791384E+03,6.010749E+02,1.347218E-01,5.944103E-02,0.000000E+00,0.000000E+00,0.000000E+00,0.000000E+00,0.000000E+00,0.000000E+00,0.000000E+00,0.000000E+00,2.219896E+01,2.229999E+01,2.389935E+01,5.305476E+01,1.403027E+03,3.115599E+02,4.985439E-02,3.081197E-02,0.000000E+00,0.000000E+00,0.000000E+00,0.000000E+00,0.000000E+00,0.000000E+00,0.000000E+00,0.000000E+00,2.219879E+01,2.185456E+01,2.389906E+01,5.380922E+01,3.193455E+03,6.420760E+02,1.134750E-01,6.349810E-02,0.000000E+00,0.000000E+00,0.000000E+00,0.000000E+00,0.000000E+00,0.000000E+00,0.000000E+00,0.000000E+00,2.219890E+01,2.112131E+01,2.389942E+01,5.597581E+01
19:45:00,3.250978E+03,3.510467E+02,1.155181E-01,3.471570E-02,0.000000E+00,0.000000E+00,0.000000E+00,0.000000E+00,0.000000E+00,0.000000E+00,0.000000E+00,0.000000E+00,2.219871E+01,2.186579E+01,2.389948E+01,5.439883E+01,1.634754E+03,1.982486E+02,5.808895E-02,1.960452E-02,0.000000E+00,0.000000E+00,0.000000E+00,0.000000E+00,0.000000E+00,0.000000E+00,0.000000E+00,0.000000E+00,2.219902E+01,2.228161E+01,2.389957E+01,5.243843E+01,3.791384E+03,4.267924E+02,1.347218E-01,4.220502E-02,0.000000E+00,0.000000E+00,0.000000E+00,0.000000E+00,0.000000E+00,0.000000E+00,0.000000E+00,0.000000E+00,2.219896E+01,2.229999E+01,2.389955E+01,5.259547E+01,1.403027E+03,2.253997E+02,4.985439E-02,2.229044E-02,0.000000E+00,0.000000E+00,0.000000E+00,0.000000E+00,0.000000E+00,0.000000E+00,0.000000E+00,0.000000E+00,2.219879E+01,2.185456E+01,2.389933E+01,5.352975E+01,3.193455E+03,4.282778E+02,1.134750E-01,4.235340E-02,0.000000E+00,0.000000E+00,0.000000E+00,0.000000E+00,0.000000E+00,0.000000E+00,0.000000E+00,0.000000E+00,2.219890E+01,2.112131E+01,2.389959E+01,5.554969E+01
20:00:00,3.250978E+03,2.011736E+02,1.155181E-01,1.989350E-02,0.000000E+00,0.000000E+00,0.000000E+00,0.000000E+00,0.000000E+00,0.000000E+00,0.000000E+00,0.000000E+00,2.219871E+01,2.186579E+01,2.389963E+01,5.411165E+01,1.634754E+03,1.177869E+02,5.808895E-02,1.164739E-02,0.000000E+00,0.000000E+00,0.000000E+00,0.000000E+00,0.000000E+00,0.000000E+00,0.000000E+00,0.000000E+00,2.219902E+01,2.228161E+01,2.389972E+01,5.201603E+01,3.791384E+03,2.547420E+02,1.347218E-01,2.519028E-02,0.000000E+00,0.000000E+00,0.000000E+00,0.000000E+00,0.000000E+00,0.000000E+00,0.000000E+00,0.000000E+00,2.219896E+01,2.229999E+01,2.389971E+01,5.218758E+01,1.403027E+03,1.404067E+02,4.985439E-02,1.388462E-02,0.000000E+00,0.000000E+00,0.000000E+00,0.000000E+00,0.000000E+00,0.000000E+00,0.000000E+00,0.000000E+00,2.219879E+01,2.185456E+01,2.389953E+01,5.333777E+01,3.193455E+03,2.135405E+02,1.134750E-01,2.111629E-02,0.000000E+00,0.000000E+00,0.000000E+00,0.000000E+00,0.000000E+00,0.000000E+00,0.000000E+00,0.000000E+00,2.219890E+01,2.112131E+01,2.389971E+01,5.515245E+01
20:15:00,3.250978E+03,1.263441E+02,1.155181E-01,1.249330E-02,0.000000E+00,0.000000E+00,0.000000E+00,0.000000E+00,0.000000E+00,0.000000E+00,0.000000E+00,0.000000E+00,2.219871E+01,2.186579E+01,2.389976E+01,5.392925E+01,1.634754E+03,7.223201E+01,5.808895E-02,7.142461E-03,0.000000E+00,0.000000E+00,0.000000E+00,0.000000E+00,0.000000E+00,0.000000E+00,0.000000E+00,0.000000E+00,2.219902E+01,2.228161E+01,2.389983E+01,5.173082E+01,3.791384E+03,1.577186E+02,1.347218E-01,1.559558E-02,0.000000E+00,0.000000E+00,0.000000E+00,0.000000E+00,0.000000E+00,0.000000E+00,0.000000E+00,0.000000E+00,2.219896E+01,2.229999E+01,2.389982E+01,5.190629E+01,1.403027E+03,8.820391E+01,4.985439E-02,8.722019E-03,0.000000E+00,0.000000E+00,0.000000E+00,0.000000E+00,0.000000E+00,0.000000E+00,0.000000E+00,0.000000E+00,2.219879E+01,2.185456E+01,2.389968E+01,5.326564E+01,3.193455E+03,1.353903E+02,1.134750E-01,1.338764E-02,0.000000E+00,0.000000E+00,0.000000E+00,0.000000E+00,0.000000E+00,0.000000E+00,0.000000E+00,0.000000E+00,2.219890E+01,2.112131E+01,2.389980E+01,5.484084E+01
20:30:00,3.250978E+03,7.014485E+01,1.155181E-01,6.936052E-03,0.000000E+00,0.000000E+00,0.000000E+00,0.000000E+00,0.000000E+00,0.000000E+00,0.000000E+00,0.000000E+00,2.219871E+01,2.186579E+01,2.376227E+01,5.435769E+01,1.634754E+03,3.891878E+01,5.808895E-02,3.848327E-03,0.000000E+00,0.000000E+00,0.000000E+00,0.000000E+00,0.000000E+00,0.000000E+00,0.000000E+00,0.000000E+00,2.219902E+01,2.228161E+01,2.379293E+01,5.195926E+01,3.791384E+03,8.603115E+01,1.347218E-01,8.506857E-03,0.000000E+00,0.000000E+00,0.000000E+00,0.000000E+00,0.000000E+00,0.000000E+00,0.000000E+00,0.000000E+00,2.219896E+01,2.229999E+01,2.378603E+01,5.215733E+01,1.403027E+03,4.899549E+01,4.985439E-02,4.844828E-03,0.000000E+00,0.000000E+00,0.000000E+00,0.000000E+00,0.000000E+00,0.000000E+00,0.000000E+00,0.000000E+00,2.219879E+01,2.185456E+01,2.381222E+01,5.367206E+01,3.193455E+03,7.565846E+01,1.134750E-01,7.481176E-03,0.000000E+00,0.000000E+00,0.000000E+00,0.000000E+00,0.000000E+00,0.000000E+00,0.000000E+00,0.000000E+00,2.219890E+01,2.112131E+01,2.370882E+01,5.529775E+01
20:45:00,3.250978E+03,2.878988E+01,1.155181E-01,2.846770E-03,0.000000E+00,0.000000E+00,0.000000E+00,0.000000E+00,0.000000E+00,0.000000E+00,0.000000E+00,0.000000E+00,2.219871E+01,2.186579E+01,2.364362E+01,5.480024E+01,1.634754E+03,1.540062E+01,5.808895E-02,1.522814E-03,0.000000E+00,0.000000E+00,0.000000E+00,0.000000E+00,0.000000E+00,0.000000E+00,0.000000E+00,0.000000E+00,2.219902E+01,2.228161E+01,2.370662E+01,5.221496E+01,3.791384E+03,3.458832E+01,1.347218E-01,3.420100E-03,0.000000E+00,0.000000E+00,0.000000E+00,0.000000E+00,0.000000E+00,0.000000E+00,0.000000E+00,0.000000E+00,2.219896E+01,2.229999E+01,2.369346E+01,5.243301E+01,1.403027E+03,2.017753E+01,4.985439E-02,1.995193E-03,0.000000E+00,0.000000E+00,0.000000E+00,0.000000E+00,0.000000E+00,0.000000E+00,0.000000E+00,0.000000E+00,2.219879E+01,2.185456E+01,2.372368E+01,5.414992E+01,3.193455E+03,3.140882E+01,1.134750E-01,3.105709E-03,0.000000E+00,0.000000E+00,0.000000E+00,0.000000E+00,0.000000E+00,0.000000E+00,0.000000E+00,0.000000E+00,2.219890E+01,2.112131E+01,2.354242E+01,5.575562E+01
21:00:00,3.250978E+03,0.000000E+00,1.155181E-01,0.000000E+00,0.000000E+00,0.000000E+00,0.000000E+00,0.000000E+00,0.000000E+00,0.000000E+00,0.000000E+00,0.000000E+00,2.219871E+01,2.186579E+01,2.354553E+01,5.518719E+01,1.634754E+03,0.000000E+00,5.808895E-02,0.000000E+00,0.000000E+00,0.000000E+00,0.000000E+00,0.000000E+00,0.000000E+00,0.000000E+00,0.000000E+00,0.000000E+00,2.219902E+01,2.228161E+01,2.362714E+01,5.247527E+01,3.791384E+03,0.000000E+00,1.347218E-01,0.000000E+00,0.000000E+00,0.000000E+00,0.000000E+00,0.000000E+00,0.000000E+00,0.000000E+00,0.000000E+00,0.000000E+00,2.219896E+01,2.229999E+01,2.361122E+01,5.270266E+01,1.403027E+03,0.000000E+00,4.985439E-02,0.000000E+00,0.000000E+00,0.000000E+00,0.000000E+00,0.000000E+00,0.000000E+00,0.000000E+00,0.000000E+00,0.000000E+00,2.219879E+01,2.185456E+01,2.362154E+01,5.465512E+01,3.193455E+03,0.000000E+00,1.134750E-01,0.000000E+00,0.000000E+00,0.000000E+00,0.000000E+00,0.000000E+00,0.000000E+00,0.000000E+00,0.000000E+00,0.000000E+00,2.219890E+01,2.112131E+01,2.343155E+01,5.606346E+01
21:15:00,3.250978E+03,0.000000E+00,1.155181E-01,0.000000E+00,0.000000E+00,0.000000E+00,0.000000E+00,0.000000E+00,0.000000E+00,0.000000E+00,0.000000E+00,0.000000E+00,2.219871E+01,2.186579E+01,2.344890E+01,5.556025E+01,1.634754E+03,0.000000E+00,5.808895E-02,0.000000E+00,0.000000E+00,0.000000E+00,0.000000E+00,0.000000E+00,0.000000E+00,0.000000E+00,0.000000E+00,0.000000E+00,2.219902E+01,2.228161E+01,2.353926E+01,5.276292E+01,3.791384E+03,0.000000E+00,1.347218E-01,0.000000E+00,0.000000E+00,0.000000E+00,0.000000E+00,0.000000E+00,0.000000E+00,0.000000E+00,0.000000E+00,0.000000E+00,2.219896E+01,2.229999E+01,2.352175E+01,5.299649E+01,1.403027E+03,0.000000E+00,4.985439E-02,0.000000E+00,0.000000E+00,0.000000E+00,0.000000E+00,0.000000E+00,0.000000E+00,0.000000E+00,0.000000E+00,0.000000E+00,2.219879E+01,2.185456E+01,2.350739E+01,5.516135E+01,3.193455E+03,0.000000E+00,1.134750E-01,0.000000E+00,0.000000E+00,0.000000E+00,0.000000E+00,0.000000E+00,0.000000E+00,0.000000E+00,0.000000E+00,0.000000E+00,2.219890E+01,2.112131E+01,2.334707E+01,5.629820E+01
21:30:00,3.250978E+03,0.000000E+00,1.155181E-01,0.000000E+00,0.000000E+00,0.000000E+00,0.000000E+00,0.000000E+00,0.000000E+00,0.000000E+00,0.000000E+00,0.000000E+00,2.219871E+01,2.186579E+01,2.332005E+01,5.603218E+01,1.634754E+03,0.000000E+00,5.808895E-02,0.000000E+00,0.000000E+00,0.000000E+00,0.000000E+00,0.000000E+00,0.000000E+00,0.000000E+00,0.000000E+00,0.000000E+00,2.219902E+01,2.228161E+01,2.341953E+01,5.314925E+01,3.791384E+03,0.000000E+00,1.347218E-01,0.000000E+00,0.000000E+00,0.000000E+00,0.000000E+00,0.000000E+00,0.000000E+00,0.000000E+00,0.000000E+00,0.000000E+00,2.219896E+01,2.229999E+01,2.339870E+01,5.339526E+01,1.403027E+03,0.000000E+00,4.985439E-02,0.000000E+00,0.000000E+00,0.000000E+00,0.000000E+00,0.000000E+00,0.000000E+00,0.000000E+00,0.000000E+00,0.000000E+00,2.219879E+01,2.185456E+01,2.336041E+01,5.574601E+01,3.193455E+03,0.000000E+00,1.134750E-01,0.000000E+00,0.000000E+00,0.000000E+00,0.000000E+00,0.000000E+00,0.000000E+00,0.000000E+00,0.000000E+00,0.000000E+00,2.219890E+01,2.112131E+01,2.324059E+01,5.661865E+01
21:45:00,3.250978E+03,0.000000E+00,1.155181E-01,0.000000E+00,0.000000E+00,0.000000E+00,0.000000E+00,0.000000E+00,0.000000E+00,0.000000E+00,0.000000E+00,0.000000E+00,2.219871E+01,2.186579E+01,2.313866E+01,5.667929E+01,1.634754E+03,0.000000E+00,5.808895E-02,0.000000E+00,0.000000E+00,0.000000E+00,0.000000E+00,0.000000E+00,0.000000E+00,0.000000E+00,0.000000E+00,0.000000E+00,2.219902E+01,2.228161E+01,2.325694E+01,5.367447E+01,3.791384E+03,0.000000E+00,1.347218E-01,0.000000E+00,0.000000E+00,0.000000E+00,0.000000E+00,0.000000E+00,0.000000E+00,0.000000E+00,0.000000E+00,0.000000E+00,2.219896E+01,2.229999E+01,2.322830E+01,5.394842E+01,1.403027E+03,0.000000E+00,4.985439E-02,0.000000E+00,0.000000E+00,0.000000E+00,0.000000E+00,0.000000E+00,0.000000E+00,0.000000E+00,0.000000E+00,0.000000E+00,2.219879E+01,2.185456E+01,2.317022E+01,5.645927E+01,3.193455E+03,0.000000E+00,1.134750E-01,0.000000E+00,0.000000E+00,0.000000E+00,0.000000E+00,0.000000E+00,0.000000E+00,0.000000E+00,0.000000E+00,0.000000E+00,2.219890E+01,2.112131E+01,2.307057E+01,5.716844E+01
22:00:00,3.250978E+03,0.000000E+00,1.155181E-01,0.000000E+00,0.000000E+00,0.000000E+00,0.000000E+00,0.000000E+00,0.000000E+00,0.000000E+00,0.000000E+00,0.000000E+00,2.219871E+01,2.186579E+01,2.296750E+01,5.729312E+01,1.634754E+03,0.000000E+00,5.808895E-02,0.000000E+00,0.000000E+00,0.000000E+00,0.000000E+00,0.000000E+00,0.000000E+00,0.000000E+00,0.000000E+00,0.000000E+00,2.219902E+01,2.228161E+01,2.310876E+01,5.415721E+01,3.791384E+03,0.000000E+00,1.347218E-01,0.000000E+00,0.000000E+00,0.000000E+00,0.000000E+00,0.000000E+00,0.000000E+00,0.000000E+00,0.000000E+00,0.000000E+00,2.219896E+01,2.229999E+01,2.307142E+01,5.446243E+01,1.403027E+03,0.000000E+00,4.985439E-02,0.000000E+00,0.000000E+00,0.000000E+00,0.000000E+00,0.000000E+00,0.000000E+00,0.000000E+00,0.000000E+00,0.000000E+00,2.219879E+01,2.185456E+01,2.299599E+01,5.711027E+01,3.193455E+03,0.000000E+00,1.134750E-01,0.000000E+00,0.000000E+00,0.000000E+00,0.000000E+00,0.000000E+00,0.000000E+00,0.000000E+00,0.000000E+00,0.000000E+00,2.219890E+01,2.112131E+01,2.289969E+01,5.773449E+01
22:15:00,3.250978E+03,0.000000E+00,1.155181E-01,0.000000E+00,0.000000E+00,0.000000E+00,0.000000E+00,0.000000E+00,0.000000E+00,0.000000E+00,0.000000E+00,0.000000E+00,2.219871E+01,2.186579E+01,2.282677E+01,5.780311E+01,1.634754E+03,0.000000E+00,5.808895E-02,0.000000E+00,0.000000E+00,0.000000E+00,0.000000E+00,0.000000E+00,0.000000E+00,0.000000E+00,0.000000E+00,0.000000E+00,2.219902E+01,2.228161E+01,2.298464E+01,5.456520E+01,3.791384E+03,0.000000E+00,1.347218E-01,0.000000E+00,0.000000E+00,0.000000E+00,0.000000E+00,0.000000E+00,0.000000E+00,0.000000E+00,0.000000E+00,0.000000E+00,2.219896E+01,2.229999E+01,2.294142E+01,5.489241E+01,1.403027E+03,0.000000E+00,4.985439E-02,0.000000E+00,0.000000E+00,0.000000E+00,0.000000E+00,0.000000E+00,0.000000E+00,0.000000E+00,0.000000E+00,0.000000E+00,2.219879E+01,2.185456E+01,2.285183E+01,5.765218E+01,3.193455E+03,0.000000E+00,1.134750E-01,0.000000E+00,0.000000E+00,0.000000E+00,0.000000E+00,0.000000E+00,0.000000E+00,0.000000E+00,0.000000E+00,0.000000E+00,2.219890E+01,2.112131E+01,2.275921E+01,5.820547E+01
22:30:00,3.250978E+03,0.000000E+00,1.155181E-01,0.000000E+00,0.000000E+00,0.000000E+00,0.000000E+00,0.000000E+00,0.000000E+00,0.000000E+00,0.000000E+00,0.000000E+00,2.219871E+01,2.186579E+01,2.270930E+01,5.823224E+01,1.634754E+03,0.000000E+00,5.808895E-02,0.000000E+00,0.000000E+00,0.000000E+00,0.000000E+00,0.000000E+00,0.000000E+00,0.000000E+00,0.000000E+00,0.000000E+00,2.219902E+01,2.228161E+01,2.287370E+01,5.493294E+01,3.791384E+03,0.000000E+00,1.347218E-01,0.000000E+00,0.000000E+00,0.000000E+00,0.000000E+00,0.000000E+00,0.000000E+00,0.000000E+00,0.000000E+00,0.000000E+00,2.219896E+01,2.229999E+01,2.282777E+01,5.527153E+01,1.403027E+03,0.000000E+00,4.985439E-02,0.000000E+00,0.000000E+00,0.000000E+00,0.000000E+00,0.000000E+00,0.000000E+00,0.000000E+00,0.000000E+00,0.000000E+00,2.219879E+01,2.185456E+01,2.272889E+01,5.811570E+01,3.193455E+03,0.000000E+00,1.134750E-01,0.000000E+00,0.000000E+00,0.000000E+00,0.000000E+00,0.000000E+00,0.000000E+00,0.000000E+00,0.000000E+00,0.000000E+00,2.219890E+01,2.112131E+01,2.264659E+01,5.858651E+01
22:45:00,3.250978E+03,0.000000E+00,1.155181E-01,0.000000E+00,0.000000E+00,0.000000E+00,0.000000E+00,0.000000E+00,0.000000E+00,0.000000E+00,0.000000E+00,0.000000E+00,2.219871E+01,2.186579E+01,2.260465E+01,5.861627E+01,1.634754E+03,0.000000E+00,5.808895E-02,0.000000E+00,0.000000E+00,0.000000E+00,0.000000E+00,0.000000E+00,0.000000E+00,0.000000E+00,0.000000E+00,0.000000E+00,2.219902E+01,2.228161E+01,2.276843E+01,5.528455E+01,3.791384E+03,0.000000E+00,1.347218E-01,0.000000E+00,0.000000E+00,0.000000E+00,0.000000E+00,0.000000E+00,0.000000E+00,0.000000E+00,0.000000E+00,0.000000E+00,2.219896E+01,2.229999E+01,2.272137E+01,5.562922E+01,1.403027E+03,0.000000E+00,4.985439E-02,0.000000E+00,0.000000E+00,0.000000E+00,0.000000E+00,0.000000E+00,0.000000E+00,0.000000E+00,0.000000E+00,0.000000E+00,2.219879E+01,2.185456E+01,2.261831E+01,5.853212E+01,3.193455E+03,0.000000E+00,1.134750E-01,0.000000E+00,0.000000E+00,0.000000E+00,0.000000E+00,0.000000E+00,0.000000E+00,0.000000E+00,0.000000E+00,0.000000E+00,2.219890E+01,2.112131E+01,2.255026E+01,5.891587E+01
23:00:00,3.250978E+03,0.000000E+00,1.155181E-01,0.000000E+00,0.000000E+00,0.000000E+00,0.000000E+00,0.000000E+00,0.000000E+00,0.000000E+00,0.000000E+00,0.000000E+00,2.219871E+01,2.186579E+01,2.250759E+01,5.897337E+01,1.634754E+03,0.000000E+00,5.808895E-02,0.000000E+00,0.000000E+00,0.000000E+00,0.000000E+00,0.000000E+00,0.000000E+00,0.000000E+00,0.000000E+00,0.000000E+00,2.219902E+01,2.228161E+01,2.266750E+01,5.562406E+01,3.791384E+03,0.000000E+00,1.347218E-01,0.000000E+00,0.000000E+00,0.000000E+00,0.000000E+00,0.000000E+00,0.000000E+00,0.000000E+00,0.000000E+00,0.000000E+00,2.219896E+01,2.229999E+01,2.261973E+01,5.597341E+01,1.403027E+03,0.000000E+00,4.985439E-02,0.000000E+00,0.000000E+00,0.000000E+00,0.000000E+00,0.000000E+00,0.000000E+00,0.000000E+00,0.000000E+00,0.000000E+00,2.219879E+01,2.185456E+01,2.251636E+01,5.891522E+01,3.193455E+03,0.000000E+00,1.134750E-01,0.000000E+00,0.000000E+00,0.000000E+00,0.000000E+00,0.000000E+00,0.000000E+00,0.000000E+00,0.000000E+00,0.000000E+00,2.219890E+01,2.112131E+01,2.246253E+01,5.921941E+01
23:15:00,3.250978E+03,0.000000E+00,1.155181E-01,0.000000E+00,0.000000E+00,0.000000E+00,0.000000E+00,0.000000E+00,0.000000E+00,0.000000E+00,0.000000E+00,0.000000E+00,2.219871E+01,2.186579E+01,2.241662E+01,5.930882E+01,1.634754E+03,0.000000E+00,5.808895E-02,0.000000E+00,0.000000E+00,0.000000E+00,0.000000E+00,0.000000E+00,0.000000E+00,0.000000E+00,0.000000E+00,0.000000E+00,2.219902E+01,2.228161E+01,2.257146E+01,5.594931E+01,3.791384E+03,0.000000E+00,1.347218E-01,0.000000E+00,0.000000E+00,0.000000E+00,0.000000E+00,0.000000E+00,0.000000E+00,0.000000E+00,0.000000E+00,0.000000E+00,2.219896E+01,2.229999E+01,2.252309E+01,5.630290E+01,1.403027E+03,0.000000E+00,4.985439E-02,0.000000E+00,0.000000E+00,0.000000E+00,0.000000E+00,0.000000E+00,0.000000E+00,0.000000E+00,0.000000E+00,0.000000E+00,2.219879E+01,2.185456E+01,2.242187E+01,5.926982E+01,3.193455E+03,0.000000E+00,1.134750E-01,0.000000E+00,0.000000E+00,0.000000E+00,0.000000E+00,0.000000E+00,0.000000E+00,0.000000E+00,0.000000E+00,0.000000E+00,2.219890E+01,2.112131E+01,2.238062E+01,5.950607E+01
23:30:00,3.250978E+03,0.000000E+00,1.155181E-01,0.000000E+00,0.000000E+00,0.000000E+00,0.000000E+00,0.000000E+00,0.000000E+00,0.000000E+00,0.000000E+00,0.000000E+00,2.219871E+01,2.186579E+01,2.233109E+01,5.962502E+01,1.634754E+03,0.000000E+00,5.808895E-02,0.000000E+00,0.000000E+00,0.000000E+00,0.000000E+00,0.000000E+00,0.000000E+00,0.000000E+00,0.000000E+00,0.000000E+00,2.219902E+01,2.228161E+01,2.248024E+01,5.626026E+01,3.791384E+03,0.000000E+00,1.347218E-01,0.000000E+00,0.000000E+00,0.000000E+00,0.000000E+00,0.000000E+00,0.000000E+00,0.000000E+00,0.000000E+00,0.000000E+00,2.219896E+01,2.229999E+01,2.243142E+01,5.661745E+01,1.403027E+03,0.000000E+00,4.985439E-02,0.000000E+00,0.000000E+00,0.000000E+00,0.000000E+00,0.000000E+00,0.000000E+00,0.000000E+00,0.000000E+00,0.000000E+00,2.219879E+01,2.185456E+01,2.233381E+01,5.959999E+01,3.193455E+03,0.000000E+00,1.134750E-01,0.000000E+00,0.000000E+00,0.000000E+00,0.000000E+00,0.000000E+00,0.000000E+00,0.000000E+00,0.000000E+00,0.000000E+00,2.219890E+01,2.112131E+01,2.230379E+01,5.977772E+01
23:45:00,3.250978E+03,0.000000E+00,1.155181E-01,0.000000E+00,0.000000E+00,0.000000E+00,0.000000E+00,0.000000E+00,0.000000E+00,0.000000E+00,0.000000E+00,0.000000E+00,2.219871E+01,2.186579E+01,2.225029E+01,5.992444E+01,1.634754E+03,0.000000E+00,5.808895E-02,0.000000E+00,0.000000E+00,0.000000E+00,0.000000E+00,0.000000E+00,0.000000E+00,0.000000E+00,0.000000E+00,0.000000E+00,2.219902E+01,2.228161E+01,2.239333E+01,5.655829E+01,3.791384E+03,0.000000E+00,1.347218E-01,0.000000E+00,0.000000E+00,0.000000E+00,0.000000E+00,0.000000E+00,0.000000E+00,0.000000E+00,0.000000E+00,0.000000E+00,2.219896E+01,2.229999E+01,2.234422E+01,5.691849E+01,1.403027E+03,0.000000E+00,4.985439E-02,0.000000E+00,0.000000E+00,0.000000E+00,0.000000E+00,0.000000E+00,0.000000E+00,0.000000E+00,0.000000E+00,0.000000E+00,2.219879E+01,2.185456E+01,2.225121E+01,5.990966E+01,3.193455E+03,0.000000E+00,1.134750E-01,0.000000E+00,0.000000E+00,0.000000E+00,0.000000E+00,0.000000E+00,0.000000E+00,0.000000E+00,0.000000E+00,0.000000E+00,2.219890E+01,2.112131E+01,2.223168E+01,6.003501E+01
24:00:00,3.250978E+03,0.000000E+00,1.155181E-01,0.000000E+00,0.000000E+00,0.000000E+00,0.000000E+00,0.000000E+00,0.000000E+00,0.000000E+00,0.000000E+00,0.000000E+00,2.219871E+01,2.186579E+01,2.217356E+01,6.020950E+01,1.634754E+03,0.000000E+00,5.808895E-02,0.000000E+00,0.000000E+00,0.000000E+00,0.000000E+00,0.000000E+00,0.000000E+00,0.000000E+00,0.000000E+00,0.000000E+00,2.219902E+01,2.228161E+01,2.231026E+01,5.684481E+01,3.791384E+03,0.000000E+00,1.347218E-01,0.000000E+00,0.000000E+00,0.000000E+00,0.000000E+00,0.000000E+00,0.000000E+00,0.000000E+00,0.000000E+00,0.000000E+00,2.219896E+01,2.229999E+01,2.226094E+01,5.720768E+01,1.403027E+03,0.000000E+00,4.985439E-02,0.000000E+00,0.000000E+00,0.000000E+00,0.000000E+00,0.000000E+00,0.000000E+00,0.000000E+00,0.000000E+00,0.000000E+00,2.219879E+01,2.185456E+01,2.217324E+01,6.020203E+01,3.193455E+03,0.000000E+00,1.134750E-01,0.000000E+00,0.000000E+00,0.000000E+00,0.000000E+00,0.000000E+00,0.000000E+00,0.000000E+00,0.000000E+00,0.000000E+00,2.219890E+01,2.112131E+01,2.216384E+01,6.027908E+01
Peak,3.250978E+03,1.758586E+03,1.155181E-01,1.739451E-01,0.000000E+00,0.000000E+00,0.000000E+00,0.000000E+00,0.000000E+00,0.000000E+00,0.000000E+00,0.000000E+00,,,,,1.634754E+03,1.653633E+03,5.808895E-02,1.635511E-01,0.000000E+00,0.000000E+00,0.000000E+00,0.000000E+00,0.000000E+00,0.000000E+00,0.000000E+00,0.000000E+00,,,,,3.791384E+03,3.789391E+03,1.347218E-01,3.747839E-01,0.000000E+00,0.000000E+00,0.000000E+00,0.000000E+00,0.000000E+00,0.000000E+00,0.000000E+00,0.000000E+00,,,,,1.403027E+03,1.044142E+03,4.985439E-02,1.032809E-01,0.000000E+00,0.000000E+00,0.000000E+00,0.000000E+00,0.000000E+00,0.000000E+00,0.000000E+00,0.000000E+00,,,,,3.193455E+03,2.460820E+03,1.134750E-01,2.434030E-01,0.000000E+00,0.000000E+00,0.000000E+00,0.000000E+00,0.000000E+00,0.000000E+00,0.000000E+00,0.000000E+00,,,,

Peak Vol Flow (m3/s),,,9.610286E-02,1.447099E-01,,,0.000000E+00,0.000000E+00,,,,,,,,,,,4.832587E-02,1.360629E-01,,,0.000000E+00,0.000000E+00,,,,,,,,,,,1.120789E-01,3.117935E-01,,,0.000000E+00,0.000000E+00,,,,,,,,,,,4.147530E-02,8.592233E-02,,,0.000000E+00,0.000000E+00,,,,,,,,,,,9.440308E-02,2.024939E-01,,,0.000000E+00,0.000000E+00,,,,,,,,
