Date/Time,Electricity:Facility [J](Hourly),Electricity:Building [J](Hourly),Electricity:HVAC [J](Hourly),Electricity:Plant [J](Hourly),Cooling:Electricity [J](Hourly),Heating:Electricity [J](Hourly),InteriorLights:Electricity [J](Hourly),NaturalGas:Facility [J](Hourly),NaturalGas:Plant [J](Hourly),TOTAL BUILDING INSIDE FACE SOLAR RADIATION HEAT GAIN ENERGY [J](Hourly),TOTAL BUILDING INSIDE FACE NET SURFACE THERMAL RADIATION HEAT GAIN ENERGY [J](Hourly) 
 01/01  01:00:00,2846544.5956399357,1710000.0,1136544.5956399357,0.0,0.0,0.0,1350000.0,0.0,0.0,0.0,-9.89530235528946e-10 
 01/01  02:00:00,2846544.5956399357,1710000.0,1136544.5956399357,0.0,0.0,0.0,1350000.0,0.0,0.0,0.0,-1.9208528101444244e-9 
 01/01  03:00:00,2846544.5956399357,1710000.0,1136544.5956399357,0.0,0.0,0.0,1350000.0,0.0,0.0,0.0,-2.6193447411060333e-9 
 01/01  04:00:00,2846544.5956399357,1710000.0,1136544.5956399357,0.0,0.0,0.0,1350000.0,0.0,0.0,0.0,-3.3178366720676422e-9 
 01/01  05:00:00,2846544.5956399357,1710000.0,1136544.5956399357,0.0,0.0,0.0,1350000.0,0.0,0.0,0.0,-1.1641532182693481e-9 
 01/01  06:00:00,2846544.5956399357,1710000.0,1136544.5956399357,0.0,0.0,0.0,1350000.0,0.0,0.0,0.0,-4.976755008101463e-9 
 01/01  07:00:00,13490975.411117401,1710000.0,1136544.5956399357,10644430.815477464,9462082.824064216,0.0,1350000.0,5041783.266826235,5041783.266826235,0.0,-5.093170329928398e-9 
 01/01  08:00:00,14076099.361150619,1710000.0,1136544.5956399357,11229554.765510682,9980049.783072509,0.0,1350000.0,4978437.113788394,4978437.113788394,1285900.8836988434,-3.6088749766349792e-9 
 01/01  09:00:00,42766726.17497223,29416680.0,1136544.5956399357,12213501.57933229,10846617.769081598,0.0,22216680.0,4830445.800343227,4830445.800343227,6940997.8258881755,-8.149072527885437e-10 
 01/01  10:00:00,49808187.61331781,35762400.0,1136544.5956399357,12909243.017677872,11509455.88150213,0.0,19562400.0,4474157.1994732665,4474157.1994732665,10712775.628159016,-5.238689482212067e-9 
 01/01  11:00:00,44877496.278670274,30384000.0,1165453.9172932573,13328042.361377012,11924345.744833425,0.0,14184000.0,2430457.8084028303,2430457.8084028303,17521361.43223917,-8.381903171539307e-9 
 01/01  12:00:00,41893916.11742277,27140580.0,1214380.9463669015,13538955.171055868,12121432.330948573,0.0,10940580.0,223625.63817998394,223625.63817998394,19561041.61445111,-6.28642737865448e-9 
 01/01  13:00:00,39180383.39432022,24701760.0,1186452.6378609098,13292170.756459307,11839294.52935308,0.0,8501760.0,896944.8013475859,896944.8013475859,20194083.513535425,-3.958120942115784e-9 
 01/01  14:00:00,40667445.44328572,25764480.0,1282253.4644501202,13620711.978835598,12187681.189561281,0.0,9564480.0,0.0,0.0,16595597.149741745,-4.190951585769653e-9 
 01/01  15:00:00,39989280.41869619,25027200.0,1331419.600889465,13630660.817806719,12231787.002294632,0.0,10627200.0,0.0,0.0,17104578.473458078,-6.984919309616089e-9 
 01/01  16:00:00,39728650.40099205,25894800.0,1268762.7773467635,12565087.623645285,11189627.745543987,0.0,13294800.0,0.0,0.0,13498668.382655807,-1.6298145055770874e-9 
 01/01  17:00:00,39435947.12415415,26740800.0,1181021.5201495483,11514125.604004595,10133566.310015231,0.0,17740800.0,1121920.5488319788,1121920.5488319788,9253428.183130987,-2.561137080192566e-9 
 01/01  18:00:00,48300656.087533444,36000000.0,1176119.6538290677,11124536.433704386,9764883.148096139,0.0,27000000.0,1349124.5543379341,1349124.5543379341,917752.4543559623,-3.4924596548080444e-9 
 01/01  19:00:00,33696750.60778895,21600000.0,1136544.5956399357,10960206.01214901,9605072.538323406,0.0,16200000.0,5715056.778005209,5715056.778005209,0.0,-6.51925802230835e-9 
 01/01  20:00:00,22582083.593553733,10800000.0,1136544.5956399357,10645538.997913796,9393418.643358316,0.0,5400000.0,5332460.787903737,5332460.787903737,0.0,-6.984919309616089e-10 
 01/01  21:00:00,6896544.595639936,5760000.0,1136544.5956399357,0.0,0.0,0.0,5400000.0,0.0,0.0,0.0,5.820766091346741e-10 
 01/01  22:00:00,2846544.5956399357,1710000.0,1136544.5956399357,0.0,0.0,0.0,1350000.0,0.0,0.0,0.0,-2.561137080192566e-9 
 01/01  23:00:00,2846544.5956399357,1710000.0,1136544.5956399357,0.0,0.0,0.0,1350000.0,0.0,0.0,0.0,4.0745362639427185e-10 
 01/01  24:00:00,2846544.5956399357,1710000.0,1136544.5956399357,0.0,0.0,0.0,1350000.0,0.0,0.0,0.0,-6.984919309616089e-10 
 01/02  01:00:00,2846544.5956399357,1710000.0,1136544.5956399357,0.0,0.0,0.0,1350000.0,0.0,0.0,0.0,-1.1059455573558807e-9 
 01/02  02:00:00,2846544.5956399357,1710000.0,1136544.5956399357,0.0,0.0,0.0,1350000.0,0.0,0.0,0.0,-2.6775524020195007e-9 
 01/02  03:00:00,2846544.5956399357,1710000.0,1136544.5956399357,0.0,0.0,0.0,1350000.0,0.0,0.0,0.0,-2.270098775625229e-9 
 01/02  04:00:00,2846544.5956399357,1710000.0,1136544.5956399357,0.0,0.0,0.0,1350000.0,0.0,0.0,0.0,5.820766091346741e-10 
 01/02  05:00:00,2846544.5956399357,1710000.0,1136544.5956399357,0.0,0.0,0.0,1350000.0,0.0,0.0,0.0,-3.434251993894577e-9 
 01/02  06:00:00,2846544.5956399357,1710000.0,1136544.5956399357,0.0,0.0,0.0,1350000.0,0.0,0.0,0.0,1.0477378964424133e-9 
 01/02  07:00:00,12288655.389734223,1710000.0,1136544.5956399357,9442110.794094289,8383483.276264405,0.0,1350000.0,5078128.203608944,5078128.203608944,120302.78100591252,-3.2014213502407074e-9 
 01/02  08:00:00,13327275.12971593,1686240.0,1136544.5956399357,10504490.534075994,9340830.593510196,0.0,1326240.0,5007019.335506359,5007019.335506359,3134690.785862457,-1.6880221664905548e-9 
 01/02  09:00:00,37875589.222832315,24932520.0,1136544.5956399357,11806524.627192382,10481891.368686084,0.0,17732520.0,4984380.698437181,4984380.698437181,15014402.2661013,-3.958120942115784e-9 
 01/02  10:00:00,43814706.86105217,30126240.0,1173654.1286595475,12514812.73239263,11127233.54943845,0.0,13926240.0,2682846.213071772,2682846.213071772,22993479.751993783,-1.862645149230957e-9 
 01/02  11:00:00,40714361.555570185,26827200.0,1232394.8500042788,12654766.705565907,11280325.612185568,0.0,10627200.0,673758.0877380576,673758.0877380576,22540737.27255569,-2.0954757928848267e-9 
 01/02  12:00:00,40137698.82146178,26295840.0,1306535.6856332193,12535323.135828558,11255112.6596938,0.0,10095840.0,0.0,0.0,23030796.836672224,-3.259629011154175e-9 
 01/02  13:00:00,37261798.35101185,24701760.0,1241480.6675856188,11318557.68342623,10119737.736703042,0.0,8501760.0,0.0,0.0,20443586.31270275,-1.6298145055770874e-9 
 01/02  14:00:00,41098188.296943456,28165320.0,1346328.6779373758,11586539.619006082,10453740.243853468,0.0,11965320.0,0.0,0.0,14599842.867598038,-7.450580596923828e-9 
 01/02  15:00:00,39497650.711097784,26805600.0,1340909.315377559,11351141.395720227,10235740.470870716,0.0,12405600.0,0.0,0.0,13082320.416186294,-2.7939677238464355e-9 
 01/02  16:00:00,35566003.686323166,23227200.0,1303625.6661042112,11035178.020218953,9913892.668033525,0.0,10627200.0,0.0,0.0,18967001.86479556,-3.4924596548080444e-9 
 01/02  17:00:00,31898684.9858142,20516400.0,1210318.9616259197,10171966.024188282,8998718.078311361,0.0,11516400.0,0.0,0.0,17432724.38889192,-5.122274160385132e-9 
 01/02  18:00:00,44791520.10164918,33210000.0,1220504.1903224112,10361015.911326766,9162272.24979952,0.0,24210000.0,0.0,0.0,10130322.104522584,-3.725290298461914e-9 
 01/02  19:00:00,32805041.83187434,21600000.0,1136544.5956399357,10068497.236234408,8828057.047102017,0.0,16200000.0,5398613.0770581765,5398613.0770581765,0.0,-3.725290298461914e-9 
 01/02  20:00:00,21588504.82671282,10800000.0,1136544.5956399357,9651960.231072882,8514792.442353282,0.0,5400000.0,5212438.74713288,5212438.74713288,0.0,-1.6298145055770874e-9 
 01/02  21:00:00,6896544.595639936,5760000.0,1136544.5956399357,0.0,0.0,0.0,5400000.0,0.0,0.0,0.0,-1.862645149230957e-9 
 01/02  22:00:00,2846544.5956399357,1710000.0,1136544.5956399357,0.0,0.0,0.0,1350000.0,0.0,0.0,0.0,-4.773028194904327e-9 
 01/02  23:00:00,2846544.5956399357,1710000.0,1136544.5956399357,0.0,0.0,0.0,1350000.0,0.0,0.0,0.0,-5.820766091346741e-10 
 01/02  24:00:00,2846544.5956399357,1710000.0,1136544.5956399357,0.0,0.0,0.0,1350000.0,0.0,0.0,0.0,-5.820766091346741e-10 
 01/03  01:00:00,2846544.5956399357,1710000.0,1136544.5956399357,0.0,0.0,0.0,1350000.0,0.0,0.0,0.0,-1.4551915228366852e-9 
 01/03  02:00:00,2846544.5956399357,1710000.0,1136544.5956399357,0.0,0.0,0.0,1350000.0,0.0,0.0,0.0,-4.656612873077393e-10 
 01/03  03:00:00,2846544.5956399357,1710000.0,1136544.5956399357,0.0,0.0,0.0,1350000.0,0.0,0.0,0.0,-1.1641532182693481e-10 
 01/03  04:00:00,2846544.5956399357,1710000.0,1136544.5956399357,0.0,0.0,0.0,1350000.0,0.0,0.0,0.0,-2.0372681319713593e-9 
 01/03  05:00:00,2846544.5956399357,1710000.0,1136544.5956399357,0.0,0.0,0.0,1350000.0,0.0,0.0,0.0,-2.444721758365631e-9 
 01/03  06:00:00,2846544.5956399357,1710000.0,1136544.5956399357,0.0,0.0,0.0,1350000.0,0.0,0.0,0.0,1.6589183360338211e-9 
 01/03  07:00:00,12842741.08834781,1710000.0,1136544.5956399357,9996196.492707873,8891512.388105743,0.0,1350000.0,5035323.482878377,5035323.482878377,50347.617590523354,-1.3969838619232178e-9 
 01/03  08:00:00,13821032.13094061,1710000.0,1136544.5956399357,10974487.535300676,9762418.92829438,0.0,1350000.0,5008150.061782115,5008150.061782115,2345935.9210642753,-2.648448571562767e-9 
 01/03  09:00:00,38862037.82491073,25732800.0,1136544.5956399357,11992693.229270795,10654702.467883136,0.0,18532800.0,5015174.225585641,5015174.225585641,13098447.23353313,-5.238689482212067e-9 
 01/03  10:00:00,43607306.770212874,30126240.0,1168429.307443041,12312637.462769832,10944938.291998943,0.0,13926240.0,3038390.7219873588,3038390.7219873588,23049997.5148838,-1.979060471057892e-9 
 01/03  11:00:00,40431488.579649515,26827200.0,1239986.5910657458,12364301.988583768,11028834.196438793,0.0,10627200.0,556157.728003832,556157.728003832,24427143.46166271,-6.752088665962219e-9 
 01/03  12:00:00,39759261.81561498,26295840.0,1304644.5166666382,12158777.298948348,10916463.893678289,0.0,10095840.0,0.0,0.0,22735536.06647984,-3.026798367500305e-9 
 01/03  13:00:00,37006205.43776968,24701760.0,1232768.8636269898,11071676.57414269,9861672.953162815,0.0,8501760.0,0.0,0.0,21066023.642110653,-3.958120942115784e-9 
 01/03  14:00:00,38932488.26704651,25764480.0,1361005.0814960306,11807003.185550485,10652234.720392665,0.0,9564480.0,0.0,0.0,20210581.871490557,-3.259629011154175e-9 
 01/03  15:00:00,38590389.21705444,25027200.0,1389465.3712619469,12173723.845792487,11008770.023807816,0.0,10627200.0,0.0,0.0,18668049.969245087,6.984919309616089e-10 
 01/03  16:00:00,37923847.532292575,25005600.0,1291968.2554103453,11626279.276882231,10412853.739626663,0.0,12405600.0,0.0,0.0,13255184.605012933,-4.6566128730773926e-9 
 01/03  17:00:00,34550337.981499135,22294800.0,1204919.0962260119,11050618.885273121,9760853.942363387,0.0,13294800.0,0.0,0.0,15055879.488950826,-3.4924596548080444e-9 
 01/03  18:00:00,47260713.40462728,35049600.0,1202967.9905662956,11008145.41406098,9702060.979404042,0.0,26049600.0,54150.33253395868,54150.33253395868,5402140.48393959,-2.3283064365386963e-9 
 01/03  19:00:00,33577988.31739298,21600000.0,1136544.5956399357,10841443.721753042,9507972.783702722,0.0,16200000.0,5390500.724510064,5390500.724510064,0.0,-2.0954757928848267e-9 
 01/03  20:00:00,22452526.151800986,10800000.0,1136544.5956399357,10515981.556161046,9280474.941196118,0.0,5400000.0,5207960.9090123,5207960.9090123,0.0,3.4924596548080444e-10 
 01/03  21:00:00,6896544.595639936,5760000.0,1136544.5956399357,0.0,0.0,0.0,5400000.0,0.0,0.0,0.0,-2.3283064365386963e-9 
 01/03  22:00:00,2846544.5956399357,1710000.0,1136544.5956399357,0.0,0.0,0.0,1350000.0,0.0,0.0,0.0,2.3283064365386963e-10 
 01/03  23:00:00,2846544.5956399357,1710000.0,1136544.5956399357,0.0,0.0,0.0,1350000.0,0.0,0.0,0.0,-1.1641532182693481e-9 
 01/03  24:00:00,2846544.5956399357,1710000.0,1136544.5956399357,0.0,0.0,0.0,1350000.0,0.0,0.0,0.0,-4.0745362639427185e-10 
 01/04  01:00:00,2846544.5956399357,1710000.0,1136544.5956399357,0.0,0.0,0.0,1350000.0,0.0,0.0,0.0,1.979060471057892e-9 
 01/04  02:00:00,2846544.5956399357,1710000.0,1136544.5956399357,0.0,0.0,0.0,1350000.0,0.0,0.0,0.0,-5.238689482212067e-10 
 01/04  03:00:00,2846544.5956399357,1710000.0,1136544.5956399357,0.0,0.0,0.0,1350000.0,0.0,0.0,0.0,-1.0477378964424133e-9 
 01/04  04:00:00,2846544.5956399357,1710000.0,1136544.5956399357,0.0,0.0,0.0,1350000.0,0.0,0.0,0.0,2.3283064365386963e-10 
 01/04  05:00:00,2846544.5956399357,1710000.0,1136544.5956399357,0.0,0.0,0.0,1350000.0,0.0,0.0,0.0,-1.3969838619232178e-9 
 01/04  06:00:00,2846544.5956399357,1710000.0,1136544.5956399357,0.0,0.0,0.0,1350000.0,0.0,0.0,0.0,-2.5902409106492996e-9 
 01/04  07:00:00,13178586.127951669,1710000.0,1136544.5956399357,10332041.532311732,9203063.527558155,0.0,1350000.0,5139871.153256612,5139871.153256612,265391.7848388741,2.0081643015146255e-9 
 01/04  08:00:00,13939554.78150358,1710000.0,1136544.5956399357,11093010.185863648,9885361.340247901,0.0,1350000.0,5114942.493190488,5114942.493190488,2720215.96686369,4.3655745685100555e-10 
 01/04  09:00:00,39545325.79774111,26960760.0,1136544.5956399357,11448021.202101167,10189767.743524196,0.0,19760760.0,5109146.351378376,5109146.351378376,10915179.99882581,-5.122274160385132e-9 
 01/04  10:00:00,42651529.47967542,30126240.0,1161251.669474312,11364037.810201108,10118577.740572646,0.0,13926240.0,3376545.0064358735,3376545.0064358735,20947124.196797367,-2.6775524020195007e-9 
 01/04  11:00:00,41949744.153057784,29494800.0,1241511.4147677196,11213432.73829006,10019558.435973436,0.0,13294800.0,471427.2401471427,471427.2401471427,20008026.32819129,-3.259629011154175e-9 
 01/04  12:00:00,39116645.191503115,26295840.0,1309364.8344449557,11511440.35705816,10350997.240442444,0.0,10095840.0,0.0,0.0,23201729.606755972,-5.587935447692871e-9 
 01/04  13:00:00,36828452.126944326,24701760.0,1242083.624507493,10884608.50243683,9732337.356487047,0.0,8501760.0,0.0,0.0,21999499.46546644,-7.916241884231567e-9 
 01/04  14:00:00,39110893.499081336,25764480.0,1372597.5213587093,11973815.977722626,10815520.84538696,0.0,9564480.0,0.0,0.0,20085381.20714704,-1.3969838619232178e-9 
 01/04  15:00:00,38636870.36614818,25027200.0,1415209.7364336005,12194460.629714582,11045701.510823362,0.0,10627200.0,0.0,0.0,20720816.075937044,9.313225746154785e-10 
 01/04  16:00:00,36137527.379303455,23227200.0,1349918.5194957214,11560408.859807739,10418071.009261506,0.0,10627200.0,0.0,0.0,20598488.579537373,-4.190951585769653e-9 
 01/04  17:00:00,33482171.113401234,22294800.0,1216953.8083933117,9970417.305007922,8827810.644806942,0.0,13294800.0,0.0,0.0,14760015.06198512,-6.984919309616089e-10 
 01/04  18:00:00,44270527.306364045,33210000.0,1224729.6391593968,9835797.66720465,8700827.595266357,0.0,24210000.0,0.0,0.0,10955585.367261542,-3.958120942115784e-9 
 01/04  19:00:00,31991055.340533435,21600000.0,1136544.5956399357,9254510.744893499,8109691.039383153,0.0,16200000.0,5317756.82888085,5317756.82888085,0.0,-3.026798367500305e-9 
 01/04  20:00:00,20930610.14791574,10800000.0,1136544.5956399357,8994065.552275803,7938404.259489706,0.0,5400000.0,5183080.511906187,5183080.511906187,0.0,2.3283064365386963e-9 
 01/04  21:00:00,6896544.595639936,5760000.0,1136544.5956399357,0.0,0.0,0.0,5400000.0,0.0,0.0,0.0,3.4924596548080444e-10 
 01/04  22:00:00,2846544.5956399357,1710000.0,1136544.5956399357,0.0,0.0,0.0,1350000.0,0.0,0.0,0.0,4.0745362639427185e-9 
 01/04  23:00:00,2846544.5956399357,1710000.0,1136544.5956399357,0.0,0.0,0.0,1350000.0,0.0,0.0,0.0,-3.026798367500305e-9 
 01/04  24:00:00,2846544.5956399357,1710000.0,1136544.5956399357,0.0,0.0,0.0,1350000.0,0.0,0.0,0.0,-1.862645149230957e-9 
 01/05  01:00:00,6086544.595639936,4950000.0,1136544.5956399357,0.0,0.0,0.0,1350000.0,0.0,0.0,0.0,3.3178366720676422e-9 
 01/05  02:00:00,6086544.595639936,4950000.0,1136544.5956399357,0.0,0.0,0.0,1350000.0,0.0,0.0,0.0,-9.89530235528946e-10 
 01/05  03:00:00,6086544.595639936,4950000.0,1136544.5956399357,0.0,0.0,0.0,1350000.0,0.0,0.0,0.0,-1.280568540096283e-9 
 01/05  04:00:00,6086544.595639936,4950000.0,1136544.5956399357,0.0,0.0,0.0,1350000.0,0.0,0.0,0.0,-1.7462298274040222e-9 
 01/05  05:00:00,6086544.595639936,4950000.0,1136544.5956399357,0.0,0.0,0.0,1350000.0,0.0,0.0,0.0,-5.820766091346741e-10 
 01/05  06:00:00,6086544.595639936,4950000.0,1136544.5956399357,0.0,0.0,0.0,1350000.0,0.0,0.0,0.0,1.6880221664905548e-9 
 01/05  07:00:00,6086544.595639936,4950000.0,1136544.5956399357,0.0,0.0,0.0,1350000.0,0.0,0.0,1598472.6453198807,8.731149137020111e-10 
 01/05  08:00:00,5994564.595639936,4858020.0,1136544.5956399357,0.0,0.0,0.0,1258020.0,0.0,0.0,9778203.5159698,5.820766091346741e-11 
 01/05  09:00:00,5721684.595639936,4585140.0,1136544.595639936,0.0,0.0,0.0,985140.0,0.0,0.0,21363729.928510703,-2.153683453798294e-9 
 01/05  10:00:00,5469504.595639936,4332960.0,1136544.5956399357,0.0,0.0,0.0,732960.0,0.0,0.0,22485905.57154746,-6.984919309616089e-10 
 01/05  11:00:00,5401284.595639936,4264740.0,1136544.5956399357,0.0,0.0,0.0,664740.0,0.0,0.0,20784173.603717983,-1.5133991837501526e-9 
 01/05  12:00:00,5267904.595639936,4131360.0,1136544.5956399357,0.0,0.0,0.0,531360.0,0.0,0.0,21303690.414851006,-2.9103830456733704e-9 
 01/05  13:00:00,5267904.595639936,4131360.0,1136544.5956399357,0.0,0.0,0.0,531360.0,0.0,0.0,22066986.73616872,-7.450580596923828e-9 
 01/05  14:00:00,5267904.595639936,4131360.0,1136544.5956399357,0.0,0.0,0.0,531360.0,0.0,0.0,20238939.095332496,-2.0954757928848267e-9 
 01/05  15:00:00,5267904.595639936,4131360.0,1136544.5956399357,0.0,0.0,0.0,531360.0,0.0,0.0,20859409.50205967,-5.820766091346741e-9 
 01/05  16:00:00,5267904.595639936,4131360.0,1136544.5956399357,0.0,0.0,0.0,531360.0,0.0,0.0,21960070.108331166,-2.0954757928848267e-9 
 01/05  17:00:00,5312364.595639936,4175820.0,1136544.5956399357,0.0,0.0,0.0,575820.0,0.0,0.0,17490900.836878277,-5.3551048040390015e-9 
 01/05  18:00:00,6015264.595639936,4878720.0,1136544.5956399357,0.0,0.0,0.0,1278720.0,0.0,0.0,5331627.633841285,-6.51925802230835e-9 
 01/05  19:00:00,6086544.595639936,4950000.0,1136544.5956399357,0.0,0.0,0.0,1350000.0,0.0,0.0,0.0,-2.7939677238464355e-9 
 01/05  20:00:00,6086544.595639936,4950000.0,1136544.5956399357,0.0,0.0,0.0,1350000.0,0.0,0.0,0.0,-2.6775524020195007e-9 
 01/05  21:00:00,6086544.595639936,4950000.0,1136544.5956399357,0.0,0.0,0.0,1350000.0,0.0,0.0,0.0,-2.9103830456733704e-9 
 01/05  22:00:00,6086544.595639936,4950000.0,1136544.5956399357,0.0,0.0,0.0,1350000.0,0.0,0.0,0.0,-3.026798367500305e-9 
 01/05  23:00:00,6086544.595639936,4950000.0,1136544.5956399357,0.0,0.0,0.0,1350000.0,0.0,0.0,0.0,-3.725290298461914e-9 
 01/05  24:00:00,6086544.595639936,4950000.0,1136544.5956399357,0.0,0.0,0.0,1350000.0,0.0,0.0,0.0,-3.4924596548080444e-10 
 01/06  01:00:00,6086544.595639936,4950000.0,1136544.5956399357,0.0,0.0,0.0,1350000.0,0.0,0.0,0.0,-2.561137080192566e-9 
 01/06  02:00:00,6086544.595639936,4950000.0,1136544.5956399357,0.0,0.0,0.0,1350000.0,0.0,0.0,0.0,-1.6298145055770874e-9 
 01/06  03:00:00,6086544.595639936,4950000.0,1136544.5956399357,0.0,0.0,0.0,1350000.0,0.0,0.0,0.0,-2.0372681319713593e-9 
 01/06  04:00:00,6086544.595639936,4950000.0,1136544.5956399357,0.0,0.0,0.0,1350000.0,0.0,0.0,0.0,1.0477378964424133e-9 
 01/06  05:00:00,6086544.595639936,4950000.0,1136544.5956399357,0.0,0.0,0.0,1350000.0,0.0,0.0,0.0,1.979060471057892e-9 
 01/06  06:00:00,6086544.595639936,4950000.0,1136544.5956399357,0.0,0.0,0.0,1350000.0,0.0,0.0,0.0,-1.3969838619232178e-9 
 01/06  07:00:00,6086544.595639936,4950000.0,1136544.5956399357,0.0,0.0,0.0,1350000.0,0.0,0.0,0.0,-5.180481821298599e-9 
 01/06  08:00:00,6086544.595639936,4950000.0,1136544.5956399357,0.0,0.0,0.0,1350000.0,0.0,0.0,346404.72099937045,-2.444721758365631e-9 
 01/06  09:00:00,6062784.595639936,4926240.0,1136544.5956399357,0.0,0.0,0.0,1326240.0,0.0,0.0,3566458.8296851506,1.7462298274040222e-9 
 01/06  10:00:00,5766144.595639936,4629600.0,1136544.5956399357,0.0,0.0,0.0,1029600.0,0.0,0.0,11027600.912569953,-1.3387762010097504e-9 
 01/06  11:00:00,5582184.595639936,4445640.0,1136544.5956399357,0.0,0.0,0.0,845640.0,0.0,0.0,15083655.248460045,5.820766091346741e-11 
 01/06  12:00:00,5267904.595639936,4131360.0,1136544.5956399357,0.0,0.0,0.0,531360.0,0.0,0.0,21071033.54962573,-2.7939677238464355e-9 
 01/06  13:00:00,5267904.595639936,4131360.0,1136544.5956399357,0.0,0.0,0.0,531360.0,0.0,0.0,19927196.872170284,-3.725290298461914e-9 
 01/06  14:00:00,5267904.595639936,4131360.0,1136544.5956399357,0.0,0.0,0.0,531360.0,0.0,0.0,20135095.146044184,-4.773028194904327e-9 
 01/06  15:00:00,5267904.595639936,4131360.0,1136544.5956399357,0.0,0.0,0.0,531360.0,0.0,0.0,19890540.42754191,-2.561137080192566e-9 
 01/06  16:00:00,5267904.595639936,4131360.0,1136544.5956399357,0.0,0.0,0.0,531360.0,0.0,0.0,17272447.526552938,4.656612873077393e-10 
 01/06  17:00:00,5647344.595639936,4510800.0,1136544.5956399357,0.0,0.0,0.0,910800.0,0.0,0.0,8312157.613656854,-2.9103830456733704e-9 
 01/06  18:00:00,6086544.595639936,4950000.0,1136544.5956399357,0.0,0.0,0.0,1350000.0,0.0,0.0,2829472.3117994657,-4.540197551250458e-9 
 01/06  19:00:00,6086544.595639936,4950000.0,1136544.5956399357,0.0,0.0,0.0,1350000.0,0.0,0.0,0.0,-1.5133991837501526e-9 
 01/06  20:00:00,6086544.595639936,4950000.0,1136544.5956399357,0.0,0.0,0.0,1350000.0,0.0,0.0,0.0,-2.0954757928848267e-9 
 01/06  21:00:00,6086544.595639936,4950000.0,1136544.5956399357,0.0,0.0,0.0,1350000.0,0.0,0.0,0.0,-1.280568540096283e-9 
 01/06  22:00:00,6086544.595639936,4950000.0,1136544.5956399357,0.0,0.0,0.0,1350000.0,0.0,0.0,0.0,1.862645149230957e-9 
 01/06  23:00:00,6086544.595639936,4950000.0,1136544.5956399357,0.0,0.0,0.0,1350000.0,0.0,0.0,0.0,-3.958120942115784e-9 
 01/06  24:00:00,6086544.595639936,4950000.0,1136544.5956399357,0.0,0.0,0.0,1350000.0,0.0,0.0,0.0,-7.566995918750763e-10 
 01/07  01:00:00,2846544.5956399357,1710000.0,1136544.5956399357,0.0,0.0,0.0,1350000.0,0.0,0.0,0.0,-1.280568540096283e-9 
 01/07  02:00:00,2846544.5956399357,1710000.0,1136544.5956399357,0.0,0.0,0.0,1350000.0,0.0,0.0,0.0,-2.3865140974521637e-9 
 01/07  03:00:00,2846544.5956399357,1710000.0,1136544.5956399357,0.0,0.0,0.0,1350000.0,0.0,0.0,0.0,-1.4551915228366852e-9 
 01/07  04:00:00,2846544.5956399357,1710000.0,1136544.5956399357,0.0,0.0,0.0,1350000.0,0.0,0.0,0.0,-1.862645149230957e-9 
 01/07  05:00:00,2846544.5956399357,1710000.0,1136544.5956399357,0.0,0.0,0.0,1350000.0,0.0,0.0,0.0,1.3969838619232178e-9 
 01/07  06:00:00,2846544.5956399357,1710000.0,1136544.5956399357,0.0,0.0,0.0,1350000.0,0.0,0.0,0.0,0.0 
 01/07  07:00:00,15062927.281599645,1710000.0,1136544.5956399357,12216382.685959708,10689816.573342798,0.0,1350000.0,4975104.630431301,4975104.630431301,50344.02412267684,5.529727786779404e-10 
 01/07  08:00:00,14672116.149406824,1710000.0,1136544.5956399357,11825571.553766888,10444142.266069915,0.0,1350000.0,4995237.234326121,4995237.234326121,2165627.3863495286,-2.1245796233415604e-9 
 01/07  09:00:00,40571072.92479843,27388440.0,1136544.5956399357,12046088.329158487,10700547.084083483,0.0,20188440.0,4995601.993454217,4995601.993454217,10147918.246227816,-1.3969838619232178e-9 
 01/07  10:00:00,46178049.19998406,32718600.0,1141169.0390462824,12318280.160937773,10929427.011044795,0.0,16518600.0,4654877.605895761,4654877.605895761,14877800.573219085,4.656612873077393e-10 
 01/07  11:00:00,41520366.39995591,27716400.0,1192228.1013857613,12611738.29857015,11217317.039203363,0.0,11516400.0,1530011.10583774,1530011.10583774,21621132.52263566,-3.259629011154175e-9 
 01/07  12:00:00,40446197.59505535,26295840.0,1245259.0019418695,12905098.593113476,11471138.271568598,0.0,10095840.0,0.0,0.0,22510471.797267944,-2.7939677238464355e-9 
 01/07  13:00:00,38539455.96765721,24701760.0,1197161.3369374783,12640534.630719734,11174010.147554906,0.0,8501760.0,571332.843719234,571332.843719234,20885197.2500039,-4.190951585769653e-9 
 01/07  14:00:00,39980914.1295918,25764480.0,1282211.3266103328,12934222.802981466,11536779.038227107,0.0,9564480.0,0.0,0.0,17375090.03628128,-5.3551048040390015e-9 
 01/07  15:00:00,39185352.85755025,25027200.0,1309374.7751394135,12848778.082410837,11491366.09312049,0.0,10627200.0,0.0,0.0,16272783.668956472,-2.3283064365386963e-9 
 01/07  16:00:00,39666673.85059519,26370000.0,1259807.4779592776,12036866.372635914,10703412.19509925,0.0,13770000.0,0.0,0.0,13055864.10459906,-6.752088665962219e-9 
 01/07  17:00:00,45535856.13598108,33210000.0,1183776.0263853378,11142080.10959575,9801755.504645336,0.0,24210000.0,809485.6323291261,809485.6323291261,5039771.596142034,6.984919309616089e-10 
 01/07  18:00:00,48143676.83745556,36000000.0,1180324.7164226235,10963352.12103294,9620122.836329974,0.0,27000000.0,973504.2303768105,973504.2303768105,2506114.091783045,-3.026798367500305e-9 
 01/07  19:00:00,33767196.11719068,21600000.0,1136544.5956399357,11030651.52155074,9665942.338057082,0.0,16200000.0,5629336.88891423,5629336.88891423,0.0,-2.3283064365386963e-9 
 01/07  20:00:00,22736677.855022,10800000.0,1136544.5956399357,10800133.259382062,9525443.855374938,0.0,5400000.0,5286018.123966896,5286018.123966896,0.0,-3.958120942115784e-9 
 01/07  21:00:00,6896544.595639936,5760000.0,1136544.5956399357,0.0,0.0,0.0,5400000.0,0.0,0.0,0.0,0.0 
 01/07  22:00:00,2846544.5956399357,1710000.0,1136544.5956399357,0.0,0.0,0.0,1350000.0,0.0,0.0,0.0,-3.841705620288849e-9 
 01/07  23:00:00,2846544.5956399357,1710000.0,1136544.5956399357,0.0,0.0,0.0,1350000.0,0.0,0.0,0.0,-1.57160684466362e-9 
 01/07  24:00:00,2846544.5956399357,1710000.0,1136544.5956399357,0.0,0.0,0.0,1350000.0,0.0,0.0,0.0,2.9685907065868378e-9 
 01/08  01:00:00,2846544.5956399357,1710000.0,1136544.5956399357,0.0,0.0,0.0,1350000.0,0.0,0.0,0.0,-3.0850060284137726e-9 
 01/08  02:00:00,2846544.5956399357,1710000.0,1136544.5956399357,0.0,0.0,0.0,1350000.0,0.0,0.0,0.0,-1.6298145055770874e-9 
 01/08  03:00:00,2846544.5956399357,1710000.0,1136544.5956399357,0.0,0.0,0.0,1350000.0,0.0,0.0,0.0,-1.1641532182693481e-10 
 01/08  04:00:00,2846544.5956399357,1710000.0,1136544.5956399357,0.0,0.0,0.0,1350000.0,0.0,0.0,0.0,-2.9103830456733704e-9 
 01/08  05:00:00,2846544.5956399357,1710000.0,1136544.5956399357,0.0,0.0,0.0,1350000.0,0.0,0.0,0.0,-1.0477378964424133e-9 
 01/08  06:00:00,2846544.5956399357,1710000.0,1136544.5956399357,0.0,0.0,0.0,1350000.0,0.0,0.0,0.0,-1.1641532182693481e-9 
 01/08  07:00:00,13905311.599002033,1710000.0,1136544.5956399357,11058767.003362097,9843825.926133268,0.0,1350000.0,5131164.20896177,5131164.20896177,50343.36427081241,3.7834979593753815e-10 
 01/08  08:00:00,14494136.597726693,1710000.0,1136544.5956399357,11647592.002086757,10374647.056264771,0.0,1350000.0,5106913.157643689,5106913.157643689,2096904.9769111578,4.016328603029251e-9 
 01/08  09:00:00,39691440.53819822,26960760.0,1136544.5956399357,11594135.942558281,10314395.83189373,0.0,19760760.0,5115876.97243263,5115876.97243263,10934641.142621681,-3.14321368932724e-9 
 01/08  10:00:00,42863959.103018716,30126240.0,1150483.1865848498,11587235.91643386,10301450.327133842,0.0,13926240.0,4057416.8167469674,4057416.8167469674,18416117.060534403,-5.820766091346741e-10 
 01/08  11:00:00,42310401.80358464,29494800.0,1212171.888802034,11603429.91478261,10325646.828168066,0.0,13294800.0,958367.0840747452,958367.0840747452,19934742.394490045,-5.122274160385132e-9 
 01/08  12:00:00,39846088.12173813,26295840.0,1261514.6690322985,12288733.45270583,10966214.244288612,0.0,10095840.0,0.0,0.0,21657065.927227903,-1.6298145055770874e-9 
 01/08  13:00:00,37955261.39460871,24701760.0,1214984.7617214762,12038516.632887239,10691807.565253701,0.0,8501760.0,16825.14578166465,16825.14578166465,21428545.814240642,-3.259629011154175e-9 
 01/08  14:00:00,40855410.26365284,25764480.0,1355480.4214018018,13735449.842251036,12342792.539451782,0.0,9564480.0,0.0,0.0,20402938.14663233,-2.7939677238464355e-9 
 01/08  15:00:00,40298300.32630117,25027200.0,1404138.3794452872,13866961.946855882,12510398.13016959,0.0,10627200.0,0.0,0.0,20114738.934457682,-1.3969838619232178e-9 
 01/08  16:00:00,37647029.71559242,23227200.0,1339968.23450344,13079861.48108898,11729123.89557458,0.0,10627200.0,0.0,0.0,19708849.849572346,-4.190951585769653e-9 
 01/08  17:00:00,33069321.36708379,20516400.0,1220488.9175308198,11332432.44955297,10018877.83212275,0.0,11516400.0,0.0,0.0,17433335.598774582,-6.984919309616089e-10 
 01/08  18:00:00,45090807.571249805,32734800.0,1230426.463275525,11125581.107974282,9834668.374870919,0.0,23734800.0,0.0,0.0,12337205.01988037,-5.3551048040390015e-9 
 01/08  19:00:00,32981965.386625923,21600000.0,1136544.5956399357,10245420.790985987,8969959.19774472,0.0,16200000.0,5316178.118832597,5316178.118832597,0.0,-3.725290298461914e-9 
 01/08  20:00:00,21964296.275280975,10800000.0,1136544.5956399357,10027751.679641038,8842226.155711701,0.0,5400000.0,5179399.3064381555,5179399.3064381555,0.0,-2.0954757928848267e-9 
 01/08  21:00:00,6896544.595639936,5760000.0,1136544.5956399357,0.0,0.0,0.0,5400000.0,0.0,0.0,0.0,-2.3283064365386963e-9 
 01/08  22:00:00,2846544.5956399357,1710000.0,1136544.5956399357,0.0,0.0,0.0,1350000.0,0.0,0.0,0.0,-1.0477378964424133e-9 
 01/08  23:00:00,2846544.5956399357,1710000.0,1136544.5956399357,0.0,0.0,0.0,1350000.0,0.0,0.0,0.0,-3.259629011154175e-9 
 01/08  24:00:00,2846544.5956399357,1710000.0,1136544.5956399357,0.0,0.0,0.0,1350000.0,0.0,0.0,0.0,-5.471520125865936e-9 
 01/09  01:00:00,2846544.5956399357,1710000.0,1136544.5956399357,0.0,0.0,0.0,1350000.0,0.0,0.0,0.0,-2.3865140974521637e-9 
 01/09  02:00:00,2846544.5956399357,1710000.0,1136544.5956399357,0.0,0.0,0.0,1350000.0,0.0,0.0,0.0,-2.5029294192790985e-9 
 01/09  03:00:00,2846544.5956399357,1710000.0,1136544.5956399357,0.0,0.0,0.0,1350000.0,0.0,0.0,0.0,1.4551915228366852e-9 
 01/09  04:00:00,2846544.5956399357,1710000.0,1136544.5956399357,0.0,0.0,0.0,1350000.0,0.0,0.0,0.0,-6.984919309616089e-10 
 01/09  05:00:00,2846544.5956399357,1710000.0,1136544.5956399357,0.0,0.0,0.0,1350000.0,0.0,0.0,0.0,2.9103830456733704e-10 
 01/09  06:00:00,2846544.5956399357,1710000.0,1136544.5956399357,0.0,0.0,0.0,1350000.0,0.0,0.0,0.0,-1.862645149230957e-9 
 01/09  07:00:00,12672221.955133975,1710000.0,1136544.5956399357,9825677.35949404,8739694.85566562,0.0,1350000.0,5031465.858483177,5031465.858483177,225175.47281649552,1.0477378964424133e-9 
 01/09  08:00:00,13477134.258292368,1686240.0,1136544.5956399357,10654349.662652431,9479081.315872729,0.0,1326240.0,5027100.621925527,5027100.621925527,4194055.271256754,-2.3865140974521637e-9 
 01/09  09:00:00,37058820.93100568,24504840.0,1136544.5956399357,11417436.335365744,10145781.227490172,0.0,17304840.0,5055607.618319433,5055607.618319433,16890082.178549103,-2.9103830456733704e-9 
 01/09  10:00:00,43866587.07853946,30577680.0,1185267.5697868154,12103639.508752648,10760783.658717249,0.0,14377680.0,2070693.1612986918,2070693.1612986918,24058356.311236836,-4.6566128730773926e-9 
 01/09  11:00:00,40714160.525099576,26827200.0,1257560.9492537118,12629399.575845867,11270257.302058596,0.0,10627200.0,213734.08557659897,213734.08557659897,24580448.42666611,-9.313225746154785e-10 
 01/09  12:00:00,40962522.32571768,26295840.0,1331970.813335709,13334711.512381969,11982436.108053153,0.0,10095840.0,0.0,0.0,23941061.812293768,-4.190951585769653e-9 
 01/09  13:00:00,38568329.607138626,24701760.0,1259044.2959287507,12607525.311209878,11259989.400634259,0.0,8501760.0,0.0,0.0,22087889.872139994,-4.190951585769653e-9 
 01/09  14:00:00,40646181.0522501,25764480.0,1399962.530816419,13481738.521433681,12174169.629155025,0.0,9564480.0,0.0,0.0,20181868.749112207,-3.259629011154175e-9 
 01/09  15:00:00,39790773.68325749,25027200.0,1420080.6294150357,13343493.053842453,12070618.917864386,0.0,10627200.0,0.0,0.0,19547763.398239236,-4.190951585769653e-9 
 01/09  16:00:00,37302090.6734287,23227200.0,1336477.076220711,12738413.597207991,11434677.704497796,0.0,10627200.0,0.0,0.0,18205926.645996757,-6.984919309616089e-10 
 01/09  17:00:00,38293485.507050425,25851600.0,1200136.4477890213,11241749.059261402,9912554.880521592,0.0,16851600.0,258635.02061009436,258635.02061009436,8935725.550656617,-3.259629011154175e-9 
 01/09  18:00:00,48198512.18425284,36000000.0,1187785.836541451,11010726.347711394,9665051.305025777,0.0,27000000.0,357836.3214174231,357836.3214174231,2482747.5061375457,-5.3551048040390015e-9 
 01/09  19:00:00,33608457.47779571,21600000.0,1136544.5956399357,10871912.88215578,9520114.660819376,0.0,16200000.0,5480756.543044925,5480756.543044925,0.0,-1.1641532182693481e-9 
 01/09  20:00:00,22324831.282939427,10800000.0,1136544.5956399357,10388286.687299488,9158966.605841774,0.0,5400000.0,5242686.768473361,5242686.768473361,0.0,-6.51925802230835e-9 
 01/09  21:00:00,6896544.595639936,5760000.0,1136544.5956399357,0.0,0.0,0.0,5400000.0,0.0,0.0,0.0,-3.841705620288849e-9 
 01/09  22:00:00,2846544.5956399357,1710000.0,1136544.5956399357,0.0,0.0,0.0,1350000.0,0.0,0.0,0.0,1.7462298274040222e-9 
 01/09  23:00:00,2846544.5956399357,1710000.0,1136544.5956399357,0.0,0.0,0.0,1350000.0,0.0,0.0,0.0,6.984919309616089e-10 
 01/09  24:00:00,2846544.5956399357,1710000.0,1136544.5956399357,0.0,0.0,0.0,1350000.0,0.0,0.0,0.0,-2.9103830456733704e-9 
 01/10  01:00:00,2846544.5956399357,1710000.0,1136544.5956399357,0.0,0.0,0.0,1350000.0,0.0,0.0,0.0,1.1059455573558807e-9 
 01/10  02:00:00,2846544.5956399357,1710000.0,1136544.5956399357,0.0,0.0,0.0,1350000.0,0.0,0.0,0.0,1.9208528101444244e-9 
 01/10  03:00:00,2846544.5956399357,1710000.0,1136544.5956399357,0.0,0.0,0.0,1350000.0,0.0,0.0,0.0,-2.270098775625229e-9 
 01/10  04:00:00,2846544.5956399357,1710000.0,1136544.5956399357,0.0,0.0,0.0,1350000.0,0.0,0.0,0.0,-3.550667315721512e-9 
 01/10  05:00:00,2846544.5956399357,1710000.0,1136544.5956399357,0.0,0.0,0.0,1350000.0,0.0,0.0,0.0,2.2992026060819626e-9 
 01/10  06:00:00,2846544.5956399357,1710000.0,1136544.5956399357,0.0,0.0,0.0,1350000.0,0.0,0.0,0.0,-9.89530235528946e-10 
 01/10  07:00:00,11825621.34123262,1710000.0,1136544.5956399357,8979076.745592684,7990210.206198498,0.0,1350000.0,5069400.835182307,5069400.835182307,189658.9958724623,-2.3283064365386963e-10 
 01/10  08:00:00,12649558.707956363,1686240.0,1136544.5956399357,9826774.112316426,8746273.900000622,0.0,1326240.0,5046564.4186158795,5046564.4186158795,4152875.718601281,-5.820766091346741e-11 
 01/10  09:00:00,36540760.57328194,24504840.0,1136544.595639936,10899375.977641992,9687273.058399325,0.0,17304840.0,5053486.143782029,5053486.143782029,17205092.269238487,-1.6880221664905548e-9 
 01/10  10:00:00,42966991.67294597,30126240.0,1182449.0045981987,11658302.66834777,10367732.915596873,0.0,13926240.0,2305539.622694743,2305539.622694743,23735564.722321276,-2.561137080192566e-9 
 01/10  11:00:00,41234772.50116956,27716400.0,1249443.0735132757,12268929.427656282,10946753.291466258,0.0,11516400.0,258947.665313241,258947.665313241,25348968.581417993,-4.889443516731262e-9 
 01/10  12:00:00,40476289.86962918,26295840.0,1330178.4387891213,12850271.43084006,11555278.381822627,0.0,10095840.0,0.0,0.0,23375959.09746603,-1.862645149230957e-9 
 01/10  13:00:00,38218202.09578137,24701760.0,1261529.6271673492,12254912.468614025,10976951.59902472,0.0,8501760.0,0.0,0.0,20748338.951973215,-5.122274160385132e-9 
 01/10  14:00:00,40384217.65776768,25764480.0,1423947.961899226,13195789.695868455,11958715.941281108,0.0,9564480.0,0.0,0.0,19811320.592264593,-2.0954757928848267e-9 
 01/10  15:00:00,39290288.92712764,25027200.0,1418170.0324171295,12844918.894710504,11646162.422747739,0.0,10627200.0,0.0,0.0,16627738.797647882,-5.3551048040390015e-9 
 01/10  16:00:00,36538934.80708753,23227200.0,1349770.4068320156,11961964.40025551,10781334.97997937,0.0,10627200.0,0.0,0.0,18775885.632312324,-4.6566128730773926e-9 
 01/10  17:00:00,38093011.39888727,26802000.0,1201167.115694921,10089844.283192351,8917991.374832075,0.0,17802000.0,208392.69667398915,208392.69667398915,7388264.259241555,-3.958120942115784e-9 
 01/10  18:00:00,45359459.08155838,34574400.0,1200779.9240933484,9584279.15746502,8442431.427908033,0.0,25574400.0,138070.78551465832,138070.78551465832,6513076.204261258,-3.958120942115784e-9 
 01/10  19:00:00,32014450.50090216,21600000.0,1136544.5956399357,9277905.905262226,8127562.133961047,0.0,16200000.0,5447141.292415226,5447141.292415226,0.0,-7.450580596923828e-9 
 01/10  20:00:00,20944779.58370172,10800000.0,1136544.5956399357,9008234.988061784,7942692.491448975,0.0,5400000.0,5229933.673018248,5229933.673018248,0.0,-1.5133991837501526e-9 
 01/10  21:00:00,6896544.595639936,5760000.0,1136544.5956399357,0.0,0.0,0.0,5400000.0,0.0,0.0,0.0,-3.841705620288849e-9 
 01/10  22:00:00,2846544.5956399357,1710000.0,1136544.5956399357,0.0,0.0,0.0,1350000.0,0.0,0.0,0.0,-1.3969838619232178e-9 
 01/10  23:00:00,2846544.5956399357,1710000.0,1136544.5956399357,0.0,0.0,0.0,1350000.0,0.0,0.0,0.0,-3.7834979593753815e-9 
 01/10  24:00:00,2846544.5956399357,1710000.0,1136544.5956399357,0.0,0.0,0.0,1350000.0,0.0,0.0,0.0,-1.862645149230957e-9 
 01/11  01:00:00,2846544.5956399357,1710000.0,1136544.5956399357,0.0,0.0,0.0,1350000.0,0.0,0.0,0.0,-4.3655745685100555e-9 
 01/11  02:00:00,2846544.5956399357,1710000.0,1136544.5956399357,0.0,0.0,0.0,1350000.0,0.0,0.0,0.0,2.3865140974521637e-9 
 01/11  03:00:00,2846544.5956399357,1710000.0,1136544.5956399357,0.0,0.0,0.0,1350000.0,0.0,0.0,0.0,8.731149137020111e-10 
 01/11  04:00:00,2846544.5956399357,1710000.0,1136544.5956399357,0.0,0.0,0.0,1350000.0,0.0,0.0,0.0,-2.270098775625229e-9 
 01/11  05:00:00,2846544.5956399357,1710000.0,1136544.5956399357,0.0,0.0,0.0,1350000.0,0.0,0.0,0.0,-1.6589183360338211e-9 
 01/11  06:00:00,2846544.5956399357,1710000.0,1136544.5956399357,0.0,0.0,0.0,1350000.0,0.0,0.0,0.0,6.984919309616089e-10 
 01/11  07:00:00,11447292.364554174,1710000.0,1136544.5956399357,8600747.768914241,7652897.382817237,0.0,1350000.0,5050585.032649858,5050585.032649858,0.0,6.83940015733242e-10 
 01/11  08:00:00,12602997.224572944,1686240.0,1136544.5956399357,9780212.628933009,8698706.745512085,0.0,1326240.0,4998447.285701463,4998447.285701463,3050045.960442612,1.8480932340025902e-9 
 01/11  09:00:00,37624719.4205547,25305120.0,1136544.5956399357,11183054.824914759,9929875.303354872,0.0,18105120.0,4986329.54074789,4986329.54074789,14597434.559014164,-1.8044374883174896e-9 
 01/11  10:00:00,44783551.802359566,31422420.0,1153146.7230386294,12207985.079320937,10840218.403575033,0.0,15222420.0,3965399.052367499,3965399.052367499,17961359.345766433,-4.423782229423523e-9 
 01/11  11:00:00,42427614.160829775,28605600.0,1226065.6938179564,12595948.467011817,11217059.705963798,0.0,12405600.0,715105.4515729801,715105.4515729801,25380618.789530195,-3.026798367500305e-9 
 01/11  12:00:00,40287831.081632845,26295840.0,1295012.585600691,12696978.496032156,11382763.16767645,0.0,10095840.0,0.0,0.0,23588475.416119035,-6.984919309616089e-9 
 01/11  13:00:00,37558312.64307776,24701760.0,1240703.849980257,11615848.79309751,10379664.57191652,0.0,8501760.0,0.0,0.0,20680195.601554602,-2.561137080192566e-9 
 01/11  14:00:00,39256255.523434326,25764480.0,1372518.8202026756,12119256.703231648,10948044.63062825,0.0,9564480.0,0.0,0.0,18717647.2931612,-2.561137080192566e-9 
 01/11  15:00:00,38495311.0692307,25027200.0,1402262.1701191687,12065848.899111528,10923806.236717775,0.0,10627200.0,0.0,0.0,18465038.42839476,-9.313225746154785e-10 
 01/11  16:00:00,36671666.53627703,24116400.0,1301507.9546659356,11253758.581611093,10102832.788006727,0.0,11516400.0,0.0,0.0,14395767.739851685,-5.3551048040390015e-9 
 01/11  17:00:00,35569774.75224058,24073200.0,1200133.8004424288,10296440.951798152,9092245.139122328,0.0,15073200.0,216212.14576841268,216212.14576841268,11704625.220497712,-2.561137080192566e-9 
 01/11  18:00:00,46942114.12952806,35524800.0,1184588.0281961942,10232726.101331877,8995497.125886515,0.0,26524800.0,544075.8419555568,544075.8419555568,1456260.0548072604,9.313225746154785e-10 
 01/11  19:00:00,32730526.578223135,21600000.0,1136544.5956399357,9993981.9825832,8760077.162120923,0.0,16200000.0,5479342.634034983,5479342.634034983,0.0,-4.6566128730773926e-9 
 01/11  20:00:00,21222127.235245023,10800000.0,1136544.5956399357,9285582.639605086,8190093.48957002,0.0,5400000.0,5241745.70683592,5241745.70683592,0.0,-1.5133991837501526e-9 
 01/11  21:00:00,6896544.595639936,5760000.0,1136544.5956399357,0.0,0.0,0.0,5400000.0,0.0,0.0,0.0,-3.958120942115784e-9 
 01/11  22:00:00,2846544.5956399357,1710000.0,1136544.5956399357,0.0,0.0,0.0,1350000.0,0.0,0.0,0.0,-6.402842700481415e-9 
 01/11  23:00:00,2846544.5956399357,1710000.0,1136544.5956399357,0.0,0.0,0.0,1350000.0,0.0,0.0,0.0,9.313225746154785e-10 
 01/11  24:00:00,2846544.5956399357,1710000.0,1136544.5956399357,0.0,0.0,0.0,1350000.0,0.0,0.0,0.0,2.444721758365631e-9 
 01/12  01:00:00,6086544.595639936,4950000.0,1136544.5956399357,0.0,0.0,0.0,1350000.0,0.0,0.0,0.0,-3.3178366720676422e-9 
 01/12  02:00:00,6086544.595639936,4950000.0,1136544.5956399357,0.0,0.0,0.0,1350000.0,0.0,0.0,0.0,6.984919309616089e-10 
 01/12  03:00:00,6086544.595639936,4950000.0,1136544.5956399357,0.0,0.0,0.0,1350000.0,0.0,0.0,0.0,-3.259629011154175e-9 
 01/12  04:00:00,6086544.595639936,4950000.0,1136544.5956399357,0.0,0.0,0.0,1350000.0,0.0,0.0,0.0,-4.307366907596588e-9 
 01/12  05:00:00,6086544.595639936,4950000.0,1136544.5956399357,0.0,0.0,0.0,1350000.0,0.0,0.0,0.0,-9.313225746154785e-10 
 01/12  06:00:00,6086544.595639936,4950000.0,1136544.5956399357,0.0,0.0,0.0,1350000.0,0.0,0.0,0.0,0.0 
 01/12  07:00:00,6086544.595639936,4950000.0,1136544.5956399357,0.0,0.0,0.0,1350000.0,0.0,0.0,95403.26265463323,-2.3283064365386963e-9 
 01/12  08:00:00,6062784.595639936,4926240.0,1136544.5956399357,0.0,0.0,0.0,1326240.0,0.0,0.0,4024727.529763304,-3.3178366720676422e-9 
 01/12  09:00:00,5789904.595639936,4653360.0,1136544.595639936,0.0,0.0,0.0,1053360.0,0.0,0.0,20559875.093691826,-1.8044374883174896e-9 
 01/12  10:00:00,5881884.595639936,4745340.0,1136544.5956399357,0.0,0.0,0.0,1145340.0,0.0,0.0,33295157.265338767,-3.026798367500305e-9 
 01/12  11:00:00,5586567.476624311,4448700.0,1137867.476624311,0.0,0.0,0.0,848700.0,0.0,0.0,27590750.0938511,6.984919309616089e-10 
 01/12  12:00:00,5451760.487522482,4312260.0,1139500.4875224815,0.0,0.0,0.0,712260.0,0.0,0.0,22983909.778110206,-3.6088749766349792e-9 
 01/12  13:00:00,5267904.595639936,4131360.0,1136544.5956399357,0.0,0.0,0.0,531360.0,0.0,0.0,19141479.64177629,-4.423782229423523e-9 
 01/12  14:00:00,5267904.595639936,4131360.0,1136544.5956399357,0.0,0.0,0.0,531360.0,0.0,0.0,20380001.261479788,-4.889443516731262e-9 
 01/12  15:00:00,5267904.595639936,4131360.0,1136544.5956399357,0.0,0.0,0.0,531360.0,0.0,0.0,19232056.611482494,-4.190951585769653e-9 
 01/12  16:00:00,5267904.595639936,4131360.0,1136544.5956399357,0.0,0.0,0.0,531360.0,0.0,0.0,20549757.863728005,-1.1641532182693481e-9 
 01/12  17:00:00,5401284.595639936,4264740.0,1136544.5956399357,0.0,0.0,0.0,664740.0,0.0,0.0,14278712.120403823,-8.149072527885437e-9 
 01/12  18:00:00,5810604.595639936,4674060.0,1136544.5956399357,0.0,0.0,0.0,1074060.0,0.0,0.0,14846739.341517791,-4.540197551250458e-9 
 01/12  19:00:00,6086544.595639936,4950000.0,1136544.5956399357,0.0,0.0,0.0,1350000.0,0.0,0.0,0.0,-2.9103830456733704e-9 
 01/12  20:00:00,6086544.595639936,4950000.0,1136544.5956399357,0.0,0.0,0.0,1350000.0,0.0,0.0,0.0,-1.3969838619232178e-9 
 01/12  21:00:00,6086544.595639936,4950000.0,1136544.5956399357,0.0,0.0,0.0,1350000.0,0.0,0.0,0.0,5.820766091346741e-10 
 01/12  22:00:00,6086544.595639936,4950000.0,1136544.5956399357,0.0,0.0,0.0,1350000.0,0.0,0.0,0.0,-1.7462298274040222e-9 
 01/12  23:00:00,6086544.595639936,4950000.0,1136544.5956399357,0.0,0.0,0.0,1350000.0,0.0,0.0,0.0,5.820766091346741e-10 
 01/12  24:00:00,6086544.595639936,4950000.0,1136544.5956399357,0.0,0.0,0.0,1350000.0,0.0,0.0,0.0,4.656612873077393e-10 
 01/13  01:00:00,6086544.595639936,4950000.0,1136544.5956399357,0.0,0.0,0.0,1350000.0,0.0,0.0,0.0,1.280568540096283e-9 
 01/13  02:00:00,6086544.595639936,4950000.0,1136544.5956399357,0.0,0.0,0.0,1350000.0,0.0,0.0,0.0,-1.2223608791828156e-9 
 01/13  03:00:00,6086544.595639936,4950000.0,1136544.5956399357,0.0,0.0,0.0,1350000.0,0.0,0.0,0.0,-1.3387762010097504e-9 
 01/13  04:00:00,6086544.595639936,4950000.0,1136544.5956399357,0.0,0.0,0.0,1350000.0,0.0,0.0,0.0,-1.7462298274040222e-10 
 01/13  05:00:00,6086544.595639936,4950000.0,1136544.5956399357,0.0,0.0,0.0,1350000.0,0.0,0.0,0.0,1.1059455573558807e-9 
 01/13  06:00:00,6086544.595639936,4950000.0,1136544.5956399357,0.0,0.0,0.0,1350000.0,0.0,0.0,0.0,-2.735760062932968e-9 
 01/13  07:00:00,6086544.595639936,4950000.0,1136544.5956399357,0.0,0.0,0.0,1350000.0,0.0,0.0,254272.21250563342,1.280568540096283e-9 
 01/13  08:00:00,6062784.595639936,4926240.0,1136544.5956399357,0.0,0.0,0.0,1326240.0,0.0,0.0,5313644.714033738,1.6589183360338211e-9 
 01/13  09:00:00,5766144.595639936,4629600.0,1136544.595639936,0.0,0.0,0.0,1029600.0,0.0,0.0,20710944.951847546,-1.7462298274040222e-10 
 01/13  10:00:00,5540784.595639936,4404240.0,1136544.5956399357,0.0,0.0,0.0,804240.0,0.0,0.0,25679073.358189367,5.238689482212067e-10 
 01/13  11:00:00,5540784.595639936,4404240.0,1136544.5956399357,0.0,0.0,0.0,804240.0,0.0,0.0,26838165.295377824,-3.958120942115784e-9 
 01/13  12:00:00,5448804.595639936,4312260.0,1136544.5956399357,0.0,0.0,0.0,712260.0,0.0,0.0,23671330.99180667,-3.4924596548080444e-9 
 01/13  13:00:00,5267904.595639936,4131360.0,1136544.5956399357,0.0,0.0,0.0,531360.0,0.0,0.0,20121316.1716384,-2.444721758365631e-9 
 01/13  14:00:00,5267904.595639936,4131360.0,1136544.5956399357,0.0,0.0,0.0,531360.0,0.0,0.0,17764638.98478645,-1.280568540096283e-9 
 01/13  15:00:00,5267904.595639936,4131360.0,1136544.5956399357,0.0,0.0,0.0,531360.0,0.0,0.0,16419514.213570874,-6.51925802230835e-9 
 01/13  16:00:00,5312364.595639936,4175820.0,1136544.5956399357,0.0,0.0,0.0,575820.0,0.0,0.0,14698208.405434657,-6.05359673500061e-9 
 01/13  17:00:00,5534664.595639936,4398120.0,1136544.5956399357,0.0,0.0,0.0,798120.0,0.0,0.0,9631007.06619312,-2.561137080192566e-9 
 01/13  18:00:00,6062784.595639936,4926240.0,1136544.5956399357,0.0,0.0,0.0,1326240.0,0.0,0.0,1391448.9105920428,-2.561137080192566e-9 
 01/13  19:00:00,6086544.595639936,4950000.0,1136544.5956399357,0.0,0.0,0.0,1350000.0,0.0,0.0,0.0,-3.841705620288849e-9 
 01/13  20:00:00,6086544.595639936,4950000.0,1136544.5956399357,0.0,0.0,0.0,1350000.0,0.0,0.0,0.0,-4.656612873077393e-10 
 01/13  21:00:00,6086544.595639936,4950000.0,1136544.5956399357,0.0,0.0,0.0,1350000.0,0.0,0.0,0.0,1.280568540096283e-9 
 01/13  22:00:00,6086544.595639936,4950000.0,1136544.5956399357,0.0,0.0,0.0,1350000.0,0.0,0.0,0.0,-8.149072527885437e-10 
 01/13  23:00:00,6086544.595639936,4950000.0,1136544.5956399357,0.0,0.0,0.0,1350000.0,0.0,0.0,0.0,-3.6088749766349792e-9 
 01/13  24:00:00,6086544.595639936,4950000.0,1136544.5956399357,0.0,0.0,0.0,1350000.0,0.0,0.0,0.0,-6.05359673500061e-9 
 01/14  01:00:00,2846544.5956399357,1710000.0,1136544.5956399357,0.0,0.0,0.0,1350000.0,0.0,0.0,0.0,-1.1641532182693481e-10 
 01/14  02:00:00,2846544.5956399357,1710000.0,1136544.5956399357,0.0,0.0,0.0,1350000.0,0.0,0.0,0.0,1.3969838619232178e-9 
 01/14  03:00:00,2846544.5956399357,1710000.0,1136544.5956399357,0.0,0.0,0.0,1350000.0,0.0,0.0,0.0,-4.249159246683121e-9 
 01/14  04:00:00,2846544.5956399357,1710000.0,1136544.5956399357,0.0,0.0,0.0,1350000.0,0.0,0.0,0.0,-6.984919309616089e-10 
 01/14  05:00:00,2846544.5956399357,1710000.0,1136544.5956399357,0.0,0.0,0.0,1350000.0,0.0,0.0,0.0,-1.57160684466362e-9 
 01/14  06:00:00,2846544.5956399357,1710000.0,1136544.5956399357,0.0,0.0,0.0,1350000.0,0.0,0.0,0.0,-2.0081643015146255e-9 
 01/14  07:00:00,9209277.906876933,1710000.0,1136544.5956399357,6362733.311236996,5677756.239348431,0.0,1350000.0,5106135.355763416,5106135.355763416,0.0,-2.9103830456733704e-10 
 01/14  08:00:00,10352139.944987673,1710000.0,1136544.5956399357,7505595.349347737,6705648.4921094235,0.0,1350000.0,5054701.577528528,5054701.577528528,2750606.827071711,4.940375220030546e-9 
 01/14  09:00:00,36008121.40708715,25732800.0,1136544.5956399357,9138776.811447212,8137021.945384717,0.0,18532800.0,5044801.994564116,5044801.994564116,16192655.035617698,-1.5133991837501526e-9 
 01/14  10:00:00,46698265.05797125,34859520.0,1184003.4545004596,10654741.603470791,9484644.288126014,0.0,18659520.0,2496984.447522029,2496984.447522029,26872438.24073517,-2.9103830456733704e-9 
 01/14  11:00:00,48842888.795266375,35841600.0,1269385.913347533,11731902.881918842,10496145.147466784,0.0,19641600.0,231498.29481985685,231498.29481985685,27288290.274998114,-6.05359673500061e-9 
 01/14  12:00:00,45204782.29963812,31422420.0,1383157.3403748467,12399204.959263284,11229129.67219677,0.0,15222420.0,0.0,0.0,24135005.347173482,-2.7939677238464355e-9 
 01/14  13:00:00,37198044.0067785,24701760.0,1342158.841316377,11154125.16546213,10124113.593835877,0.0,8501760.0,0.0,0.0,22226517.605215654,-5.122274160385132e-9 
 01/14  14:00:00,38406843.44092237,25764480.0,1502357.6455260355,11140005.795396343,10230195.762699746,0.0,9564480.0,0.0,0.0,18778558.853224292,-3.026798367500305e-9 
 01/14  15:00:00,37389873.000652954,25027200.0,1544357.4940377309,10818315.506615222,9967532.357430162,0.0,10627200.0,0.0,0.0,18861978.637259133,-4.190951585769653e-9 
 01/14  16:00:00,34662912.41647644,23227200.0,1418921.559473557,10016790.857002886,9156674.143044416,0.0,10627200.0,0.0,0.0,16792567.97655145,-4.423782229423523e-9 
 01/14  17:00:00,34210388.56701524,24073200.0,1249857.138772813,8887331.428242426,7963758.61720333,0.0,15073200.0,0.0,0.0,11575357.524749542,-7.683411240577698e-9 
 01/14  18:00:00,45350965.01631528,35524800.0,1202360.5079448633,8623804.508370416,7610211.261009486,0.0,26524800.0,2801.7197273898914,2801.7197273898914,1890233.1152723173,-3.026798367500305e-9 
 01/14  19:00:00,31214905.886420045,21600000.0,1136544.5956399357,8478361.290780112,7406394.098324509,0.0,16200000.0,5342175.034643199,5342175.034643199,0.0,-2.3283064365386963e-9 
 01/14  20:00:00,19826276.29629211,10800000.0,1136544.5956399357,7889731.700652174,6932761.120593338,0.0,5400000.0,5190038.81156888,5190038.81156888,0.0,-2.6775524020195007e-9 
 01/14  21:00:00,6896544.595639936,5760000.0,1136544.5956399357,0.0,0.0,0.0,5400000.0,0.0,0.0,0.0,2.3283064365386963e-10 
 01/14  22:00:00,2846544.5956399357,1710000.0,1136544.5956399357,0.0,0.0,0.0,1350000.0,0.0,0.0,0.0,1.979060471057892e-9 
 01/14  23:00:00,2846544.5956399357,1710000.0,1136544.5956399357,0.0,0.0,0.0,1350000.0,0.0,0.0,0.0,-1.5133991837501526e-9 
 01/14  24:00:00,2846544.5956399357,1710000.0,1136544.5956399357,0.0,0.0,0.0,1350000.0,0.0,0.0,0.0,-5.238689482212067e-10 
 01/15  01:00:00,2846544.5956399357,1710000.0,1136544.5956399357,0.0,0.0,0.0,1350000.0,0.0,0.0,0.0,-1.6298145055770874e-9 
 01/15  02:00:00,2846544.5956399357,1710000.0,1136544.5956399357,0.0,0.0,0.0,1350000.0,0.0,0.0,0.0,-8.149072527885437e-10 
 01/15  03:00:00,2846544.5956399357,1710000.0,1136544.5956399357,0.0,0.0,0.0,1350000.0,0.0,0.0,0.0,2.0372681319713593e-10 
 01/15  04:00:00,2846544.5956399357,1710000.0,1136544.5956399357,0.0,0.0,0.0,1350000.0,0.0,0.0,0.0,3.434251993894577e-9 
 01/15  05:00:00,2846544.5956399357,1710000.0,1136544.5956399357,0.0,0.0,0.0,1350000.0,0.0,0.0,0.0,-3.7834979593753815e-9 
 01/15  06:00:00,2846544.5956399357,1710000.0,1136544.5956399357,0.0,0.0,0.0,1350000.0,0.0,0.0,0.0,4.336470738053322e-9 
 01/15  07:00:00,8996416.622827454,1710000.0,1136544.5956399357,6149872.027187517,5498271.483768334,0.0,1350000.0,5119506.11002577,5119506.11002577,0.0,1.5788828022778034e-9 
 01/15  08:00:00,10019598.1295098,1686240.0,1136544.5956399357,7196813.5338698635,6430075.920392601,0.0,1326240.0,5091885.541912282,5091885.541912282,3927610.528790866,4.99130692332983e-9 
 01/15  09:00:00,35616647.89623994,25732800.0,1137525.1842502076,8746322.711989727,7791024.629698142,0.0,18532800.0,5032301.791664895,5032301.791664895,20012764.233805493,-3.14321368932724e-9 
 01/15  10:00:00,43561692.473543145,32325300.0,1195618.639436314,10040773.834106833,8944684.700912103,0.0,16125300.0,1935054.5077453256,1935054.5077453256,26564088.069623217,-3.259629011154175e-9 
 01/15  11:00:00,41905954.335326314,29556000.0,1238971.5200850077,11110982.815241307,9917462.866405513,0.0,13356000.0,333830.09119971324,333830.09119971324,26601728.25918782,-9.080395102500916e-9 
 01/15  12:00:00,39743455.408032924,26295840.0,1337416.4917753856,12110198.916257538,10914145.396259565,0.0,10095840.0,0.0,0.0,23553106.93615015,-8.149072527885437e-9 
 01/15  13:00:00,37240203.50246787,24701760.0,1273409.45924797,11265034.043219894,10130020.29870313,0.0,8501760.0,0.0,0.0,20287734.338741563,-4.423782229423523e-9 
 01/15  14:00:00,38970743.9641609,25764480.0,1450783.2260158537,11755480.738145038,10713453.768131454,0.0,9564480.0,0.0,0.0,20337805.19289223,-4.6566128730773926e-9 
 01/15  15:00:00,37992820.55180716,25027200.0,1512468.896377228,11453151.655429933,10486519.773190664,0.0,10627200.0,0.0,0.0,21133178.394428376,-6.28642737865448e-9 
 01/15  16:00:00,34864167.3168283,23227200.0,1409893.4414117718,10227073.875416528,9315763.692987718,0.0,10627200.0,0.0,0.0,18903307.49480193,-5.122274160385132e-9 
 01/15  17:00:00,36320149.7763503,26740800.0,1231648.8496557896,8347700.92669451,7443840.672582569,0.0,17740800.0,0.0,0.0,9098359.099682026,-5.820766091346741e-9 
 01/15  18:00:00,44962250.46262761,36000000.0,1194540.9244822683,7767709.538145345,6824092.788987644,0.0,27000000.0,116006.36627010132,116006.36627010132,1899455.137897658,-3.026798367500305e-9 
 01/15  19:00:00,30535932.835950825,21600000.0,1136544.5956399357,7799388.240310888,6807462.482321,0.0,16200000.0,5405668.188148208,5405668.188148208,0.0,-2.0954757928848267e-9 
 01/15  20:00:00,19754995.414156098,10800000.0,1136544.5956399357,7818450.818516163,6872346.020228034,0.0,5400000.0,5214925.107044099,5214925.107044099,0.0,-2.561137080192566e-9 
 01/15  21:00:00,6896544.595639936,5760000.0,1136544.5956399357,0.0,0.0,0.0,5400000.0,0.0,0.0,0.0,1.6298145055770874e-9 
 01/15  22:00:00,2846544.5956399357,1710000.0,1136544.5956399357,0.0,0.0,0.0,1350000.0,0.0,0.0,0.0,1.280568540096283e-9 
 01/15  23:00:00,2846544.5956399357,1710000.0,1136544.5956399357,0.0,0.0,0.0,1350000.0,0.0,0.0,0.0,-2.3283064365386963e-10 
 01/15  24:00:00,2846544.5956399357,1710000.0,1136544.5956399357,0.0,0.0,0.0,1350000.0,0.0,0.0,0.0,2.7939677238464355e-9 
 01/16  01:00:00,2846544.5956399357,1710000.0,1136544.5956399357,0.0,0.0,0.0,1350000.0,0.0,0.0,0.0,-1.4551915228366852e-9 
 01/16  02:00:00,2846544.5956399357,1710000.0,1136544.5956399357,0.0,0.0,0.0,1350000.0,0.0,0.0,0.0,-6.984919309616089e-10 
 01/16  03:00:00,2846544.5956399357,1710000.0,1136544.5956399357,0.0,0.0,0.0,1350000.0,0.0,0.0,0.0,-8.731149137020111e-10 
 01/16  04:00:00,2846544.5956399357,1710000.0,1136544.5956399357,0.0,0.0,0.0,1350000.0,0.0,0.0,0.0,-1.862645149230957e-9 
 01/16  05:00:00,2846544.5956399357,1710000.0,1136544.5956399357,0.0,0.0,0.0,1350000.0,0.0,0.0,0.0,5.238689482212067e-10 
 01/16  06:00:00,2846544.5956399357,1710000.0,1136544.5956399357,0.0,0.0,0.0,1350000.0,0.0,0.0,0.0,-2.1827872842550278e-9 
 01/16  07:00:00,9386700.547378754,1710000.0,1136544.5956399357,6540155.9517388195,5841059.2320036255,0.0,1350000.0,5111119.11264717,5111119.11264717,40244.89095488642,4.001776687800884e-10 
 01/16  08:00:00,10588225.537626725,1686240.0,1136544.5956399357,7765440.941986788,6927475.644301046,0.0,1326240.0,5044073.735496324,5044073.735496324,3678406.2479988607,-2.750311978161335e-9 
 01/16  09:00:00,35380874.95713771,24504840.0,1136544.595639936,9739490.361497782,8659270.146574391,0.0,17304840.0,4997843.562299103,4997843.562299103,17392704.86888947,-1.7462298274040222e-9 
 01/16  10:00:00,43937249.367746614,31480560.0,1178411.3752655888,11278277.992481023,10026267.054575998,0.0,15280560.0,2733544.4805988483,2733544.4805988483,24476550.62986683,-2.6775524020195007e-9 
 01/16  11:00:00,45392133.23382353,31809600.0,1240231.0911069964,12342302.142716538,10999408.603936028,0.0,15609600.0,421314.9181356006,421314.9181356006,26698472.60450019,-1.1641532182693481e-9 
 01/16  12:00:00,41236039.282037385,27140580.0,1310063.142580542,12785396.139456846,11477634.189004613,0.0,10940580.0,0.0,0.0,23710426.86350415,-2.561137080192566e-9 
 01/16  13:00:00,38007241.45002455,24701760.0,1260657.5935819035,12044823.856442655,10791947.525959332,0.0,8501760.0,0.0,0.0,20564434.796338588,-2.561137080192566e-9 
 01/16  14:00:00,39528052.17037787,25764480.0,1418273.8613484534,12345298.309029426,11197986.1136396,0.0,9564480.0,0.0,0.0,19428181.386312038,-2.3283064365386963e-9 
 01/16  15:00:00,38318457.95944944,25027200.0,1437826.639766521,11853431.31968292,10777402.498357583,0.0,10627200.0,0.0,0.0,18273663.82842108,-3.259629011154175e-9 
 01/16  16:00:00,36577115.69734693,25005600.0,1313922.7138029817,10257592.983543953,9242559.27883207,0.0,12405600.0,0.0,0.0,12991120.339556469,-3.4924596548080444e-9 
 01/16  17:00:00,30468804.809423964,20516400.0,1213313.611471342,8739091.197952619,7736001.426338113,0.0,11516400.0,0.0,0.0,16808682.051079407,-3.4924596548080444e-9 
 01/16  18:00:00,42870212.30199593,33685200.0,1191408.8313397113,7993603.470656218,7026944.221292168,0.0,24685200.0,306063.56949033635,306063.56949033635,5178323.85955088,-3.259629011154175e-9 
 01/16  19:00:00,30502649.419080317,21600000.0,1136544.5956399357,7766104.82344038,6788643.933283656,0.0,16200000.0,5437344.574254986,5437344.574254986,0.0,-4.423782229423523e-9 
 01/16  20:00:00,19407606.442290626,10800000.0,1136544.5956399357,7471061.84665069,6577266.795955384,0.0,5400000.0,5226252.274178342,5226252.274178342,0.0,-1.3969838619232178e-9 
 01/16  21:00:00,6896544.595639936,5760000.0,1136544.5956399357,0.0,0.0,0.0,5400000.0,0.0,0.0,0.0,-2.6775524020195007e-9 
 01/16  22:00:00,2846544.5956399357,1710000.0,1136544.5956399357,0.0,0.0,0.0,1350000.0,0.0,0.0,0.0,-1.1641532182693481e-9 
 01/16  23:00:00,2846544.5956399357,1710000.0,1136544.5956399357,0.0,0.0,0.0,1350000.0,0.0,0.0,0.0,-3.3178366720676422e-9 
 01/16  24:00:00,2846544.5956399357,1710000.0,1136544.5956399357,0.0,0.0,0.0,1350000.0,0.0,0.0,0.0,5.820766091346741e-10 
 01/17  01:00:00,2846544.5956399357,1710000.0,1136544.5956399357,0.0,0.0,0.0,1350000.0,0.0,0.0,0.0,7.566995918750763e-10 
 01/17  02:00:00,2846544.5956399357,1710000.0,1136544.5956399357,0.0,0.0,0.0,1350000.0,0.0,0.0,0.0,-2.6193447411060333e-9 
 01/17  03:00:00,2846544.5956399357,1710000.0,1136544.5956399357,0.0,0.0,0.0,1350000.0,0.0,0.0,0.0,-1.5133991837501526e-9 
 01/17  04:00:00,2846544.5956399357,1710000.0,1136544.5956399357,0.0,0.0,0.0,1350000.0,0.0,0.0,0.0,-2.561137080192566e-9 
 01/17  05:00:00,2846544.5956399357,1710000.0,1136544.5956399357,0.0,0.0,0.0,1350000.0,0.0,0.0,0.0,1.1641532182693481e-10 
 01/17  06:00:00,2846544.5956399357,1710000.0,1136544.5956399357,0.0,0.0,0.0,1350000.0,0.0,0.0,0.0,9.604264050722122e-10 
 01/17  07:00:00,9949250.147914138,1710000.0,1136544.5956399357,7102705.552274203,6337798.384978969,0.0,1350000.0,5095523.234233405,5095523.234233405,40244.6300484214,-1.367880031466484e-9 
 01/17  08:00:00,10789124.49680024,1686240.0,1136544.5956399357,7966339.901160305,7107958.785323495,0.0,1326240.0,5070971.030897397,5070971.030897397,3885318.898087523,2.291926648467779e-9 
 01/17  09:00:00,35063754.40264851,24504840.0,1136699.1051332676,9422215.297515247,8386782.876188138,0.0,17304840.0,5070154.055430686,5070154.055430686,19033584.706696294,-2.444721758365631e-9 
 01/17  10:00:00,42588542.5956007,31029120.0,1188594.7708143776,10370827.82478632,9235409.40127885,0.0,14829120.0,2193244.966443776,2193244.966443776,25007124.42426607,-6.984919309616089e-10 
 01/17  11:00:00,41081547.01198769,28605600.0,1234802.337159107,11241144.674828589,10026342.776189314,0.0,12405600.0,382400.51825151773,382400.51825151773,26073544.318367578,-4.190951585769653e-9 
 01/17  12:00:00,39404934.22396702,26295840.0,1307897.2889825124,11801196.934984507,10600152.013105271,0.0,10095840.0,0.0,0.0,23669838.849694975,-2.561137080192566e-9 
 01/17  13:00:00,37153805.872055955,24701760.0,1249855.244553634,11202190.627502322,10021956.707855344,0.0,8501760.0,0.0,0.0,21160209.21792777,-2.3283064365386963e-10 
 01/17  14:00:00,39293853.70545274,25764480.0,1404791.6053770822,12124582.100075655,10974795.812787166,0.0,9564480.0,0.0,0.0,20636810.62318939,-7.683411240577698e-9 
 01/17  15:00:00,38678753.8051362,25027200.0,1426485.0329105614,12225068.772225635,11084544.040273108,0.0,10627200.0,0.0,0.0,19431391.95932746,-8.381903171539307e-9 
 01/17  16:00:00,35404079.906351164,23227200.0,1323757.2761503926,10853122.630200766,9773260.826098636,0.0,10627200.0,0.0,0.0,16444317.578124631,-3.026798367500305e-9 
 01/17  17:00:00,31053095.05970124,20516400.0,1229303.4512071684,9307391.608494077,8262538.857594239,0.0,11516400.0,0.0,0.0,18727119.94938136,-2.3283064365386963e-9 
 01/17  18:00:00,42976947.42123998,33685200.0,1201612.5393794496,8090134.881860532,7125667.699749635,0.0,24685200.0,38128.42783803791,38128.42783803791,5537731.202026858,-2.3283064365386963e-10 
 01/17  19:00:00,30154647.57561691,21600000.0,1136544.5956399357,7418102.979976974,6479757.419502658,0.0,16200000.0,5399995.066315914,5399995.066315914,0.0,-9.313225746154785e-10 
 01/17  20:00:00,18760196.444817852,10800000.0,1136544.5956399357,6823651.8491779175,6002601.0576187605,0.0,5400000.0,5211447.674680265,5211447.674680265,0.0,-2.0954757928848267e-9 
 01/17  21:00:00,6896544.595639936,5760000.0,1136544.5956399357,0.0,0.0,0.0,5400000.0,0.0,0.0,0.0,-1.6298145055770874e-9 
 01/17  22:00:00,2846544.5956399357,1710000.0,1136544.5956399357,0.0,0.0,0.0,1350000.0,0.0,0.0,0.0,-6.984919309616089e-10 
 01/17  23:00:00,2846544.5956399357,1710000.0,1136544.5956399357,0.0,0.0,0.0,1350000.0,0.0,0.0,0.0,-4.540197551250458e-9 
 01/17  24:00:00,2846544.5956399357,1710000.0,1136544.5956399357,0.0,0.0,0.0,1350000.0,0.0,0.0,0.0,-3.4924596548080444e-10 
 01/18  01:00:00,2846544.5956399357,1710000.0,1136544.5956399357,0.0,0.0,0.0,1350000.0,0.0,0.0,0.0,-1.3387762010097504e-9 
 01/18  02:00:00,2846544.5956399357,1710000.0,1136544.5956399357,0.0,0.0,0.0,1350000.0,0.0,0.0,0.0,1.57160684466362e-9 
 01/18  03:00:00,2846544.5956399357,1710000.0,1136544.5956399357,0.0,0.0,0.0,1350000.0,0.0,0.0,0.0,-3.6670826375484467e-9 
 01/18  04:00:00,2846544.5956399357,1710000.0,1136544.5956399357,0.0,0.0,0.0,1350000.0,0.0,0.0,0.0,-2.9976945370435715e-9 
 01/18  05:00:00,2846544.5956399357,1710000.0,1136544.5956399357,0.0,0.0,0.0,1350000.0,0.0,0.0,0.0,-1.280568540096283e-9 
 01/18  06:00:00,2846544.5956399357,1710000.0,1136544.5956399357,0.0,0.0,0.0,1350000.0,0.0,0.0,0.0,-2.7066562324762344e-9 
 01/18  07:00:00,9205897.62652031,1710000.0,1136544.5956399357,6359353.030880372,5676830.301059802,0.0,1350000.0,5097859.291225454,5097859.291225454,0.0,-3.92901711165905e-10 
 01/18  08:00:00,10111008.29177465,1710000.0,1136544.5956399357,7264463.6961347135,6480335.989091496,0.0,1350000.0,5044680.796759071,5044680.796759071,2475722.184535172,-5.966285243630409e-10 
 01/18  09:00:00,35556316.41491722,25732800.0,1136544.5956399357,8686971.819277287,7724580.668168886,0.0,18532800.0,5014849.455978448,5014849.455978448,14123243.83521063,-2.9103830456733704e-10 
 01/18  10:00:00,41708321.061747424,30577680.0,1164399.16905469,9966241.892692734,8855956.091427442,0.0,14377680.0,3422652.574216421,3422652.574216421,23461069.670303497,-1.5133991837501526e-9 
 01/18  11:00:00,38883395.746066816,26827200.0,1196885.404019066,10859310.342047747,9656135.259784121,0.0,10627200.0,1501477.2768226634,1501477.2768226634,23028881.085427143,4.656612873077393e-10 
 01/18  12:00:00,38871432.860064626,26295840.0,1255614.714296876,11319978.145767748,10115360.570043504,0.0,10095840.0,37832.24906573533,37832.24906573533,23619523.32132462,-7.683411240577698e-9 
 01/18  13:00:00,36685422.84715544,24701760.0,1224214.0845354628,10759448.762619978,9607695.41189896,0.0,8501760.0,0.0,0.0,20673937.38320297,-1.6298145055770874e-9 
 01/18  14:00:00,38625005.54034985,25764480.0,1381270.7093022252,11479254.831047617,10403063.305575723,0.0,9564480.0,0.0,0.0,18773473.870305836,-5.3551048040390015e-9 
 01/18  15:00:00,37984471.2530271,25027200.0,1478712.9636547072,11478558.289372388,10480462.22393053,0.0,10627200.0,0.0,0.0,21774926.80406829,-3.259629011154175e-9 
 01/18  16:00:00,35206362.691044874,23227200.0,1425804.5252901565,10553358.165754717,9619685.33110236,0.0,10627200.0,0.0,0.0,21642861.478187487,-1.6298145055770874e-9 
 01/18  17:00:00,33794274.95164992,24073200.0,1243529.2732470015,8477545.678402914,7573850.635465928,0.0,15073200.0,0.0,0.0,11959677.685443066,-9.313225746154785e-10 
 01/18  18:00:00,43017765.48510152,34099200.0,1214458.381476235,7704107.103625293,6804978.246215366,0.0,25099200.0,0.0,0.0,6363538.124721203,-5.820766091346741e-9 
 01/18  19:00:00,29924307.089701205,21600000.0,1136544.5956399357,7187762.494061269,6271019.626848044,0.0,16200000.0,5433566.733949306,5433566.733949306,0.0,-3.725290298461914e-9 
 01/18  20:00:00,18726449.054827586,10800000.0,1136544.5956399357,6789904.45918765,5965618.378369436,0.0,5400000.0,5224932.836706661,5224932.836706661,0.0,-2.7939677238464355e-9 
 01/18  21:00:00,6896544.595639936,5760000.0,1136544.5956399357,0.0,0.0,0.0,5400000.0,0.0,0.0,0.0,-1.7462298274040222e-9 
 01/18  22:00:00,2846544.5956399357,1710000.0,1136544.5956399357,0.0,0.0,0.0,1350000.0,0.0,0.0,0.0,-1.6298145055770874e-9 
 01/18  23:00:00,2846544.5956399357,1710000.0,1136544.5956399357,0.0,0.0,0.0,1350000.0,0.0,0.0,0.0,-1.7462298274040222e-9 
 01/18  24:00:00,2846544.5956399357,1710000.0,1136544.5956399357,0.0,0.0,0.0,1350000.0,0.0,0.0,0.0,0.0 
 01/19  01:00:00,6086544.595639936,4950000.0,1136544.5956399357,0.0,0.0,0.0,1350000.0,0.0,0.0,0.0,-2.444721758365631e-9 
 01/19  02:00:00,6086544.595639936,4950000.0,1136544.5956399357,0.0,0.0,0.0,1350000.0,0.0,0.0,0.0,3.4924596548080444e-10 
 01/19  03:00:00,6086544.595639936,4950000.0,1136544.5956399357,0.0,0.0,0.0,1350000.0,0.0,0.0,0.0,1.280568540096283e-9 
 01/19  04:00:00,6086544.595639936,4950000.0,1136544.5956399357,0.0,0.0,0.0,1350000.0,0.0,0.0,0.0,-1.8044374883174896e-9 
 01/19  05:00:00,6086544.595639936,4950000.0,1136544.5956399357,0.0,0.0,0.0,1350000.0,0.0,0.0,0.0,1.9208528101444244e-9 
 01/19  06:00:00,6086544.595639936,4950000.0,1136544.5956399357,0.0,0.0,0.0,1350000.0,0.0,0.0,0.0,-6.984919309616089e-10 
 01/19  07:00:00,6086544.595639936,4950000.0,1136544.5956399357,0.0,0.0,0.0,1350000.0,0.0,0.0,50340.33988627352,-1.3387762010097504e-9 
 01/19  08:00:00,6086544.595639936,4950000.0,1136544.5956399357,0.0,0.0,0.0,1350000.0,0.0,0.0,2436989.8170219082,-9.604264050722122e-10 
 01/19  09:00:00,5766144.595639936,4629600.0,1136544.5956399357,0.0,0.0,0.0,1029600.0,0.0,0.0,14508712.396274598,-4.103640094399452e-9 
 01/19  10:00:00,5718624.595639936,4582080.0,1136544.595639936,0.0,0.0,0.0,982080.0,0.0,0.0,26727452.08405307,4.656612873077393e-10 
 01/19  11:00:00,5629704.595639936,4493160.0,1136544.5956399357,0.0,0.0,0.0,893160.0,0.0,0.0,27397109.977410145,3.725290298461914e-9 
 01/19  12:00:00,5356824.595639936,4220280.0,1136544.5956399357,0.0,0.0,0.0,620280.0,0.0,0.0,24101813.699498158,-1.6298145055770874e-9 
 01/19  13:00:00,5267904.595639936,4131360.0,1136544.5956399357,0.0,0.0,0.0,531360.0,0.0,0.0,22453304.26994098,-2.0954757928848267e-9 
 01/19  14:00:00,5267904.595639936,4131360.0,1136544.5956399357,0.0,0.0,0.0,531360.0,0.0,0.0,21118483.283901792,-3.958120942115784e-9 
 01/19  15:00:00,5267904.595639936,4131360.0,1136544.5956399357,0.0,0.0,0.0,531360.0,0.0,0.0,21499498.62045444,-1.3969838619232178e-9 
 01/19  16:00:00,5267904.595639936,4131360.0,1136544.5956399357,0.0,0.0,0.0,531360.0,0.0,0.0,17642667.45113453,2.0954757928848267e-9 
 01/19  17:00:00,5445744.595639936,4309200.0,1136544.5956399357,0.0,0.0,0.0,709200.0,0.0,0.0,13210543.477868052,-5.122274160385132e-9 
 01/19  18:00:00,6015264.595639936,4878720.0,1136544.5956399357,0.0,0.0,0.0,1278720.0,0.0,0.0,5823289.684276253,-3.259629011154175e-9 
 01/19  19:00:00,6086544.595639936,4950000.0,1136544.5956399357,0.0,0.0,0.0,1350000.0,0.0,0.0,0.0,-2.7939677238464355e-9 
 01/19  20:00:00,6086544.595639936,4950000.0,1136544.5956399357,0.0,0.0,0.0,1350000.0,0.0,0.0,0.0,-4.307366907596588e-9 
 01/19  21:00:00,6086544.595639936,4950000.0,1136544.5956399357,0.0,0.0,0.0,1350000.0,0.0,0.0,0.0,-6.51925802230835e-9 
 01/19  22:00:00,6086544.595639936,4950000.0,1136544.5956399357,0.0,0.0,0.0,1350000.0,0.0,0.0,0.0,-1.3969838619232178e-9 
 01/19  23:00:00,6086544.595639936,4950000.0,1136544.5956399357,0.0,0.0,0.0,1350000.0,0.0,0.0,0.0,-2.3283064365386963e-9 
 01/19  24:00:00,6086544.595639936,4950000.0,1136544.5956399357,0.0,0.0,0.0,1350000.0,0.0,0.0,0.0,-2.2118911147117615e-9 
 01/20  01:00:00,6086544.595639936,4950000.0,1136544.5956399357,0.0,0.0,0.0,1350000.0,0.0,0.0,0.0,-1.280568540096283e-9 
 01/20  02:00:00,6086544.595639936,4950000.0,1136544.5956399357,0.0,0.0,0.0,1350000.0,0.0,0.0,0.0,-1.6298145055770874e-9 
 01/20  03:00:00,6086544.595639936,4950000.0,1136544.5956399357,0.0,0.0,0.0,1350000.0,0.0,0.0,0.0,-1.57160684466362e-9 
 01/20  04:00:00,6086544.595639936,4950000.0,1136544.5956399357,0.0,0.0,0.0,1350000.0,0.0,0.0,0.0,1.6298145055770874e-9 
 01/20  05:00:00,6086544.595639936,4950000.0,1136544.5956399357,0.0,0.0,0.0,1350000.0,0.0,0.0,0.0,3.3760443329811096e-9 
 01/20  06:00:00,6086544.595639936,4950000.0,1136544.5956399357,0.0,0.0,0.0,1350000.0,0.0,0.0,0.0,-9.313225746154785e-10 
 01/20  07:00:00,6086544.595639936,4950000.0,1136544.5956399357,0.0,0.0,0.0,1350000.0,0.0,0.0,456466.6770302426,-4.94765117764473e-10 
 01/20  08:00:00,6086544.595639936,4950000.0,1136544.5956399357,0.0,0.0,0.0,1350000.0,0.0,0.0,6992811.065647166,-1.8917489796876907e-9 
 01/20  09:00:00,5858124.595639936,4721580.0,1136544.5956399357,0.0,0.0,0.0,1121580.0,0.0,0.0,24785160.03598144,-5.034962669014931e-9 
 01/20  10:00:00,5697924.595639936,4561380.0,1136544.5956399357,0.0,0.0,0.0,961380.0,0.0,0.0,26967874.74335042,-3.3760443329811096e-9 
 01/20  11:00:00,5721684.595639936,4585140.0,1136544.5956399357,0.0,0.0,0.0,985140.0,0.0,0.0,28420107.26508133,-4.656612873077393e-10 
 01/20  12:00:00,5357043.049236775,4220280.0,1136763.049236775,0.0,0.0,0.0,620280.0,0.0,0.0,23737308.60551749,-3.259629011154175e-9 
 01/20  13:00:00,5425044.595639936,4288500.0,1136544.5956399357,0.0,0.0,0.0,688500.0,0.0,0.0,18753076.82468556,-2.0954757928848267e-9 
 01/20  14:00:00,5267904.595639936,4131360.0,1136544.5956399357,0.0,0.0,0.0,531360.0,0.0,0.0,18742853.579799157,-5.122274160385132e-9 
 01/20  15:00:00,5267904.595639936,4131360.0,1136544.5956399357,0.0,0.0,0.0,531360.0,0.0,0.0,21659513.583526786,-6.984919309616089e-10 
 01/20  16:00:00,5267904.595639936,4131360.0,1136544.5956399357,0.0,0.0,0.0,531360.0,0.0,0.0,21727344.79035526,-4.423782229423523e-9 
 01/20  17:00:00,5312364.595639936,4175820.0,1136544.5956399357,0.0,0.0,0.0,575820.0,0.0,0.0,17733157.117835134,-1.6298145055770874e-9 
 01/20  18:00:00,6015264.595639936,4878720.0,1136544.5956399357,0.0,0.0,0.0,1278720.0,0.0,0.0,3684269.497222205,-3.259629011154175e-9 
 01/20  19:00:00,6086544.595639936,4950000.0,1136544.5956399357,0.0,0.0,0.0,1350000.0,0.0,0.0,0.0,-4.889443516731262e-9 
 01/20  20:00:00,6086544.595639936,4950000.0,1136544.5956399357,0.0,0.0,0.0,1350000.0,0.0,0.0,0.0,-6.984919309616089e-10 
 01/20  21:00:00,6086544.595639936,4950000.0,1136544.5956399357,0.0,0.0,0.0,1350000.0,0.0,0.0,0.0,-1.5133991837501526e-9 
 01/20  22:00:00,6086544.595639936,4950000.0,1136544.5956399357,0.0,0.0,0.0,1350000.0,0.0,0.0,0.0,-1.280568540096283e-9 
 01/20  23:00:00,6086544.595639936,4950000.0,1136544.5956399357,0.0,0.0,0.0,1350000.0,0.0,0.0,0.0,-3.841705620288849e-9 
 01/20  24:00:00,6086544.595639936,4950000.0,1136544.5956399357,0.0,0.0,0.0,1350000.0,0.0,0.0,0.0,-5.820766091346741e-10 
 01/21  01:00:00,2846544.5956399357,1710000.0,1136544.5956399357,0.0,0.0,0.0,1350000.0,0.0,0.0,0.0,-2.6775524020195007e-9 
 01/21  02:00:00,2846544.5956399357,1710000.0,1136544.5956399357,0.0,0.0,0.0,1350000.0,0.0,0.0,0.0,-2.9103830456733704e-10 
 01/21  03:00:00,2846544.5956399357,1710000.0,1136544.5956399357,0.0,0.0,0.0,1350000.0,0.0,0.0,0.0,-2.153683453798294e-9 
 01/21  04:00:00,2846544.5956399357,1710000.0,1136544.5956399357,0.0,0.0,0.0,1350000.0,0.0,0.0,0.0,-1.8044374883174896e-9 
 01/21  05:00:00,2846544.5956399357,1710000.0,1136544.5956399357,0.0,0.0,0.0,1350000.0,0.0,0.0,0.0,-4.2782630771398544e-9 
 01/21  06:00:00,2846544.5956399357,1710000.0,1136544.5956399357,0.0,0.0,0.0,1350000.0,0.0,0.0,0.0,-2.8230715543031693e-9 
 01/21  07:00:00,8836538.692460058,1710000.0,1136544.5956399357,5989994.096820122,5362050.898336324,0.0,1350000.0,5156345.9219732415,5156345.9219732415,499392.63749582204,-3.0850060284137726e-9 
 01/21  08:00:00,9667967.905681308,1710000.0,1136544.5956399357,6821423.310041374,6106527.322170479,0.0,1350000.0,5121248.938706542,5121248.938706542,7209885.282815628,-2.3283064365386963e-10 
 01/21  09:00:00,37272969.275902525,28188720.0,1150867.7109005072,7933381.565002006,7087112.831158759,0.0,20988720.0,4321378.280854232,4321378.280854232,25509200.142844714,-2.3865140974521637e-9 
 01/21  10:00:00,48061435.63615717,38354760.0,1212568.1182829638,8494107.517874211,7597603.114342619,0.0,22154760.0,993594.753076389,993594.753076389,29984159.06220563,-2.561137080192566e-9 
 01/21  11:00:00,48668956.47529778,37742400.0,1360956.3825973596,9565600.092700414,8675040.7549448,0.0,21542400.0,0.0,0.0,27668525.96134776,-3.259629011154175e-9 
 01/21  12:00:00,44896949.393625095,33170040.0,1494274.8150124536,10232634.578612642,9407907.529980391,0.0,16970040.0,0.0,0.0,23472775.397468638,-7.916241884231567e-9 
 01/21  13:00:00,36307129.77978345,25413120.0,1390949.1233028187,9503060.656480635,8705711.855231624,0.0,9213120.0,0.0,0.0,19855861.896914408,-6.752088665962219e-9 
 01/21  14:00:00,37950258.099529244,25764480.0,1602352.6820905863,10583425.417438654,9794164.97853741,0.0,9564480.0,0.0,0.0,20692894.664201617,-5.820766091346741e-9 
 01/21  15:00:00,37688335.99051726,25027200.0,1641824.8149336001,11019311.17558366,10207506.589886382,0.0,10627200.0,0.0,0.0,21337937.153688353,-4.889443516731262e-9 
 01/21  16:00:00,34938155.479603365,23227200.0,1497394.0374054287,10213561.442197936,9392014.460261676,0.0,10627200.0,0.0,0.0,20251244.862488817,-3.026798367500305e-9 
 01/21  17:00:00,33046232.560510024,23184000.0,1278403.4889757717,8583829.071534252,7736903.029845219,0.0,14184000.0,0.0,0.0,12356398.424851732,0.0 
 01/21  18:00:00,42252136.011802,33210000.0,1227886.012687738,7814249.999114264,6958398.230296943,0.0,24210000.0,0.0,0.0,6572901.390671874,-8.381903171539307e-9 
 01/21  19:00:00,29957643.72923878,21600000.0,1136544.5956399357,7221099.133598843,6311467.446343412,0.0,16200000.0,5352248.046626673,5352248.046626673,0.0,-4.889443516731262e-9 
 01/21  20:00:00,18758483.909243483,10800000.0,1136544.5956399357,6821939.31360355,5994312.620776737,0.0,5400000.0,5193546.111820465,5193546.111820465,0.0,-2.3283064365386963e-9 
 01/21  21:00:00,6896544.595639936,5760000.0,1136544.5956399357,0.0,0.0,0.0,5400000.0,0.0,0.0,0.0,-9.313225746154785e-10 
 01/21  22:00:00,2846544.5956399357,1710000.0,1136544.5956399357,0.0,0.0,0.0,1350000.0,0.0,0.0,0.0,-1.979060471057892e-9 
 01/21  23:00:00,2846544.5956399357,1710000.0,1136544.5956399357,0.0,0.0,0.0,1350000.0,0.0,0.0,0.0,-1.3969838619232178e-9 
 01/21  24:00:00,2846544.5956399357,1710000.0,1136544.5956399357,0.0,0.0,0.0,1350000.0,0.0,0.0,0.0,-2.270098775625229e-9 
 01/22  01:00:00,2846544.5956399357,1710000.0,1136544.5956399357,0.0,0.0,0.0,1350000.0,0.0,0.0,0.0,2.852175384759903e-9 
 01/22  02:00:00,2846544.5956399357,1710000.0,1136544.5956399357,0.0,0.0,0.0,1350000.0,0.0,0.0,0.0,-1.3387762010097504e-9 
 01/22  03:00:00,2846544.5956399357,1710000.0,1136544.5956399357,0.0,0.0,0.0,1350000.0,0.0,0.0,0.0,8.731149137020111e-10 
 01/22  04:00:00,2846544.5956399357,1710000.0,1136544.5956399357,0.0,0.0,0.0,1350000.0,0.0,0.0,0.0,-5.529727786779404e-10 
 01/22  05:00:00,2846544.5956399357,1710000.0,1136544.5956399357,0.0,0.0,0.0,1350000.0,0.0,0.0,0.0,-9.89530235528946e-10 
 01/22  06:00:00,2846544.5956399357,1710000.0,1136544.5956399357,0.0,0.0,0.0,1350000.0,0.0,0.0,0.0,2.9103830456733704e-11 
 01/22  07:00:00,9771676.54679729,1710000.0,1136544.5956399357,6925131.951157356,6181929.756147516,0.0,1350000.0,5122096.881126367,5122096.881126367,298543.21942574414,-8.149072527885437e-10 
 01/22  08:00:00,10920084.663920155,1686240.0,1136544.5956399357,8097300.06828022,7225989.431757193,0.0,1326240.0,5092399.402555452,5092399.402555452,5233607.462176252,-1.4551915228366852e-11 
 01/22  09:00:00,35703381.03737402,24932520.0,1136544.595639936,9634316.441734085,8577676.135889396,0.0,17732520.0,5101952.635235892,5101952.635235892,18131570.484771624,-2.561137080192566e-9 
 01/22  10:00:00,42496957.522654876,30577680.0,1169267.3994278705,10750010.123227,9575013.683146086,0.0,14377680.0,3110571.500265476,3110571.500265476,20290152.52620693,-4.190951585769653e-9 
 01/22  11:00:00,42594797.49162449,29494800.0,1239712.6513517173,11860284.840272766,10594010.934816051,0.0,13294800.0,536872.9495715839,536872.9495715839,25559050.764909506,-4.6566128730773926e-9 
 01/22  12:00:00,40427563.393099,26295840.0,1322374.2462772666,12809349.146821735,11522769.02568378,0.0,10095840.0,0.0,0.0,23682137.06846127,-4.423782229423523e-9 
 01/22  13:00:00,38550032.091606215,24701760.0,1272823.3395195873,12575448.75208663,11283769.624924583,0.0,8501760.0,0.0,0.0,20958372.89447884,-4.190951585769653e-9 
 01/22  14:00:00,40983889.36907286,25764480.0,1430358.723902249,13789050.64517062,12497188.212289585,0.0,9564480.0,0.0,0.0,18960977.992979072,-4.190951585769653e-9 
 01/22  15:00:00,42811134.56600951,27694800.0,1416547.5012122001,13699787.064797308,12406768.591620617,0.0,13294800.0,0.0,0.0,14042888.016659187,-1.1641532182693481e-9 
 01/22  16:00:00,43872356.11973415,29988000.0,1320085.1424489475,12564270.977285214,11283393.32696482,0.0,17388000.0,0.0,0.0,10659352.505492862,-4.889443516731262e-9 
 01/22  17:00:00,39824603.79910758,27691200.0,1200201.9832712363,10933201.815836351,9651087.487525597,0.0,18691200.0,153802.77578718227,153802.77578718227,7800819.338333671,-3.725290298461914e-9 
 01/22  18:00:00,42378487.95718266,30895200.0,1208198.4855722943,10275089.471610367,9060085.705410147,0.0,21895200.0,169924.4674163966,169924.4674163966,12475820.141263064,-4.889443516731262e-9 
 01/22  19:00:00,32327032.94444505,21600000.0,1136544.5956399357,9590488.348805116,8405467.30151496,0.0,16200000.0,5438207.887446572,5438207.887446572,0.0,-3.4924596548080444e-9 
 01/22  20:00:00,20916399.40405458,10800000.0,1136544.5956399357,8979854.808414642,7919322.954501655,0.0,5400000.0,5225816.52454612,5225816.52454612,0.0,-6.984919309616089e-10 
 01/22  21:00:00,6896544.595639936,5760000.0,1136544.5956399357,0.0,0.0,0.0,5400000.0,0.0,0.0,0.0,-3.4924596548080444e-10 
 01/22  22:00:00,2846544.5956399357,1710000.0,1136544.5956399357,0.0,0.0,0.0,1350000.0,0.0,0.0,0.0,-1.862645149230957e-9 
 01/22  23:00:00,2846544.5956399357,1710000.0,1136544.5956399357,0.0,0.0,0.0,1350000.0,0.0,0.0,0.0,-1.7462298274040222e-9 
 01/22  24:00:00,2846544.5956399357,1710000.0,1136544.5956399357,0.0,0.0,0.0,1350000.0,0.0,0.0,0.0,-1.1641532182693481e-10 
 01/23  01:00:00,2846544.5956399357,1710000.0,1136544.5956399357,0.0,0.0,0.0,1350000.0,0.0,0.0,0.0,-6.402842700481415e-10 
 01/23  02:00:00,2846544.5956399357,1710000.0,1136544.5956399357,0.0,0.0,0.0,1350000.0,0.0,0.0,0.0,-4.656612873077393e-10 
 01/23  03:00:00,2846544.5956399357,1710000.0,1136544.5956399357,0.0,0.0,0.0,1350000.0,0.0,0.0,0.0,-2.444721758365631e-9 
 01/23  04:00:00,2846544.5956399357,1710000.0,1136544.5956399357,0.0,0.0,0.0,1350000.0,0.0,0.0,0.0,-1.0477378964424133e-9 
 01/23  05:00:00,2846544.5956399357,1710000.0,1136544.5956399357,0.0,0.0,0.0,1350000.0,0.0,0.0,0.0,-3.5797711461782455e-9 
 01/23  06:00:00,2846544.5956399357,1710000.0,1136544.5956399357,0.0,0.0,0.0,1350000.0,0.0,0.0,0.0,1.57160684466362e-9 
 01/23  07:00:00,11744492.646339975,1710000.0,1136544.5956399357,8897948.050700039,7922174.788913015,0.0,1350000.0,5035845.122294968,5035845.122294968,40244.03439340385,1.0477378964424133e-9 
 01/23  08:00:00,12982455.951991046,1686240.0,1136544.5956399357,10159671.35635111,9040315.222886622,0.0,1326240.0,4982024.26382485,4982024.26382485,3829699.031214169,2.0372681319713593e-10 
 01/23  09:00:00,38210865.717487946,25305120.0,1136969.8338440347,11768775.883643907,10456751.638342068,0.0,18105120.0,4923353.19926399,4923353.19926399,18441794.590813056,-5.820766091346741e-10 
 01/23  10:00:00,44570496.9878262,31029120.0,1190529.4950864976,12350847.492739696,10985121.82318631,0.0,14829120.0,1987655.7412277823,1987655.7412277823,24994842.24631482,-5.587935447692871e-9 
 01/23  11:00:00,41618802.45547982,27716400.0,1252218.1853504824,12650184.270129342,11293725.288521744,0.0,11516400.0,260609.4624541839,260609.4624541839,24758717.380138,-7.450580596923828e-9 
 01/23  12:00:00,39844247.91864774,26295840.0,1330462.0725449186,12217945.846102817,11005330.458169447,0.0,10095840.0,0.0,0.0,23804948.45965188,-3.4924596548080444e-9 
 01/23  13:00:00,36888369.73804229,24701760.0,1273838.1674242422,10912771.57061805,9811988.436194781,0.0,8501760.0,0.0,0.0,21650071.494377244,-4.889443516731262e-9 
 01/23  14:00:00,38238961.405665904,25764480.0,1404604.11913142,11069877.28653448,10059741.918902576,0.0,9564480.0,0.0,0.0,18097742.69306933,-6.984919309616089e-10 
 01/23  15:00:00,37590065.915539734,25027200.0,1453573.8551418628,11109292.060397875,10133957.181301322,0.0,10627200.0,0.0,0.0,19891803.098008934,-5.587935447692871e-9 
 01/23  16:00:00,34772426.411284104,23227200.0,1368986.5218141365,10176239.889469972,9237814.675597964,0.0,10627200.0,0.0,0.0,18536209.49711907,-2.561137080192566e-9 
 01/23  17:00:00,30609438.99671999,20516400.0,1250460.1687658152,8842578.827954173,7919385.491287258,0.0,11516400.0,0.0,0.0,17253442.186095897,-5.3551048040390015e-9 
 01/23  18:00:00,42622618.28069303,33685200.0,1196441.8349843225,7740976.445708709,6820306.43117352,0.0,24685200.0,6623.248979515661,6623.248979515661,1935375.6980833705,-4.423782229423523e-9 
 01/23  19:00:00,30310413.74587058,21600000.0,1136544.5956399357,7573869.150230644,6623410.777057539,0.0,16200000.0,5387083.223799954,5387083.223799954,0.0,-3.026798367500305e-9 
 01/23  20:00:00,19182414.59795932,10800000.0,1136544.5956399357,7245870.002319388,6375906.092935836,0.0,5400000.0,5207365.328573822,5207365.328573822,0.0,-4.190951585769653e-9 
 01/23  21:00:00,6896544.595639936,5760000.0,1136544.5956399357,0.0,0.0,0.0,5400000.0,0.0,0.0,0.0,-3.14321368932724e-9 
 01/23  22:00:00,2846544.5956399357,1710000.0,1136544.5956399357,0.0,0.0,0.0,1350000.0,0.0,0.0,0.0,0.0 
 01/23  23:00:00,2846544.5956399357,1710000.0,1136544.5956399357,0.0,0.0,0.0,1350000.0,0.0,0.0,0.0,-1.1641532182693481e-9 
 01/23  24:00:00,2846544.5956399357,1710000.0,1136544.5956399357,0.0,0.0,0.0,1350000.0,0.0,0.0,0.0,1.2223608791828156e-9 
 01/24  01:00:00,2846544.5956399357,1710000.0,1136544.5956399357,0.0,0.0,0.0,1350000.0,0.0,0.0,0.0,-1.0477378964424133e-9 
 01/24  02:00:00,2846544.5956399357,1710000.0,1136544.5956399357,0.0,0.0,0.0,1350000.0,0.0,0.0,0.0,-9.89530235528946e-10 
 01/24  03:00:00,2846544.5956399357,1710000.0,1136544.5956399357,0.0,0.0,0.0,1350000.0,0.0,0.0,0.0,1.1641532182693481e-10 
 01/24  04:00:00,2846544.5956399357,1710000.0,1136544.5956399357,0.0,0.0,0.0,1350000.0,0.0,0.0,0.0,2.5029294192790985e-9 
 01/24  05:00:00,2846544.5956399357,1710000.0,1136544.5956399357,0.0,0.0,0.0,1350000.0,0.0,0.0,0.0,-2.6193447411060333e-10 
 01/24  06:00:00,2846544.5956399357,1710000.0,1136544.5956399357,0.0,0.0,0.0,1350000.0,0.0,0.0,0.0,-2.1245796233415604e-9 
 01/24  07:00:00,10391381.790032126,1710000.0,1136544.5956399357,7544837.194392189,6723519.795276556,0.0,1350000.0,5097875.320880492,5097875.320880492,180197.865345235,2.648448571562767e-9 
 01/24  08:00:00,11527114.826748619,1686240.0,1136544.5956399357,8704330.231108682,7755240.84429882,0.0,1326240.0,5063841.859784291,5063841.859784291,3236237.474455353,-8.585629984736443e-10 
 01/24  09:00:00,36999114.78188127,25732800.0,1136544.5956399357,10129770.186241336,9007868.577080658,0.0,18532800.0,5058472.120981777,5058472.120981777,14201972.469996918,-3.259629011154175e-9 
 01/24  10:00:00,42929828.89227831,30577680.0,1168329.3514379202,11183819.540840399,9946785.720890643,0.0,14377680.0,3145268.980398955,3145268.980398955,23005143.38095911,-3.725290298461914e-9 
 01/24  11:00:00,40155489.936964065,26827200.0,1224311.3273689102,12103978.609595155,10784783.964330498,0.0,10627200.0,722545.1819969674,722545.1819969674,24423453.023179114,-4.423782229423523e-9 
 01/24  12:00:00,40473289.255956136,26295840.0,1307529.2024517837,12869920.053504348,11549560.769397503,0.0,10095840.0,0.0,0.0,23701432.090795934,-3.259629011154175e-9 
 01/24  13:00:00,38164725.81893662,24701760.0,1262066.1429473436,12200899.675989278,10929160.274729917,0.0,8501760.0,0.0,0.0,21439060.202076565,-3.4924596548080444e-9 
 01/24  14:00:00,40215523.21704651,25764480.0,1429744.2341235261,13021298.982922977,11805037.48374905,0.0,9564480.0,0.0,0.0,20216263.353011776,-5.587935447692871e-9 
 01/24  15:00:00,39198526.911416784,25027200.0,1443023.540818051,12728303.37059873,11555231.98096429,0.0,10627200.0,0.0,0.0,18436544.070850495,-3.725290298461914e-9 
 01/24  16:00:00,36063736.43398878,23227200.0,1325854.0663995673,11510682.367589213,10361905.728508495,0.0,10627200.0,0.0,0.0,15829537.730197065,-3.4924596548080444e-9 
 01/24  17:00:00,32624488.742509123,21405600.0,1211272.9085788464,10007615.833930273,8848841.838193474,0.0,12405600.0,0.0,0.0,15107802.78801608,-2.7939677238464355e-9 
 01/24  18:00:00,43066817.97016214,32259600.0,1205382.628777286,9601835.341384856,8455721.869889874,0.0,23259600.0,41169.50297576711,41169.50297576711,9778695.6211205,-3.958120942115784e-9 
 01/24  19:00:00,31983659.907559656,21600000.0,1136544.5956399357,9247115.311919719,8089731.809079004,0.0,16200000.0,5398972.41122501,5398972.41122501,0.0,2.3283064365386963e-10 
 01/24  20:00:00,20786459.305765267,10800000.0,1136544.5956399357,8849914.71012533,7792305.727866399,0.0,5400000.0,5212177.540661042,5212177.540661042,0.0,-4.190951585769653e-9 
 01/24  21:00:00,6896544.595639936,5760000.0,1136544.5956399357,0.0,0.0,0.0,5400000.0,0.0,0.0,0.0,-3.14321368932724e-9 
 01/24  22:00:00,2846544.5956399357,1710000.0,1136544.5956399357,0.0,0.0,0.0,1350000.0,0.0,0.0,0.0,-1.6298145055770874e-9 
 01/24  23:00:00,2846544.5956399357,1710000.0,1136544.5956399357,0.0,0.0,0.0,1350000.0,0.0,0.0,0.0,-6.402842700481415e-10 
 01/24  24:00:00,2846544.5956399357,1710000.0,1136544.5956399357,0.0,0.0,0.0,1350000.0,0.0,0.0,0.0,-1.7462298274040222e-9 
 01/25  01:00:00,2846544.5956399357,1710000.0,1136544.5956399357,0.0,0.0,0.0,1350000.0,0.0,0.0,0.0,-2.0954757928848267e-9 
 01/25  02:00:00,2846544.5956399357,1710000.0,1136544.5956399357,0.0,0.0,0.0,1350000.0,0.0,0.0,0.0,-1.7462298274040222e-10 
 01/25  03:00:00,2846544.5956399357,1710000.0,1136544.5956399357,0.0,0.0,0.0,1350000.0,0.0,0.0,0.0,-1.1641532182693481e-10 
 01/25  04:00:00,2846544.5956399357,1710000.0,1136544.5956399357,0.0,0.0,0.0,1350000.0,0.0,0.0,0.0,-2.1827872842550278e-9 
 01/25  05:00:00,2846544.5956399357,1710000.0,1136544.5956399357,0.0,0.0,0.0,1350000.0,0.0,0.0,0.0,-4.220055416226387e-9 
 01/25  06:00:00,2846544.5956399357,1710000.0,1136544.5956399357,0.0,0.0,0.0,1350000.0,0.0,0.0,0.0,2.5902409106492996e-9 
 01/25  07:00:00,11014250.049100557,1710000.0,1136544.5956399357,8167705.453460622,7274039.627099961,0.0,1350000.0,5057874.748507076,5057874.748507076,0.0,-2.9103830456733704e-11 
 01/25  08:00:00,12139638.847844627,1710000.0,1136544.5956399357,9293094.25220469,8273257.4481182005,0.0,1350000.0,5012105.101637362,5012105.101637362,2049725.6039937064,1.57160684466362e-9 
 01/25  09:00:00,38839848.8706416,26960760.0,1136544.5956399357,10742544.275001658,9547057.245045613,0.0,19760760.0,5005471.795866825,5005471.795866825,12565289.377508022,2.153683453798294e-9 
 01/25  10:00:00,44131474.19918264,31029120.0,1166927.00081802,11935427.19836462,10613123.531673916,0.0,14829120.0,3227779.218358718,3227779.218358718,23748493.592137497,-3.958120942115784e-9 
 01/25  11:00:00,44716994.88815644,30445200.0,1247671.8693961774,13024123.01876026,11633818.396803021,0.0,14245200.0,383057.16553488735,383057.16553488735,26339523.614954993,-1.862645149230957e-9 
 01/25  12:00:00,41604614.12127349,26295840.0,1341328.516444959,13967445.604828523,12576185.93808995,0.0,10095840.0,0.0,0.0,23962012.976831585,-5.820766091346741e-9 
 01/25  13:00:00,39560178.86503065,24701760.0,1305036.8236015004,13553382.041429142,12200200.911106762,0.0,8501760.0,0.0,0.0,22312454.21748736,-4.190951585769653e-9 
 01/25  14:00:00,41588833.878868155,25764480.0,1474089.4223954787,14350264.456472678,13048472.06477053,0.0,9564480.0,0.0,0.0,19466581.148587026,1.1641532182693481e-9 
 01/25  15:00:00,40353628.22845246,25027200.0,1471012.0203861082,13855416.20806635,12601791.54586897,0.0,10627200.0,0.0,0.0,17121227.783176582,-1.862645149230957e-9 
 01/25  16:00:00,36864963.36859924,23227200.0,1352759.829768061,12285003.538831187,11083778.984180065,0.0,10627200.0,0.0,0.0,15571229.849655855,-3.259629011154175e-9 
 01/25  17:00:00,35672615.21484383,24073200.0,1217866.9951156254,10381548.219728211,9194333.180097431,0.0,15073200.0,0.0,0.0,11653915.431109311,-2.7939677238464355e-9 
 01/25  18:00:00,45886330.355091006,35049600.0,1187530.2639257761,9649200.09116523,8474994.700244384,0.0,26049600.0,326866.7650191,326866.7650191,3091712.4085083744,-4.656612873077393e-10 
 01/25  19:00:00,32063676.73034002,21600000.0,1136544.5956399357,9327132.134700082,8160288.331791438,0.0,16200000.0,5419274.203900026,5419274.203900026,0.0,-2.3283064365386963e-9 
 01/25  20:00:00,20844234.46877467,10800000.0,1136544.5956399357,8907689.873134729,7847931.85124477,0.0,5400000.0,5218630.177916757,5218630.177916757,0.0,-5.587935447692871e-9 
 01/25  21:00:00,6896544.595639936,5760000.0,1136544.5956399357,0.0,0.0,0.0,5400000.0,0.0,0.0,0.0,1.1641532182693481e-10 
 01/25  22:00:00,2846544.5956399357,1710000.0,1136544.5956399357,0.0,0.0,0.0,1350000.0,0.0,0.0,0.0,-2.3283064365386963e-9 
 01/25  23:00:00,2846544.5956399357,1710000.0,1136544.5956399357,0.0,0.0,0.0,1350000.0,0.0,0.0,0.0,-1.3969838619232178e-9 
 01/25  24:00:00,2846544.5956399357,1710000.0,1136544.5956399357,0.0,0.0,0.0,1350000.0,0.0,0.0,0.0,-2.9103830456733704e-10 
 01/26  01:00:00,6086544.595639936,4950000.0,1136544.5956399357,0.0,0.0,0.0,1350000.0,0.0,0.0,0.0,-1.1641532182693481e-9 
 01/26  02:00:00,6086544.595639936,4950000.0,1136544.5956399357,0.0,0.0,0.0,1350000.0,0.0,0.0,0.0,-3.6670826375484467e-9 
 01/26  03:00:00,6086544.595639936,4950000.0,1136544.5956399357,0.0,0.0,0.0,1350000.0,0.0,0.0,0.0,3.4924596548080444e-10 
 01/26  04:00:00,6086544.595639936,4950000.0,1136544.5956399357,0.0,0.0,0.0,1350000.0,0.0,0.0,0.0,1.7462298274040222e-10 
 01/26  05:00:00,6086544.595639936,4950000.0,1136544.5956399357,0.0,0.0,0.0,1350000.0,0.0,0.0,0.0,4.656612873077393e-10 
 01/26  06:00:00,6086544.595639936,4950000.0,1136544.5956399357,0.0,0.0,0.0,1350000.0,0.0,0.0,0.0,-3.4924596548080444e-10 
 01/26  07:00:00,6086544.595639936,4950000.0,1136544.5956399357,0.0,0.0,0.0,1350000.0,0.0,0.0,75362.60240003075,-3.4924596548080444e-10 
 01/26  08:00:00,6086544.595639936,4950000.0,1136544.5956399357,0.0,0.0,0.0,1350000.0,0.0,0.0,3219565.846516018,-8.149072527885437e-10 
 01/26  09:00:00,5721684.595639936,4585140.0,1136544.5956399357,0.0,0.0,0.0,985140.0,0.0,0.0,15674002.926195256,-6.402842700481415e-10 
 01/26  10:00:00,5469504.595639936,4332960.0,1136544.5956399357,0.0,0.0,0.0,732960.0,0.0,0.0,22975693.587767206,-8.149072527885437e-10 
 01/26  11:00:00,5312364.595639936,4175820.0,1136544.5956399357,0.0,0.0,0.0,575820.0,0.0,0.0,25466679.11522483,-2.9685907065868378e-9 
 01/26  12:00:00,5267904.595639936,4131360.0,1136544.5956399357,0.0,0.0,0.0,531360.0,0.0,0.0,23570296.39629055,-2.561137080192566e-9 
 01/26  13:00:00,5267904.595639936,4131360.0,1136544.5956399357,0.0,0.0,0.0,531360.0,0.0,0.0,21291204.833474442,-5.471520125865936e-9 
 01/26  14:00:00,5267904.595639936,4131360.0,1136544.5956399357,0.0,0.0,0.0,531360.0,0.0,0.0,19760200.89019311,8.149072527885437e-10 
 01/26  15:00:00,5267904.595639936,4131360.0,1136544.5956399357,0.0,0.0,0.0,531360.0,0.0,0.0,17312997.82103694,-9.313225746154785e-10 
 01/26  16:00:00,5267904.595639936,4131360.0,1136544.5956399357,0.0,0.0,0.0,531360.0,0.0,0.0,20641379.05813813,-2.7939677238464355e-9 
 01/26  17:00:00,5445744.595639936,4309200.0,1136544.5956399357,0.0,0.0,0.0,709200.0,0.0,0.0,13145686.767120417,-6.984919309616089e-10 
 01/26  18:00:00,5855064.595639936,4718520.0,1136544.5956399357,0.0,0.0,0.0,1118520.0,0.0,0.0,10169671.890706483,-3.725290298461914e-9 
 01/26  19:00:00,6086544.595639936,4950000.0,1136544.5956399357,0.0,0.0,0.0,1350000.0,0.0,0.0,0.0,-8.149072527885437e-10 
 01/26  20:00:00,6086544.595639936,4950000.0,1136544.5956399357,0.0,0.0,0.0,1350000.0,0.0,0.0,0.0,-5.471520125865936e-9 
 01/26  21:00:00,6086544.595639936,4950000.0,1136544.5956399357,0.0,0.0,0.0,1350000.0,0.0,0.0,0.0,-1.0477378964424133e-9 
 01/26  22:00:00,6086544.595639936,4950000.0,1136544.5956399357,0.0,0.0,0.0,1350000.0,0.0,0.0,0.0,0.0 
 01/26  23:00:00,6086544.595639936,4950000.0,1136544.5956399357,0.0,0.0,0.0,1350000.0,0.0,0.0,0.0,-5.005858838558197e-9 
 01/26  24:00:00,6086544.595639936,4950000.0,1136544.5956399357,0.0,0.0,0.0,1350000.0,0.0,0.0,0.0,-3.3760443329811096e-9 
 01/27  01:00:00,6086544.595639936,4950000.0,1136544.5956399357,0.0,0.0,0.0,1350000.0,0.0,0.0,0.0,-6.984919309616089e-10 
 01/27  02:00:00,6086544.595639936,4950000.0,1136544.5956399357,0.0,0.0,0.0,1350000.0,0.0,0.0,0.0,-2.561137080192566e-9 
 01/27  03:00:00,6086544.595639936,4950000.0,1136544.5956399357,0.0,0.0,0.0,1350000.0,0.0,0.0,0.0,-2.9103830456733704e-9 
 01/27  04:00:00,6086544.595639936,4950000.0,1136544.5956399357,0.0,0.0,0.0,1350000.0,0.0,0.0,0.0,3.2014213502407074e-9 
 01/27  05:00:00,6086544.595639936,4950000.0,1136544.5956399357,0.0,0.0,0.0,1350000.0,0.0,0.0,0.0,-1.57160684466362e-9 
 01/27  06:00:00,6086544.595639936,4950000.0,1136544.5956399357,0.0,0.0,0.0,1350000.0,0.0,0.0,0.0,-1.7462298274040222e-10 
 01/27  07:00:00,6086544.595639936,4950000.0,1136544.5956399357,0.0,0.0,0.0,1350000.0,0.0,0.0,1808374.7250891158,-2.2118911147117615e-9 
 01/27  08:00:00,6062784.595639936,4926240.0,1136544.5956399357,0.0,0.0,0.0,1326240.0,0.0,0.0,11115356.278658653,2.852175384759903e-9 
 01/27  09:00:00,5789904.595639936,4653360.0,1136544.595639936,0.0,0.0,0.0,1053360.0,0.0,0.0,23827343.7305776,-8.149072527885437e-10 
 01/27  10:00:00,5517024.595639936,4380480.0,1136544.5956399357,0.0,0.0,0.0,780480.0,0.0,0.0,25005318.78911174,-1.5133991837501526e-9 
 01/27  11:00:00,5312364.595639936,4175820.0,1136544.5956399357,0.0,0.0,0.0,575820.0,0.0,0.0,25459183.2451836,1.1641532182693481e-10 
 01/27  12:00:00,5267904.595639936,4131360.0,1136544.5956399357,0.0,0.0,0.0,531360.0,0.0,0.0,23477000.15418134,-1.5133991837501526e-9 
 01/27  13:00:00,5267904.595639936,4131360.0,1136544.5956399357,0.0,0.0,0.0,531360.0,0.0,0.0,21146474.248032726,-3.4924596548080444e-9 
 01/27  14:00:00,5267904.595639936,4131360.0,1136544.5956399357,0.0,0.0,0.0,531360.0,0.0,0.0,20654423.083819594,-3.4924596548080444e-9 
 01/27  15:00:00,5267904.595639936,4131360.0,1136544.5956399357,0.0,0.0,0.0,531360.0,0.0,0.0,20524544.552811474,-3.958120942115784e-9 
 01/27  16:00:00,5267904.595639936,4131360.0,1136544.5956399357,0.0,0.0,0.0,531360.0,0.0,0.0,23860402.350191265,-4.423782229423523e-9 
 01/27  17:00:00,5267904.595639936,4131360.0,1136544.5956399357,0.0,0.0,0.0,531360.0,0.0,0.0,19650942.250001237,-4.656612873077393e-10 
 01/27  18:00:00,5786844.595639936,4650300.0,1136544.5956399357,0.0,0.0,0.0,1050300.0,0.0,0.0,12618309.839413844,-1.3969838619232178e-9 
 01/27  19:00:00,6086544.595639936,4950000.0,1136544.5956399357,0.0,0.0,0.0,1350000.0,0.0,0.0,0.0,-2.3283064365386963e-9 
 01/27  20:00:00,6086544.595639936,4950000.0,1136544.5956399357,0.0,0.0,0.0,1350000.0,0.0,0.0,0.0,1.0477378964424133e-9 
 01/27  21:00:00,6086544.595639936,4950000.0,1136544.5956399357,0.0,0.0,0.0,1350000.0,0.0,0.0,0.0,-4.6566128730773926e-9 
 01/27  22:00:00,6086544.595639936,4950000.0,1136544.5956399357,0.0,0.0,0.0,1350000.0,0.0,0.0,0.0,-1.0477378964424133e-9 
 01/27  23:00:00,6086544.595639936,4950000.0,1136544.5956399357,0.0,0.0,0.0,1350000.0,0.0,0.0,0.0,-2.2118911147117615e-9 
 01/27  24:00:00,6086544.595639936,4950000.0,1136544.5956399357,0.0,0.0,0.0,1350000.0,0.0,0.0,0.0,-2.2118911147117615e-9 
 01/28  01:00:00,2846544.5956399357,1710000.0,1136544.5956399357,0.0,0.0,0.0,1350000.0,0.0,0.0,0.0,-3.4924596548080444e-10 
 01/28  02:00:00,2846544.5956399357,1710000.0,1136544.5956399357,0.0,0.0,0.0,1350000.0,0.0,0.0,0.0,-1.9208528101444244e-9 
 01/28  03:00:00,2846544.5956399357,1710000.0,1136544.5956399357,0.0,0.0,0.0,1350000.0,0.0,0.0,0.0,1.862645149230957e-9 
 01/28  04:00:00,2846544.5956399357,1710000.0,1136544.5956399357,0.0,0.0,0.0,1350000.0,0.0,0.0,0.0,2.6775524020195007e-9 
 01/28  05:00:00,2846544.5956399357,1710000.0,1136544.5956399357,0.0,0.0,0.0,1350000.0,0.0,0.0,0.0,-1.3387762010097504e-9 
 01/28  06:00:00,2846544.5956399357,1710000.0,1136544.5956399357,0.0,0.0,0.0,1350000.0,0.0,0.0,0.0,-3.4924596548080444e-9 
 01/28  07:00:00,10501090.466815954,1710000.0,1136544.5956399357,7654545.871176018,6779627.946933757,0.0,1350000.0,5135204.809636274,5135204.809636274,135770.66957440402,2.8085196390748024e-9 
 01/28  08:00:00,11271705.709289158,1686240.0,1136544.5956399357,8448921.113649223,7535892.433218279,0.0,1326240.0,5114089.349700209,5114089.349700209,4806662.1898951065,-1.1641532182693481e-9 
 01/28  09:00:00,36347728.62739056,25732800.0,1139148.6435950266,9475779.983795535,8442769.236795038,0.0,18532800.0,4938163.720490035,4938163.720490035,20379997.522450514,1.1641532182693481e-9 
 01/28  10:00:00,42687503.6747745,31480560.0,1197982.1450250275,10008961.529749475,8921469.113023229,0.0,15280560.0,1651509.235355429,1651509.235355429,26004916.579665806,-3.3760443329811096e-9 
 01/28  11:00:00,43235279.9113577,31334400.0,1267206.5248627192,10633673.386494974,9519272.349567194,0.0,15134400.0,175615.82068455932,175615.82068455932,26761552.054616906,-5.820766091346741e-9 
 01/28  12:00:00,39626754.52453321,27140580.0,1343102.5213429662,11143072.003190245,10058663.365799204,0.0,10940580.0,0.0,0.0,23818992.483616613,-5.820766091346741e-9 
 01/28  13:00:00,36449749.14811547,24701760.0,1271763.8099752774,10476225.338140197,9414824.099786423,0.0,8501760.0,0.0,0.0,20505910.827614646,4.656612873077393e-10 
 01/28  14:00:00,38689895.85177291,25764480.0,1423389.1557764027,11502026.695996514,10452401.60704165,0.0,9564480.0,0.0,0.0,19835081.337195903,-6.51925802230835e-9 
 01/28  15:00:00,38367574.64390281,25027200.0,1473299.6533862043,11867074.990516605,10816301.351552878,0.0,10627200.0,0.0,0.0,20859445.783951964,-6.05359673500061e-9 
 01/28  16:00:00,35609793.99876441,23227200.0,1372927.456384164,11009666.542380247,9975071.156400183,0.0,10627200.0,0.0,0.0,18268468.45104577,-8.614733815193176e-9 
 01/28  17:00:00,34864872.30843575,24073200.0,1228675.3184945357,9562996.98994122,8504564.586803,0.0,15073200.0,0.0,0.0,11891611.273965959,-4.6566128730773926e-9 
 01/28  18:00:00,41522121.494358696,31370400.0,1216974.1216918647,8934747.372666828,7898251.900196869,0.0,22370400.0,0.0,0.0,10801225.334194949,-2.0954757928848267e-9 
 01/28  19:00:00,31043154.00505461,21600000.0,1136544.5956399357,8306609.409414673,7269734.298185714,0.0,16200000.0,5362711.691460013,5362711.691460013,0.0,-6.05359673500061e-9 
 01/28  20:00:00,19969112.1649824,10800000.0,1136544.5956399357,8032567.569342465,7076723.910387416,0.0,5400000.0,5197502.954625811,5197502.954625811,0.0,-1.7462298274040222e-9 
 01/28  21:00:00,6896544.595639936,5760000.0,1136544.5956399357,0.0,0.0,0.0,5400000.0,0.0,0.0,0.0,-6.984919309616089e-10 
 01/28  22:00:00,2846544.5956399357,1710000.0,1136544.5956399357,0.0,0.0,0.0,1350000.0,0.0,0.0,0.0,-3.259629011154175e-9 
 01/28  23:00:00,2846544.5956399357,1710000.0,1136544.5956399357,0.0,0.0,0.0,1350000.0,0.0,0.0,0.0,-1.0477378964424133e-9 
 01/28  24:00:00,2846544.5956399357,1710000.0,1136544.5956399357,0.0,0.0,0.0,1350000.0,0.0,0.0,0.0,1.2223608791828156e-9 
 01/29  01:00:00,2846544.5956399357,1710000.0,1136544.5956399357,0.0,0.0,0.0,1350000.0,0.0,0.0,0.0,2.9103830456733704e-10 
 01/29  02:00:00,2846544.5956399357,1710000.0,1136544.5956399357,0.0,0.0,0.0,1350000.0,0.0,0.0,0.0,2.2118911147117615e-9 
 01/29  03:00:00,2846544.5956399357,1710000.0,1136544.5956399357,0.0,0.0,0.0,1350000.0,0.0,0.0,0.0,-4.0745362639427185e-9 
 01/29  04:00:00,2846544.5956399357,1710000.0,1136544.5956399357,0.0,0.0,0.0,1350000.0,0.0,0.0,0.0,-3.026798367500305e-9 
 01/29  05:00:00,2846544.5956399357,1710000.0,1136544.5956399357,0.0,0.0,0.0,1350000.0,0.0,0.0,0.0,-9.604264050722122e-10 
 01/29  06:00:00,2846544.5956399357,1710000.0,1136544.5956399357,0.0,0.0,0.0,1350000.0,0.0,0.0,0.0,1.1641532182693481e-10 
 01/29  07:00:00,10987636.372265084,1710000.0,1136544.5956399357,8141091.776625149,7249804.697776129,0.0,1350000.0,5065324.199280345,5065324.199280345,0.0,-2.4156179279088974e-9 
 01/29  08:00:00,11974661.942331035,1686240.0,1136544.5956399357,9151877.346691098,8149418.540616131,0.0,1326240.0,5032946.031304565,5032946.031304565,3345366.305964187,5.820766091346741e-11 
 01/29  09:00:00,35904961.1187882,24504840.0,1136544.595639936,10263576.523148261,9124346.132335437,0.0,17304840.0,5051563.7600228805,5051563.7600228805,16883877.189301267,-4.773028194904327e-9 
 01/29  10:00:00,42377210.85593532,30126240.0,1171543.8943727731,11079426.961562548,9855079.101420507,0.0,13926240.0,2938591.597366009,2938591.597366009,22252581.718523268,-5.704350769519806e-9 
 01/29  11:00:00,39499876.48847088,26827200.0,1228435.0117917808,11444241.476679105,10206463.401264766,0.0,10627200.0,696593.4583470842,696593.4583470842,24402734.620439842,-4.6566128730773926e-9 
 01/29  12:00:00,39379984.51974221,26295840.0,1303396.3205929953,11780748.199149221,10583503.973013591,0.0,10095840.0,0.0,0.0,23766328.431648813,-4.423782229423523e-9 
 01/29  13:00:00,37126864.27719378,24701760.0,1245865.379256703,11179238.897937074,10006451.75280805,0.0,8501760.0,0.0,0.0,21348977.98266442,-5.587935447692871e-9 
 01/29  14:00:00,39604950.07227489,25764480.0,1424051.270031555,12416418.80224334,11263393.64024435,0.0,9564480.0,0.0,0.0,21586996.339939088,-6.752088665962219e-9 
 01/29  15:00:00,39267964.31414756,25027200.0,1485817.2079192074,12754947.106228357,11615696.480766559,0.0,10627200.0,0.0,0.0,21537716.465420984,-4.656612873077393e-10 
 01/29  16:00:00,36616421.84336104,23227200.0,1416029.619074814,11973192.224286227,10872299.335886259,0.0,10627200.0,0.0,0.0,21507846.89971712,-4.889443516731262e-9 
 01/29  17:00:00,32318410.89097086,20516400.0,1274206.221301831,10527804.669669025,9423728.317305595,0.0,11516400.0,0.0,0.0,18669663.727863796,-7.916241884231567e-9 
 01/29  18:00:00,44306939.43372178,33685200.0,1217522.4714141407,9404216.962307641,8320334.835542794,0.0,24685200.0,0.0,0.0,4939795.525534268,-9.313225746154785e-10 
 01/29  19:00:00,31452969.181721743,21600000.0,1136544.5956399357,8716424.58608181,7626093.257869629,0.0,16200000.0,5394684.298450102,5394684.298450102,0.0,-2.561137080192566e-9 
 01/29  20:00:00,20218161.49199733,10800000.0,1136544.5956399357,8281616.896357395,7291792.924235331,0.0,5400000.0,5210125.632022049,5210125.632022049,0.0,-3.14321368932724e-9 
 01/29  21:00:00,6896544.595639936,5760000.0,1136544.5956399357,0.0,0.0,0.0,5400000.0,0.0,0.0,0.0,2.3283064365386963e-10 
 01/29  22:00:00,2846544.5956399357,1710000.0,1136544.5956399357,0.0,0.0,0.0,1350000.0,0.0,0.0,0.0,-3.725290298461914e-9 
 01/29  23:00:00,2846544.5956399357,1710000.0,1136544.5956399357,0.0,0.0,0.0,1350000.0,0.0,0.0,0.0,-4.423782229423523e-9 
 01/29  24:00:00,2846544.5956399357,1710000.0,1136544.5956399357,0.0,0.0,0.0,1350000.0,0.0,0.0,0.0,-5.005858838558197e-9 
 01/30  01:00:00,2846544.5956399357,1710000.0,1136544.5956399357,0.0,0.0,0.0,1350000.0,0.0,0.0,0.0,5.238689482212067e-10 
 01/30  02:00:00,2846544.5956399357,1710000.0,1136544.5956399357,0.0,0.0,0.0,1350000.0,0.0,0.0,0.0,-3.6088749766349792e-9 
 01/30  03:00:00,2846544.5956399357,1710000.0,1136544.5956399357,0.0,0.0,0.0,1350000.0,0.0,0.0,0.0,-1.979060471057892e-9 
 01/30  04:00:00,2846544.5956399357,1710000.0,1136544.5956399357,0.0,0.0,0.0,1350000.0,0.0,0.0,0.0,5.238689482212067e-10 
 01/30  05:00:00,2846544.5956399357,1710000.0,1136544.5956399357,0.0,0.0,0.0,1350000.0,0.0,0.0,0.0,3.5797711461782455e-9 
 01/30  06:00:00,2846544.5956399357,1710000.0,1136544.5956399357,0.0,0.0,0.0,1350000.0,0.0,0.0,0.0,1.6880221664905548e-9 
 01/30  07:00:00,11077775.467614617,1710000.0,1136544.5956399357,8231230.871974682,7329623.82047321,0.0,1350000.0,5070653.766111033,5070653.766111033,175422.17266911874,3.4924596548080444e-10 
 01/30  08:00:00,12198430.311372466,1686240.0,1136544.5956399357,9375645.71573253,8347445.824551837,0.0,1326240.0,5038960.768278563,5038960.768278563,4341925.988189135,-6.548361852765083e-10 
 01/30  09:00:00,37184559.4250042,25305120.0,1137428.3469440318,10742011.078060163,9547426.162432458,0.0,18105120.0,4982059.066686671,4982059.066686671,18697853.652143076,-1.0477378964424133e-9 
 01/30  10:00:00,44420520.8964698,31480560.0,1194374.1623808916,11745586.734088909,10448168.816376884,0.0,15280560.0,1768913.2167453675,1768913.2167453675,25979219.10052097,-3.958120942115784e-9 
 01/30  11:00:00,43544279.33624337,29556000.0,1272340.7253384648,12715938.6109049,11368310.942389809,0.0,13356000.0,143091.727263541,143091.727263541,26671155.525800154,-6.752088665962219e-9 
 01/30  12:00:00,41443008.83670162,26295840.0,1380879.8927709241,13766288.943930691,12424775.068037113,0.0,10095840.0,0.0,0.0,23898096.206198033,-1.3969838619232178e-9 
 01/30  13:00:00,39152857.68506402,24701760.0,1293161.8300778344,13157935.85498619,11812643.924589124,0.0,8501760.0,0.0,0.0,21224045.345485512,-3.725290298461914e-9 
 01/30  14:00:00,41283698.801581025,25764480.0,1439926.2207243028,14079292.580856718,12767419.287973063,0.0,9564480.0,0.0,0.0,19477298.171624567,-7.916241884231567e-9 
 01/30  15:00:00,40646888.3613483,25027200.0,1459484.4575794514,14160203.903768852,12859167.934093405,0.0,10627200.0,0.0,0.0,18562634.26350765,-2.7939677238464355e-9 
 01/30  16:00:00,37902333.94826321,23227200.0,1388453.0019787818,13286680.946284432,11990337.86216741,0.0,10627200.0,0.0,0.0,20453800.333056647,-2.7939677238464355e-9 
 01/30  17:00:00,33408376.588222593,20516400.0,1255932.955731632,11636043.632490959,10361694.460315336,0.0,11516400.0,0.0,0.0,18300841.10269967,-4.6566128730773926e-9 
 01/30  18:00:00,43329045.26764246,31370400.0,1225709.4192295899,10732935.848412871,9497260.425751237,0.0,22370400.0,0.0,0.0,10303893.045406187,-6.752088665962219e-9 
 01/30  19:00:00,32542902.8439373,21600000.0,1136544.5956399357,9806358.248297364,8586480.514493518,0.0,16200000.0,5353198.643628655,5353198.643628655,0.0,-5.820766091346741e-9 
 01/30  20:00:00,20982482.1141004,10800000.0,1136544.5956399357,9045937.518460464,7966935.294837454,0.0,5400000.0,5193182.762092849,5193182.762092849,0.0,-4.656612873077393e-10 
 01/30  21:00:00,6896544.595639936,5760000.0,1136544.5956399357,0.0,0.0,0.0,5400000.0,0.0,0.0,0.0,-1.0477378964424133e-9 
 01/30  22:00:00,2846544.5956399357,1710000.0,1136544.5956399357,0.0,0.0,0.0,1350000.0,0.0,0.0,0.0,-1.979060471057892e-9 
 01/30  23:00:00,2846544.5956399357,1710000.0,1136544.5956399357,0.0,0.0,0.0,1350000.0,0.0,0.0,0.0,-1.280568540096283e-9 
 01/30  24:00:00,2846544.5956399357,1710000.0,1136544.5956399357,0.0,0.0,0.0,1350000.0,0.0,0.0,0.0,-8.731149137020111e-10 
 01/31  01:00:00,2846544.5956399357,1710000.0,1136544.5956399357,0.0,0.0,0.0,1350000.0,0.0,0.0,0.0,2.9103830456733704e-9 
 01/31  02:00:00,2846544.5956399357,1710000.0,1136544.5956399357,0.0,0.0,0.0,1350000.0,0.0,0.0,0.0,-2.153683453798294e-9 
 01/31  03:00:00,2846544.5956399357,1710000.0,1136544.5956399357,0.0,0.0,0.0,1350000.0,0.0,0.0,0.0,-2.9685907065868378e-9 
 01/31  04:00:00,2846544.5956399357,1710000.0,1136544.5956399357,0.0,0.0,0.0,1350000.0,0.0,0.0,0.0,-6.402842700481415e-10 
 01/31  05:00:00,2846544.5956399357,1710000.0,1136544.5956399357,0.0,0.0,0.0,1350000.0,0.0,0.0,0.0,3.4633558243513107e-9 
 01/31  06:00:00,2846544.5956399357,1710000.0,1136544.5956399357,0.0,0.0,0.0,1350000.0,0.0,0.0,0.0,2.9103830456733704e-11 
 01/31  07:00:00,10881160.70181732,1710000.0,1136544.5956399357,8034616.106177385,7157479.695749301,0.0,1350000.0,5051914.311840958,5051914.311840958,40245.69196711804,-6.83940015733242e-10 
 01/31  08:00:00,11812034.276176082,1710000.0,1136544.5956399357,8965489.680536147,7985848.618081581,0.0,1350000.0,5028355.0333509445,5028355.0333509445,3063613.5087814564,-7.712515071034431e-10 
 01/31  09:00:00,36266017.89982124,24932520.0,1136544.5956399357,10196953.304181304,9064365.430373454,0.0,17732520.0,5025556.7924181335,5025556.7924181335,15821877.51627166,-1.2223608791828156e-9 
 01/31  10:00:00,42989611.289322995,30577680.0,1174190.6730897124,11237740.616233284,9990291.954590172,0.0,14377680.0,2842443.656849746,2842443.656849746,23906932.65534441,-2.7939677238464355e-9 
 01/31  11:00:00,40959194.71939814,27716400.0,1231081.3006239682,12011713.418774169,10698577.037351675,0.0,11516400.0,486414.8396921625,486414.8396921625,25668429.56940023,-6.984919309616089e-10 
 01/31  12:00:00,40552643.17516157,26295840.0,1313918.7948847245,12942884.38027684,11616399.969217077,0.0,10095840.0,0.0,0.0,23954540.377275907,-4.190951585769653e-9 
 01/31  13:00:00,38450978.82148887,24701760.0,1263361.5059196022,12485857.31556927,11183321.38575418,0.0,8501760.0,0.0,0.0,21454004.047609657,-6.28642737865448e-9 
 01/31  14:00:00,40704645.83361628,25764480.0,1438816.6640155385,13501349.169600744,12244182.85806769,0.0,9564480.0,0.0,0.0,20677198.13849102,-7.450580596923828e-9 
 01/31  15:00:00,39728097.31716379,25027200.0,1458151.3236649474,13242745.99349884,12032570.289696846,0.0,10627200.0,0.0,0.0,18364290.610985033,-1.1641532182693481e-9 
 01/31  16:00:00,36319061.69013025,23227200.0,1344064.2548498835,11747797.435280358,10591370.196273811,0.0,10627200.0,0.0,0.0,16208992.801970376,-6.28642737865448e-9 
 01/31  17:00:00,36137075.43589406,24962400.0,1212002.1518698875,9962673.284024173,8812882.418864831,0.0,15962400.0,25313.12549171173,25313.12549171173,11166940.154899836,-6.752088665962219e-9 
 01/31  18:00:00,45523498.257074,35049600.0,1185567.785670688,9288330.471403304,8153573.692609826,0.0,26049600.0,471194.8139964737,471194.8139964737,3321717.441661559,-5.122274160385132e-9 
 01/31  19:00:00,31633874.094705675,21600000.0,1136544.5956399357,8897329.499065738,7779108.298488987,0.0,16200000.0,5487540.64836735,5487540.64836735,0.0,-4.423782229423523e-9 
 01/31  20:00:00,20433149.40888987,10800000.0,1136544.5956399357,8496604.81324993,7481062.763516469,0.0,5400000.0,5245502.346544042,5245502.346544042,0.0,-2.561137080192566e-9 
 01/31  21:00:00,6896544.595639936,5760000.0,1136544.5956399357,0.0,0.0,0.0,5400000.0,0.0,0.0,0.0,2.9103830456733704e-9 
 01/31  22:00:00,2846544.5956399357,1710000.0,1136544.5956399357,0.0,0.0,0.0,1350000.0,0.0,0.0,0.0,-2.444721758365631e-9 
 01/31  23:00:00,2846544.5956399357,1710000.0,1136544.5956399357,0.0,0.0,0.0,1350000.0,0.0,0.0,0.0,-1.5133991837501526e-9 
 01/31  24:00:00,2846544.5956399357,1710000.0,1136544.5956399357,0.0,0.0,0.0,1350000.0,0.0,0.0,0.0,-1.979060471057892e-9 
 07/01  01:00:00,1710000.0,1710000.0,0.0,0.0,0.0,0.0,1350000.0,0.0,0.0,0.0,2.0954757928848267e-9 
 07/01  02:00:00,1710000.0,1710000.0,0.0,0.0,0.0,0.0,1350000.0,0.0,0.0,0.0,-2.735760062932968e-9 
 07/01  03:00:00,1710000.0,1710000.0,0.0,0.0,0.0,0.0,1350000.0,0.0,0.0,0.0,-2.3283064365386963e-10 
 07/01  04:00:00,1710000.0,1710000.0,0.0,0.0,0.0,0.0,1350000.0,0.0,0.0,0.0,-8.731149137020111e-10 
 07/01  05:00:00,1710000.0,1710000.0,0.0,0.0,0.0,0.0,1350000.0,0.0,0.0,0.0,-9.89530235528946e-10 
 07/01  06:00:00,1710000.0,1710000.0,0.0,0.0,0.0,0.0,1350000.0,0.0,0.0,0.0,-2.0372681319713593e-9 
 07/01  07:00:00,18058948.706869043,1710000.0,1136544.5956399357,15212404.111229107,13378273.543175101,0.0,1350000.0,0.0,0.0,3533221.508329469,-2.9103830456733704e-9 
 07/01  08:00:00,18237166.57534228,1481580.0,1136544.5956399357,15619041.979702342,13829041.873963447,0.0,1121580.0,0.0,0.0,19740343.773817573,-3.4924596548080444e-10 
 07/01  09:00:00,39971239.202945285,22476600.0,1138198.9649533138,16356440.237991972,14516424.046463747,0.0,15276600.0,0.0,0.0,29728209.82999305,-1.6298145055770874e-9 
 07/01  10:00:00,53146829.64737487,33170040.0,1236156.2555629222,18740633.391811945,16837303.168493535,0.0,16970040.0,0.0,0.0,23827174.47693853,-1.979060471057892e-9 
 07/01  11:00:00,51197599.50264493,27716400.0,1385671.1485583254,22095528.354086604,20168391.996308006,0.0,11516400.0,0.0,0.0,29446580.996219713,-5.587935447692871e-9 
 07/01  12:00:00,50181362.486958034,26295840.0,1384989.9678265203,22500532.51913152,20573211.45482177,0.0,10095840.0,0.0,0.0,27368572.283586916,-4.6566128730773926e-9 
 07/01  13:00:00,47695546.69595796,24701760.0,1298320.446060102,21695466.24989786,19768145.185588114,0.0,8501760.0,0.0,0.0,26506435.669782497,-5.122274160385132e-9 
 07/01  14:00:00,51042802.73377949,25764480.0,1410055.9723566999,23868266.761422787,21940945.69711304,0.0,9564480.0,0.0,0.0,26020268.63349122,-7.683411240577698e-9 
 07/01  15:00:00,51478450.15419452,25027200.0,1448862.5868724405,25002387.56732208,23075066.503012333,0.0,10627200.0,0.0,0.0,26875637.980080865,-7.683411240577698e-9 
 07/01  16:00:00,48353232.565844,23227200.0,1393968.4597203017,23732064.106123693,21804743.041813947,0.0,10627200.0,0.0,0.0,23286464.604591206,-2.561137080192566e-9 
 07/01  17:00:00,41466926.80881115,19627200.0,1290705.0059316605,20549021.802879497,18621700.738569748,0.0,10627200.0,0.0,0.0,21427854.57986333,-1.6298145055770874e-9 
 07/01  18:00:00,39403281.16093823,21052800.0,1224530.019195851,17125951.141742386,15198630.077432638,0.0,12052800.0,0.0,0.0,11362746.896043435,-3.259629011154175e-9 
 07/01  19:00:00,36359883.87001827,21600000.0,1136544.5956399357,13623339.274378343,11717975.551560828,0.0,16200000.0,509083.1193792542,509083.1193792542,1021323.786352561,-2.3283064365386963e-9 
 07/01  20:00:00,24514419.327998705,10800000.0,1136544.5956399357,12577874.732358765,10759581.814004805,0.0,5400000.0,530750.7725606372,530750.7725606372,0.0,-3.4924596548080444e-9 
 07/01  21:00:00,5760000.0,5760000.0,0.0,0.0,0.0,0.0,5400000.0,0.0,0.0,0.0,-4.773028194904327e-9 
 07/01  22:00:00,1710000.0,1710000.0,0.0,0.0,0.0,0.0,1350000.0,0.0,0.0,0.0,-6.984919309616089e-10 
 07/01  23:00:00,1710000.0,1710000.0,0.0,0.0,0.0,0.0,1350000.0,0.0,0.0,0.0,-2.3283064365386963e-10 
 07/01  24:00:00,1710000.0,1710000.0,0.0,0.0,0.0,0.0,1350000.0,0.0,0.0,0.0,-2.3283064365386963e-10 
 07/02  01:00:00,1710000.0,1710000.0,0.0,0.0,0.0,0.0,1350000.0,0.0,0.0,0.0,1.2223608791828156e-9 
 07/02  02:00:00,1710000.0,1710000.0,0.0,0.0,0.0,0.0,1350000.0,0.0,0.0,0.0,-2.9103830456733704e-10 
 07/02  03:00:00,1710000.0,1710000.0,0.0,0.0,0.0,0.0,1350000.0,0.0,0.0,0.0,7.566995918750763e-10 
 07/02  04:00:00,1710000.0,1710000.0,0.0,0.0,0.0,0.0,1350000.0,0.0,0.0,0.0,-2.7939677238464355e-9 
 07/02  05:00:00,1710000.0,1710000.0,0.0,0.0,0.0,0.0,1350000.0,0.0,0.0,0.0,-3.3760443329811096e-9 
 07/02  06:00:00,1710000.0,1710000.0,0.0,0.0,0.0,0.0,1350000.0,0.0,0.0,53576.53520387532,3.3178366720676422e-9 
 07/02  07:00:00,16068884.7663001,1710000.0,1136544.5956399357,13222340.170660164,11449103.457123024,0.0,1350000.0,486993.72175821976,486993.72175821976,5821760.496883737,2.6193447411060333e-9 
 07/02  08:00:00,16847149.511209022,1437120.0,1136544.5956399357,14273484.915569086,12539921.106904088,0.0,1077120.0,123058.7427395461,123058.7427395461,27777235.563029222,-1.8917489796876907e-9 
 07/02  09:00:00,39281774.61279031,22476600.0,1159925.6280298817,15645248.984760433,13854704.35569444,0.0,15276600.0,0.0,0.0,36387792.31124741,-2.6775524020195007e-9 
 07/02  10:00:00,52076868.57081151,30126240.0,1332353.6365809375,20618274.93423057,18747850.39163373,0.0,13926240.0,0.0,0.0,34393792.38098291,-9.313225746154785e-10 
 07/02  11:00:00,52632498.22085984,26827200.0,1473154.850560117,24332143.37029972,22407156.57621926,0.0,10627200.0,0.0,0.0,29734637.743672863,-4.6566128730773926e-9 
 07/02  12:00:00,53099637.954740345,26295840.0,1431518.8102240642,25372279.144516274,23444958.08020653,0.0,10095840.0,0.0,0.0,25097733.42803788,-4.6566128730773926e-9 
 07/02  13:00:00,49491632.69672018,24701760.0,1318178.3002603836,23471694.396459803,21544373.332150057,0.0,8501760.0,0.0,0.0,23681696.977903873,-5.820766091346741e-9 
 07/02  14:00:00,51898557.24263628,25764480.0,1444205.5497584804,24689871.692877807,22762550.628568053,0.0,9564480.0,0.0,0.0,24895657.505436003,-3.725290298461914e-9 
 07/02  15:00:00,49998802.55835982,25027200.0,1476737.0012969621,23494865.55706285,21567544.492753103,0.0,10627200.0,0.0,0.0,23994459.615018312,-5.587935447692871e-9 
 07/02  16:00:00,45662972.18296681,23227200.0,1370978.2874518833,21064793.895514928,19137472.83120518,0.0,10627200.0,0.0,0.0,17905038.91598004,-1.3969838619232178e-9 
 07/02  17:00:00,46061832.45081587,26863200.0,1246938.8903152996,17951693.560500577,16024372.496190831,0.0,17863200.0,0.0,0.0,10642986.280698612,-4.889443516731262e-9 
 07/02  18:00:00,43862128.640777,25682400.0,1196609.3363996947,16983119.304377303,15055798.240067558,0.0,16682400.0,0.0,0.0,7106662.7793619875,0.0 
 07/02  19:00:00,37931096.61715763,21600000.0,1136544.5956399357,15194552.021517694,13267230.957207946,0.0,16200000.0,0.0,0.0,840628.7010327373,-1.1641532182693481e-9 
 07/02  20:00:00,27476295.923781298,10800000.0,1136544.5956399357,15539751.328141369,13612430.26383162,0.0,5400000.0,0.0,0.0,0.0,-2.0954757928848267e-9 
 07/02  21:00:00,5760000.0,5760000.0,0.0,0.0,0.0,0.0,5400000.0,0.0,0.0,0.0,-6.984919309616089e-10 
 07/02  22:00:00,1710000.0,1710000.0,0.0,0.0,0.0,0.0,1350000.0,0.0,0.0,0.0,-1.0477378964424133e-9 
 07/02  23:00:00,1710000.0,1710000.0,0.0,0.0,0.0,0.0,1350000.0,0.0,0.0,0.0,-3.026798367500305e-9 
 07/02  24:00:00,1710000.0,1710000.0,0.0,0.0,0.0,0.0,1350000.0,0.0,0.0,0.0,-3.6088749766349792e-9 
 07/03  01:00:00,1710000.0,1710000.0,0.0,0.0,0.0,0.0,1350000.0,0.0,0.0,0.0,-5.238689482212067e-10 
 07/03  02:00:00,1710000.0,1710000.0,0.0,0.0,0.0,0.0,1350000.0,0.0,0.0,0.0,-2.9103830456733704e-9 
 07/03  03:00:00,1710000.0,1710000.0,0.0,0.0,0.0,0.0,1350000.0,0.0,0.0,0.0,-6.984919309616089e-10 
 07/03  04:00:00,1710000.0,1710000.0,0.0,0.0,0.0,0.0,1350000.0,0.0,0.0,0.0,4.0745362639427185e-10 
 07/03  05:00:00,1710000.0,1710000.0,0.0,0.0,0.0,0.0,1350000.0,0.0,0.0,0.0,-5.238689482212067e-10 
 07/03  06:00:00,1710000.0,1710000.0,0.0,0.0,0.0,0.0,1350000.0,0.0,0.0,0.0,3.4924596548080444e-9 
 07/03  07:00:00,18502947.70936112,1710000.0,1136544.5956399357,15656403.113721183,13788570.611518685,0.0,1350000.0,0.0,0.0,476771.8837513148,1.3969838619232178e-9 
 07/03  08:00:00,19494741.669114668,1710000.0,1136544.5956399357,16648197.073474731,14823865.115233019,0.0,1350000.0,0.0,0.0,5084189.074655968,5.820766091346741e-11 
 07/03  09:00:00,43742800.66958645,24932520.0,1136544.5956399357,17673736.073946513,15822622.365518253,0.0,17732520.0,0.0,0.0,20071717.77425388,-5.820766091346741e-10 
 07/03  10:00:00,50595853.75775235,30126240.0,1203966.0325772357,19265647.72517512,17341864.308884643,0.0,13926240.0,0.0,0.0,32383524.794797536,-5.122274160385132e-9 
 07/03  11:00:00,54202612.73790437,30384000.0,1368029.7212471105,22450583.016657263,20523261.952347517,0.0,14184000.0,0.0,0.0,29360170.08845883,-4.889443516731262e-9 
 07/03  12:00:00,53599377.52894173,29732940.0,1370345.6735192807,22496091.855422452,20568770.791112702,0.0,13532940.0,0.0,0.0,24577607.646989547,-2.0954757928848267e-9 
 07/03  13:00:00,46900354.37105083,24701760.0,1268121.7376068344,20930472.633443996,19003151.56913425,0.0,8501760.0,0.0,0.0,23389841.71754165,-3.725290298461914e-9 
 07/03  14:00:00,50611610.508630246,25764480.0,1382397.7529292193,23464732.75570103,21537411.691391286,0.0,9564480.0,0.0,0.0,24804776.96037086,-2.7939677238464355e-9 
 07/03  15:00:00,51513525.078520656,25027200.0,1428103.2036331787,25058221.874887478,23130900.81057773,0.0,10627200.0,0.0,0.0,23426950.702141527,-2.3283064365386963e-9 
 07/03  16:00:00,49644327.318914816,23227200.0,1415353.1999661925,25001774.118948616,23074453.05463887,0.0,10627200.0,0.0,0.0,26287888.047638338,-4.656612873077393e-10 
 07/03  17:00:00,43312625.50324266,19627200.0,1304777.2617208776,22380648.241521783,20453327.17721203,0.0,10627200.0,0.0,0.0,20974422.723711148,-2.561137080192566e-9 
 07/03  18:00:00,42502231.86626094,21052800.0,1242048.9659084692,20207382.90035247,18280061.836042725,0.0,12052800.0,0.0,0.0,12142766.041376812,-4.889443516731262e-9 
 07/03  19:00:00,39157613.30821569,21600000.0,1137208.3648994905,16420404.94331621,14493083.87900646,0.0,16200000.0,0.0,0.0,1423723.2077196343,-2.7939677238464355e-9 
 07/03  20:00:00,27842403.796912506,10800000.0,1136544.5956399357,15905859.20127257,13978538.136962824,0.0,5400000.0,0.0,0.0,0.0,-6.05359673500061e-9 
 07/03  21:00:00,5760000.0,5760000.0,0.0,0.0,0.0,0.0,5400000.0,0.0,0.0,0.0,-5.9371814131736755e-9 
 07/03  22:00:00,1710000.0,1710000.0,0.0,0.0,0.0,0.0,1350000.0,0.0,0.0,0.0,-6.05359673500061e-9 
 07/03  23:00:00,1710000.0,1710000.0,0.0,0.0,0.0,0.0,1350000.0,0.0,0.0,0.0,-1.7462298274040222e-9 
 07/03  24:00:00,1710000.0,1710000.0,0.0,0.0,0.0,0.0,1350000.0,0.0,0.0,0.0,-2.7939677238464355e-9 
 07/04  01:00:00,1710000.0,1710000.0,0.0,0.0,0.0,0.0,1350000.0,0.0,0.0,0.0,-1.979060471057892e-9 
 07/04  02:00:00,1710000.0,1710000.0,0.0,0.0,0.0,0.0,1350000.0,0.0,0.0,0.0,-2.6775524020195007e-9 
 07/04  03:00:00,1710000.0,1710000.0,0.0,0.0,0.0,0.0,1350000.0,0.0,0.0,0.0,-2.5029294192790985e-9 
 07/04  04:00:00,1710000.0,1710000.0,0.0,0.0,0.0,0.0,1350000.0,0.0,0.0,0.0,-1.6298145055770874e-9 
 07/04  05:00:00,1710000.0,1710000.0,0.0,0.0,0.0,0.0,1350000.0,0.0,0.0,0.0,-3.3760443329811096e-9 
 07/04  06:00:00,1710000.0,1710000.0,0.0,0.0,0.0,0.0,1350000.0,0.0,0.0,0.0,8.731149137020111e-10 
 07/04  07:00:00,16632140.523016328,1710000.0,1136544.5956399357,13785595.927376393,11961400.344345387,0.0,1350000.0,61272.06891666481,61272.06891666481,1980227.4215457444,2.6193447411060333e-10 
 07/04  08:00:00,16635564.147184338,1618020.0,1136544.5956399357,13880999.551544402,12109932.02823537,0.0,1258020.0,7973.98421073443,7973.98421073443,11168150.67982211,4.656612873077393e-10 
 07/04  09:00:00,41655215.29689913,26160480.0,1136544.5956399357,14358190.701259198,12565562.266067708,0.0,18960480.0,0.0,0.0,19024865.726702455,-6.05359673500061e-9 
 07/04  10:00:00,49346030.81082245,32325300.0,1175993.0454239517,15844737.765398499,13956248.917530604,0.0,16125300.0,0.0,0.0,25727614.583025876,-4.423782229423523e-9 
 07/04  11:00:00,52695691.365509935,32284800.0,1312438.2626648308,19098453.10284511,17176058.402186338,0.0,16084800.0,0.0,0.0,26547947.572971005,-5.820766091346741e-9 
 07/04  12:00:00,52354099.72270925,31480560.0,1315840.1542958666,19557699.56841339,17630378.504103646,0.0,15280560.0,0.0,0.0,23607128.122322887,-3.958120942115784e-9 
 07/04  13:00:00,47987271.437878504,28687680.0,1241777.0681889928,18057814.36968951,16130493.305379763,0.0,12487680.0,0.0,0.0,23006045.152195837,-2.3283064365386963e-9 
 07/04  14:00:00,46798645.08943914,25764480.0,1336307.580455217,19697857.508983925,17770536.44467418,0.0,9564480.0,0.0,0.0,25350358.950276,-1.862645149230957e-9 
 07/04  15:00:00,46745681.95600233,25027200.0,1351757.31207636,20366724.643925976,18439403.57961623,0.0,10627200.0,0.0,0.0,22796759.177476376,-3.958120942115784e-9 
 07/04  16:00:00,46723670.54727209,25894800.0,1280609.3505041043,19548261.19676799,17620940.132458244,0.0,13294800.0,0.0,0.0,15288479.092907373,-2.3283064365386963e-9 
 07/04  17:00:00,42806178.54778651,23659200.0,1204125.648917599,17942852.89886892,16015531.834559167,0.0,14659200.0,0.0,0.0,13128631.158337887,-6.28642737865448e-9 
 07/04  18:00:00,41831985.85608585,23842800.0,1169251.7567588973,16819934.099326953,14892613.035017205,0.0,14842800.0,0.0,0.0,7801123.622830821,-5.820766091346741e-9 
 07/04  19:00:00,38508763.81302089,21600000.0,1136544.5956399357,15772219.217380956,13844898.153071208,0.0,16200000.0,0.0,0.0,721472.3945923713,-3.725290298461914e-9 
 07/04  20:00:00,27656176.941104174,10800000.0,1136544.5956399357,15719632.34546424,13792311.281154495,0.0,5400000.0,0.0,0.0,0.0,-3.4924596548080444e-10 
 07/04  21:00:00,5760000.0,5760000.0,0.0,0.0,0.0,0.0,5400000.0,0.0,0.0,0.0,-1.7462298274040222e-9 
 07/04  22:00:00,1710000.0,1710000.0,0.0,0.0,0.0,0.0,1350000.0,0.0,0.0,0.0,-1.7462298274040222e-9 
 07/04  23:00:00,1710000.0,1710000.0,0.0,0.0,0.0,0.0,1350000.0,0.0,0.0,0.0,-2.7939677238464355e-9 
 07/04  24:00:00,1710000.0,1710000.0,0.0,0.0,0.0,0.0,1350000.0,0.0,0.0,0.0,-1.57160684466362e-9 
 07/05  01:00:00,4950000.0,4950000.0,0.0,0.0,0.0,0.0,1350000.0,0.0,0.0,0.0,-3.026798367500305e-9 
 07/05  02:00:00,4950000.0,4950000.0,0.0,0.0,0.0,0.0,1350000.0,0.0,0.0,0.0,-5.820766091346741e-10 
 07/05  03:00:00,4950000.0,4950000.0,0.0,0.0,0.0,0.0,1350000.0,0.0,0.0,0.0,2.852175384759903e-9 
 07/05  04:00:00,4950000.0,4950000.0,0.0,0.0,0.0,0.0,1350000.0,0.0,0.0,0.0,-7.566995918750763e-10 
 07/05  05:00:00,4950000.0,4950000.0,0.0,0.0,0.0,0.0,1350000.0,0.0,0.0,0.0,1.1059455573558807e-9 
 07/05  06:00:00,4950000.0,4950000.0,0.0,0.0,0.0,0.0,1350000.0,0.0,0.0,0.0,6.402842700481415e-10 
 07/05  07:00:00,4950000.0,4950000.0,0.0,0.0,0.0,0.0,1350000.0,0.0,0.0,3810541.8246723474,-2.735760062932968e-9 
 07/05  08:00:00,4721580.0,4721580.0,0.0,0.0,0.0,0.0,1121580.0,0.0,0.0,20960510.561658874,-1.6298145055770874e-9 
 07/05  09:00:00,4448700.0,4448700.0,0.0,0.0,0.0,0.0,848700.0,0.0,0.0,32035715.29144997,-3.3178366720676422e-9 
 07/05  10:00:00,4332960.0,4332960.0,0.0,0.0,0.0,0.0,732960.0,0.0,0.0,34237415.3907011,-5.820766091346741e-10 
 07/05  11:00:00,4332960.0,4332960.0,0.0,0.0,0.0,0.0,732960.0,0.0,0.0,28135405.036401056,-5.005858838558197e-9 
 07/05  12:00:00,4288500.0,4288500.0,0.0,0.0,0.0,0.0,688500.0,0.0,0.0,26243342.610685226,-8.149072527885437e-10 
 07/05  13:00:00,4312260.0,4312260.0,0.0,0.0,0.0,0.0,712260.0,0.0,0.0,23139508.39801824,-5.122274160385132e-9 
 07/05  14:00:00,4131360.0,4131360.0,0.0,0.0,0.0,0.0,531360.0,0.0,0.0,25369314.592635702,-6.51925802230835e-9 
 07/05  15:00:00,4131360.0,4131360.0,0.0,0.0,0.0,0.0,531360.0,0.0,0.0,19497710.895561337,-3.725290298461914e-9 
 07/05  16:00:00,4131360.0,4131360.0,0.0,0.0,0.0,0.0,531360.0,0.0,0.0,16700092.876062792,-2.7939677238464355e-9 
 07/05  17:00:00,4380480.0,4380480.0,0.0,0.0,0.0,0.0,780480.0,0.0,0.0,12164361.221560374,-1.3969838619232178e-9 
 07/05  18:00:00,4273920.0,4273920.0,0.0,0.0,0.0,0.0,673920.0,0.0,0.0,9474649.205987338,-6.51925802230835e-9 
 07/05  19:00:00,4905540.0,4905540.0,0.0,0.0,0.0,0.0,1305540.0,0.0,0.0,2087740.7933610377,-4.190951585769653e-9 
 07/05  20:00:00,4950000.0,4950000.0,0.0,0.0,0.0,0.0,1350000.0,0.0,0.0,0.0,-3.6088749766349792e-9 
 07/05  21:00:00,4950000.0,4950000.0,0.0,0.0,0.0,0.0,1350000.0,0.0,0.0,0.0,-3.259629011154175e-9 
 07/05  22:00:00,4950000.0,4950000.0,0.0,0.0,0.0,0.0,1350000.0,0.0,0.0,0.0,-4.423782229423523e-9 
 07/05  23:00:00,4950000.0,4950000.0,0.0,0.0,0.0,0.0,1350000.0,0.0,0.0,0.0,9.313225746154785e-10 
 07/05  24:00:00,4950000.0,4950000.0,0.0,0.0,0.0,0.0,1350000.0,0.0,0.0,0.0,2.7939677238464355e-9 
 07/06  01:00:00,4950000.0,4950000.0,0.0,0.0,0.0,0.0,1350000.0,0.0,0.0,0.0,3.4924596548080444e-10 
 07/06  02:00:00,4950000.0,4950000.0,0.0,0.0,0.0,0.0,1350000.0,0.0,0.0,0.0,-1.5133991837501526e-9 
 07/06  03:00:00,4950000.0,4950000.0,0.0,0.0,0.0,0.0,1350000.0,0.0,0.0,0.0,-2.0954757928848267e-9 
 07/06  04:00:00,4950000.0,4950000.0,0.0,0.0,0.0,0.0,1350000.0,0.0,0.0,0.0,-2.3283064365386963e-10 
 07/06  05:00:00,4950000.0,4950000.0,0.0,0.0,0.0,0.0,1350000.0,0.0,0.0,0.0,-2.9103830456733704e-9 
 07/06  06:00:00,4950000.0,4950000.0,0.0,0.0,0.0,0.0,1350000.0,0.0,0.0,0.0,-3.841705620288849e-9 
 07/06  07:00:00,4950000.0,4950000.0,0.0,0.0,0.0,0.0,1350000.0,0.0,0.0,1936731.4625544725,1.1641532182693481e-10 
 07/06  08:00:00,4902480.0,4902480.0,0.0,0.0,0.0,0.0,1302480.0,0.0,0.0,10295124.200438295,-3.3760443329811096e-9 
 07/06  09:00:00,4721580.0,4721580.0,0.0,0.0,0.0,0.0,1121580.0,0.0,0.0,15856534.875260152,-3.3178366720676422e-9 
 07/06  10:00:00,4493160.0,4493160.0,0.0,0.0,0.0,0.0,893160.0,0.0,0.0,23599343.721776567,-1.6298145055770874e-9 
 07/06  11:00:00,4605840.0,4605840.0,0.0,0.0,0.0,0.0,1005840.0,0.0,0.0,19928950.579199683,-6.05359673500061e-9 
 07/06  12:00:00,4404240.0,4404240.0,0.0,0.0,0.0,0.0,804240.0,0.0,0.0,24890874.069102794,-3.6088749766349792e-9 
 07/06  13:00:00,4175820.0,4175820.0,0.0,0.0,0.0,0.0,575820.0,0.0,0.0,25677096.60517764,-6.05359673500061e-9 
 07/06  14:00:00,4175820.0,4175820.0,0.0,0.0,0.0,0.0,575820.0,0.0,0.0,22054814.483029805,-6.984919309616089e-10 
 07/06  15:00:00,4131360.0,4131360.0,0.0,0.0,0.0,0.0,531360.0,0.0,0.0,24749342.477760833,-4.190951585769653e-9 
 07/06  16:00:00,4131360.0,4131360.0,0.0,0.0,0.0,0.0,531360.0,0.0,0.0,21479983.244672127,-5.3551048040390015e-9 
 07/06  17:00:00,4653360.0,4653360.0,0.0,0.0,0.0,0.0,1053360.0,0.0,0.0,7382225.197567647,-4.6566128730773926e-9 
 07/06  18:00:00,4881780.0,4881780.0,0.0,0.0,0.0,0.0,1281780.0,0.0,0.0,3665620.170382545,-2.7939677238464355e-9 
 07/06  19:00:00,4950000.0,4950000.0,0.0,0.0,0.0,0.0,1350000.0,0.0,0.0,263743.48220086226,-5.820766091346741e-10 
 07/06  20:00:00,4950000.0,4950000.0,0.0,0.0,0.0,0.0,1350000.0,0.0,0.0,0.0,-4.190951585769653e-9 
 07/06  21:00:00,4950000.0,4950000.0,0.0,0.0,0.0,0.0,1350000.0,0.0,0.0,0.0,-1.3969838619232178e-9 
 07/06  22:00:00,4950000.0,4950000.0,0.0,0.0,0.0,0.0,1350000.0,0.0,0.0,0.0,-5.820766091346741e-9 
 07/06  23:00:00,4950000.0,4950000.0,0.0,0.0,0.0,0.0,1350000.0,0.0,0.0,0.0,-4.656612873077393e-10 
 07/06  24:00:00,4950000.0,4950000.0,0.0,0.0,0.0,0.0,1350000.0,0.0,0.0,0.0,-1.1641532182693481e-10 
 07/07  01:00:00,1710000.0,1710000.0,0.0,0.0,0.0,0.0,1350000.0,0.0,0.0,0.0,0.0 
 07/07  02:00:00,1710000.0,1710000.0,0.0,0.0,0.0,0.0,1350000.0,0.0,0.0,0.0,-8.731149137020111e-10 
 07/07  03:00:00,1710000.0,1710000.0,0.0,0.0,0.0,0.0,1350000.0,0.0,0.0,0.0,1.1059455573558807e-9 
 07/07  04:00:00,1710000.0,1710000.0,0.0,0.0,0.0,0.0,1350000.0,0.0,0.0,0.0,-3.259629011154175e-9 
 07/07  05:00:00,1710000.0,1710000.0,0.0,0.0,0.0,0.0,1350000.0,0.0,0.0,0.0,1.979060471057892e-9 
 07/07  06:00:00,1710000.0,1710000.0,0.0,0.0,0.0,0.0,1350000.0,0.0,0.0,0.0,-4.0745362639427185e-10 
 07/07  07:00:00,15643353.00212545,1710000.0,1136544.5956399357,12796808.406485517,11006086.098955585,0.0,1350000.0,519076.6910679331,519076.6910679331,3159197.4891127995,-4.220055416226387e-9 
 07/07  08:00:00,15759503.650916332,1505340.0,1136544.5956399357,13117619.055276394,11365774.437147755,0.0,1145340.0,466947.7608209081,466947.7608209081,18708608.985929847,-1.1641532182693481e-10 
 07/07  09:00:00,37503015.6989154,22476600.0,1138109.8467550534,13888305.852160344,12103536.052967539,0.0,15276600.0,174164.1607543957,174164.1607543957,31143981.96300063,-6.05359673500061e-9 
 07/07  10:00:00,49145691.168472536,31480560.0,1235933.666448657,16429197.502023876,14570794.900678553,0.0,15280560.0,0.0,0.0,28785293.96083647,-3.725290298461914e-9 
 07/07  11:00:00,53047843.470131494,32284800.0,1353957.1165924808,19409086.353539012,17489859.674784385,0.0,16084800.0,0.0,0.0,24704410.327568337,-6.05359673500061e-9 
 07/07  12:00:00,53219615.26217227,32325300.0,1338324.6212947795,19555990.640877485,17628669.57656774,0.0,16125300.0,0.0,0.0,23099575.741153076,-2.3283064365386963e-9 
 07/07  13:00:00,49221834.3027882,29779200.0,1246457.2347662286,18196177.068021968,16268856.003712222,0.0,13579200.0,0.0,0.0,21144305.65489108,-4.423782229423523e-9 
 07/07  14:00:00,47996476.58210283,27365040.0,1309276.6697156872,19322159.912387148,17394838.848077398,0.0,11165040.0,0.0,0.0,20437295.213082634,1.3969838619232178e-9 
 07/07  15:00:00,46609420.71947843,25027200.0,1334712.0177712438,20247508.701707184,18320187.63739744,0.0,10627200.0,0.0,0.0,23238888.604139753,-6.752088665962219e-9 
 07/07  16:00:00,43810407.64888318,23227200.0,1266801.1074819374,19316406.54140124,17389085.47709149,0.0,10627200.0,0.0,0.0,16614609.844569279,-6.05359673500061e-9 
 07/07  17:00:00,39107033.92729871,20516400.0,1191134.959016196,17399498.968282513,15472177.903972764,0.0,11516400.0,0.0,0.0,14271144.49537353,-5.820766091346741e-9 
 07/07  18:00:00,39417208.93325363,22478400.0,1164030.1436166174,15774778.78963702,13847457.725327272,0.0,13478400.0,0.0,0.0,9060728.56338176,-6.51925802230835e-9 
 07/07  19:00:00,36832365.45072012,21600000.0,1136544.5956399357,14095820.855080172,12168362.087983502,0.0,16200000.0,98078.09045392886,98078.09045392886,744076.348748026,-2.0954757928848267e-9 
 07/07  20:00:00,25502962.70479983,10800000.0,1136544.5956399357,13566418.109159889,11638697.272463465,0.0,5400000.0,287752.935044908,287752.935044908,0.0,-2.561137080192566e-9 
 07/07  21:00:00,5760000.0,5760000.0,0.0,0.0,0.0,0.0,5400000.0,0.0,0.0,0.0,0.0 
 07/07  22:00:00,1710000.0,1710000.0,0.0,0.0,0.0,0.0,1350000.0,0.0,0.0,0.0,1.0477378964424133e-9 
 07/07  23:00:00,1710000.0,1710000.0,0.0,0.0,0.0,0.0,1350000.0,0.0,0.0,0.0,-5.820766091346741e-11 
 07/07  24:00:00,1710000.0,1710000.0,0.0,0.0,0.0,0.0,1350000.0,0.0,0.0,0.0,-2.270098775625229e-9 
 07/08  01:00:00,1710000.0,1710000.0,0.0,0.0,0.0,0.0,1350000.0,0.0,0.0,0.0,9.89530235528946e-10 
 07/08  02:00:00,1710000.0,1710000.0,0.0,0.0,0.0,0.0,1350000.0,0.0,0.0,0.0,2.9103830456733704e-10 
 07/08  03:00:00,1710000.0,1710000.0,0.0,0.0,0.0,0.0,1350000.0,0.0,0.0,0.0,-1.7462298274040222e-10 
 07/08  04:00:00,1710000.0,1710000.0,0.0,0.0,0.0,0.0,1350000.0,0.0,0.0,0.0,-3.4924596548080444e-10 
 07/08  05:00:00,1710000.0,1710000.0,0.0,0.0,0.0,0.0,1350000.0,0.0,0.0,0.0,-1.979060471057892e-9 
 07/08  06:00:00,1710000.0,1710000.0,0.0,0.0,0.0,0.0,1350000.0,0.0,0.0,0.0,5.471520125865936e-9 
 07/08  07:00:00,15864098.108357213,1710000.0,1136544.5956399357,13017553.512717277,11220475.617820416,0.0,1350000.0,414865.517144441,414865.517144441,2226331.729594823,2.0372681319713593e-9 
 07/08  08:00:00,15991965.969513452,1573560.0,1136544.5956399357,13281861.373873515,11539196.061639238,0.0,1213560.0,254933.38764516666,254933.38764516666,13505134.246982358,-9.022187441587448e-10 
 07/08  09:00:00,39642872.70778506,24504840.0,1136544.5956399357,14001488.112145131,12224695.511977214,0.0,17304840.0,29372.43061209357,29372.43061209357,24633221.75813419,-4.0745362639427185e-9 
 07/08  10:00:00,48160740.68820774,31029120.0,1195744.3816334011,15935876.306574335,14066023.705555044,0.0,14829120.0,0.0,0.0,28754851.85856667,-5.587935447692871e-9 
 07/08  11:00:00,51016333.376337916,30384000.0,1341761.0355360692,19290572.340801843,17374617.77239786,0.0,14184000.0,0.0,0.0,29656672.81012747,-5.587935447692871e-9 
 07/08  12:00:00,50697825.147529885,29674800.0,1357357.1808679465,19665667.96666195,17738346.902352203,0.0,13474800.0,0.0,0.0,27226292.559803564,1.3969838619232178e-9 
 07/08  13:00:00,44028994.510672346,24701760.0,1270618.4196344912,18056616.091037862,16129295.026728112,0.0,8501760.0,0.0,0.0,26636994.748431005,-4.6566128730773926e-9 
 07/08  14:00:00,46460216.20453153,25764480.0,1367871.1427451777,19327865.061786354,17400543.997476608,0.0,9564480.0,0.0,0.0,26192694.76558531,-7.450580596923828e-9 
 07/08  15:00:00,46398130.36885749,25027200.0,1389383.9111160613,19981546.457741424,18054225.393431675,0.0,10627200.0,0.0,0.0,25025335.762574352,-4.6566128730773926e-9 
 07/08  16:00:00,43623910.2415694,23227200.0,1310607.0599726578,19086103.18159674,17158782.117286988,0.0,10627200.0,0.0,0.0,19683468.52179953,-3.259629011154175e-9 
 07/08  17:00:00,37945183.517305404,19627200.0,1211377.5027583612,17106606.014547046,15179284.950237297,0.0,10627200.0,0.0,0.0,15406402.338251576,-6.28642737865448e-9 
 07/08  18:00:00,39670520.85478933,22478400.0,1175473.812924562,16016647.041864766,14089325.977555018,0.0,13478400.0,0.0,0.0,9791854.424167326,-4.889443516731262e-9 
 07/08  19:00:00,37430965.3880508,21600000.0,1136544.5956399357,14694420.792410865,12767099.72810112,0.0,16200000.0,0.0,0.0,1642964.9403896583,-3.026798367500305e-9 
 07/08  20:00:00,26319028.56860138,10800000.0,1136544.5956399357,14382483.972961448,12455162.9086517,0.0,5400000.0,0.0,0.0,0.0,-1.3969838619232178e-9 
 07/08  21:00:00,5760000.0,5760000.0,0.0,0.0,0.0,0.0,5400000.0,0.0,0.0,0.0,-2.2118911147117615e-9 
 07/08  22:00:00,1710000.0,1710000.0,0.0,0.0,0.0,0.0,1350000.0,0.0,0.0,0.0,-1.3969838619232178e-9 
 07/08  23:00:00,1710000.0,1710000.0,0.0,0.0,0.0,0.0,1350000.0,0.0,0.0,0.0,5.820766091346741e-10 
 07/08  24:00:00,1710000.0,1710000.0,0.0,0.0,0.0,0.0,1350000.0,0.0,0.0,0.0,1.1059455573558807e-9 
 07/09  01:00:00,1710000.0,1710000.0,0.0,0.0,0.0,0.0,1350000.0,0.0,0.0,0.0,-1.3387762010097504e-9 
 07/09  02:00:00,1710000.0,1710000.0,0.0,0.0,0.0,0.0,1350000.0,0.0,0.0,0.0,-2.852175384759903e-9 
 07/09  03:00:00,1710000.0,1710000.0,0.0,0.0,0.0,0.0,1350000.0,0.0,0.0,0.0,3.14321368932724e-9 
 07/09  04:00:00,1710000.0,1710000.0,0.0,0.0,0.0,0.0,1350000.0,0.0,0.0,0.0,1.7462298274040222e-10 
 07/09  05:00:00,1710000.0,1710000.0,0.0,0.0,0.0,0.0,1350000.0,0.0,0.0,0.0,-1.280568540096283e-9 
 07/09  06:00:00,1710000.0,1710000.0,0.0,0.0,0.0,0.0,1350000.0,0.0,0.0,0.0,1.6880221664905548e-9 
 07/09  07:00:00,15613354.878469752,1710000.0,1136544.5956399357,12766810.282829816,10981491.406486977,0.0,1350000.0,547308.9903576649,547308.9903576649,3515792.3739642976,-1.2514647096395493e-9 
 07/09  08:00:00,15754698.686228842,1505340.0,1136544.5956399357,13112814.090588905,11370460.492856901,0.0,1145340.0,424092.41511054616,424092.41511054616,18449434.56813007,1.8917489796876907e-9 
 07/09  09:00:00,37967175.05661818,23276880.0,1136544.5956399357,13553750.460978236,11788579.235470079,0.0,16076880.0,267396.56046134577,267396.56046134577,27120316.110321,-1.280568540096283e-9 
 07/09  10:00:00,48084344.37966986,31029120.0,1209926.0896891516,15845298.28998071,13987788.88046567,0.0,14829120.0,0.0,0.0,29292542.83668951,-3.4924596548080444e-9 
 07/09  11:00:00,50069793.32011275,29494800.0,1342317.5943665665,19232675.725746192,17315712.19482399,0.0,13294800.0,0.0,0.0,29004275.054955,-3.026798367500305e-9 
 07/09  12:00:00,52591309.995430045,30577680.0,1360945.760393082,20652684.23503697,18725363.170727223,0.0,14377680.0,0.0,0.0,25669266.025236316,-5.820766091346741e-9 
 07/09  13:00:00,45407661.68022238,24701760.0,1277229.5739374156,19428672.10628496,17501351.041975215,0.0,8501760.0,0.0,0.0,26122798.452431887,-2.7939677238464355e-9 
 07/09  14:00:00,48093035.76570006,25764480.0,1381559.6077638597,20946996.157936193,19019675.093626447,0.0,9564480.0,0.0,0.0,25941647.449131586,-6.984919309616089e-10 
 07/09  15:00:00,47750159.18572317,25027200.0,1433231.238074228,21289727.94764895,19362406.8833392,0.0,10627200.0,0.0,0.0,26558589.99775473,-6.05359673500061e-9 
 07/09  16:00:00,44382154.84524036,23227200.0,1353018.5091534427,19801936.336086918,17874615.271777168,0.0,10627200.0,0.0,0.0,20036281.11221594,-5.122274160385132e-9 
 07/09  17:00:00,38272193.21057373,19627200.0,1247391.72798256,17397601.482591182,15470280.418281432,0.0,10627200.0,0.0,0.0,17396129.018378563,-1.862645149230957e-9 
 07/09  18:00:00,38531129.42808049,21052800.0,1204496.755022962,16273832.673057534,14346511.608747786,0.0,12052800.0,0.0,0.0,11967266.83123372,-4.6566128730773926e-9 
 07/09  19:00:00,36407780.19734137,21066480.0,1136544.5956399357,14204755.601701435,12276896.728090454,0.0,15666480.0,419109.57369778503,419109.57369778503,2902365.1068059746,-3.958120942115784e-9 
 07/09  20:00:00,25799736.7276983,10800000.0,1136544.5956399357,13863192.132058367,11935108.147057358,0.0,5400000.0,601149.783852374,601149.783852374,0.0,-2.3283064365386963e-9 
 07/09  21:00:00,5760000.0,5760000.0,0.0,0.0,0.0,0.0,5400000.0,0.0,0.0,0.0,-6.984919309616089e-9 
 07/09  22:00:00,1710000.0,1710000.0,0.0,0.0,0.0,0.0,1350000.0,0.0,0.0,0.0,-2.444721758365631e-9 
 07/09  23:00:00,1710000.0,1710000.0,0.0,0.0,0.0,0.0,1350000.0,0.0,0.0,0.0,1.1641532182693481e-9 
 07/09  24:00:00,1710000.0,1710000.0,0.0,0.0,0.0,0.0,1350000.0,0.0,0.0,0.0,-1.280568540096283e-9 
 07/10  01:00:00,1710000.0,1710000.0,0.0,0.0,0.0,0.0,1350000.0,0.0,0.0,0.0,-3.4924596548080444e-9 
 07/10  02:00:00,1710000.0,1710000.0,0.0,0.0,0.0,0.0,1350000.0,0.0,0.0,0.0,2.2118911147117615e-9 
 07/10  03:00:00,1710000.0,1710000.0,0.0,0.0,0.0,0.0,1350000.0,0.0,0.0,0.0,-2.9685907065868378e-9 
 07/10  04:00:00,1710000.0,1710000.0,0.0,0.0,0.0,0.0,1350000.0,0.0,0.0,0.0,-2.9685907065868378e-9 
 07/10  05:00:00,1710000.0,1710000.0,0.0,0.0,0.0,0.0,1350000.0,0.0,0.0,0.0,-6.402842700481415e-10 
 07/10  06:00:00,1710000.0,1710000.0,0.0,0.0,0.0,0.0,1350000.0,0.0,0.0,13391.084269269693,-1.2223608791828156e-9 
 07/10  07:00:00,15635221.316123486,1710000.0,1136544.5956399357,12788676.720483549,11044553.27522301,0.0,1350000.0,656481.7602122615,656481.7602122615,4141755.3265018417,-3.5797711461782455e-9 
 07/10  08:00:00,16232114.562782068,1481580.0,1136544.5956399357,13613989.967142131,11876409.54091244,0.0,1121580.0,423975.2812446911,423975.2812446911,20769906.155986734,-6.402842700481415e-10 
 07/10  09:00:00,38991028.43850948,23276880.0,1139473.307229635,14574675.131279845,12779314.112404108,0.0,16076880.0,82976.99413630101,82976.99413630101,28326411.09153434,-2.3283064365386963e-10 
 07/10  10:00:00,48981856.81569731,30126240.0,1275312.6392168584,17580304.176480457,15724248.965989761,0.0,13926240.0,0.0,0.0,32849159.69133307,-3.725290298461914e-9 
 07/10  11:00:00,50517061.70289465,28605600.0,1430533.6983702658,20480928.00452439,18569357.260796838,0.0,12405600.0,0.0,0.0,30192466.306081183,-3.259629011154175e-9 
 07/10  12:00:00,52032475.51259705,30126240.0,1427216.6791283442,20479018.833468705,18551697.769158956,0.0,13926240.0,0.0,0.0,26655134.672278605,-1.1641532182693481e-9 
 07/10  13:00:00,45726421.60576177,25413120.0,1314186.4969100186,18999115.108851753,17071794.044542007,0.0,9213120.0,0.0,0.0,25924787.363597304,9.313225746154785e-10 
 07/10  14:00:00,47873208.96896372,25764480.0,1410066.7318004195,20698662.237163305,18771341.172853556,0.0,9564480.0,0.0,0.0,25731552.592666153,-5.122274160385132e-9 
 07/10  15:00:00,48737462.789429374,25027200.0,1458118.5765354473,22252144.212893926,20324823.14858418,0.0,10627200.0,0.0,0.0,27798989.670821186,-5.3551048040390015e-9 
 07/10  16:00:00,46545352.18736707,23227200.0,1417990.979505874,21900161.2078612,19972840.14355145,0.0,10627200.0,0.0,0.0,26641379.93099408,-6.05359673500061e-9 
 07/10  17:00:00,39966567.126576275,19627200.0,1293385.432764984,19045981.69381129,17118660.629501544,0.0,10627200.0,0.0,0.0,18965416.15914675,-6.752088665962219e-9 
 07/10  18:00:00,39421997.416819856,22003200.0,1225311.1094154185,16193486.307404447,14286835.218288906,0.0,13003200.0,0.0,0.0,10316148.378144434,-4.190951585769653e-9 
 07/10  19:00:00,35867808.362805784,21600000.0,1136544.5956399357,13131263.76716585,11267657.22225535,0.0,16200000.0,686587.8315597533,686587.8315597533,1418306.1537506678,0.0 
 07/10  20:00:00,24430728.407543957,10800000.0,1136544.5956399357,12494183.811904019,10663767.059286207,0.0,5400000.0,691840.9234876388,691840.9234876388,0.0,4.6566128730773926e-9 
 07/10  21:00:00,5760000.0,5760000.0,0.0,0.0,0.0,0.0,5400000.0,0.0,0.0,0.0,-4.540197551250458e-9 
 07/10  22:00:00,1710000.0,1710000.0,0.0,0.0,0.0,0.0,1350000.0,0.0,0.0,0.0,-4.307366907596588e-9 
 07/10  23:00:00,1710000.0,1710000.0,0.0,0.0,0.0,0.0,1350000.0,0.0,0.0,0.0,3.4924596548080444e-10 
 07/10  24:00:00,1710000.0,1710000.0,0.0,0.0,0.0,0.0,1350000.0,0.0,0.0,0.0,3.4924596548080444e-10 
 07/11  01:00:00,1710000.0,1710000.0,0.0,0.0,0.0,0.0,1350000.0,0.0,0.0,0.0,-5.238689482212067e-9 
 07/11  02:00:00,1710000.0,1710000.0,0.0,0.0,0.0,0.0,1350000.0,0.0,0.0,0.0,-2.0372681319713593e-9 
 07/11  03:00:00,1710000.0,1710000.0,0.0,0.0,0.0,0.0,1350000.0,0.0,0.0,0.0,-2.5029294192790985e-9 
 07/11  04:00:00,1710000.0,1710000.0,0.0,0.0,0.0,0.0,1350000.0,0.0,0.0,0.0,-2.9103830456733704e-10 
 07/11  05:00:00,1710000.0,1710000.0,0.0,0.0,0.0,0.0,1350000.0,0.0,0.0,0.0,-3.2014213502407074e-9 
 07/11  06:00:00,1710000.0,1710000.0,0.0,0.0,0.0,0.0,1350000.0,0.0,0.0,6686.5888988218885,-1.1641532182693481e-10 
 07/11  07:00:00,15883376.21856734,1710000.0,1136544.5956399357,13036831.622927405,11283652.282809997,0.0,1350000.0,702696.7343015928,702696.7343015928,2370525.6000807593,-3.725290298461914e-9 
 07/11  08:00:00,15683009.031586621,1573560.0,1136544.5956399357,12972904.435946686,11283361.519968988,0.0,1213560.0,704849.0739787545,704849.0739787545,14307210.115140025,-2.6775524020195007e-9 
 07/11  09:00:00,39637124.33882319,24504840.0,1136544.5956399357,13995739.74318325,12224023.867200691,0.0,17304840.0,372094.6416181099,372094.6416181099,24836093.79092311,-4.0745362639427185e-9 
 07/11  10:00:00,49365992.2377924,31029120.0,1231673.1638797636,17105199.073912643,15237367.794287175,0.0,14829120.0,0.0,0.0,27607631.84283746,-5.9371814131736755e-9 
 07/11  11:00:00,51254805.50097144,27716400.0,1398291.0823171176,22140114.418654323,20215080.166849934,0.0,11516400.0,0.0,0.0,29782335.59585561,-2.3283064365386963e-9 
 07/11  12:00:00,51301509.38022575,26295840.0,1406517.3607151106,23599152.019510634,21671830.95520089,0.0,10095840.0,0.0,0.0,26259354.997933626,-4.190951585769653e-9 
 07/11  13:00:00,48266329.55764231,24701760.0,1300270.4425466252,22264299.11509569,20336978.050785944,0.0,8501760.0,0.0,0.0,23255337.767957855,-3.4924596548080444e-9 
 07/11  14:00:00,51263762.355987385,25764480.0,1454385.0638425453,24044897.292144842,22117576.227835093,0.0,9564480.0,0.0,0.0,27309623.795968853,-4.6566128730773926e-9 
 07/11  15:00:00,50726822.17549694,25027200.0,1497262.030237934,24202360.145259015,22275039.08094927,0.0,10627200.0,0.0,0.0,24953021.85077527,-6.984919309616089e-9 
 07/11  16:00:00,46219042.01376543,23227200.0,1379632.3246474706,21612209.68911796,19684888.624808215,0.0,10627200.0,0.0,0.0,17310226.160116572,-2.0954757928848267e-9 
 07/11  17:00:00,41788527.71185878,21880800.0,1259307.6050084317,18648420.10685035,16721099.042540602,0.0,12880800.0,0.0,0.0,14292119.276004972,-4.889443516731262e-9 
 07/11  18:00:00,46780536.70603216,28764000.0,1210537.1379881967,16805999.56804396,14878678.503734209,0.0,19764000.0,0.0,0.0,5848990.410742304,-4.6566128730773926e-9 
 07/11  19:00:00,37395083.20789142,21600000.0,1136544.5956399357,14658538.612251487,12730903.422777373,0.0,16200000.0,263631.894586672,263631.894586672,480682.1692658556,-3.026798367500305e-9 
 07/11  20:00:00,26503994.927405678,10800000.0,1136544.5956399357,14567450.331765743,12639834.015833152,0.0,5400000.0,249197.50711120106,249197.50711120106,0.0,-2.444721758365631e-9 
 07/11  21:00:00,5760000.0,5760000.0,0.0,0.0,0.0,0.0,5400000.0,0.0,0.0,0.0,-1.6298145055770874e-9 
 07/11  22:00:00,1710000.0,1710000.0,0.0,0.0,0.0,0.0,1350000.0,0.0,0.0,0.0,-2.3283064365386963e-9 
 07/11  23:00:00,1710000.0,1710000.0,0.0,0.0,0.0,0.0,1350000.0,0.0,0.0,0.0,-2.444721758365631e-9 
 07/11  24:00:00,1710000.0,1710000.0,0.0,0.0,0.0,0.0,1350000.0,0.0,0.0,0.0,-4.190951585769653e-9 
 07/12  01:00:00,4950000.0,4950000.0,0.0,0.0,0.0,0.0,1350000.0,0.0,0.0,0.0,1.5133991837501526e-9 
 07/12  02:00:00,4950000.0,4950000.0,0.0,0.0,0.0,0.0,1350000.0,0.0,0.0,0.0,1.0477378964424133e-9 
 07/12  03:00:00,4950000.0,4950000.0,0.0,0.0,0.0,0.0,1350000.0,0.0,0.0,0.0,-3.4924596548080444e-9 
 07/12  04:00:00,4950000.0,4950000.0,0.0,0.0,0.0,0.0,1350000.0,0.0,0.0,0.0,-9.89530235528946e-10 
 07/12  05:00:00,4950000.0,4950000.0,0.0,0.0,0.0,0.0,1350000.0,0.0,0.0,0.0,5.820766091346741e-10 
 07/12  06:00:00,4950000.0,4950000.0,0.0,0.0,0.0,0.0,1350000.0,0.0,0.0,0.0,4.0745362639427185e-10 
 07/12  07:00:00,4950000.0,4950000.0,0.0,0.0,0.0,0.0,1350000.0,0.0,0.0,3403553.8237892836,-4.598405212163925e-9 
 07/12  08:00:00,4745340.0,4745340.0,0.0,0.0,0.0,0.0,1145340.0,0.0,0.0,20045908.714566544,-1.979060471057892e-9 
 07/12  09:00:00,4493160.0,4493160.0,0.0,0.0,0.0,0.0,893160.0,0.0,0.0,33583869.26124706,-1.5133991837501526e-9 
 07/12  10:00:00,4380480.0,4380480.0,0.0,0.0,0.0,0.0,780480.0,0.0,0.0,30350366.05444631,-1.6298145055770874e-9 
 07/12  11:00:00,4175820.0,4175820.0,0.0,0.0,0.0,0.0,575820.0,0.0,0.0,29775977.159296174,-1.979060471057892e-9 
 07/12  12:00:00,4264740.0,4264740.0,0.0,0.0,0.0,0.0,664740.0,0.0,0.0,26676133.893149234,-6.752088665962219e-9 
 07/12  13:00:00,4131360.0,4131360.0,0.0,0.0,0.0,0.0,531360.0,0.0,0.0,26145448.279483918,-1.862645149230957e-9 
 07/12  14:00:00,4131360.0,4131360.0,0.0,0.0,0.0,0.0,531360.0,0.0,0.0,26261880.11784851,-2.3283064365386963e-9 
 07/12  15:00:00,4131360.0,4131360.0,0.0,0.0,0.0,0.0,531360.0,0.0,0.0,21886793.216970168,-6.05359673500061e-9 
 07/12  16:00:00,4131360.0,4131360.0,0.0,0.0,0.0,0.0,531360.0,0.0,0.0,23059299.995698582,-4.190951585769653e-9 
 07/12  17:00:00,4336020.0,4336020.0,0.0,0.0,0.0,0.0,736020.0,0.0,0.0,12340718.686400494,-5.122274160385132e-9 
 07/12  18:00:00,4410360.0,4410360.0,0.0,0.0,0.0,0.0,810360.0,0.0,0.0,7179289.745640584,-5.587935447692871e-9 
 07/12  19:00:00,4950000.0,4950000.0,0.0,0.0,0.0,0.0,1350000.0,0.0,0.0,573572.606609831,-2.3283064365386963e-9 
 07/12  20:00:00,4950000.0,4950000.0,0.0,0.0,0.0,0.0,1350000.0,0.0,0.0,0.0,-4.656612873077393e-10 
 07/12  21:00:00,4950000.0,4950000.0,0.0,0.0,0.0,0.0,1350000.0,0.0,0.0,0.0,-3.841705620288849e-9 
 07/12  22:00:00,4950000.0,4950000.0,0.0,0.0,0.0,0.0,1350000.0,0.0,0.0,0.0,-1.7462298274040222e-9 
 07/12  23:00:00,4950000.0,4950000.0,0.0,0.0,0.0,0.0,1350000.0,0.0,0.0,0.0,-2.2118911147117615e-9 
 07/12  24:00:00,4950000.0,4950000.0,0.0,0.0,0.0,0.0,1350000.0,0.0,0.0,0.0,-6.984919309616089e-10 
 07/13  01:00:00,4950000.0,4950000.0,0.0,0.0,0.0,0.0,1350000.0,0.0,0.0,0.0,-1.280568540096283e-9 
 07/13  02:00:00,4950000.0,4950000.0,0.0,0.0,0.0,0.0,1350000.0,0.0,0.0,0.0,8.149072527885437e-10 
 07/13  03:00:00,4950000.0,4950000.0,0.0,0.0,0.0,0.0,1350000.0,0.0,0.0,0.0,-3.259629011154175e-9 
 07/13  04:00:00,4950000.0,4950000.0,0.0,0.0,0.0,0.0,1350000.0,0.0,0.0,0.0,-1.6298145055770874e-9 
 07/13  05:00:00,4950000.0,4950000.0,0.0,0.0,0.0,0.0,1350000.0,0.0,0.0,0.0,-9.313225746154785e-10 
 07/13  06:00:00,4950000.0,4950000.0,0.0,0.0,0.0,0.0,1350000.0,0.0,0.0,0.0,-1.9208528101444244e-9 
 07/13  07:00:00,4950000.0,4950000.0,0.0,0.0,0.0,0.0,1350000.0,0.0,0.0,1972900.1779891336,-2.5029294192790985e-9 
 07/13  08:00:00,4858020.0,4858020.0,0.0,0.0,0.0,0.0,1258020.0,0.0,0.0,12776205.280845176,-2.5029294192790985e-9 
 07/13  09:00:00,4561380.0,4561380.0,0.0,0.0,0.0,0.0,961380.0,0.0,0.0,26004974.68168337,-1.1641532182693481e-9 
 07/13  10:00:00,4356720.0,4356720.0,0.0,0.0,0.0,0.0,756720.0,0.0,0.0,31198464.027831964,-1.862645149230957e-9 
 07/13  11:00:00,4220280.0,4220280.0,0.0,0.0,0.0,0.0,620280.0,0.0,0.0,29662754.466630954,-4.190951585769653e-9 
 07/13  12:00:00,4264740.0,4264740.0,0.0,0.0,0.0,0.0,664740.0,0.0,0.0,23195755.753034122,-2.3283064365386963e-10 
 07/13  13:00:00,4131360.0,4131360.0,0.0,0.0,0.0,0.0,531360.0,0.0,0.0,21065037.569431655,-3.026798367500305e-9 
 07/13  14:00:00,4131360.0,4131360.0,0.0,0.0,0.0,0.0,531360.0,0.0,0.0,24914622.59560557,-9.313225746154785e-10 
 07/13  15:00:00,4131360.0,4131360.0,0.0,0.0,0.0,0.0,531360.0,0.0,0.0,27063895.49047848,-3.725290298461914e-9 
 07/13  16:00:00,4131360.0,4131360.0,0.0,0.0,0.0,0.0,531360.0,0.0,0.0,24556528.945233326,-9.546056389808655e-9 
 07/13  17:00:00,4131360.0,4131360.0,0.0,0.0,0.0,0.0,531360.0,0.0,0.0,22291780.598812707,-7.2177499532699585e-9 
 07/13  18:00:00,4202640.0,4202640.0,0.0,0.0,0.0,0.0,602640.0,0.0,0.0,14201714.33796883,-4.889443516731262e-9 
 07/13  19:00:00,4905540.0,4905540.0,0.0,0.0,0.0,0.0,1305540.0,0.0,0.0,3024138.2064043405,1.3969838619232178e-9 
 07/13  20:00:00,4950000.0,4950000.0,0.0,0.0,0.0,0.0,1350000.0,0.0,0.0,0.0,-5.820766091346741e-9 
 07/13  21:00:00,4950000.0,4950000.0,0.0,0.0,0.0,0.0,1350000.0,0.0,0.0,0.0,-1.3969838619232178e-9 
 07/13  22:00:00,4950000.0,4950000.0,0.0,0.0,0.0,0.0,1350000.0,0.0,0.0,0.0,-5.587935447692871e-9 
 07/13  23:00:00,4950000.0,4950000.0,0.0,0.0,0.0,0.0,1350000.0,0.0,0.0,0.0,5.820766091346741e-10 
 07/13  24:00:00,4950000.0,4950000.0,0.0,0.0,0.0,0.0,1350000.0,0.0,0.0,0.0,-3.026798367500305e-9 
 07/14  01:00:00,1710000.0,1710000.0,0.0,0.0,0.0,0.0,1350000.0,0.0,0.0,0.0,-1.862645149230957e-9 
 07/14  02:00:00,1710000.0,1710000.0,0.0,0.0,0.0,0.0,1350000.0,0.0,0.0,0.0,-9.313225746154785e-10 
 07/14  03:00:00,1710000.0,1710000.0,0.0,0.0,0.0,0.0,1350000.0,0.0,0.0,0.0,-1.280568540096283e-9 
 07/14  04:00:00,1710000.0,1710000.0,0.0,0.0,0.0,0.0,1350000.0,0.0,0.0,0.0,-4.656612873077393e-10 
 07/14  05:00:00,1710000.0,1710000.0,0.0,0.0,0.0,0.0,1350000.0,0.0,0.0,0.0,-1.5133991837501526e-9 
 07/14  06:00:00,1710000.0,1710000.0,0.0,0.0,0.0,0.0,1350000.0,0.0,0.0,20114.49046444328,-2.153683453798294e-9 
 07/14  07:00:00,15309202.313688174,1710000.0,1136544.5956399357,12462657.71804824,10737040.83874626,0.0,1350000.0,723224.1491122483,723224.1491122483,1851145.694452493,-2.270098775625229e-9 
 07/14  08:00:00,15913443.03045468,1618020.0,1136544.5956399357,13158878.434814744,11431208.430947032,0.0,1258020.0,725915.8524415551,725915.8524415551,11174443.572904067,-3.725290298461914e-9 
 07/14  09:00:00,40145084.69469257,24932520.0,1136544.5956399357,14076020.09905263,12289160.772002175,0.0,17732520.0,480643.0351414138,480643.0351414138,23751039.845038,-2.3283064365386963e-9 
 07/14  10:00:00,49150773.481976405,30577680.0,1283277.2488806779,17289816.233095728,15443163.62874818,0.0,14377680.0,0.0,0.0,34123893.00657595,-5.587935447692871e-9 
 07/14  11:00:00,52442491.52565004,29494800.0,1464468.6687900831,21483222.85685996,19572158.7896156,0.0,13294800.0,0.0,0.0,30354097.963087637,-3.4924596548080444e-9 
 07/14  12:00:00,49620128.70246061,26295840.0,1420300.5933735585,21903988.109087054,19976667.044777304,0.0,10095840.0,0.0,0.0,23760700.080960438,-4.6566128730773926e-9 
 07/14  13:00:00,47094588.47030856,24701760.0,1306316.4317468465,21086512.03856171,19159190.974251963,0.0,8501760.0,0.0,0.0,21655044.211938187,-2.0954757928848267e-9 
 07/14  14:00:00,51043860.75796318,25764480.0,1447984.6104851111,23831396.147478066,21904075.08316832,0.0,9564480.0,0.0,0.0,25253727.867827266,-6.05359673500061e-9 
 07/14  15:00:00,51757973.82411571,25027200.0,1522767.0584667027,25208006.765649006,23280685.70133926,0.0,10627200.0,0.0,0.0,27862283.11632606,-4.190951585769653e-9 
 07/14  16:00:00,48386600.69261964,23227200.0,1471739.3892307915,23687661.30338885,21760340.239079103,0.0,10627200.0,0.0,0.0,27872329.593460366,-3.026798367500305e-9 
 07/14  17:00:00,40934444.65810302,19627200.0,1329687.7316997033,19977556.92640332,18050235.862093575,0.0,10627200.0,0.0,0.0,21175416.36734884,-2.561137080192566e-9 
 07/14  18:00:00,41018145.98714709,22892400.0,1243315.3392306438,16882430.647916455,14980000.61658615,0.0,13892400.0,0.0,0.0,9292136.720827745,-6.51925802230835e-9 
 07/14  19:00:00,36754205.27748519,21600000.0,1136647.1281197267,14017558.149365468,12103350.776380328,0.0,16200000.0,781213.3443470267,781213.3443470267,711856.0340263288,-1.3969838619232178e-9 
 07/14  20:00:00,26009896.233641893,10800000.0,1136544.5956399357,14073351.63800196,12145383.569666369,0.0,5400000.0,556311.9282148045,556311.9282148045,0.0,-5.005858838558197e-9 
 07/14  21:00:00,5760000.0,5760000.0,0.0,0.0,0.0,0.0,5400000.0,0.0,0.0,0.0,-1.6298145055770874e-9 
 07/14  22:00:00,1710000.0,1710000.0,0.0,0.0,0.0,0.0,1350000.0,0.0,0.0,0.0,-5.820766091346741e-10 
 07/14  23:00:00,1710000.0,1710000.0,0.0,0.0,0.0,0.0,1350000.0,0.0,0.0,0.0,-2.3283064365386963e-10 
 07/14  24:00:00,1710000.0,1710000.0,0.0,0.0,0.0,0.0,1350000.0,0.0,0.0,0.0,-2.3283064365386963e-10 
 07/15  01:00:00,1710000.0,1710000.0,0.0,0.0,0.0,0.0,1350000.0,0.0,0.0,0.0,-1.1641532182693481e-10 
 07/15  02:00:00,1710000.0,1710000.0,0.0,0.0,0.0,0.0,1350000.0,0.0,0.0,0.0,1.3969838619232178e-9 
 07/15  03:00:00,1710000.0,1710000.0,0.0,0.0,0.0,0.0,1350000.0,0.0,0.0,0.0,1.3969838619232178e-9 
 07/15  04:00:00,1710000.0,1710000.0,0.0,0.0,0.0,0.0,1350000.0,0.0,0.0,0.0,2.2118911147117615e-9 
 07/15  05:00:00,1710000.0,1710000.0,0.0,0.0,0.0,0.0,1350000.0,0.0,0.0,0.0,1.8044374883174896e-9 
 07/15  06:00:00,1710000.0,1710000.0,0.0,0.0,0.0,0.0,1350000.0,0.0,0.0,0.0,-2.3283064365386963e-10 
 07/15  07:00:00,15315193.033986535,1710000.0,1136544.5956399357,12468648.438346598,10752950.6181207,0.0,1350000.0,735710.088013977,735710.088013977,5463798.369101001,-2.7939677238464355e-9 
 07/15  08:00:00,16129718.537862733,1481580.0,1136544.5956399357,13511593.942222796,11767711.805233046,0.0,1121580.0,564329.6124225899,564329.6124225899,27345605.01885982,-3.3760443329811096e-9 
 07/15  09:00:00,39800558.60302558,24077160.0,1166423.4396263706,14556975.163399212,12768833.071594354,0.0,16877160.0,121313.3018861629,121313.3018861629,38177418.42149472,-3.6088749766349792e-9 
 07/15  10:00:00,51068950.69375428,30577680.0,1372156.0142626695,19119114.679491606,17263474.782152694,0.0,14377680.0,0.0,0.0,37221646.11664169,-5.471520125865936e-9 
 07/15  11:00:00,53769717.330389634,30859200.0,1484775.613243917,21425741.71714572,19511808.229084607,0.0,14659200.0,0.0,0.0,27354531.517049063,-7.450580596923828e-9 
 07/15  12:00:00,49693261.594507396,27140580.0,1415122.8310267592,21137558.76348064,19210237.69917089,0.0,10940580.0,0.0,0.0,24793117.332776897,-1.3969838619232178e-9 
 07/15  13:00:00,47872550.90727471,27596160.0,1300231.5008572494,18976159.40641746,17048838.342107713,0.0,11396160.0,0.0,0.0,23544648.049992695,-4.6566128730773926e-9 
 07/15  14:00:00,47284872.72920522,25764480.0,1393635.3613282403,20126757.367876973,18199436.303567227,0.0,9564480.0,0.0,0.0,25177790.73722998,-5.3551048040390015e-9 
 07/15  15:00:00,45908667.42175442,25027200.0,1377214.8388440874,19504252.582910325,17576931.51860058,0.0,10627200.0,0.0,0.0,21214262.386263147,-4.6566128730773926e-9 
 07/15  16:00:00,43684773.399630316,23227200.0,1306299.975463889,19151273.424166426,17223952.359856676,0.0,10627200.0,0.0,0.0,18565581.888528034,-2.7939677238464355e-9 
 07/15  17:00:00,38735028.82596748,19627200.0,1224461.4767806877,17883367.349186797,15956046.284877045,0.0,10627200.0,0.0,0.0,17671992.79379972,-3.026798367500305e-9 
 07/15  18:00:00,39435683.02552067,20102400.0,1205365.409070105,18127917.616450563,16200596.552140817,0.0,11102400.0,0.0,0.0,16400973.627925646,-4.190951585769653e-9 
 07/15  19:00:00,36849937.99617016,20247840.0,1136727.392303757,15465370.60386641,13538014.678223252,0.0,14847840.0,30266.05454064924,30266.05454064924,5032382.672039201,-3.259629011154175e-9 
 07/15  20:00:00,26568028.168162107,10800000.0,1136544.5956399357,14631483.572522175,12703882.788190996,0.0,5400000.0,243463.81326089066,243463.81326089066,0.0,-3.14321368932724e-9 
 07/15  21:00:00,5760000.0,5760000.0,0.0,0.0,0.0,0.0,5400000.0,0.0,0.0,0.0,-1.979060471057892e-9 
 07/15  22:00:00,1710000.0,1710000.0,0.0,0.0,0.0,0.0,1350000.0,0.0,0.0,0.0,-1.979060471057892e-9 
 07/15  23:00:00,1710000.0,1710000.0,0.0,0.0,0.0,0.0,1350000.0,0.0,0.0,0.0,-1.7462298274040222e-9 
 07/15  24:00:00,1710000.0,1710000.0,0.0,0.0,0.0,0.0,1350000.0,0.0,0.0,0.0,-1.0477378964424133e-9 
 07/16  01:00:00,1710000.0,1710000.0,0.0,0.0,0.0,0.0,1350000.0,0.0,0.0,0.0,1.5133991837501526e-9 
 07/16  02:00:00,1710000.0,1710000.0,0.0,0.0,0.0,0.0,1350000.0,0.0,0.0,0.0,1.9208528101444244e-9 
 07/16  03:00:00,1710000.0,1710000.0,0.0,0.0,0.0,0.0,1350000.0,0.0,0.0,0.0,0.0 
 07/16  04:00:00,1710000.0,1710000.0,0.0,0.0,0.0,0.0,1350000.0,0.0,0.0,0.0,3.4924596548080444e-10 
 07/16  05:00:00,1710000.0,1710000.0,0.0,0.0,0.0,0.0,1350000.0,0.0,0.0,0.0,-2.561137080192566e-9 
 07/16  06:00:00,1710000.0,1710000.0,0.0,0.0,0.0,0.0,1350000.0,0.0,0.0,0.0,-2.153683453798294e-9 
 07/16  07:00:00,16599736.515480734,1710000.0,1136544.5956399357,13753191.9198408,11910809.741683178,0.0,1350000.0,321173.06502649817,321173.06502649817,2987472.8463704465,-2.153683453798294e-9 
 07/16  08:00:00,16656306.170755085,1549800.0,1136544.5956399357,13969961.57511515,12190061.234438555,0.0,1189800.0,261927.38944146855,261927.38944146855,18960566.494283956,-8.731149137020111e-10 
 07/16  09:00:00,39140735.06463465,23276880.0,1145321.2916406845,14718533.772993963,12909951.054701544,0.0,16076880.0,67010.30296516315,67010.30296516315,33699167.832372665,-1.1641532182693481e-9 
 07/16  10:00:00,49839672.866423346,30126240.0,1297515.7475520433,18415917.1188713,16559308.31891727,0.0,13926240.0,0.0,0.0,32598684.32568818,-2.7939677238464355e-9 
 07/16  11:00:00,50894063.17293203,27716400.0,1446502.6036125259,21731160.56931951,19817431.115663175,0.0,11516400.0,0.0,0.0,29819086.16852631,-1.3969838619232178e-9 
 07/16  12:00:00,49535886.55936745,26295840.0,1400234.561541646,21839811.9978258,19912490.933516055,0.0,10095840.0,0.0,0.0,23961575.838364854,-2.0954757928848267e-9 
 07/16  13:00:00,47664720.42280403,25413120.0,1311307.2048998515,20940293.21790418,19012972.153594434,0.0,9213120.0,0.0,0.0,24232465.70743788,1.1641532182693481e-9 
 07/16  14:00:00,50120470.082843676,25764480.0,1431222.567485909,22924767.515357763,20997446.451048017,0.0,9564480.0,0.0,0.0,25692579.88876652,-1.6298145055770874e-9 
 07/16  15:00:00,50426769.515016794,25027200.0,1489574.2120775923,23909995.302939206,21982674.238629457,0.0,10627200.0,0.0,0.0,27455078.7852654,-5.587935447692871e-9 
 07/16  16:00:00,47220142.87720473,23227200.0,1386623.4098143277,22606319.467390403,20678998.403080657,0.0,10627200.0,0.0,0.0,18791594.650863387,-6.51925802230835e-9 
 07/16  17:00:00,49402615.527709745,28227600.0,1260227.2147267887,19914788.312982954,17987467.248673208,0.0,19227600.0,0.0,0.0,9704735.764072035,-2.3283064365386963e-10 
 07/16  18:00:00,46152721.785340026,26571600.0,1211490.3034169446,18369631.48192308,16442310.417613331,0.0,17571600.0,0.0,0.0,6945568.110648332,-2.7939677238464355e-9 
 07/16  19:00:00,38303377.66307725,21600000.0,1136544.5956399357,15566833.067437312,13639512.003127564,0.0,16200000.0,0.0,0.0,1257342.4238166297,-2.3283064365386963e-10 
 07/16  20:00:00,27052250.800269425,10800000.0,1136544.5956399357,15115706.204629486,13188385.140319739,0.0,5400000.0,0.0,0.0,0.0,1.280568540096283e-9 
 07/16  21:00:00,5760000.0,5760000.0,0.0,0.0,0.0,0.0,5400000.0,0.0,0.0,0.0,-5.471520125865936e-9 
 07/16  22:00:00,1710000.0,1710000.0,0.0,0.0,0.0,0.0,1350000.0,0.0,0.0,0.0,-3.4924596548080444e-9 
 07/16  23:00:00,1710000.0,1710000.0,0.0,0.0,0.0,0.0,1350000.0,0.0,0.0,0.0,-1.1641532182693481e-10 
 07/16  24:00:00,1710000.0,1710000.0,0.0,0.0,0.0,0.0,1350000.0,0.0,0.0,0.0,-3.4924596548080444e-10 
 07/17  01:00:00,1710000.0,1710000.0,0.0,0.0,0.0,0.0,1350000.0,0.0,0.0,0.0,-2.0954757928848267e-9 
 07/17  02:00:00,1710000.0,1710000.0,0.0,0.0,0.0,0.0,1350000.0,0.0,0.0,0.0,-2.852175384759903e-9 
 07/17  03:00:00,1710000.0,1710000.0,0.0,0.0,0.0,0.0,1350000.0,0.0,0.0,0.0,-1.8044374883174896e-9 
 07/17  04:00:00,1710000.0,1710000.0,0.0,0.0,0.0,0.0,1350000.0,0.0,0.0,0.0,-2.5029294192790985e-9 
 07/17  05:00:00,1710000.0,1710000.0,0.0,0.0,0.0,0.0,1350000.0,0.0,0.0,0.0,-8.731149137020111e-10 
 07/17  06:00:00,1710000.0,1710000.0,0.0,0.0,0.0,0.0,1350000.0,0.0,0.0,0.0,-2.3283064365386963e-9 
 07/17  07:00:00,15870047.023081478,1710000.0,1136544.5956399357,13023502.427441541,11229049.054799322,0.0,1350000.0,719382.9091181646,719382.9091181646,2734154.023415741,-3.026798367500305e-9 
 07/17  08:00:00,16246587.344404439,1549800.0,1136544.5956399357,13560242.748764504,11789584.27795081,0.0,1189800.0,526266.7328965708,526266.7328965708,16812923.05153066,-3.4924596548080444e-10 
 07/17  09:00:00,40856284.064420074,25305120.0,1136544.5956399357,14414619.468780134,12612119.895966811,0.0,18105120.0,129949.53000554323,129949.53000554323,25477015.473135814,1.0477378964424133e-9 
 07/17  10:00:00,51675352.72946574,33170040.0,1232297.6760113065,17273015.05345443,15392578.516771182,0.0,16970040.0,0.0,0.0,23954236.536353488,-6.05359673500061e-9 
 07/17  11:00:00,50291103.17379809,27716400.0,1387822.2643318502,21186880.909466244,19264187.157328196,0.0,11516400.0,0.0,0.0,29352680.868799377,-5.587935447692871e-9 
 07/17  12:00:00,50255536.13147111,27140580.0,1392268.8055642187,21722687.325906895,19795366.261597145,0.0,10940580.0,0.0,0.0,26705180.190177362,-4.889443516731262e-9 
 07/17  13:00:00,46485056.95887901,24701760.0,1297050.7711314356,20486246.187747575,18558925.123437826,0.0,8501760.0,0.0,0.0,26073290.859505896,-6.51925802230835e-9 
 07/17  14:00:00,49623837.34304389,25764480.0,1407153.8322006923,22452203.5108432,20524882.446533453,0.0,9564480.0,0.0,0.0,26129971.30497096,-7.450580596923828e-9 
 07/17  15:00:00,49284557.981745765,25027200.0,1405541.3788721324,22851816.602873635,20924495.538563885,0.0,10627200.0,0.0,0.0,22218064.872477468,2.3283064365386963e-10 
 07/17  16:00:00,46649265.26689821,23227200.0,1343038.3591953751,22079026.907702833,20151705.843393087,0.0,10627200.0,0.0,0.0,20738262.23754789,-7.683411240577698e-9 
 07/17  17:00:00,42479396.95351639,21880800.0,1229157.6846772688,19369439.268839117,17442118.20452937,0.0,12880800.0,0.0,0.0,12939191.12217255,-2.561137080192566e-9 
 07/17  18:00:00,39705812.78160319,21052800.0,1194532.316853894,17458480.464749295,15531159.40043955,0.0,12052800.0,0.0,0.0,11925362.478388641,-4.423782229423523e-9 
 07/17  19:00:00,37033744.96113186,21066480.0,1136544.5956399357,14830720.365491934,12903337.120565942,0.0,15666480.0,55055.48109757788,55055.48109757788,2994512.41345081,-2.561137080192566e-9 
 07/17  20:00:00,26256544.49031668,10800000.0,1136544.5956399357,14319999.894676747,12392390.286117155,0.0,5400000.0,256112.63958410412,256112.63958410412,0.0,-2.7939677238464355e-9 
 07/17  21:00:00,5760000.0,5760000.0,0.0,0.0,0.0,0.0,5400000.0,0.0,0.0,0.0,6.984919309616089e-10 
 07/17  22:00:00,1710000.0,1710000.0,0.0,0.0,0.0,0.0,1350000.0,0.0,0.0,0.0,-2.0954757928848267e-9 
 07/17  23:00:00,1710000.0,1710000.0,0.0,0.0,0.0,0.0,1350000.0,0.0,0.0,0.0,-1.280568540096283e-9 
 07/17  24:00:00,1710000.0,1710000.0,0.0,0.0,0.0,0.0,1350000.0,0.0,0.0,0.0,-1.0477378964424133e-9 
 07/18  01:00:00,1710000.0,1710000.0,0.0,0.0,0.0,0.0,1350000.0,0.0,0.0,0.0,-3.841705620288849e-9 
 07/18  02:00:00,1710000.0,1710000.0,0.0,0.0,0.0,0.0,1350000.0,0.0,0.0,0.0,-2.3865140974521637e-9 
 07/18  03:00:00,1710000.0,1710000.0,0.0,0.0,0.0,0.0,1350000.0,0.0,0.0,0.0,1.4551915228366852e-9 
 07/18  04:00:00,1710000.0,1710000.0,0.0,0.0,0.0,0.0,1350000.0,0.0,0.0,0.0,-1.8044374883174896e-9 
 07/18  05:00:00,1710000.0,1710000.0,0.0,0.0,0.0,0.0,1350000.0,0.0,0.0,0.0,-2.5029294192790985e-9 
 07/18  06:00:00,1710000.0,1710000.0,0.0,0.0,0.0,0.0,1350000.0,0.0,0.0,0.0,5.820766091346741e-11 
 07/18  07:00:00,16121575.036728557,1710000.0,1136544.5956399357,13275030.44108862,11465858.185945533,0.0,1350000.0,756795.0774837265,756795.0774837265,4018542.1931632357,-1.6880221664905548e-9 
 07/18  08:00:00,16164414.036208365,1481580.0,1136544.5956399357,13546289.440568432,11794230.387909584,0.0,1121580.0,612836.2105379365,612836.2105379365,20396950.42946095,-6.984919309616089e-10 
 07/18  09:00:00,40065094.262654215,24504840.0,1138265.1731552167,14421989.089499002,12619284.456766726,0.0,17304840.0,186077.18460267264,186077.18460267264,25997347.85643243,-8.149072527885437e-10 
 07/18  10:00:00,50882145.138786525,30577680.0,1291004.3513814865,19013460.787405044,17139818.658840414,0.0,14377680.0,0.0,0.0,33179610.02763543,-3.3760443329811096e-9 
 07/18  11:00:00,55966664.05386047,30859200.0,1448912.9865933757,23658551.067267098,21731592.740337286,0.0,14659200.0,0.0,0.0,27202814.664268114,-3.026798367500305e-9 
 07/18  12:00:00,52411703.78358851,26295840.0,1418277.718309491,24697586.065279014,22770265.00096927,0.0,10095840.0,0.0,0.0,24778585.78478644,-3.725290298461914e-9 
 07/18  13:00:00,49535355.077765316,24701760.0,1309588.7210516273,23524006.356713697,21596685.292403944,0.0,8501760.0,0.0,0.0,23135218.294400405,-6.984919309616089e-9 
 07/18  14:00:00,52628893.88499382,25764480.0,1447079.5742163907,25417334.310777433,23490013.246467687,0.0,9564480.0,0.0,0.0,25703573.44851958,-3.259629011154175e-9 
 07/18  15:00:00,52049816.47796167,25027200.0,1510100.2686753476,25512516.209286325,23585195.14497657,0.0,10627200.0,0.0,0.0,26840135.114537742,-2.7939677238464355e-9 
 07/18  16:00:00,47574225.35267037,23227200.0,1410272.1377100719,22936753.2149603,21009432.150650553,0.0,10627200.0,0.0,0.0,21251184.7954915,-6.28642737865448e-9 
 07/18  17:00:00,42314088.20644994,21880800.0,1259613.951960064,19173674.254489876,17246353.19018013,0.0,12880800.0,0.0,0.0,13848570.40898091,-2.0954757928848267e-9 
 07/18  18:00:00,44786703.293753125,26096400.0,1201410.2515838745,17488893.04216925,15561571.977859505,0.0,17096400.0,0.0,0.0,7132369.806488153,-6.752088665962219e-9 
 07/18  19:00:00,38418061.464829795,21600000.0,1136544.5956399357,15681516.86918986,13754195.804880112,0.0,16200000.0,0.0,0.0,1026003.2943762781,-4.423782229423523e-9 
 07/18  20:00:00,28024649.92295634,10800000.0,1136544.5956399357,16088105.327316403,14160784.263006654,0.0,5400000.0,0.0,0.0,0.0,-2.3283064365386963e-10 
 07/18  21:00:00,5760000.0,5760000.0,0.0,0.0,0.0,0.0,5400000.0,0.0,0.0,0.0,-2.6775524020195007e-9 
 07/18  22:00:00,1710000.0,1710000.0,0.0,0.0,0.0,0.0,1350000.0,0.0,0.0,0.0,-2.2118911147117615e-9 
 07/18  23:00:00,1710000.0,1710000.0,0.0,0.0,0.0,0.0,1350000.0,0.0,0.0,0.0,-3.725290298461914e-9 
 07/18  24:00:00,1710000.0,1710000.0,0.0,0.0,0.0,0.0,1350000.0,0.0,0.0,0.0,-2.444721758365631e-9 
 07/19  01:00:00,4950000.0,4950000.0,0.0,0.0,0.0,0.0,1350000.0,0.0,0.0,0.0,-2.444721758365631e-9 
 07/19  02:00:00,4950000.0,4950000.0,0.0,0.0,0.0,0.0,1350000.0,0.0,0.0,0.0,1.0477378964424133e-9 
 07/19  03:00:00,4950000.0,4950000.0,0.0,0.0,0.0,0.0,1350000.0,0.0,0.0,0.0,-1.7462298274040222e-10 
 07/19  04:00:00,4950000.0,4950000.0,0.0,0.0,0.0,0.0,1350000.0,0.0,0.0,0.0,-3.550667315721512e-9 
 07/19  05:00:00,4950000.0,4950000.0,0.0,0.0,0.0,0.0,1350000.0,0.0,0.0,0.0,2.3283064365386963e-10 
 07/19  06:00:00,4950000.0,4950000.0,0.0,0.0,0.0,0.0,1350000.0,0.0,0.0,0.0,-1.6298145055770874e-9 
 07/19  07:00:00,4950000.0,4950000.0,0.0,0.0,0.0,0.0,1350000.0,0.0,0.0,4918297.012635616,-9.89530235528946e-10 
 07/19  08:00:00,4721580.0,4721580.0,0.0,0.0,0.0,0.0,1121580.0,0.0,0.0,23382970.12142796,-1.6298145055770874e-9 
 07/19  09:00:00,4516920.0,4516920.0,0.0,0.0,0.0,0.0,916920.0,0.0,0.0,28180852.31228398,-4.656612873077393e-10 
 07/19  10:00:00,4356720.0,4356720.0,0.0,0.0,0.0,0.0,756720.0,0.0,0.0,35533741.18475036,-4.307366907596588e-9 
 07/19  11:00:00,4220280.0,4220280.0,0.0,0.0,0.0,0.0,620280.0,0.0,0.0,30127002.390127182,-1.1641532182693481e-9 
 07/19  12:00:00,4131360.0,4131360.0,0.0,0.0,0.0,0.0,531360.0,0.0,0.0,24088094.254423723,-4.190951585769653e-9 
 07/19  13:00:00,4131360.0,4131360.0,0.0,0.0,0.0,0.0,531360.0,0.0,0.0,25087215.846115753,-5.587935447692871e-9 
 07/19  14:00:00,4131360.0,4131360.0,0.0,0.0,0.0,0.0,531360.0,0.0,0.0,23998652.112095337,-7.683411240577698e-9 
 07/19  15:00:00,4175820.0,4175820.0,0.0,0.0,0.0,0.0,575820.0,0.0,0.0,18791870.5757954,-5.122274160385132e-9 
 07/19  16:00:00,4131360.0,4131360.0,0.0,0.0,0.0,0.0,531360.0,0.0,0.0,16992247.488994695,-9.313225746154785e-9 
 07/19  17:00:00,4424940.0,4424940.0,0.0,0.0,0.0,0.0,824940.0,0.0,0.0,11635498.942912659,-3.725290298461914e-9 
 07/19  18:00:00,4523040.0,4523040.0,0.0,0.0,0.0,0.0,923040.0,0.0,0.0,6323338.903062242,-3.4924596548080444e-9 
 07/19  19:00:00,4950000.0,4950000.0,0.0,0.0,0.0,0.0,1350000.0,0.0,0.0,698970.9749710216,-5.820766091346741e-9 
 07/19  20:00:00,4950000.0,4950000.0,0.0,0.0,0.0,0.0,1350000.0,0.0,0.0,0.0,-3.259629011154175e-9 
 07/19  21:00:00,4950000.0,4950000.0,0.0,0.0,0.0,0.0,1350000.0,0.0,0.0,0.0,-1.1641532182693481e-10 
 07/19  22:00:00,4950000.0,4950000.0,0.0,0.0,0.0,0.0,1350000.0,0.0,0.0,0.0,-1.1641532182693481e-9 
 07/19  23:00:00,4950000.0,4950000.0,0.0,0.0,0.0,0.0,1350000.0,0.0,0.0,0.0,-3.026798367500305e-9 
 07/19  24:00:00,4950000.0,4950000.0,0.0,0.0,0.0,0.0,1350000.0,0.0,0.0,0.0,2.2118911147117615e-9 
 07/20  01:00:00,4950000.0,4950000.0,0.0,0.0,0.0,0.0,1350000.0,0.0,0.0,0.0,-4.307366907596588e-9 
 07/20  02:00:00,4950000.0,4950000.0,0.0,0.0,0.0,0.0,1350000.0,0.0,0.0,0.0,-6.402842700481415e-9 
 07/20  03:00:00,4950000.0,4950000.0,0.0,0.0,0.0,0.0,1350000.0,0.0,0.0,0.0,1.3969838619232178e-9 
 07/20  04:00:00,4950000.0,4950000.0,0.0,0.0,0.0,0.0,1350000.0,0.0,0.0,0.0,-2.2118911147117615e-9 
 07/20  05:00:00,4950000.0,4950000.0,0.0,0.0,0.0,0.0,1350000.0,0.0,0.0,0.0,-2.9103830456733704e-9 
 07/20  06:00:00,4950000.0,4950000.0,0.0,0.0,0.0,0.0,1350000.0,0.0,0.0,0.0,-1.3387762010097504e-9 
 07/20  07:00:00,4950000.0,4950000.0,0.0,0.0,0.0,0.0,1350000.0,0.0,0.0,2664834.2841804,7.566995918750763e-10 
 07/20  08:00:00,4789800.0,4789800.0,0.0,0.0,0.0,0.0,1189800.0,0.0,0.0,16606247.559681706,5.238689482212067e-10 
 07/20  09:00:00,4516920.0,4516920.0,0.0,0.0,0.0,0.0,916920.0,0.0,0.0,29204729.10498881,-7.2177499532699585e-9 
 07/20  10:00:00,4356720.0,4356720.0,0.0,0.0,0.0,0.0,756720.0,0.0,0.0,35360967.09337145,-1.0477378964424133e-9 
 07/20  11:00:00,4175820.0,4175820.0,0.0,0.0,0.0,0.0,575820.0,0.0,0.0,29903001.231354166,-2.9103830456733704e-9 
 07/20  12:00:00,4175820.0,4175820.0,0.0,0.0,0.0,0.0,575820.0,0.0,0.0,23742509.152976487,-2.561137080192566e-9 
 07/20  13:00:00,4175820.0,4175820.0,0.0,0.0,0.0,0.0,575820.0,0.0,0.0,25342599.80971472,-3.026798367500305e-9 
 07/20  14:00:00,4131360.0,4131360.0,0.0,0.0,0.0,0.0,531360.0,0.0,0.0,26986375.012826815,-4.190951585769653e-9 
 07/20  15:00:00,4131360.0,4131360.0,0.0,0.0,0.0,0.0,531360.0,0.0,0.0,22833859.261523347,-5.3551048040390015e-9 
 07/20  16:00:00,4516920.0,4516920.0,0.0,0.0,0.0,0.0,916920.0,0.0,0.0,10588934.091926172,-5.3551048040390015e-9 
 07/20  17:00:00,4950000.0,4950000.0,0.0,0.0,0.0,0.0,1350000.0,0.0,0.0,1998939.09532951,-1.862645149230957e-9 
 07/20  18:00:00,4950000.0,4950000.0,0.0,0.0,0.0,0.0,1350000.0,0.0,0.0,1837142.7781859757,-2.0954757928848267e-9 
 07/20  19:00:00,4950000.0,4950000.0,0.0,0.0,0.0,0.0,1350000.0,0.0,0.0,145651.15647463893,-2.561137080192566e-9 
 07/20  20:00:00,4950000.0,4950000.0,0.0,0.0,0.0,0.0,1350000.0,0.0,0.0,0.0,-3.4924596548080444e-10 
 07/20  21:00:00,4950000.0,4950000.0,0.0,0.0,0.0,0.0,1350000.0,0.0,0.0,0.0,-1.7462298274040222e-9 
 07/20  22:00:00,4950000.0,4950000.0,0.0,0.0,0.0,0.0,1350000.0,0.0,0.0,0.0,-1.862645149230957e-9 
 07/20  23:00:00,4950000.0,4950000.0,0.0,0.0,0.0,0.0,1350000.0,0.0,0.0,0.0,2.3283064365386963e-10 
 07/20  24:00:00,4950000.0,4950000.0,0.0,0.0,0.0,0.0,1350000.0,0.0,0.0,0.0,-1.0477378964424133e-9 
 07/21  01:00:00,1710000.0,1710000.0,0.0,0.0,0.0,0.0,1350000.0,0.0,0.0,0.0,-3.14321368932724e-9 
 07/21  02:00:00,1710000.0,1710000.0,0.0,0.0,0.0,0.0,1350000.0,0.0,0.0,0.0,-3.14321368932724e-9 
 07/21  03:00:00,1710000.0,1710000.0,0.0,0.0,0.0,0.0,1350000.0,0.0,0.0,0.0,-3.14321368932724e-9 
 07/21  04:00:00,1710000.0,1710000.0,0.0,0.0,0.0,0.0,1350000.0,0.0,0.0,0.0,4.656612873077393e-10 
 07/21  05:00:00,1710000.0,1710000.0,0.0,0.0,0.0,0.0,1350000.0,0.0,0.0,0.0,-3.14321368932724e-9 
 07/21  06:00:00,1710000.0,1710000.0,0.0,0.0,0.0,0.0,1350000.0,0.0,0.0,0.0,-3.434251993894577e-9 
 07/21  07:00:00,17015212.211316578,1710000.0,1136544.5956399357,14168667.615676645,12309654.427327,0.0,1350000.0,372750.9508466567,372750.9508466567,1909227.4549290577,-4.0745362639427185e-9 
 07/21  08:00:00,17198386.471672066,1573560.0,1136544.5956399357,14488281.876032129,12687198.924915368,0.0,1213560.0,153715.89988097225,153715.89988097225,13650163.78657177,-1.0477378964424133e-9 
 07/21  09:00:00,38696669.702070944,22476600.0,1138337.724125621,15081731.977945317,13249144.46504081,0.0,15276600.0,0.0,0.0,28792088.67711334,-3.958120942115784e-9 
 07/21  10:00:00,52989184.338212945,32325300.0,1278242.431846701,19385641.906366244,17482896.76117888,0.0,16125300.0,0.0,0.0,25506585.36890077,-2.7939677238464355e-9 
 07/21  11:00:00,53731655.66948746,28605600.0,1439515.330397794,23686540.339089677,21759219.274779927,0.0,12405600.0,0.0,0.0,29156801.679713152,-3.958120942115784e-9 
 07/21  12:00:00,52178186.44461883,26295840.0,1396767.9722153663,24485578.472403467,22558257.408093717,0.0,10095840.0,0.0,0.0,23196207.020479754,0.0 
 07/21  13:00:00,48810131.123411864,24701760.0,1292255.3609640757,22816115.762447797,20888794.698138047,0.0,8501760.0,0.0,0.0,21943734.282623135,-3.259629011154175e-9 
 07/21  14:00:00,52165313.172182165,25764480.0,1451266.9310327042,24949566.241149463,23022245.176839717,0.0,9564480.0,0.0,0.0,26538150.114793733,-4.6566128730773926e-9 
 07/21  15:00:00,50441166.56266441,25027200.0,1471193.5398915827,23942773.022772834,22015451.958463084,0.0,10627200.0,0.0,0.0,23089632.785051756,-6.05359673500061e-9 
 07/21  16:00:00,46951890.894150496,24116400.0,1355889.8904093956,21479601.003741097,19552279.93943135,0.0,11516400.0,0.0,0.0,16077733.347633528,-5.3551048040390015e-9 
 07/21  17:00:00,44405162.55126805,24609600.0,1240963.8406957246,18554598.71057233,16627277.646262579,0.0,15609600.0,0.0,0.0,11577271.31331132,-2.3283064365386963e-9 
 07/21  18:00:00,44661175.836594544,26096400.0,1190783.796693026,17373992.03990152,15446670.975591771,0.0,17096400.0,0.0,0.0,6743676.356236266,-2.7939677238464355e-9 
 07/21  19:00:00,38556832.35906874,21600000.0,1136544.5956399357,15820287.763428794,13892966.699119048,0.0,16200000.0,0.0,0.0,879958.3540461613,-5.122274160385132e-9 
 07/21  20:00:00,28359566.868844345,10800000.0,1136544.5956399357,16423022.273204409,14495701.208894659,0.0,5400000.0,0.0,0.0,0.0,-5.122274160385132e-9 
 07/21  21:00:00,5760000.0,5760000.0,0.0,0.0,0.0,0.0,5400000.0,0.0,0.0,0.0,-2.9103830456733704e-9 
 07/21  22:00:00,1710000.0,1710000.0,0.0,0.0,0.0,0.0,1350000.0,0.0,0.0,0.0,-1.5133991837501526e-9 
 07/21  23:00:00,1710000.0,1710000.0,0.0,0.0,0.0,0.0,1350000.0,0.0,0.0,0.0,-5.820766091346741e-9 
 07/21  24:00:00,1710000.0,1710000.0,0.0,0.0,0.0,0.0,1350000.0,0.0,0.0,0.0,-3.958120942115784e-9 
 07/22  01:00:00,1710000.0,1710000.0,0.0,0.0,0.0,0.0,1350000.0,0.0,0.0,0.0,-3.725290298461914e-9 
 07/22  02:00:00,1710000.0,1710000.0,0.0,0.0,0.0,0.0,1350000.0,0.0,0.0,0.0,-1.3969838619232178e-9 
 07/22  03:00:00,1710000.0,1710000.0,0.0,0.0,0.0,0.0,1350000.0,0.0,0.0,0.0,3.259629011154175e-9 
 07/22  04:00:00,1710000.0,1710000.0,0.0,0.0,0.0,0.0,1350000.0,0.0,0.0,0.0,-1.9208528101444244e-9 
 07/22  05:00:00,1710000.0,1710000.0,0.0,0.0,0.0,0.0,1350000.0,0.0,0.0,0.0,2.3283064365386963e-10 
 07/22  06:00:00,1710000.0,1710000.0,0.0,0.0,0.0,0.0,1350000.0,0.0,0.0,0.0,-3.899913281202316e-9 
 07/22  07:00:00,16875912.188822098,1710000.0,1136544.5956399357,14029367.59318216,12181517.913202154,0.0,1350000.0,400643.316275291,400643.316275291,2581714.0611373708,4.656612873077393e-10 
 07/22  08:00:00,17140275.62611054,1549800.0,1136544.5956399357,14453931.030470606,12660933.148759168,0.0,1189800.0,123776.88137388666,123776.88137388666,16677027.529445983,-3.6088749766349792e-9 
 07/22  09:00:00,38976598.87826137,22476600.0,1142521.228670529,15357477.649590844,13528381.931755655,0.0,15276600.0,0.0,0.0,30925079.395989683,-3.259629011154175e-9 
 07/22  10:00:00,51063280.2136514,30126240.0,1305824.8287463675,19631215.384905025,17746918.2925739,0.0,13926240.0,0.0,0.0,32389464.032999333,-1.6298145055770874e-9 
 07/22  11:00:00,54819893.22889381,29970000.0,1454653.5822563805,23395239.646637425,21469985.46330111,0.0,13770000.0,0.0,0.0,26511031.697097093,-5.587935447692871e-9 
 07/22  12:00:00,51557226.85725151,26295840.0,1410229.1463939971,23851157.710857518,21923836.646547772,0.0,10095840.0,0.0,0.0,23294077.9007069,-4.423782229423523e-9 
 07/22  13:00:00,49428043.72109316,24701760.0,1336316.8455644702,23389966.875528697,21462645.811218947,0.0,8501760.0,0.0,0.0,26004322.20419278,-3.958120942115784e-9 
 07/22  14:00:00,53565106.07812989,25764480.0,1501735.5925441175,26298890.485585768,24371569.421276018,0.0,9564480.0,0.0,0.0,27121064.245265283,-2.7939677238464355e-9 
 07/22  15:00:00,53499586.24914424,25027200.0,1550259.1592969466,26922127.08984729,24994806.025537536,0.0,10627200.0,0.0,0.0,26804531.092253007,-7.2177499532699585e-9 
 07/22  16:00:00,50423930.85540274,23227200.0,1474305.7993211339,25722425.056081615,23795103.991771866,0.0,10627200.0,0.0,0.0,25676639.30074937,-4.6566128730773926e-9 
 07/22  17:00:00,46260329.22153726,22770000.0,1307826.9801216817,22182502.241415583,20255181.177105837,0.0,13770000.0,0.0,0.0,13689329.228139838,-3.725290298461914e-9 
 07/22  18:00:00,44783782.48238608,23367600.0,1242588.1410386525,20173594.34134743,18246273.27703768,0.0,14367600.0,0.0,0.0,7893239.319533961,-4.6566128730773926e-9 
 07/22  19:00:00,39171638.892808214,21600000.0,1137336.705758051,16434302.187050167,14506981.12274042,0.0,16200000.0,0.0,0.0,1010016.9077615718,-4.423782229423523e-9 
 07/22  20:00:00,27926973.395684868,10800000.0,1136544.5956399357,15990428.800044931,14063107.735735185,0.0,5400000.0,0.0,0.0,0.0,-2.3283064365386963e-9 
 07/22  21:00:00,5760000.0,5760000.0,0.0,0.0,0.0,0.0,5400000.0,0.0,0.0,0.0,-1.979060471057892e-9 
 07/22  22:00:00,1710000.0,1710000.0,0.0,0.0,0.0,0.0,1350000.0,0.0,0.0,0.0,-3.958120942115784e-9 
 07/22  23:00:00,1710000.0,1710000.0,0.0,0.0,0.0,0.0,1350000.0,0.0,0.0,0.0,-4.6566128730773926e-9 
 07/22  24:00:00,1710000.0,1710000.0,0.0,0.0,0.0,0.0,1350000.0,0.0,0.0,0.0,1.6298145055770874e-9 
 07/23  01:00:00,1710000.0,1710000.0,0.0,0.0,0.0,0.0,1350000.0,0.0,0.0,0.0,-1.1641532182693481e-10 
 07/23  02:00:00,1710000.0,1710000.0,0.0,0.0,0.0,0.0,1350000.0,0.0,0.0,0.0,0.0 
 07/23  03:00:00,1710000.0,1710000.0,0.0,0.0,0.0,0.0,1350000.0,0.0,0.0,0.0,1.1641532182693481e-9 
 07/23  04:00:00,1710000.0,1710000.0,0.0,0.0,0.0,0.0,1350000.0,0.0,0.0,0.0,-5.820766091346741e-9 
 07/23  05:00:00,1710000.0,1710000.0,0.0,0.0,0.0,0.0,1350000.0,0.0,0.0,0.0,-3.259629011154175e-9 
 07/23  06:00:00,1710000.0,1710000.0,0.0,0.0,0.0,0.0,1350000.0,0.0,0.0,0.0,-1.280568540096283e-9 
 07/23  07:00:00,17309016.423182305,1710000.0,1136544.5956399357,14462471.827542368,12597369.169614851,0.0,1350000.0,157969.63569050498,157969.63569050498,5213471.927327524,-4.016328603029251e-9 
 07/23  08:00:00,17518610.53305236,1481580.0,1136544.5956399357,14900485.937412422,13097854.923622511,0.0,1121580.0,0.0,0.0,26345699.686620273,-2.7939677238464355e-9 
 07/23  09:00:00,41027111.7824067,23276880.0,1171285.433348942,16578946.349057758,14743102.62817137,0.0,16076880.0,0.0,0.0,37466534.203256354,-4.889443516731262e-9 
 07/23  10:00:00,53251347.06690466,30577680.0,1398484.8652646134,21275182.201640047,19395583.29565239,0.0,14377680.0,0.0,0.0,35643642.63490749,-3.3760443329811096e-9 
 07/23  11:00:00,53461479.25425526,27716400.0,1511928.0598651003,24233151.194390155,22308772.0617406,0.0,11516400.0,0.0,0.0,28885985.12554655,-6.984919309616089e-9 
 07/23  12:00:00,55044626.34665759,29281500.0,1465464.4083787147,24297661.938278876,22370340.87396913,0.0,13081500.0,0.0,0.0,24160192.026796095,-6.984919309616089e-9 
 07/23  13:00:00,48276507.86367403,24701760.0,1309798.9781728182,22264948.885501213,20337627.821191467,0.0,8501760.0,0.0,0.0,21167002.94086802,-5.587935447692871e-9 
 07/23  14:00:00,51620374.77564151,25764480.0,1427212.9615572297,24428681.814084288,22501360.749774538,0.0,9564480.0,0.0,0.0,24137560.074033946,-2.7939677238464355e-9 
 07/23  15:00:00,52499003.97543683,25027200.0,1500858.2029366912,25970945.77250014,24043624.708190393,0.0,10627200.0,0.0,0.0,27744579.24970423,-3.259629011154175e-9 
 07/23  16:00:00,49726811.73667722,23227200.0,1478644.7784294644,25020966.958247766,23093645.893938016,0.0,10627200.0,0.0,0.0,28202121.107828487,-7.450580596923828e-9 
 07/23  17:00:00,43160097.06166926,19627200.0,1352608.0721394445,22180288.98952982,20252967.92522007,0.0,10627200.0,0.0,0.0,22762315.913650133,-3.725290298461914e-9 
 07/23  18:00:00,41958920.18793772,21052800.0,1266349.1371256001,19639771.050812118,17712449.98650237,0.0,12052800.0,0.0,0.0,11661862.165248122,-2.7939677238464355e-9 
 07/23  19:00:00,38149552.00550304,21066480.0,1137976.327097543,15945095.678405508,14017774.61409576,0.0,15666480.0,0.0,0.0,1307181.1700041802,-1.862645149230957e-9 
 07/23  20:00:00,28040670.148871385,10800000.0,1136544.5956399357,16104125.553231444,14176804.488921698,0.0,5400000.0,0.0,0.0,0.0,1.280568540096283e-9 
 07/23  21:00:00,5760000.0,5760000.0,0.0,0.0,0.0,0.0,5400000.0,0.0,0.0,0.0,-2.2118911147117615e-9 
 07/23  22:00:00,1710000.0,1710000.0,0.0,0.0,0.0,0.0,1350000.0,0.0,0.0,0.0,-3.958120942115784e-9 
 07/23  23:00:00,1710000.0,1710000.0,0.0,0.0,0.0,0.0,1350000.0,0.0,0.0,0.0,-3.14321368932724e-9 
 07/23  24:00:00,1710000.0,1710000.0,0.0,0.0,0.0,0.0,1350000.0,0.0,0.0,0.0,-2.561137080192566e-9 
 07/24  01:00:00,1710000.0,1710000.0,0.0,0.0,0.0,0.0,1350000.0,0.0,0.0,0.0,-1.280568540096283e-9 
 07/24  02:00:00,1710000.0,1710000.0,0.0,0.0,0.0,0.0,1350000.0,0.0,0.0,0.0,2.3283064365386963e-9 
 07/24  03:00:00,1710000.0,1710000.0,0.0,0.0,0.0,0.0,1350000.0,0.0,0.0,0.0,-8.149072527885437e-10 
 07/24  04:00:00,1710000.0,1710000.0,0.0,0.0,0.0,0.0,1350000.0,0.0,0.0,0.0,-3.725290298461914e-9 
 07/24  05:00:00,1710000.0,1710000.0,0.0,0.0,0.0,0.0,1350000.0,0.0,0.0,0.0,-6.402842700481415e-10 
 07/24  06:00:00,1710000.0,1710000.0,0.0,0.0,0.0,0.0,1350000.0,0.0,0.0,0.0,-1.5133991837501526e-9 
 07/24  07:00:00,16603032.980777925,1710000.0,1136544.5956399357,13756488.385137988,11904795.467052832,0.0,1350000.0,557483.1884619531,557483.1884619531,3363616.005087453,-2.3865140974521637e-9 
 07/24  08:00:00,17016640.84227747,1505340.0,1136544.5956399357,14374756.246637538,12578246.944009386,0.0,1145340.0,158551.43393009953,158551.43393009953,18555640.41763537,-3.6088749766349792e-9 
 07/24  09:00:00,39348829.968829885,22476600.0,1145207.941252371,15727022.027577516,13889929.671267634,0.0,15276600.0,0.0,0.0,31220186.33865193,-2.9103830456733704e-9 
 07/24  10:00:00,52810839.44180184,30577680.0,1334498.8784773163,20898660.56332452,19003386.115906633,0.0,14377680.0,0.0,0.0,35338489.42753083,-2.561137080192566e-9 
 07/24  11:00:00,55452708.43702099,29080800.0,1491917.838866743,24879990.598154243,22952669.533844497,0.0,12880800.0,0.0,0.0,29630988.623886872,-6.51925802230835e-9 
 07/24  12:00:00,52807492.38859913,26295840.0,1435204.9206978835,25076447.467901237,23149126.40359149,0.0,10095840.0,0.0,0.0,24433912.651368536,-4.423782229423523e-9 
 07/24  13:00:00,49639983.43101342,24701760.0,1334481.8192039216,23603741.611809496,21676420.547499746,0.0,8501760.0,0.0,0.0,25444254.123790715,-5.122274160385132e-9 
 07/24  14:00:00,52377272.101783715,25764480.0,1464634.2629075663,25148157.83887615,23220836.7745664,0.0,9564480.0,0.0,0.0,26360251.30651352,-2.7939677238464355e-9 
 07/24  15:00:00,51790576.51758604,25027200.0,1500505.727029906,25262870.79055614,23335549.72624639,0.0,10627200.0,0.0,0.0,26188128.84908693,-5.3551048040390015e-9 
 07/24  16:00:00,48895829.38225044,23227200.0,1423641.5762005658,24244987.80604987,22317666.741740122,0.0,10627200.0,0.0,0.0,22668128.937340003,-4.889443516731262e-9 
 07/24  17:00:00,43487706.19892406,20516400.0,1281611.3509732657,21689694.84795079,19762373.783641044,0.0,11516400.0,0.0,0.0,15126996.370734312,-3.725290298461914e-9 
 07/24  18:00:00,45520378.15758054,23842800.0,1225867.514037034,20451710.643543504,18524389.57923376,0.0,14842800.0,0.0,0.0,8110781.339498738,-3.026798367500305e-9 
 07/24  19:00:00,39756772.91523345,21600000.0,1136544.5956399357,17020228.319593515,15092907.255283767,0.0,16200000.0,0.0,0.0,657950.0002327516,-1.3969838619232178e-9 
 07/24  20:00:00,28221656.796051104,10800000.0,1136544.5956399357,16285112.200411165,14357791.136101414,0.0,5400000.0,0.0,0.0,0.0,-2.561137080192566e-9 
 07/24  21:00:00,5760000.0,5760000.0,0.0,0.0,0.0,0.0,5400000.0,0.0,0.0,0.0,-4.307366907596588e-9 
 07/24  22:00:00,1710000.0,1710000.0,0.0,0.0,0.0,0.0,1350000.0,0.0,0.0,0.0,-2.6775524020195007e-9 
 07/24  23:00:00,1710000.0,1710000.0,0.0,0.0,0.0,0.0,1350000.0,0.0,0.0,0.0,-2.6775524020195007e-9 
 07/24  24:00:00,1710000.0,1710000.0,0.0,0.0,0.0,0.0,1350000.0,0.0,0.0,0.0,-1.280568540096283e-9 
 07/25  01:00:00,1710000.0,1710000.0,0.0,0.0,0.0,0.0,1350000.0,0.0,0.0,0.0,-2.9103830456733704e-9 
 07/25  02:00:00,1710000.0,1710000.0,0.0,0.0,0.0,0.0,1350000.0,0.0,0.0,0.0,-2.6775524020195007e-9 
 07/25  03:00:00,1710000.0,1710000.0,0.0,0.0,0.0,0.0,1350000.0,0.0,0.0,0.0,1.1641532182693481e-9 
 07/25  04:00:00,1710000.0,1710000.0,0.0,0.0,0.0,0.0,1350000.0,0.0,0.0,0.0,-8.731149137020111e-10 
 07/25  05:00:00,1710000.0,1710000.0,0.0,0.0,0.0,0.0,1350000.0,0.0,0.0,0.0,-3.3760443329811096e-9 
 07/25  06:00:00,1710000.0,1710000.0,0.0,0.0,0.0,0.0,1350000.0,0.0,0.0,0.0,4.0745362639427185e-10 
 07/25  07:00:00,16940547.54991688,1710000.0,1136544.5956399357,14094002.954276942,12237133.268139118,0.0,1350000.0,332585.6942514397,332585.6942514397,3487854.105682062,-2.7939677238464355e-9 
 07/25  08:00:00,17592199.231801987,1505340.0,1136544.5956399357,14950314.63616205,13146136.452453764,0.0,1145340.0,15770.872737782487,15770.872737782487,20800044.552811142,-4.190951585769653e-9 
 07/25  09:00:00,41198374.03529954,23276880.0,1155289.1032461387,16766204.932053406,14916411.312984861,0.0,16076880.0,0.0,0.0,35549784.594605014,9.313225746154785e-10 
 07/25  10:00:00,54687548.50114927,31480560.0,1330242.278991172,21876746.22215809,19965660.94525116,0.0,15280560.0,0.0,0.0,28327351.515433412,-3.259629011154175e-9 
 07/25  11:00:00,59348976.93914744,32284800.0,1466277.420569813,25597899.518577624,23670578.454267878,0.0,16084800.0,0.0,0.0,25874614.119379517,-3.026798367500305e-9 
 07/25  12:00:00,57475626.23171979,30126240.0,1458249.6498349758,25891136.58188482,23963815.51757507,0.0,13926240.0,0.0,0.0,26341721.83652388,-2.0954757928848267e-9 
 07/25  13:00:00,49219628.92959638,24701760.0,1329285.3742120643,23188583.555384323,21261262.491074573,0.0,8501760.0,0.0,0.0,25434576.01566972,-1.0244548320770264e-8 
 07/25  14:00:00,51490168.40865135,25764480.0,1469835.7301681521,24255852.678483207,22328531.61417346,0.0,9564480.0,0.0,0.0,26661776.551524237,-8.381903171539307e-9 
 07/25  15:00:00,50690977.959512636,25027200.0,1523057.13267458,24140720.826838054,22213399.762528308,0.0,10627200.0,0.0,0.0,27471855.890378952,0.0 
 07/25  16:00:00,48311711.005585015,23227200.0,1474291.3760674438,23610219.62951757,21682898.565207824,0.0,10627200.0,0.0,0.0,25504022.123818647,-2.561137080192566e-9 
 07/25  17:00:00,42425614.63498704,19627200.0,1322564.0860887626,21475850.54889828,19548529.484588534,0.0,10627200.0,0.0,0.0,17294161.570485845,-1.6298145055770874e-9 
 07/25  18:00:00,44601669.106268875,22892400.0,1249475.6839100302,20459793.42235884,18532472.358049095,0.0,13892400.0,0.0,0.0,9234051.363302022,-4.190951585769653e-9 
 07/25  19:00:00,39892966.809760496,21600000.0,1137565.546390486,17155401.263370007,15228080.199060261,0.0,16200000.0,0.0,0.0,1303891.750739132,2.3283064365386963e-10 
 07/25  20:00:00,29013721.862392724,10800000.0,1136544.5956399357,17077177.266752787,15149856.20244304,0.0,5400000.0,0.0,0.0,0.0,-9.313225746154785e-10 
 07/25  21:00:00,5760000.0,5760000.0,0.0,0.0,0.0,0.0,5400000.0,0.0,0.0,0.0,-2.561137080192566e-9 
 07/25  22:00:00,1710000.0,1710000.0,0.0,0.0,0.0,0.0,1350000.0,0.0,0.0,0.0,3.4924596548080444e-10 
 07/25  23:00:00,1710000.0,1710000.0,0.0,0.0,0.0,0.0,1350000.0,0.0,0.0,0.0,-8.149072527885437e-10 
 07/25  24:00:00,1710000.0,1710000.0,0.0,0.0,0.0,0.0,1350000.0,0.0,0.0,0.0,-8.149072527885437e-10 
 07/26  01:00:00,4950000.0,4950000.0,0.0,0.0,0.0,0.0,1350000.0,0.0,0.0,0.0,1.1641532182693481e-10 
 07/26  02:00:00,4950000.0,4950000.0,0.0,0.0,0.0,0.0,1350000.0,0.0,0.0,0.0,-3.259629011154175e-9 
 07/26  03:00:00,4950000.0,4950000.0,0.0,0.0,0.0,0.0,1350000.0,0.0,0.0,0.0,-4.6566128730773926e-9 
 07/26  04:00:00,4950000.0,4950000.0,0.0,0.0,0.0,0.0,1350000.0,0.0,0.0,0.0,-3.026798367500305e-9 
 07/26  05:00:00,4950000.0,4950000.0,0.0,0.0,0.0,0.0,1350000.0,0.0,0.0,0.0,9.313225746154785e-10 
 07/26  06:00:00,4950000.0,4950000.0,0.0,0.0,0.0,0.0,1350000.0,0.0,0.0,0.0,-4.656612873077393e-10 
 07/26  07:00:00,4950000.0,4950000.0,0.0,0.0,0.0,0.0,1350000.0,0.0,0.0,875023.7141918156,-9.89530235528946e-10 
 07/26  08:00:00,4926240.0,4926240.0,0.0,0.0,0.0,0.0,1326240.0,0.0,0.0,6921653.394058049,-3.725290298461914e-9 
 07/26  09:00:00,4585140.0,4585140.0,0.0,0.0,0.0,0.0,985140.0,0.0,0.0,21053814.54207182,-4.0745362639427185e-9 
 07/26  10:00:00,4356720.0,4356720.0,0.0,0.0,0.0,0.0,756720.0,0.0,0.0,34853554.50331912,-5.3551048040390015e-9 
 07/26  11:00:00,4131360.0,4131360.0,0.0,0.0,0.0,0.0,531360.0,0.0,0.0,28870910.074063122,-5.122274160385132e-9 
 07/26  12:00:00,4131360.0,4131360.0,0.0,0.0,0.0,0.0,531360.0,0.0,0.0,22665606.660674058,-2.444721758365631e-9 
 07/26  13:00:00,4131360.0,4131360.0,0.0,0.0,0.0,0.0,531360.0,0.0,0.0,21900694.933408175,-5.587935447692871e-9 
 07/26  14:00:00,4131360.0,4131360.0,0.0,0.0,0.0,0.0,531360.0,0.0,0.0,27538412.956445873,-6.752088665962219e-9 
 07/26  15:00:00,4131360.0,4131360.0,0.0,0.0,0.0,0.0,531360.0,0.0,0.0,28509709.480776496,-9.313225746154785e-10 
 07/26  16:00:00,4131360.0,4131360.0,0.0,0.0,0.0,0.0,531360.0,0.0,0.0,25387803.428516313,-8.614733815193176e-9 
 07/26  17:00:00,4131360.0,4131360.0,0.0,0.0,0.0,0.0,531360.0,0.0,0.0,22587727.002020877,-6.984919309616089e-9 
 07/26  18:00:00,4155120.0,4155120.0,0.0,0.0,0.0,0.0,555120.0,0.0,0.0,15796482.156704953,-7.450580596923828e-9 
 07/26  19:00:00,4881780.0,4881780.0,0.0,0.0,0.0,0.0,1281780.0,0.0,0.0,4045900.455712226,-8.149072527885437e-9 
 07/26  20:00:00,4950000.0,4950000.0,0.0,0.0,0.0,0.0,1350000.0,0.0,0.0,0.0,-5.122274160385132e-9 
 07/26  21:00:00,4950000.0,4950000.0,0.0,0.0,0.0,0.0,1350000.0,0.0,0.0,0.0,-5.587935447692871e-9 
 07/26  22:00:00,4950000.0,4950000.0,0.0,0.0,0.0,0.0,1350000.0,0.0,0.0,0.0,-2.9103830456733704e-9 
 07/26  23:00:00,4950000.0,4950000.0,0.0,0.0,0.0,0.0,1350000.0,0.0,0.0,0.0,0.0 
 07/26  24:00:00,4950000.0,4950000.0,0.0,0.0,0.0,0.0,1350000.0,0.0,0.0,0.0,-2.6775524020195007e-9 
 07/27  01:00:00,4950000.0,4950000.0,0.0,0.0,0.0,0.0,1350000.0,0.0,0.0,0.0,-2.444721758365631e-9 
 07/27  02:00:00,4950000.0,4950000.0,0.0,0.0,0.0,0.0,1350000.0,0.0,0.0,0.0,-3.026798367500305e-9 
 07/27  03:00:00,4950000.0,4950000.0,0.0,0.0,0.0,0.0,1350000.0,0.0,0.0,0.0,-2.9103830456733704e-9 
 07/27  04:00:00,4950000.0,4950000.0,0.0,0.0,0.0,0.0,1350000.0,0.0,0.0,0.0,-5.471520125865936e-9 
 07/27  05:00:00,4950000.0,4950000.0,0.0,0.0,0.0,0.0,1350000.0,0.0,0.0,0.0,-3.3760443329811096e-9 
 07/27  06:00:00,4950000.0,4950000.0,0.0,0.0,0.0,0.0,1350000.0,0.0,0.0,0.0,-6.984919309616089e-10 
 07/27  07:00:00,4950000.0,4950000.0,0.0,0.0,0.0,0.0,1350000.0,0.0,0.0,2122793.9090608517,-3.841705620288849e-9 
 07/27  08:00:00,4813560.0,4813560.0,0.0,0.0,0.0,0.0,1213560.0,0.0,0.0,15165147.268836686,-3.3760443329811096e-9 
 07/27  09:00:00,4448700.0,4448700.0,0.0,0.0,0.0,0.0,848700.0,0.0,0.0,33176807.1953934,-1.862645149230957e-9 
 07/27  10:00:00,4356720.0,4356720.0,0.0,0.0,0.0,0.0,756720.0,0.0,0.0,34933000.88845981,-4.190951585769653e-9 
 07/27  11:00:00,4264740.0,4264740.0,0.0,0.0,0.0,0.0,664740.0,0.0,0.0,28039065.14696627,-2.2118911147117615e-9 
 07/27  12:00:00,4131360.0,4131360.0,0.0,0.0,0.0,0.0,531360.0,0.0,0.0,22605293.051244076,-3.3760443329811096e-9 
 07/27  13:00:00,4131360.0,4131360.0,0.0,0.0,0.0,0.0,531360.0,0.0,0.0,21095533.056368344,-6.984919309616089e-9 
 07/27  14:00:00,4131360.0,4131360.0,0.0,0.0,0.0,0.0,531360.0,0.0,0.0,24257089.025301345,-3.4924596548080444e-9 
 07/27  15:00:00,4131360.0,4131360.0,0.0,0.0,0.0,0.0,531360.0,0.0,0.0,25887205.357813172,-5.3551048040390015e-9 
 07/27  16:00:00,4131360.0,4131360.0,0.0,0.0,0.0,0.0,531360.0,0.0,0.0,23184566.105389502,-3.958120942115784e-9 
 07/27  17:00:00,4131360.0,4131360.0,0.0,0.0,0.0,0.0,531360.0,0.0,0.0,17893238.56370517,-3.725290298461914e-9 
 07/27  18:00:00,4410360.0,4410360.0,0.0,0.0,0.0,0.0,810360.0,0.0,0.0,7665583.456152673,-5.3551048040390015e-9 
 07/27  19:00:00,4950000.0,4950000.0,0.0,0.0,0.0,0.0,1350000.0,0.0,0.0,1283660.4505666872,-4.6566128730773926e-9 
 07/27  20:00:00,4950000.0,4950000.0,0.0,0.0,0.0,0.0,1350000.0,0.0,0.0,0.0,-3.6088749766349792e-9 
 07/27  21:00:00,4950000.0,4950000.0,0.0,0.0,0.0,0.0,1350000.0,0.0,0.0,0.0,-1.0477378964424133e-9 
 07/27  22:00:00,4950000.0,4950000.0,0.0,0.0,0.0,0.0,1350000.0,0.0,0.0,0.0,-3.259629011154175e-9 
 07/27  23:00:00,4950000.0,4950000.0,0.0,0.0,0.0,0.0,1350000.0,0.0,0.0,0.0,-3.3760443329811096e-9 
 07/27  24:00:00,4950000.0,4950000.0,0.0,0.0,0.0,0.0,1350000.0,0.0,0.0,0.0,-3.6088749766349792e-9 
 07/28  01:00:00,1710000.0,1710000.0,0.0,0.0,0.0,0.0,1350000.0,0.0,0.0,0.0,-8.149072527885437e-10 
 07/28  02:00:00,1710000.0,1710000.0,0.0,0.0,0.0,0.0,1350000.0,0.0,0.0,0.0,1.1641532182693481e-9 
 07/28  03:00:00,1710000.0,1710000.0,0.0,0.0,0.0,0.0,1350000.0,0.0,0.0,0.0,-1.6880221664905548e-9 
 07/28  04:00:00,1710000.0,1710000.0,0.0,0.0,0.0,0.0,1350000.0,0.0,0.0,0.0,-2.6775524020195007e-9 
 07/28  05:00:00,1710000.0,1710000.0,0.0,0.0,0.0,0.0,1350000.0,0.0,0.0,0.0,-2.3283064365386963e-9 
 07/28  06:00:00,1710000.0,1710000.0,0.0,0.0,0.0,0.0,1350000.0,0.0,0.0,0.0,-2.3283064365386963e-10 
 07/28  07:00:00,17412937.680300824,1710000.0,1136544.5956399357,14566393.084660888,12698279.19658659,0.0,1350000.0,107186.50697846364,107186.50697846364,4040689.3181397635,-2.0954757928848267e-9 
 07/28  08:00:00,17991775.067324713,1481580.0,1136544.5956399357,15373650.47168478,13555079.232843151,0.0,1121580.0,0.0,0.0,22016697.23716589,2.3283064365386963e-10 
 07/28  09:00:00,41262364.927022085,23276880.0,1142792.8419982223,16842692.085023865,14970685.224589406,0.0,16076880.0,0.0,0.0,27335615.446724646,-2.0954757928848267e-9 
 07/28  10:00:00,53363290.83369105,31029120.0,1293687.7108766516,21040483.122814406,19119821.447184704,0.0,14829120.0,0.0,0.0,26697756.547647607,-1.0477378964424133e-9 
 07/28  11:00:00,53842115.75807583,27716400.0,1436230.193137001,24689485.564938836,22762164.50062909,0.0,11516400.0,0.0,0.0,28948456.89669338,-3.259629011154175e-9 
 07/28  12:00:00,54944918.26363921,28436760.0,1414882.9308648643,25093275.33277434,23165954.268464595,0.0,12236760.0,0.0,0.0,24434036.635943633,-6.984919309616089e-9 
 07/28  13:00:00,49489210.473982796,24701760.0,1283775.4251590343,23503675.048823763,21576353.984514013,0.0,8501760.0,0.0,0.0,21684761.224287197,-9.313225746154785e-10 
 07/28  14:00:00,53175028.26377422,25764480.0,1415546.3926925086,25995001.871081717,24067680.80677197,0.0,9564480.0,0.0,0.0,25949864.296915643,-9.313225746154785e-9 
 07/28  15:00:00,52996129.056356,25027200.0,1453317.2224016648,26515611.833954323,24588290.769644577,0.0,10627200.0,0.0,0.0,25742855.030913264,-2.0954757928848267e-9 
 07/28  16:00:00,48589951.74650049,23227200.0,1346761.666987193,24015990.079513296,22088669.01520355,0.0,10627200.0,0.0,0.0,16811250.780046813,-4.423782229423523e-9 
 07/28  17:00:00,45779698.93404783,24134400.0,1240591.2260052245,20404707.708042607,18477386.64373286,0.0,15134400.0,0.0,0.0,12709481.776307777,-3.958120942115784e-9 
 07/28  18:00:00,41837797.66684719,23367600.0,1188708.8135904572,17281488.853256736,15354167.78894699,0.0,14367600.0,0.0,0.0,8413609.999670897,-4.6566128730773926e-9 
 07/28  19:00:00,37138024.55603031,21600000.0,1136544.5956399357,14401479.960390376,12473948.884531245,0.0,16200000.0,190951.54986946212,190951.54986946212,1147195.712683308,-3.259629011154175e-9 
 07/28  20:00:00,25771431.366946146,10800000.0,1136544.5956399357,13834886.771306211,11907144.200535743,0.0,5400000.0,383976.0053525307,383976.0053525307,0.0,3.4924596548080444e-10 
 07/28  21:00:00,5760000.0,5760000.0,0.0,0.0,0.0,0.0,5400000.0,0.0,0.0,0.0,1.3969838619232178e-9 
 07/28  22:00:00,1710000.0,1710000.0,0.0,0.0,0.0,0.0,1350000.0,0.0,0.0,0.0,-2.561137080192566e-9 
 07/28  23:00:00,1710000.0,1710000.0,0.0,0.0,0.0,0.0,1350000.0,0.0,0.0,0.0,-3.4924596548080444e-10 
 07/28  24:00:00,1710000.0,1710000.0,0.0,0.0,0.0,0.0,1350000.0,0.0,0.0,0.0,1.1641532182693481e-10 
 07/29  01:00:00,1710000.0,1710000.0,0.0,0.0,0.0,0.0,1350000.0,0.0,0.0,0.0,-1.4551915228366852e-9 
 07/29  02:00:00,1710000.0,1710000.0,0.0,0.0,0.0,0.0,1350000.0,0.0,0.0,0.0,8.149072527885437e-10 
 07/29  03:00:00,1710000.0,1710000.0,0.0,0.0,0.0,0.0,1350000.0,0.0,0.0,0.0,-2.270098775625229e-9 
 07/29  04:00:00,1710000.0,1710000.0,0.0,0.0,0.0,0.0,1350000.0,0.0,0.0,0.0,-2.3283064365386963e-10 
 07/29  05:00:00,1710000.0,1710000.0,0.0,0.0,0.0,0.0,1350000.0,0.0,0.0,0.0,-2.9103830456733704e-10 
 07/29  06:00:00,1710000.0,1710000.0,0.0,0.0,0.0,0.0,1350000.0,0.0,0.0,0.0,1.862645149230957e-9 
 07/29  07:00:00,17036749.02209103,1710000.0,1136544.5956399357,14190204.426451096,12346998.173356343,0.0,1350000.0,29105.00946471157,29105.00946471157,3203395.3241751185,-3.6670826375484467e-9 
 07/29  08:00:00,17355890.057183564,1549800.0,1136544.5956399357,14669545.461543627,12876831.10979981,0.0,1189800.0,0.0,0.0,18253052.32951619,-1.862645149230957e-9 
 07/29  09:00:00,39464083.09869038,22476600.0,1141034.1826909343,15846448.915999442,14006520.260326046,0.0,15276600.0,0.0,0.0,30994739.584601454,1.5133991837501526e-9 
 07/29  10:00:00,51688580.80319165,30577680.0,1278536.5300922894,19832364.273099363,17933923.728835996,0.0,14377680.0,0.0,0.0,30360546.969068266,-1.1641532182693481e-9 
 07/29  11:00:00,52384127.389192775,26827200.0,1418849.5747169112,24138077.81447587,22210756.750166122,0.0,10627200.0,0.0,0.0,28854955.08992965,-3.259629011154175e-9 
 07/29  12:00:00,53908279.60773727,27140580.0,1388832.035087404,25378867.57264987,23451546.508340124,0.0,10940580.0,0.0,0.0,22389278.79651205,-2.561137080192566e-9 
 07/29  13:00:00,50725338.50270718,24701760.0,1288119.2343139544,24735459.268393237,22808138.20408349,0.0,8501760.0,0.0,0.0,21450356.003702976,-3.4924596548080444e-9 
 07/29  14:00:00,54971540.93185371,25764480.0,1413835.761440211,27793225.1704135,25865904.10610375,0.0,9564480.0,0.0,0.0,23828238.17236924,-1.3969838619232178e-9 
 07/29  15:00:00,55866012.59476417,25027200.0,1477067.492451881,29361745.102312285,27434424.03800254,0.0,10627200.0,0.0,0.0,24243565.121239386,-1.3969838619232178e-9 
 07/29  16:00:00,52967781.30037266,23227200.0,1441794.7897142358,28298786.51065843,26371465.446348682,0.0,10627200.0,0.0,0.0,24594902.96492757,-6.752088665962219e-9 
 07/29  17:00:00,45663131.2370769,19627200.0,1310036.4892754708,24725894.74780143,22798573.683491677,0.0,10627200.0,0.0,0.0,18299898.244499553,-1.862645149230957e-9 
 07/29  18:00:00,54637342.329836495,31017600.0,1252203.0862690336,22367539.243567467,20440218.17925772,0.0,22017600.0,0.0,0.0,5447226.04668598,-2.7939677238464355e-9 
 07/29  19:00:00,40746564.94093821,21600000.0,1138553.5262692675,18008011.414668947,16080690.3503592,0.0,16200000.0,0.0,0.0,1351559.0341781653,-3.4924596548080444e-9 
 07/29  20:00:00,29287451.057910927,10800000.0,1136544.5956399357,17350906.46227099,15423585.397961244,0.0,5400000.0,0.0,0.0,0.0,-2.6775524020195007e-9 
 07/29  21:00:00,5760000.0,5760000.0,0.0,0.0,0.0,0.0,5400000.0,0.0,0.0,0.0,-4.6566128730773926e-9 
 07/29  22:00:00,1710000.0,1710000.0,0.0,0.0,0.0,0.0,1350000.0,0.0,0.0,0.0,-3.4924596548080444e-9 
 07/29  23:00:00,1710000.0,1710000.0,0.0,0.0,0.0,0.0,1350000.0,0.0,0.0,0.0,-1.3969838619232178e-9 
 07/29  24:00:00,1710000.0,1710000.0,0.0,0.0,0.0,0.0,1350000.0,0.0,0.0,0.0,-1.1641532182693481e-10 
 07/30  01:00:00,1710000.0,1710000.0,0.0,0.0,0.0,0.0,1350000.0,0.0,0.0,0.0,-1.1641532182693481e-9 
 07/30  02:00:00,1710000.0,1710000.0,0.0,0.0,0.0,0.0,1350000.0,0.0,0.0,0.0,-2.9103830456733704e-9 
 07/30  03:00:00,1710000.0,1710000.0,0.0,0.0,0.0,0.0,1350000.0,0.0,0.0,0.0,6.984919309616089e-10 
 07/30  04:00:00,1710000.0,1710000.0,0.0,0.0,0.0,0.0,1350000.0,0.0,0.0,0.0,1.280568540096283e-9 
 07/30  05:00:00,1710000.0,1710000.0,0.0,0.0,0.0,0.0,1350000.0,0.0,0.0,0.0,-2.0954757928848267e-9 
 07/30  06:00:00,1710000.0,1710000.0,0.0,0.0,0.0,0.0,1350000.0,0.0,0.0,0.0,-4.94765117764473e-9 
 07/30  07:00:00,17127606.671636794,1710000.0,1136544.5956399357,14281062.075996857,12430852.736179983,0.0,1350000.0,176075.42057538245,176075.42057538245,5134577.023120543,-1.57160684466362e-9 
 07/30  08:00:00,18288793.232513282,1481580.0,1136544.5956399357,15670668.636873346,13862816.969802286,0.0,1121580.0,0.0,0.0,25028992.504160717,-2.5029294192790985e-9 
 07/30  09:00:00,41116854.095359296,22476600.0,1154984.4113425845,17485269.684016712,15629585.436843267,0.0,15276600.0,0.0,0.0,32223287.745988376,-3.725290298461914e-9 
 07/30  10:00:00,54367408.321573555,30126240.0,1348187.0831334412,22892981.23844011,20979239.3412456,0.0,13926240.0,0.0,0.0,32787868.51107602,-5.3551048040390015e-9 
 07/30  11:00:00,55880174.61901514,27716400.0,1500581.9711734713,26663192.64784167,24735871.583531924,0.0,11516400.0,0.0,0.0,29263441.398408495,-6.28642737865448e-9 
 07/30  12:00:00,55472921.684528284,26295840.0,1451591.4525283738,27725490.231999904,25798169.167690158,0.0,10095840.0,0.0,0.0,24058556.350017935,-3.958120942115784e-9 
 07/30  13:00:00,51994559.45952704,24701760.0,1327803.7126001823,25964995.74692686,24037674.682617113,0.0,8501760.0,0.0,0.0,22575041.883236382,-7.683411240577698e-9 
 07/30  14:00:00,55459745.05078136,25764480.0,1485427.0901232664,28209837.960658096,26282516.89634835,0.0,9564480.0,0.0,0.0,27090435.551296853,-6.984919309616089e-10 
 07/30  15:00:00,53961925.73163592,25027200.0,1515813.5911528377,27418912.14048309,25491591.076173343,0.0,10627200.0,0.0,0.0,25406707.355459254,-1.1641532182693481e-9 
 07/30  16:00:00,49765592.396373704,24116400.0,1389813.3109346027,24259379.0854391,22332058.02112935,0.0,11516400.0,0.0,0.0,17970894.93905026,-4.190951585769653e-9 
 07/30  17:00:00,51696218.329887696,30067200.0,1248542.5617187028,20380475.768168993,18453154.703859247,0.0,21067200.0,0.0,0.0,7701059.948262281,-7.450580596923828e-9 
 07/30  18:00:00,45345899.674883306,25207200.0,1195614.3909691712,18943085.28391414,17015764.219604395,0.0,16207200.0,0.0,0.0,7093479.152345713,-2.0954757928848267e-9 
 07/30  19:00:00,39628102.15948031,21600000.0,1136544.5956399357,16891557.563840378,14964236.49953063,0.0,16200000.0,0.0,0.0,1344142.1152731343,-3.259629011154175e-9 
 07/30  20:00:00,29041732.720254876,10800000.0,1136544.5956399357,17105188.12461494,15177867.06030519,0.0,5400000.0,0.0,0.0,0.0,-2.3283064365386963e-10 
 07/30  21:00:00,5760000.0,5760000.0,0.0,0.0,0.0,0.0,5400000.0,0.0,0.0,0.0,-1.6298145055770874e-9 
 07/30  22:00:00,1710000.0,1710000.0,0.0,0.0,0.0,0.0,1350000.0,0.0,0.0,0.0,-5.238689482212067e-9 
 07/30  23:00:00,1710000.0,1710000.0,0.0,0.0,0.0,0.0,1350000.0,0.0,0.0,0.0,1.6298145055770874e-9 
 07/30  24:00:00,1710000.0,1710000.0,0.0,0.0,0.0,0.0,1350000.0,0.0,0.0,0.0,-2.9103830456733704e-9 
 07/31  01:00:00,1710000.0,1710000.0,0.0,0.0,0.0,0.0,1350000.0,0.0,0.0,0.0,2.270098775625229e-9 
 07/31  02:00:00,1710000.0,1710000.0,0.0,0.0,0.0,0.0,1350000.0,0.0,0.0,0.0,-6.984919309616089e-10 
 07/31  03:00:00,1710000.0,1710000.0,0.0,0.0,0.0,0.0,1350000.0,0.0,0.0,0.0,2.0372681319713593e-9 
 07/31  04:00:00,1710000.0,1710000.0,0.0,0.0,0.0,0.0,1350000.0,0.0,0.0,0.0,-1.2223608791828156e-9 
 07/31  05:00:00,1710000.0,1710000.0,0.0,0.0,0.0,0.0,1350000.0,0.0,0.0,0.0,-4.889443516731262e-9 
 07/31  06:00:00,1710000.0,1710000.0,0.0,0.0,0.0,0.0,1350000.0,0.0,0.0,0.0,-2.5029294192790985e-9 
 07/31  07:00:00,18620988.741001554,1710000.0,1136544.5956399357,15774444.14536162,13900922.219414886,0.0,1350000.0,0.0,0.0,1609922.5314105684,4.0745362639427185e-10 
 07/31  08:00:00,19802389.568344183,1573560.0,1136544.5956399357,17092284.972704247,15260409.174283564,0.0,1213560.0,0.0,0.0,12751622.703259686,7.566995918750763e-10 
 07/31  09:00:00,42334600.27101196,22476600.0,1143043.8833538955,18714956.38765806,16844425.445836097,0.0,15276600.0,0.0,0.0,31234672.273328796,4.656612873077393e-10 
 07/31  10:00:00,55298496.03144633,30577680.0,1341507.4711967623,23379308.560249567,21476572.395688206,0.0,14377680.0,0.0,0.0,34713323.56421776,-5.3551048040390015e-9 
 07/31  11:00:00,55241382.05308677,26827200.0,1506649.3962896885,26907532.65679708,24980211.59248733,0.0,10627200.0,0.0,0.0,29178524.96353043,-5.820766091346741e-9 
 07/31  12:00:00,57125065.98581874,28888200.0,1480665.718587588,26756200.267231155,24828879.202921405,0.0,12688200.0,0.0,0.0,25392226.76280293,-1.6298145055770874e-9 
 07/31  13:00:00,54769027.81283558,28687680.0,1339311.2528374777,24742036.559998106,22814715.495688356,0.0,12487680.0,0.0,0.0,21745994.01190382,-1.862645149230957e-9 
 07/31  14:00:00,53357507.72522742,25764480.0,1431483.7174808208,26161544.007746607,24234222.943436857,0.0,9564480.0,0.0,0.0,24189923.843412604,-1.862645149230957e-9 
 07/31  15:00:00,53403221.90133192,25027200.0,1441193.4964159287,26934828.40491599,25007507.34060624,0.0,10627200.0,0.0,0.0,24062926.919182334,-6.51925802230835e-9 
 07/31  16:00:00,50392220.504348926,23227200.0,1364419.6450525275,25800600.859296396,23873279.79498665,0.0,10627200.0,0.0,0.0,21213787.62489383,-6.28642737865448e-9 
 07/31  17:00:00,44070062.780605994,19627200.0,1259183.7570483615,23183679.023557637,21256357.95924789,0.0,10627200.0,0.0,0.0,18357935.320600506,-7.2177499532699585e-9 
 07/31  18:00:00,43730260.40649103,22003200.0,1205518.366218011,20521542.040273014,18594220.97596327,0.0,13003200.0,0.0,0.0,9847064.393339831,-3.725290298461914e-9 
 07/31  19:00:00,39931786.62493704,21600000.0,1136544.5956399357,17195242.029297113,15267920.964987366,0.0,16200000.0,0.0,0.0,928425.1330065401,0.0 
 07/31  20:00:00,28389006.99799569,10800000.0,1136544.5956399357,16452462.402355757,14525141.338046007,0.0,5400000.0,0.0,0.0,0.0,-1.280568540096283e-9 
 07/31  21:00:00,5760000.0,5760000.0,0.0,0.0,0.0,0.0,5400000.0,0.0,0.0,0.0,2.444721758365631e-9 
 07/31  22:00:00,1710000.0,1710000.0,0.0,0.0,0.0,0.0,1350000.0,0.0,0.0,0.0,-2.7939677238464355e-9 
 07/31  23:00:00,1710000.0,1710000.0,0.0,0.0,0.0,0.0,1350000.0,0.0,0.0,0.0,-2.561137080192566e-9 
 07/31  24:00:00,1710000.0,1710000.0,0.0,0.0,0.0,0.0,1350000.0,0.0,0.0,0.0,9.313225746154785e-10 
