Date/Time,Electricity:Facility [J](Hourly),Electricity:Building [J](Hourly),Electricity:HVAC [J](Hourly),Electricity:Plant [J](Hourly),Cooling:Electricity [J](Hourly),Heating:Electricity [J](Hourly),InteriorLights:Electricity [J](Hourly),NaturalGas:Facility [J](Hourly),NaturalGas:Plant [J](Hourly),TOTAL BUILDING INSIDE FACE SOLAR RADIATION HEAT GAIN ENERGY [J](Hourly),TOTAL BUILDING INSIDE FACE NET SURFACE THERMAL RADIATION HEAT GAIN ENERGY [J](Hourly) 
 01/01  01:00:00,2846544.5956399357,1710000.0,1136544.5956399357,0.0,0.0,0.0,1350000.0,0.0,0.0,0.0,-3.259629011154175e-9 
 01/01  02:00:00,2846544.5956399357,1710000.0,1136544.5956399357,0.0,0.0,0.0,1350000.0,0.0,0.0,0.0,-1.979060471057892e-9 
 01/01  03:00:00,2846544.5956399357,1710000.0,1136544.5956399357,0.0,0.0,0.0,1350000.0,0.0,0.0,0.0,1.3387762010097504e-9 
 01/01  04:00:00,2846544.5956399357,1710000.0,1136544.5956399357,0.0,0.0,0.0,1350000.0,0.0,0.0,0.0,-3.4924596548080444e-10 
 01/01  05:00:00,2846544.5956399357,1710000.0,1136544.5956399357,0.0,0.0,0.0,1350000.0,0.0,0.0,0.0,-2.3283064365386963e-10 
 01/01  06:00:00,2846544.5956399357,1710000.0,1136544.5956399357,0.0,0.0,0.0,1350000.0,0.0,0.0,0.0,-1.1641532182693481e-9 
 01/01  07:00:00,13491824.493862549,1710000.0,1136544.5956399357,10645279.898222612,9462831.142402496,0.0,1350000.0,4980212.047193099,4980212.047193099,0.0,-4.598405212163925e-9 
 01/01  08:00:00,14076064.861417346,1710000.0,1136544.5956399357,11229520.265777413,9980016.815954555,0.0,1350000.0,4954277.967378293,4954277.967378293,1285900.8836988434,7.566995918750763e-10 
 01/01  09:00:00,42766589.705558196,29416680.0,1136544.5956399357,12213365.10991826,10846588.871352684,0.0,22216680.0,4821045.648233441,4821045.648233441,6940997.8258881755,-3.958120942115784e-9 
 01/01  10:00:00,49814803.76098564,35762400.0,1146579.737640974,12905824.023344664,11508403.89653368,0.0,19562400.0,3838669.328921745,3838669.328921745,10712775.628159016,-1.7462298274040222e-9 
 01/01  11:00:00,45467413.71527077,30384000.0,1273216.163098693,13810197.55217208,12417993.451361075,0.0,14184000.0,228455.59969639496,228455.59969639496,17521361.43223917,-3.725290298461914e-9 
 01/01  12:00:00,43008910.285958745,27140580.0,1347632.4882932585,14520697.797665486,13124792.430842724,0.0,10940580.0,0.0,0.0,19561041.61445111,-3.6088749766349792e-9 
 01/01  13:00:00,39985860.18407796,24701760.0,1280326.60561137,14003773.578466596,12577341.953234164,0.0,8501760.0,0.0,0.0,20194083.513535425,-6.984919309616089e-10 
 01/01  14:00:00,41916935.44295815,25764480.0,1443721.893355349,14708733.549602801,13288835.450397726,0.0,9564480.0,0.0,0.0,16595597.149741745,-2.7939677238464355e-9 
 01/01  15:00:00,41197041.98248425,25027200.0,1504786.9320709552,14665055.050413294,13276168.006585022,0.0,10627200.0,0.0,0.0,17104578.473458078,-1.862645149230957e-9 
 01/01  16:00:00,40766374.997444764,25894800.0,1396084.2453405578,13475490.752104208,12136601.169479067,0.0,13294800.0,0.0,0.0,13498668.382655807,-2.3283064365386963e-9 
 01/01  17:00:00,40101377.88764544,26740800.0,1256508.5506877075,12104069.336957738,10761312.483375093,0.0,17740800.0,0.0,0.0,9253428.183130987,-3.026798367500305e-9 
 01/01  18:00:00,48635640.4220398,36000000.0,1224410.4695328404,11411229.952506963,10088593.20299147,0.0,27000000.0,0.0,0.0,917752.4543559623,-1.3969838619232178e-9 
 01/01  19:00:00,33684662.82409585,21600000.0,1136544.5956399357,10948118.228455914,9610234.755062714,0.0,16200000.0,5286690.706031716,5286690.706031716,0.0,-3.3760443329811096e-9 
 01/01  20:00:00,22573984.423822578,10800000.0,1136544.5956399357,10637439.82818264,9393391.656615706,0.0,5400000.0,5168715.970555172,5168715.970555172,0.0,-2.444721758365631e-9 
 01/01  21:00:00,6896544.595639936,5760000.0,1136544.5956399357,0.0,0.0,0.0,5400000.0,0.0,0.0,0.0,-5.820766091346741e-10 
 01/01  22:00:00,2846544.5956399357,1710000.0,1136544.5956399357,0.0,0.0,0.0,1350000.0,0.0,0.0,0.0,-3.3760443329811096e-9 
 01/01  23:00:00,2846544.5956399357,1710000.0,1136544.5956399357,0.0,0.0,0.0,1350000.0,0.0,0.0,0.0,-5.704350769519806e-9 
 01/01  24:00:00,2846544.5956399357,1710000.0,1136544.5956399357,0.0,0.0,0.0,1350000.0,0.0,0.0,0.0,-6.402842700481415e-10 
 01/02  01:00:00,2846544.5956399357,1710000.0,1136544.5956399357,0.0,0.0,0.0,1350000.0,0.0,0.0,0.0,4.0745362639427185e-10 
 01/02  02:00:00,2846544.5956399357,1710000.0,1136544.5956399357,0.0,0.0,0.0,1350000.0,0.0,0.0,0.0,4.656612873077393e-10 
 01/02  03:00:00,2846544.5956399357,1710000.0,1136544.5956399357,0.0,0.0,0.0,1350000.0,0.0,0.0,0.0,-1.0477378964424133e-9 
 01/02  04:00:00,2846544.5956399357,1710000.0,1136544.5956399357,0.0,0.0,0.0,1350000.0,0.0,0.0,0.0,-3.14321368932724e-9 
 01/02  05:00:00,2846544.5956399357,1710000.0,1136544.5956399357,0.0,0.0,0.0,1350000.0,0.0,0.0,0.0,1.7462298274040222e-9 
 01/02  06:00:00,2846544.5956399357,1710000.0,1136544.5956399357,0.0,0.0,0.0,1350000.0,0.0,0.0,0.0,-4.540197551250458e-9 
 01/02  07:00:00,12280786.838554054,1710000.0,1136544.5956399357,9434242.242914122,8380963.888859045,0.0,1350000.0,5016260.718758942,5016260.718758942,120302.78100591252,-1.4551915228366852e-10 
 01/02  08:00:00,13329408.32112882,1686240.0,1136544.5956399357,10506623.725488883,9342979.138298783,0.0,1326240.0,4982937.526930096,4982937.526930096,3134690.785862457,1.3387762010097504e-9 
 01/02  09:00:00,37875430.82683608,24932520.0,1136544.5956399357,11806366.231196154,10481856.277583323,0.0,17732520.0,4974920.812720675,4974920.812720675,15014402.2661013,-3.725290298461914e-9 
 01/02  10:00:00,43870537.039598495,30126240.0,1202403.895442068,12541893.144156422,11158383.780422663,0.0,13926240.0,1591101.310884105,1591101.310884105,22993479.751993783,-3.026798367500305e-9 
 01/02  11:00:00,41801101.57995048,26827200.0,1396154.9992223976,13577746.580728084,12211724.59373662,0.0,10627200.0,0.0,0.0,22540737.27255569,-8.381903171539307e-9 
 01/02  12:00:00,41455331.541729346,26295840.0,1499679.8007878226,13659811.740941523,12387429.40736063,0.0,10095840.0,0.0,0.0,23030796.836672224,-2.561137080192566e-9 
 01/02  13:00:00,38396310.82749641,24701760.0,1369609.0418552752,12324941.785641136,11135145.44181492,0.0,8501760.0,0.0,0.0,20443586.31270275,-3.958120942115784e-9 
 01/02  14:00:00,42265913.45923598,28165320.0,1522333.9321205677,12578259.527115414,11456098.772617644,0.0,11965320.0,0.0,0.0,14599842.867598038,-6.05359673500061e-9 
 01/02  15:00:00,40635815.4600309,26805600.0,1507059.6488989182,12323155.811131977,11218250.571018875,0.0,12405600.0,0.0,0.0,13082320.416186294,-5.587935447692871e-9 
 01/02  16:00:00,36631330.92389914,23227200.0,1444505.7664699592,11959625.157429175,10848577.349330943,0.0,10627200.0,0.0,0.0,18967001.86479556,-2.7939677238464355e-9 
 01/02  17:00:00,32819429.03424055,20516400.0,1303308.9896582086,10999720.044582343,9877769.893055618,0.0,11516400.0,0.0,0.0,17432724.38889192,-4.656612873077393e-10 
 01/02  18:00:00,45558252.84849623,33210000.0,1296978.086722605,11051274.761773624,9885955.537945177,0.0,24210000.0,0.0,0.0,10130322.104522584,-2.3283064365386963e-10 
 01/02  19:00:00,32801677.285630412,21600000.0,1136544.5956399357,10065132.68999048,8843285.434875257,0.0,16200000.0,5282649.207119412,5282649.207119412,0.0,-2.7939677238464355e-9 
 01/02  20:00:00,21578142.381727498,10800000.0,1136544.5956399357,9641597.78608756,8514543.398564652,0.0,5400000.0,5168179.608033222,5168179.608033222,0.0,3.4924596548080444e-10 
 01/02  21:00:00,6896544.595639936,5760000.0,1136544.5956399357,0.0,0.0,0.0,5400000.0,0.0,0.0,0.0,1.862645149230957e-9 
 01/02  22:00:00,2846544.5956399357,1710000.0,1136544.5956399357,0.0,0.0,0.0,1350000.0,0.0,0.0,0.0,-1.0477378964424133e-9 
 01/02  23:00:00,2846544.5956399357,1710000.0,1136544.5956399357,0.0,0.0,0.0,1350000.0,0.0,0.0,0.0,-1.2223608791828156e-9 
 01/02  24:00:00,2846544.5956399357,1710000.0,1136544.5956399357,0.0,0.0,0.0,1350000.0,0.0,0.0,0.0,-4.190951585769653e-9 
 01/03  01:00:00,2846544.5956399357,1710000.0,1136544.5956399357,0.0,0.0,0.0,1350000.0,0.0,0.0,0.0,-1.3969838619232178e-9 
 01/03  02:00:00,2846544.5956399357,1710000.0,1136544.5956399357,0.0,0.0,0.0,1350000.0,0.0,0.0,0.0,4.656612873077393e-10 
 01/03  03:00:00,2846544.5956399357,1710000.0,1136544.5956399357,0.0,0.0,0.0,1350000.0,0.0,0.0,0.0,1.57160684466362e-9 
 01/03  04:00:00,2846544.5956399357,1710000.0,1136544.5956399357,0.0,0.0,0.0,1350000.0,0.0,0.0,0.0,-1.2223608791828156e-9 
 01/03  05:00:00,2846544.5956399357,1710000.0,1136544.5956399357,0.0,0.0,0.0,1350000.0,0.0,0.0,0.0,8.149072527885437e-10 
 01/03  06:00:00,2846544.5956399357,1710000.0,1136544.5956399357,0.0,0.0,0.0,1350000.0,0.0,0.0,0.0,-1.5425030142068863e-9 
 01/03  07:00:00,12843576.534151018,1710000.0,1136544.5956399357,9997031.938511081,8892327.830679923,0.0,1350000.0,5018508.217721555,5018508.217721555,50347.617590523354,-1.1641532182693481e-10 
 01/03  08:00:00,13820947.741470773,1710000.0,1136544.5956399357,10974403.14583084,9762383.807049293,0.0,1350000.0,5001624.269536942,5001624.269536942,2345935.9210642753,6.693881005048752e-10 
 01/03  09:00:00,38861873.60451597,25732800.0,1136544.5956399357,11992529.008876035,10654671.430082433,0.0,18532800.0,5012604.619708053,5012604.619708053,13098447.23353313,-6.28642737865448e-9 
 01/03  10:00:00,43661890.81404906,30126240.0,1198162.299347673,12337488.514701387,10975376.742940534,0.0,13926240.0,1905920.5655892263,1905920.5655892263,23049997.5148838,3.4924596548080444e-10 
 01/03  11:00:00,41499963.48363959,26827200.0,1403312.1081516698,13269451.37548792,11942753.564747708,0.0,10627200.0,0.0,0.0,24427143.46166271,-2.0954757928848267e-9 
 01/03  12:00:00,41088380.37083766,26295840.0,1501835.9869748955,13290704.383862766,12055612.60742985,0.0,10095840.0,0.0,0.0,22735536.06647984,-2.7939677238464355e-9 
 01/03  13:00:00,38115847.85213405,24701760.0,1358561.2481420524,12055526.603991993,10867498.73200922,0.0,8501760.0,0.0,0.0,21066023.642110653,-1.6298145055770874e-9 
 01/03  14:00:00,40149749.33408362,25764480.0,1555042.0545291582,12830227.279554458,11687733.532971678,0.0,9564480.0,0.0,0.0,20210581.871490557,-6.984919309616089e-10 
 01/03  15:00:00,39742608.70528424,25027200.0,1578902.4999474632,13136506.205336772,11981139.362948604,0.0,10627200.0,0.0,0.0,18668049.969245087,-7.683411240577698e-9 
 01/03  16:00:00,38947024.95096378,25005600.0,1426706.67001673,12514718.280947052,11335545.173881166,0.0,12405600.0,0.0,0.0,13255184.605012933,-3.725290298461914e-9 
 01/03  17:00:00,35505396.732430086,22294800.0,1294113.1450618678,11916483.58736822,10664636.470787786,0.0,13294800.0,0.0,0.0,15055879.488950826,-1.862645149230957e-9 
 01/03  18:00:00,47997039.6117612,35049600.0,1270654.705595726,11676784.906165466,10405004.586698115,0.0,26049600.0,0.0,0.0,5402140.48393959,-3.958120942115784e-9 
 01/03  19:00:00,33573005.32465323,21600000.0,1136544.5956399357,10836460.729013292,9520752.595492285,0.0,16200000.0,5266321.108337994,5266321.108337994,0.0,-2.7939677238464355e-9 
 01/03  20:00:00,22446755.066760723,10800000.0,1136544.5956399357,10510210.471120788,9280857.779814936,0.0,5400000.0,5160612.808611285,5160612.808611285,0.0,-3.4924596548080444e-10 
 01/03  21:00:00,6896544.595639936,5760000.0,1136544.5956399357,0.0,0.0,0.0,5400000.0,0.0,0.0,0.0,-2.2118911147117615e-9 
 01/03  22:00:00,2846544.5956399357,1710000.0,1136544.5956399357,0.0,0.0,0.0,1350000.0,0.0,0.0,0.0,4.656612873077393e-10 
 01/03  23:00:00,2846544.5956399357,1710000.0,1136544.5956399357,0.0,0.0,0.0,1350000.0,0.0,0.0,0.0,-2.735760062932968e-9 
 01/03  24:00:00,2846544.5956399357,1710000.0,1136544.5956399357,0.0,0.0,0.0,1350000.0,0.0,0.0,0.0,-3.026798367500305e-9 
 01/04  01:00:00,2846544.5956399357,1710000.0,1136544.5956399357,0.0,0.0,0.0,1350000.0,0.0,0.0,0.0,-1.8044374883174896e-9 
 01/04  02:00:00,2846544.5956399357,1710000.0,1136544.5956399357,0.0,0.0,0.0,1350000.0,0.0,0.0,0.0,8.731149137020111e-10 
 01/04  03:00:00,2846544.5956399357,1710000.0,1136544.5956399357,0.0,0.0,0.0,1350000.0,0.0,0.0,0.0,-1.6880221664905548e-9 
 01/04  04:00:00,2846544.5956399357,1710000.0,1136544.5956399357,0.0,0.0,0.0,1350000.0,0.0,0.0,0.0,-1.1059455573558807e-9 
 01/04  05:00:00,2846544.5956399357,1710000.0,1136544.5956399357,0.0,0.0,0.0,1350000.0,0.0,0.0,0.0,-1.0477378964424133e-9 
 01/04  06:00:00,2846544.5956399357,1710000.0,1136544.5956399357,0.0,0.0,0.0,1350000.0,0.0,0.0,0.0,-3.055902197957039e-9 
 01/04  07:00:00,13179469.3487073,1710000.0,1136544.5956399357,10332924.753067363,9203844.438672543,0.0,1350000.0,5121631.528276903,5121631.528276903,265391.7848388741,-3.3760443329811096e-9 
 01/04  08:00:00,13939537.13445536,1710000.0,1136544.5956399357,11092992.538815424,9885331.923118373,0.0,1350000.0,5107995.046884756,5107995.046884756,2720215.96686369,-1.2514647096395493e-9 
 01/04  09:00:00,39545199.61587389,26960760.0,1136544.5956399357,11447895.020233952,10189737.616256226,0.0,19760760.0,5106484.499564793,5106484.499564793,10915179.99882581,-2.9103830456733704e-9 
 01/04  10:00:00,42742429.447014704,30126240.0,1201274.5318751174,11414914.915139578,10176526.776380897,0.0,13926240.0,1877770.4024763193,1877770.4024763193,20947124.196797367,9.313225746154785e-10 
 01/04  11:00:00,43136945.3617967,29494800.0,1418838.5476090945,12223306.814187609,11039309.328129536,0.0,13294800.0,0.0,0.0,20008026.32819129,-2.3283064365386963e-10 
 01/04  12:00:00,40412171.9536599,26295840.0,1503115.6743500994,12613216.279309796,11459663.40145204,0.0,10095840.0,0.0,0.0,23201729.606755972,-6.05359673500061e-9 
 01/04  13:00:00,37955410.52585278,24701760.0,1372720.8754509625,11880929.650401816,10737651.38166674,0.0,8501760.0,0.0,0.0,21999499.46546644,-1.862645149230957e-9 
 01/04  14:00:00,40316761.48504917,25764480.0,1568452.290364913,12983829.194684252,11835715.737069793,0.0,9564480.0,0.0,0.0,20085381.20714704,-5.3551048040390015e-9 
 01/04  15:00:00,39814332.08896773,25027200.0,1619027.6210917102,13168104.467876025,12028765.800444644,0.0,10627200.0,0.0,0.0,20720816.075937044,-4.423782229423523e-9 
 01/04  16:00:00,37236994.039197735,23227200.0,1517889.592796263,12491904.446401471,11374300.839416644,0.0,10627200.0,0.0,0.0,20598488.579537373,4.656612873077393e-10 
 01/04  17:00:00,34451976.5367758,22294800.0,1314225.2329423693,10842951.303833432,9736150.092942968,0.0,13294800.0,0.0,0.0,14760015.06198512,-3.4924596548080444e-9 
 01/04  18:00:00,45052706.01501754,33210000.0,1304857.1290353122,10537848.885982227,9435746.662110666,0.0,24210000.0,0.0,0.0,10955585.367261542,-3.958120942115784e-9 
 01/04  19:00:00,31989684.134996075,21600000.0,1136544.5956399357,9253139.539356139,8126245.559009781,0.0,16200000.0,5226862.238341862,5226862.238341862,0.0,-4.190951585769653e-9 
 01/04  20:00:00,20920274.57253858,10800000.0,1136544.5956399357,8983729.97689864,7938187.460194256,0.0,5400000.0,5148442.292005133,5148442.292005133,0.0,-8.149072527885437e-10 
 01/04  21:00:00,6896544.595639936,5760000.0,1136544.5956399357,0.0,0.0,0.0,5400000.0,0.0,0.0,0.0,-1.6298145055770874e-9 
 01/04  22:00:00,2846544.5956399357,1710000.0,1136544.5956399357,0.0,0.0,0.0,1350000.0,0.0,0.0,0.0,-1.979060471057892e-9 
 01/04  23:00:00,2846544.5956399357,1710000.0,1136544.5956399357,0.0,0.0,0.0,1350000.0,0.0,0.0,0.0,4.656612873077393e-10 
 01/04  24:00:00,2846544.5956399357,1710000.0,1136544.5956399357,0.0,0.0,0.0,1350000.0,0.0,0.0,0.0,-2.6193447411060333e-9 
 01/05  01:00:00,6086544.595639936,4950000.0,1136544.5956399357,0.0,0.0,0.0,1350000.0,0.0,0.0,0.0,-3.3760443329811096e-9 
 01/05  02:00:00,6086544.595639936,4950000.0,1136544.5956399357,0.0,0.0,0.0,1350000.0,0.0,0.0,0.0,-2.9103830456733704e-9 
 01/05  03:00:00,6086544.595639936,4950000.0,1136544.5956399357,0.0,0.0,0.0,1350000.0,0.0,0.0,0.0,4.656612873077393e-10 
 01/05  04:00:00,6086544.595639936,4950000.0,1136544.5956399357,0.0,0.0,0.0,1350000.0,0.0,0.0,0.0,-1.3969838619232178e-9 
 01/05  05:00:00,6086544.595639936,4950000.0,1136544.5956399357,0.0,0.0,0.0,1350000.0,0.0,0.0,0.0,-4.0745362639427185e-9 
 01/05  06:00:00,6086544.595639936,4950000.0,1136544.5956399357,0.0,0.0,0.0,1350000.0,0.0,0.0,0.0,2.270098775625229e-9 
 01/05  07:00:00,6086544.595639936,4950000.0,1136544.5956399357,0.0,0.0,0.0,1350000.0,0.0,0.0,1598472.6453198807,-1.3387762010097504e-9 
 01/05  08:00:00,5994564.595639936,4858020.0,1136544.5956399357,0.0,0.0,0.0,1258020.0,0.0,0.0,9778203.5159698,-1.9208528101444244e-9 
 01/05  09:00:00,5721684.595639936,4585140.0,1136544.595639936,0.0,0.0,0.0,985140.0,0.0,0.0,21363729.928510703,-4.0745362639427185e-10 
 01/05  10:00:00,5469504.595639936,4332960.0,1136544.5956399357,0.0,0.0,0.0,732960.0,0.0,0.0,22485905.57154746,-3.2014213502407074e-9 
 01/05  11:00:00,5401284.595639936,4264740.0,1136544.5956399357,0.0,0.0,0.0,664740.0,0.0,0.0,20784173.603717983,-2.2118911147117615e-9 
 01/05  12:00:00,5267904.595639936,4131360.0,1136544.5956399357,0.0,0.0,0.0,531360.0,0.0,0.0,21303690.414851006,-1.6298145055770874e-9 
 01/05  13:00:00,5267904.595639936,4131360.0,1136544.5956399357,0.0,0.0,0.0,531360.0,0.0,0.0,22066986.73616872,-3.4924596548080444e-9 
 01/05  14:00:00,5267904.595639936,4131360.0,1136544.5956399357,0.0,0.0,0.0,531360.0,0.0,0.0,20238939.095332496,-4.423782229423523e-9 
 01/05  15:00:00,5267904.595639936,4131360.0,1136544.5956399357,0.0,0.0,0.0,531360.0,0.0,0.0,20859409.50205967,-5.820766091346741e-10 
 01/05  16:00:00,5267904.595639936,4131360.0,1136544.5956399357,0.0,0.0,0.0,531360.0,0.0,0.0,21960070.108331166,-6.752088665962219e-9 
 01/05  17:00:00,5312364.595639936,4175820.0,1136544.5956399357,0.0,0.0,0.0,575820.0,0.0,0.0,17490900.836878277,-2.0954757928848267e-9 
 01/05  18:00:00,6015264.595639936,4878720.0,1136544.5956399357,0.0,0.0,0.0,1278720.0,0.0,0.0,5331627.633841285,-3.026798367500305e-9 
 01/05  19:00:00,6086544.595639936,4950000.0,1136544.5956399357,0.0,0.0,0.0,1350000.0,0.0,0.0,0.0,8.149072527885437e-10 
 01/05  20:00:00,6086544.595639936,4950000.0,1136544.5956399357,0.0,0.0,0.0,1350000.0,0.0,0.0,0.0,-3.6088749766349792e-9 
 01/05  21:00:00,6086544.595639936,4950000.0,1136544.5956399357,0.0,0.0,0.0,1350000.0,0.0,0.0,0.0,-2.9103830456733704e-9 
 01/05  22:00:00,6086544.595639936,4950000.0,1136544.5956399357,0.0,0.0,0.0,1350000.0,0.0,0.0,0.0,1.0477378964424133e-9 
 01/05  23:00:00,6086544.595639936,4950000.0,1136544.5956399357,0.0,0.0,0.0,1350000.0,0.0,0.0,0.0,-1.7462298274040222e-9 
 01/05  24:00:00,6086544.595639936,4950000.0,1136544.5956399357,0.0,0.0,0.0,1350000.0,0.0,0.0,0.0,-1.1641532182693481e-10 
 01/06  01:00:00,6086544.595639936,4950000.0,1136544.5956399357,0.0,0.0,0.0,1350000.0,0.0,0.0,0.0,3.4924596548080444e-10 
 01/06  02:00:00,6086544.595639936,4950000.0,1136544.5956399357,0.0,0.0,0.0,1350000.0,0.0,0.0,0.0,-3.725290298461914e-9 
 01/06  03:00:00,6086544.595639936,4950000.0,1136544.5956399357,0.0,0.0,0.0,1350000.0,0.0,0.0,0.0,-4.598405212163925e-9 
 01/06  04:00:00,6086544.595639936,4950000.0,1136544.5956399357,0.0,0.0,0.0,1350000.0,0.0,0.0,0.0,-2.0954757928848267e-9 
 01/06  05:00:00,6086544.595639936,4950000.0,1136544.5956399357,0.0,0.0,0.0,1350000.0,0.0,0.0,0.0,-8.731149137020111e-10 
 01/06  06:00:00,6086544.595639936,4950000.0,1136544.5956399357,0.0,0.0,0.0,1350000.0,0.0,0.0,0.0,-9.89530235528946e-10 
 01/06  07:00:00,6086544.595639936,4950000.0,1136544.5956399357,0.0,0.0,0.0,1350000.0,0.0,0.0,0.0,-8.731149137020111e-10 
 01/06  08:00:00,6086544.595639936,4950000.0,1136544.5956399357,0.0,0.0,0.0,1350000.0,0.0,0.0,346404.72099937045,0.0 
 01/06  09:00:00,6062784.595639936,4926240.0,1136544.5956399357,0.0,0.0,0.0,1326240.0,0.0,0.0,3566458.8296851506,-2.3283064365386963e-10 
 01/06  10:00:00,5766144.595639936,4629600.0,1136544.5956399357,0.0,0.0,0.0,1029600.0,0.0,0.0,11027600.912569953,-3.14321368932724e-9 
 01/06  11:00:00,5582184.595639936,4445640.0,1136544.5956399357,0.0,0.0,0.0,845640.0,0.0,0.0,15083655.248460045,-1.1059455573558807e-9 
 01/06  12:00:00,5267904.595639936,4131360.0,1136544.5956399357,0.0,0.0,0.0,531360.0,0.0,0.0,21071033.54962573,-6.984919309616089e-9 
 01/06  13:00:00,5267904.595639936,4131360.0,1136544.5956399357,0.0,0.0,0.0,531360.0,0.0,0.0,19927196.872170284,-9.313225746154785e-10 
 01/06  14:00:00,5267904.595639936,4131360.0,1136544.5956399357,0.0,0.0,0.0,531360.0,0.0,0.0,20135095.146044184,-8.381903171539307e-9 
 01/06  15:00:00,5267904.595639936,4131360.0,1136544.5956399357,0.0,0.0,0.0,531360.0,0.0,0.0,19890540.42754191,1.1641532182693481e-9 
 01/06  16:00:00,5267904.595639936,4131360.0,1136544.5956399357,0.0,0.0,0.0,531360.0,0.0,0.0,17272447.526552938,1.280568540096283e-9 
 01/06  17:00:00,5647344.595639936,4510800.0,1136544.5956399357,0.0,0.0,0.0,910800.0,0.0,0.0,8312157.613656854,-3.3760443329811096e-9 
 01/06  18:00:00,6086544.595639936,4950000.0,1136544.5956399357,0.0,0.0,0.0,1350000.0,0.0,0.0,2829472.3117994657,-1.1641532182693481e-10 
 01/06  19:00:00,6086544.595639936,4950000.0,1136544.5956399357,0.0,0.0,0.0,1350000.0,0.0,0.0,0.0,-3.725290298461914e-9 
 01/06  20:00:00,6086544.595639936,4950000.0,1136544.5956399357,0.0,0.0,0.0,1350000.0,0.0,0.0,0.0,1.862645149230957e-9 
 01/06  21:00:00,6086544.595639936,4950000.0,1136544.5956399357,0.0,0.0,0.0,1350000.0,0.0,0.0,0.0,-6.984919309616089e-10 
 01/06  22:00:00,6086544.595639936,4950000.0,1136544.5956399357,0.0,0.0,0.0,1350000.0,0.0,0.0,0.0,-1.280568540096283e-9 
 01/06  23:00:00,6086544.595639936,4950000.0,1136544.5956399357,0.0,0.0,0.0,1350000.0,0.0,0.0,0.0,-3.550667315721512e-9 
 01/06  24:00:00,6086544.595639936,4950000.0,1136544.5956399357,0.0,0.0,0.0,1350000.0,0.0,0.0,0.0,-2.6775524020195007e-9 
 01/07  01:00:00,2846544.5956399357,1710000.0,1136544.5956399357,0.0,0.0,0.0,1350000.0,0.0,0.0,0.0,-1.0477378964424133e-9 
 01/07  02:00:00,2846544.5956399357,1710000.0,1136544.5956399357,0.0,0.0,0.0,1350000.0,0.0,0.0,0.0,-1.7462298274040222e-10 
 01/07  03:00:00,2846544.5956399357,1710000.0,1136544.5956399357,0.0,0.0,0.0,1350000.0,0.0,0.0,0.0,-2.3283064365386963e-9 
 01/07  04:00:00,2846544.5956399357,1710000.0,1136544.5956399357,0.0,0.0,0.0,1350000.0,0.0,0.0,0.0,-1.2223608791828156e-9 
 01/07  05:00:00,2846544.5956399357,1710000.0,1136544.5956399357,0.0,0.0,0.0,1350000.0,0.0,0.0,0.0,-2.444721758365631e-9 
 01/07  06:00:00,2846544.5956399357,1710000.0,1136544.5956399357,0.0,0.0,0.0,1350000.0,0.0,0.0,0.0,-1.8044374883174896e-9 
 01/07  07:00:00,15063612.556427527,1710000.0,1136544.5956399357,12217067.96078759,10690690.038376957,0.0,1350000.0,4961952.946687965,4961952.946687965,50344.02412267684,1.4551915228366852e-10 
 01/07  08:00:00,14671990.627963398,1710000.0,1136544.5956399357,11825446.032323461,10444129.368998226,0.0,1350000.0,4990028.785781566,4990028.785781566,2165627.3863495286,1.0477378964424133e-9 
 01/07  09:00:00,40571098.84703096,27388440.0,1136544.5956399357,12046114.251391029,10700564.391396768,0.0,20188440.0,4993553.770516449,4993553.770516449,10147918.246227816,1.5133991837501526e-9 
 01/07  10:00:00,46194413.345896624,32718600.0,1163016.6846337179,12312796.661262907,10928332.669940425,0.0,16518600.0,3319549.3160313102,3319549.3160313102,14877800.573219085,1.5133991837501526e-9 
 01/07  11:00:00,42367579.63639916,27716400.0,1327262.6514060139,13323916.984993141,11938867.154401332,0.0,11516400.0,0.0,0.0,21621132.52263566,-1.6298145055770874e-9 
 01/07  12:00:00,41679111.45326136,26295840.0,1399369.6241904912,13983901.829070868,12559646.250161761,0.0,10095840.0,0.0,0.0,22510471.797267944,-1.3969838619232178e-9 
 01/07  13:00:00,39432703.04921646,24701760.0,1297423.5864705173,13433519.46274594,11985895.301721638,0.0,8501760.0,0.0,0.0,20885197.2500039,-1.6298145055770874e-9 
 01/07  14:00:00,41206692.23339522,25764480.0,1443205.4924982493,13999006.74089697,12619268.976019125,0.0,9564480.0,0.0,0.0,17375090.03628128,-1.862645149230957e-9 
 01/07  15:00:00,40368552.19881725,25027200.0,1473793.161311178,13867559.03750607,12531026.23968989,0.0,10627200.0,0.0,0.0,16272783.668956472,-4.190951585769653e-9 
 01/07  16:00:00,40702242.96078317,26370000.0,1382867.7467292114,12949375.214053959,11643095.953658154,0.0,13770000.0,0.0,0.0,13055864.10459906,-5.820766091346741e-9 
 01/07  17:00:00,46232427.566968225,33210000.0,1257771.8494584053,11764655.717509825,10461271.653105807,0.0,24210000.0,0.0,0.0,5039771.596142034,-4.6566128730773926e-9 
 01/07  18:00:00,48561441.69354123,36000000.0,1230112.3216648367,11331329.371876389,10023983.525028221,0.0,27000000.0,0.0,0.0,2506114.091783045,-3.4924596548080444e-9 
 01/07  19:00:00,33754258.46515746,21600000.0,1136544.5956399357,11017713.869517524,9670517.788477631,0.0,16200000.0,5225227.4258226305,5225227.4258226305,0.0,-2.3283064365386963e-10 
 01/07  20:00:00,22728573.517516483,10800000.0,1136544.5956399357,10792028.921876546,9525411.741075117,0.0,5400000.0,5131355.4636317985,5131355.4636317985,0.0,-1.280568540096283e-9 
 01/07  21:00:00,6896544.595639936,5760000.0,1136544.5956399357,0.0,0.0,0.0,5400000.0,0.0,0.0,0.0,2.6775524020195007e-9 
 01/07  22:00:00,2846544.5956399357,1710000.0,1136544.5956399357,0.0,0.0,0.0,1350000.0,0.0,0.0,0.0,-5.820766091346741e-10 
 01/07  23:00:00,2846544.5956399357,1710000.0,1136544.5956399357,0.0,0.0,0.0,1350000.0,0.0,0.0,0.0,-3.3760443329811096e-9 
 01/07  24:00:00,2846544.5956399357,1710000.0,1136544.5956399357,0.0,0.0,0.0,1350000.0,0.0,0.0,0.0,-6.984919309616089e-10 
 01/08  01:00:00,2846544.5956399357,1710000.0,1136544.5956399357,0.0,0.0,0.0,1350000.0,0.0,0.0,0.0,-2.270098775625229e-9 
 01/08  02:00:00,2846544.5956399357,1710000.0,1136544.5956399357,0.0,0.0,0.0,1350000.0,0.0,0.0,0.0,2.153683453798294e-9 
 01/08  03:00:00,2846544.5956399357,1710000.0,1136544.5956399357,0.0,0.0,0.0,1350000.0,0.0,0.0,0.0,5.238689482212067e-10 
 01/08  04:00:00,2846544.5956399357,1710000.0,1136544.5956399357,0.0,0.0,0.0,1350000.0,0.0,0.0,0.0,-5.238689482212067e-10 
 01/08  05:00:00,2846544.5956399357,1710000.0,1136544.5956399357,0.0,0.0,0.0,1350000.0,0.0,0.0,0.0,1.280568540096283e-9 
 01/08  06:00:00,2846544.5956399357,1710000.0,1136544.5956399357,0.0,0.0,0.0,1350000.0,0.0,0.0,0.0,-1.6589183360338211e-9 
 01/08  07:00:00,13906278.018176176,1710000.0,1136544.5956399357,11059733.42253624,9844612.787317684,0.0,1350000.0,5071902.794394684,5071902.794394684,50343.36427081241,-1.6589183360338211e-9 
 01/08  08:00:00,14494185.995023293,1710000.0,1136544.5956399357,11647641.399383357,10374629.285389913,0.0,1350000.0,5083975.106424161,5083975.106424161,2096904.9769111578,5.529727786779404e-10 
 01/08  09:00:00,39691350.67896536,26960760.0,1136544.5956399357,11594046.083325423,10314368.037946153,0.0,19760760.0,5107014.246575916,5107014.246575916,10934641.142621681,-1.979060471057892e-9 
 01/08  10:00:00,42925592.14105988,30126240.0,1184248.4744723844,11615103.666587502,10334410.288312575,0.0,13926240.0,2473796.3464333764,2473796.3464333764,18416117.060534403,-3.4924596548080444e-9 
 01/08  11:00:00,43345004.859709814,29494800.0,1366226.1108772524,12483978.748832555,11214924.586942453,0.0,13294800.0,0.0,0.0,19934742.394490045,-4.423782229423523e-9 
 01/08  12:00:00,41098922.76147446,26295840.0,1423232.8057543396,13379849.95572012,12064614.364951482,0.0,10095840.0,0.0,0.0,21657065.927227903,-2.561137080192566e-9 
 01/08  13:00:00,39041201.06031561,24701760.0,1326648.1104248157,13012792.949890794,11675532.973581333,0.0,8501760.0,0.0,0.0,21428545.814240642,-4.190951585769653e-9 
 01/08  14:00:00,42087096.4220123,25764480.0,1542616.5474194053,14779999.874592895,13397412.310810324,0.0,9564480.0,0.0,0.0,20402938.14663233,-4.656612873077393e-10 
 01/08  15:00:00,41504959.85833908,25027200.0,1603145.7766328836,14874614.081706196,13526962.603785738,0.0,10627200.0,0.0,0.0,20114738.934457682,-8.149072527885437e-9 
 01/08  16:00:00,38768603.57234838,23227200.0,1503843.9431025896,14037559.629245788,12721593.02190391,0.0,10627200.0,0.0,0.0,19708849.849572346,-2.3283064365386963e-9 
 01/08  17:00:00,34065596.02538003,20516400.0,1319916.5356929728,12229279.489687057,10947053.509622438,0.0,11516400.0,0.0,0.0,17433335.598774582,-5.3551048040390015e-9 
 01/08  18:00:00,45919288.87973471,32734800.0,1316376.9571951833,11868111.922539525,10610559.961576125,0.0,23734800.0,0.0,0.0,12337205.01988037,-3.958120942115784e-9 
 01/08  19:00:00,32978030.680884995,21600000.0,1136544.5956399357,10241486.08524506,8984602.369534228,0.0,16200000.0,5222634.247503383,5222634.247503383,0.0,1.3969838619232178e-9 
 01/08  20:00:00,21956276.474424668,10800000.0,1136544.5956399357,10019731.878784727,8842321.54871572,0.0,5400000.0,5143775.109266568,5143775.109266568,0.0,-3.6088749766349792e-9 
 01/08  21:00:00,6896544.595639936,5760000.0,1136544.5956399357,0.0,0.0,0.0,5400000.0,0.0,0.0,0.0,-2.9103830456733704e-9 
 01/08  22:00:00,2846544.5956399357,1710000.0,1136544.5956399357,0.0,0.0,0.0,1350000.0,0.0,0.0,0.0,-2.444721758365631e-9 
 01/08  23:00:00,2846544.5956399357,1710000.0,1136544.5956399357,0.0,0.0,0.0,1350000.0,0.0,0.0,0.0,-2.561137080192566e-9 
 01/08  24:00:00,2846544.5956399357,1710000.0,1136544.5956399357,0.0,0.0,0.0,1350000.0,0.0,0.0,0.0,5.820766091346741e-10 
 01/09  01:00:00,2846544.5956399357,1710000.0,1136544.5956399357,0.0,0.0,0.0,1350000.0,0.0,0.0,0.0,-8.731149137020111e-10 
 01/09  02:00:00,2846544.5956399357,1710000.0,1136544.5956399357,0.0,0.0,0.0,1350000.0,0.0,0.0,0.0,-1.1641532182693481e-9 
 01/09  03:00:00,2846544.5956399357,1710000.0,1136544.5956399357,0.0,0.0,0.0,1350000.0,0.0,0.0,0.0,-5.820766091346741e-10 
 01/09  04:00:00,2846544.5956399357,1710000.0,1136544.5956399357,0.0,0.0,0.0,1350000.0,0.0,0.0,0.0,-3.6670826375484467e-9 
 01/09  05:00:00,2846544.5956399357,1710000.0,1136544.5956399357,0.0,0.0,0.0,1350000.0,0.0,0.0,0.0,-1.7462298274040222e-9 
 01/09  06:00:00,2846544.5956399357,1710000.0,1136544.5956399357,0.0,0.0,0.0,1350000.0,0.0,0.0,0.0,-8.149072527885437e-10 
 01/09  07:00:00,12672968.71688772,1710000.0,1136544.5956399357,9826424.121247785,8740479.357043257,0.0,1350000.0,5019861.356638501,5019861.356638501,225175.47281649552,-2.3865140974521637e-9 
 01/09  08:00:00,13477001.554041117,1686240.0,1136544.5956399357,10654216.95840118,9479041.159356106,0.0,1326240.0,5021800.734629955,5021800.734629955,4194055.271256754,-9.022187441587448e-10 
 01/09  09:00:00,37060030.47964784,24504840.0,1139509.1578690638,11415681.321778769,10145030.742624402,0.0,17304840.0,4855565.196803833,4855565.196803833,16890082.178549103,-1.0477378964424133e-9 
 01/09  10:00:00,43977841.589031145,30577680.0,1220168.0341593353,12179993.554871812,10839998.986585224,0.0,14377680.0,1123504.4578058126,1123504.4578058126,24058356.311236836,-2.9103830456733704e-9 
 01/09  11:00:00,41806311.1604882,26827200.0,1415226.4492075497,13563884.711280657,12211393.938607274,0.0,10627200.0,0.0,0.0,24580448.42666611,-2.561137080192566e-9 
 01/09  12:00:00,42294479.7918299,26295840.0,1533936.0584464555,14464703.73338344,13118236.304479793,0.0,10095840.0,0.0,0.0,23941061.812293768,-4.6566128730773926e-9 
 01/09  13:00:00,39738645.506088376,24701760.0,1400693.4428516922,13636192.063236684,12317365.135901159,0.0,8501760.0,0.0,0.0,22087889.872139994,-5.122274160385132e-9 
 01/09  14:00:00,41855372.82926155,25764480.0,1599474.9986421256,14491417.830619423,13197678.33245939,0.0,9564480.0,0.0,0.0,20181868.749112207,-4.889443516731262e-9 
 01/09  15:00:00,41015845.78678158,25027200.0,1626742.422516061,14361903.364265516,13097604.102939669,0.0,10627200.0,0.0,0.0,19547763.398239236,-4.423782229423523e-9 
 01/09  16:00:00,38419812.88583907,23227200.0,1496780.9792980666,13695831.906541001,12423502.797062915,0.0,10627200.0,0.0,0.0,18205926.645996757,-5.122274160385132e-9 
 01/09  17:00:00,39222104.02782369,25851600.0,1288529.8934999884,12081974.134323694,10785868.209178077,0.0,16851600.0,0.0,0.0,8935725.550656617,-2.7939677238464355e-9 
 01/09  18:00:00,48835133.75090753,36000000.0,1248103.1914621466,11587030.559445383,10279071.76340625,0.0,27000000.0,0.0,0.0,2482747.5061375457,-9.313225746154785e-10 
 01/09  19:00:00,33600395.14088547,21600000.0,1136544.5956399357,10863850.545245538,9529326.471879436,0.0,16200000.0,5274918.142327915,5274918.142327915,0.0,-4.6566128730773926e-9 
 01/09  20:00:00,22316739.89690198,10800000.0,1136544.5956399357,10380195.301262043,9158878.444529705,0.0,5400000.0,5164092.14121964,5164092.14121964,0.0,-3.958120942115784e-9 
 01/09  21:00:00,6896544.595639936,5760000.0,1136544.5956399357,0.0,0.0,0.0,5400000.0,0.0,0.0,0.0,-3.026798367500305e-9 
 01/09  22:00:00,2846544.5956399357,1710000.0,1136544.5956399357,0.0,0.0,0.0,1350000.0,0.0,0.0,0.0,-5.704350769519806e-9 
 01/09  23:00:00,2846544.5956399357,1710000.0,1136544.5956399357,0.0,0.0,0.0,1350000.0,0.0,0.0,0.0,-2.2118911147117615e-9 
 01/09  24:00:00,2846544.5956399357,1710000.0,1136544.5956399357,0.0,0.0,0.0,1350000.0,0.0,0.0,0.0,-5.820766091346741e-11 
 01/10  01:00:00,2846544.5956399357,1710000.0,1136544.5956399357,0.0,0.0,0.0,1350000.0,0.0,0.0,0.0,-4.0745362639427185e-9 
 01/10  02:00:00,2846544.5956399357,1710000.0,1136544.5956399357,0.0,0.0,0.0,1350000.0,0.0,0.0,0.0,1.1641532182693481e-10 
 01/10  03:00:00,2846544.5956399357,1710000.0,1136544.5956399357,0.0,0.0,0.0,1350000.0,0.0,0.0,0.0,-1.57160684466362e-9 
 01/10  04:00:00,2846544.5956399357,1710000.0,1136544.5956399357,0.0,0.0,0.0,1350000.0,0.0,0.0,0.0,-1.9208528101444244e-9 
 01/10  05:00:00,2846544.5956399357,1710000.0,1136544.5956399357,0.0,0.0,0.0,1350000.0,0.0,0.0,0.0,-2.473825588822365e-9 
 01/10  06:00:00,2846544.5956399357,1710000.0,1136544.5956399357,0.0,0.0,0.0,1350000.0,0.0,0.0,0.0,-3.1141098588705063e-9 
 01/10  07:00:00,11826490.37070339,1710000.0,1136544.5956399357,8979945.775063455,7990962.5124394195,0.0,1350000.0,5039529.30818282,5039529.30818282,189658.9958724623,2.9103830456733704e-10 
 01/10  08:00:00,12649512.566720862,1686240.0,1136544.5956399357,9826727.971080925,8746228.034177829,0.0,1326240.0,5034958.687006754,5034958.687006754,4152875.718601281,-7.275957614183426e-11 
 01/10  09:00:00,36541723.780658245,24504840.0,1138888.8546364915,10897994.926021751,9686660.032385364,0.0,17304840.0,4891648.408431082,4891648.408431082,17205092.269238487,-2.0372681319713593e-9 
 01/10  10:00:00,43014112.74056033,30126240.0,1207104.5200250866,11680768.220535237,10392735.762765286,0.0,13926240.0,1438894.5506304458,1438894.5506304458,23735564.722321276,-9.546056389808655e-9 
 01/10  11:00:00,42235790.70526579,27716400.0,1394876.3447273273,13124514.360538466,11808672.867115786,0.0,11516400.0,0.0,0.0,25348968.581417993,-4.889443516731262e-9 
 01/10  12:00:00,41705319.23345073,26295840.0,1515796.1598278407,13893683.073622892,12605557.654765693,0.0,10095840.0,0.0,0.0,23375959.09746603,-6.984919309616089e-10 
 01/10  13:00:00,39450680.42637204,24701760.0,1407301.4540625482,13341618.972309489,12071654.154132297,0.0,8501760.0,0.0,0.0,20748338.951973215,-3.958120942115784e-9 
 01/10  14:00:00,41625504.35194519,25764480.0,1635965.8749735293,14225058.47697166,12996990.462006548,0.0,9564480.0,0.0,0.0,19811320.592264593,-2.561137080192566e-9 
 01/10  15:00:00,40548323.7460023,25027200.0,1626429.702130955,13894694.043871354,12704405.844249448,0.0,10627200.0,0.0,0.0,16627738.797647882,-3.725290298461914e-9 
 01/10  16:00:00,37667061.45703697,23227200.0,1517832.06863272,12922029.388404254,11773976.138294933,0.0,10627200.0,0.0,0.0,18775885.632312324,-2.7939677238464355e-9 
 01/10  17:00:00,39024490.64114612,26802000.0,1290077.6559970707,10932412.985149048,9798917.805282839,0.0,17802000.0,0.0,0.0,7388264.259241555,-2.7939677238464355e-9 
 01/10  18:00:00,46068919.5800047,34574400.0,1268358.5879172427,10226160.992087461,9120139.136446062,0.0,25574400.0,0.0,0.0,6513076.204261258,0.0 
 01/10  19:00:00,32010501.890510324,21600000.0,1136544.5956399357,9273957.29487039,8141110.484382396,0.0,16200000.0,5294126.286129316,5294126.286129316,0.0,-3.4924596548080444e-9 
 01/10  20:00:00,20938876.285765894,10800000.0,1136544.5956399357,9002331.690125957,7943143.599465965,0.0,5400000.0,5170814.586421331,5170814.586421331,0.0,-3.4924596548080444e-10 
 01/10  21:00:00,6896544.595639936,5760000.0,1136544.5956399357,0.0,0.0,0.0,5400000.0,0.0,0.0,0.0,-2.2118911147117615e-9 
 01/10  22:00:00,2846544.5956399357,1710000.0,1136544.5956399357,0.0,0.0,0.0,1350000.0,0.0,0.0,0.0,-2.3283064365386963e-9 
 01/10  23:00:00,2846544.5956399357,1710000.0,1136544.5956399357,0.0,0.0,0.0,1350000.0,0.0,0.0,0.0,-1.8044374883174896e-9 
 01/10  24:00:00,2846544.5956399357,1710000.0,1136544.5956399357,0.0,0.0,0.0,1350000.0,0.0,0.0,0.0,-2.0954757928848267e-9 
 01/11  01:00:00,2846544.5956399357,1710000.0,1136544.5956399357,0.0,0.0,0.0,1350000.0,0.0,0.0,0.0,-2.735760062932968e-9 
 01/11  02:00:00,2846544.5956399357,1710000.0,1136544.5956399357,0.0,0.0,0.0,1350000.0,0.0,0.0,0.0,0.0 
 01/11  03:00:00,2846544.5956399357,1710000.0,1136544.5956399357,0.0,0.0,0.0,1350000.0,0.0,0.0,0.0,6.984919309616089e-10 
 01/11  04:00:00,2846544.5956399357,1710000.0,1136544.5956399357,0.0,0.0,0.0,1350000.0,0.0,0.0,0.0,-5.820766091346741e-11 
 01/11  05:00:00,2846544.5956399357,1710000.0,1136544.5956399357,0.0,0.0,0.0,1350000.0,0.0,0.0,0.0,-2.066371962428093e-9 
 01/11  06:00:00,2846544.5956399357,1710000.0,1136544.5956399357,0.0,0.0,0.0,1350000.0,0.0,0.0,0.0,-1.57160684466362e-9 
 01/11  07:00:00,11448383.208162596,1710000.0,1136544.5956399357,8601838.612522662,7653828.377611121,0.0,1350000.0,5028517.874110822,5028517.874110822,0.0,-1.382431946694851e-9 
 01/11  08:00:00,12602987.39730059,1686240.0,1136544.5956399357,9780202.801660653,8698663.758557234,0.0,1326240.0,4989893.78302512,4989893.78302512,3050045.960442612,1.0186340659856796e-10 
 01/11  09:00:00,37624622.28172955,25305120.0,1136544.5956399357,11182957.686089614,9929858.396249417,0.0,18105120.0,4982985.937888859,4982985.937888859,14597434.559014164,-3.259629011154175e-9 
 01/11  10:00:00,44796350.29820116,31422420.0,1170536.923899347,12203393.37430181,10839339.386161696,0.0,15222420.0,3036598.2732480443,3036598.2732480443,17961359.345766433,0.0 
 01/11  11:00:00,43338596.25189917,28605600.0,1366489.9592242283,13366506.29267494,11994836.82622352,0.0,12405600.0,0.0,0.0,25380618.789530195,-4.423782229423523e-9 
 01/11  12:00:00,41516349.65685967,26295840.0,1469920.2264039086,13750589.430455757,12442760.469137143,0.0,10095840.0,0.0,0.0,23588475.416119035,-3.725290298461914e-9 
 01/11  13:00:00,38727056.54621325,24701760.0,1372222.3488979654,12653074.19731528,11425105.309528325,0.0,8501760.0,0.0,0.0,20680195.601554602,-1.1641532182693481e-9 
 01/11  14:00:00,40451718.19399695,25764480.0,1560962.0934349531,13126276.100561997,11964723.429586137,0.0,9564480.0,0.0,0.0,18717647.2931612,-5.587935447692871e-9 
 01/11  15:00:00,39697678.94075152,25027200.0,1599047.3609138317,13071431.579837693,11938202.373428162,0.0,10627200.0,0.0,0.0,18465038.42839476,-5.587935447692871e-9 
 01/11  16:00:00,37754135.40889433,24116400.0,1442132.889103902,12195602.51979042,11061358.611807343,0.0,11516400.0,0.0,0.0,14395767.739851685,-2.7939677238464355e-9 
 01/11  17:00:00,36470952.13758703,24073200.0,1287239.7250756202,11110512.412511412,9954617.033864865,0.0,15073200.0,0.0,0.0,11704625.220497712,-4.6566128730773926e-9 
 01/11  18:00:00,47513026.866453916,35524800.0,1242140.9410787057,10746085.925375218,9546254.331220355,0.0,26524800.0,0.0,0.0,1456260.0548072604,-3.4924596548080444e-9 
 01/11  19:00:00,32723638.045143988,21600000.0,1136544.5956399357,9987093.449504051,8770787.262681514,0.0,16200000.0,5279414.311301731,5279414.311301731,0.0,-3.259629011154175e-9 
 01/11  20:00:00,21215974.384238034,10800000.0,1136544.5956399357,9279429.7885981,8190428.1529947985,0.0,5400000.0,5165400.118150684,5165400.118150684,0.0,-2.0954757928848267e-9 
 01/11  21:00:00,6896544.595639936,5760000.0,1136544.5956399357,0.0,0.0,0.0,5400000.0,0.0,0.0,0.0,-6.984919309616089e-10 
 01/11  22:00:00,2846544.5956399357,1710000.0,1136544.5956399357,0.0,0.0,0.0,1350000.0,0.0,0.0,0.0,-1.5133991837501526e-9 
 01/11  23:00:00,2846544.5956399357,1710000.0,1136544.5956399357,0.0,0.0,0.0,1350000.0,0.0,0.0,0.0,-3.6670826375484467e-9 
 01/11  24:00:00,2846544.5956399357,1710000.0,1136544.5956399357,0.0,0.0,0.0,1350000.0,0.0,0.0,0.0,-1.9208528101444244e-9 
 01/12  01:00:00,6086544.595639936,4950000.0,1136544.5956399357,0.0,0.0,0.0,1350000.0,0.0,0.0,0.0,-1.0477378964424133e-9 
 01/12  02:00:00,6086544.595639936,4950000.0,1136544.5956399357,0.0,0.0,0.0,1350000.0,0.0,0.0,0.0,9.89530235528946e-10 
 01/12  03:00:00,6086544.595639936,4950000.0,1136544.5956399357,0.0,0.0,0.0,1350000.0,0.0,0.0,0.0,-2.7939677238464355e-9 
 01/12  04:00:00,6086544.595639936,4950000.0,1136544.5956399357,0.0,0.0,0.0,1350000.0,0.0,0.0,0.0,-8.149072527885437e-10 
 01/12  05:00:00,6086544.595639936,4950000.0,1136544.5956399357,0.0,0.0,0.0,1350000.0,0.0,0.0,0.0,-1.3969838619232178e-9 
 01/12  06:00:00,6086544.595639936,4950000.0,1136544.5956399357,0.0,0.0,0.0,1350000.0,0.0,0.0,0.0,-6.984919309616089e-10 
 01/12  07:00:00,6086544.595639936,4950000.0,1136544.5956399357,0.0,0.0,0.0,1350000.0,0.0,0.0,95403.26265463323,6.402842700481415e-10 
 01/12  08:00:00,6062784.595639936,4926240.0,1136544.5956399357,0.0,0.0,0.0,1326240.0,0.0,0.0,4024727.529763304,9.313225746154785e-10 
 01/12  09:00:00,5789904.595639936,4653360.0,1136544.595639936,0.0,0.0,0.0,1053360.0,0.0,0.0,20559875.093691826,9.89530235528946e-10 
 01/12  10:00:00,5881884.595639936,4745340.0,1136544.5956399357,0.0,0.0,0.0,1145340.0,0.0,0.0,33295157.265338767,9.313225746154785e-10 
 01/12  11:00:00,5586519.742706692,4448700.0,1137819.7427066923,0.0,0.0,0.0,848700.0,0.0,0.0,27590750.0938511,9.89530235528946e-10 
 01/12  12:00:00,5451687.514101102,4312260.0,1139427.5141011016,0.0,0.0,0.0,712260.0,0.0,0.0,22983909.778110206,-5.9371814131736755e-9 
 01/12  13:00:00,5267904.595639936,4131360.0,1136544.5956399357,0.0,0.0,0.0,531360.0,0.0,0.0,19141479.64177629,-2.3283064365386963e-9 
 01/12  14:00:00,5267904.595639936,4131360.0,1136544.5956399357,0.0,0.0,0.0,531360.0,0.0,0.0,20380001.261479788,-1.862645149230957e-9 
 01/12  15:00:00,5267904.595639936,4131360.0,1136544.5956399357,0.0,0.0,0.0,531360.0,0.0,0.0,19232056.611482494,-3.259629011154175e-9 
 01/12  16:00:00,5267904.595639936,4131360.0,1136544.5956399357,0.0,0.0,0.0,531360.0,0.0,0.0,20549757.863728005,-1.6298145055770874e-9 
 01/12  17:00:00,5401284.595639936,4264740.0,1136544.5956399357,0.0,0.0,0.0,664740.0,0.0,0.0,14278712.120403823,-3.725290298461914e-9 
 01/12  18:00:00,5810604.595639936,4674060.0,1136544.5956399357,0.0,0.0,0.0,1074060.0,0.0,0.0,14846739.341517791,-4.6566128730773926e-9 
 01/12  19:00:00,6086544.595639936,4950000.0,1136544.5956399357,0.0,0.0,0.0,1350000.0,0.0,0.0,0.0,-3.14321368932724e-9 
 01/12  20:00:00,6086544.595639936,4950000.0,1136544.5956399357,0.0,0.0,0.0,1350000.0,0.0,0.0,0.0,1.1641532182693481e-10 
 01/12  21:00:00,6086544.595639936,4950000.0,1136544.5956399357,0.0,0.0,0.0,1350000.0,0.0,0.0,0.0,-2.561137080192566e-9 
 01/12  22:00:00,6086544.595639936,4950000.0,1136544.5956399357,0.0,0.0,0.0,1350000.0,0.0,0.0,0.0,-1.1641532182693481e-10 
 01/12  23:00:00,6086544.595639936,4950000.0,1136544.5956399357,0.0,0.0,0.0,1350000.0,0.0,0.0,0.0,-1.0477378964424133e-9 
 01/12  24:00:00,6086544.595639936,4950000.0,1136544.5956399357,0.0,0.0,0.0,1350000.0,0.0,0.0,0.0,-6.984919309616089e-10 
 01/13  01:00:00,6086544.595639936,4950000.0,1136544.5956399357,0.0,0.0,0.0,1350000.0,0.0,0.0,0.0,-2.0954757928848267e-9 
 01/13  02:00:00,6086544.595639936,4950000.0,1136544.5956399357,0.0,0.0,0.0,1350000.0,0.0,0.0,0.0,1.1641532182693481e-9 
 01/13  03:00:00,6086544.595639936,4950000.0,1136544.5956399357,0.0,0.0,0.0,1350000.0,0.0,0.0,0.0,1.2223608791828156e-9 
 01/13  04:00:00,6086544.595639936,4950000.0,1136544.5956399357,0.0,0.0,0.0,1350000.0,0.0,0.0,0.0,-4.48198989033699e-9 
 01/13  05:00:00,6086544.595639936,4950000.0,1136544.5956399357,0.0,0.0,0.0,1350000.0,0.0,0.0,0.0,-8.149072527885437e-10 
 01/13  06:00:00,6086544.595639936,4950000.0,1136544.5956399357,0.0,0.0,0.0,1350000.0,0.0,0.0,0.0,-5.238689482212067e-10 
 01/13  07:00:00,6086544.595639936,4950000.0,1136544.5956399357,0.0,0.0,0.0,1350000.0,0.0,0.0,254272.21250563342,4.656612873077393e-10 
 01/13  08:00:00,6062784.595639936,4926240.0,1136544.5956399357,0.0,0.0,0.0,1326240.0,0.0,0.0,5313644.714033738,-2.9103830456733704e-9 
 01/13  09:00:00,5766144.595639936,4629600.0,1136544.595639936,0.0,0.0,0.0,1029600.0,0.0,0.0,20710944.951847546,-5.704350769519806e-9 
 01/13  10:00:00,5540784.595639936,4404240.0,1136544.5956399357,0.0,0.0,0.0,804240.0,0.0,0.0,25679073.358189367,-1.280568540096283e-9 
 01/13  11:00:00,5540784.595639936,4404240.0,1136544.5956399357,0.0,0.0,0.0,804240.0,0.0,0.0,26838165.295377824,-2.6193447411060333e-9 
 01/13  12:00:00,5448804.595639936,4312260.0,1136544.5956399357,0.0,0.0,0.0,712260.0,0.0,0.0,23671330.99180667,-1.7462298274040222e-9 
 01/13  13:00:00,5267904.595639936,4131360.0,1136544.5956399357,0.0,0.0,0.0,531360.0,0.0,0.0,20121316.1716384,0.0 
 01/13  14:00:00,5267904.595639936,4131360.0,1136544.5956399357,0.0,0.0,0.0,531360.0,0.0,0.0,17764638.98478645,-2.561137080192566e-9 
 01/13  15:00:00,5267904.595639936,4131360.0,1136544.5956399357,0.0,0.0,0.0,531360.0,0.0,0.0,16419514.213570874,-6.51925802230835e-9 
 01/13  16:00:00,5312364.595639936,4175820.0,1136544.5956399357,0.0,0.0,0.0,575820.0,0.0,0.0,14698208.405434657,-2.0954757928848267e-9 
 01/13  17:00:00,5534664.595639936,4398120.0,1136544.5956399357,0.0,0.0,0.0,798120.0,0.0,0.0,9631007.06619312,-3.4924596548080444e-9 
 01/13  18:00:00,6062784.595639936,4926240.0,1136544.5956399357,0.0,0.0,0.0,1326240.0,0.0,0.0,1391448.9105920428,-2.3283064365386963e-9 
 01/13  19:00:00,6086544.595639936,4950000.0,1136544.5956399357,0.0,0.0,0.0,1350000.0,0.0,0.0,0.0,-5.820766091346741e-9 
 01/13  20:00:00,6086544.595639936,4950000.0,1136544.5956399357,0.0,0.0,0.0,1350000.0,0.0,0.0,0.0,-5.820766091346741e-10 
 01/13  21:00:00,6086544.595639936,4950000.0,1136544.5956399357,0.0,0.0,0.0,1350000.0,0.0,0.0,0.0,-5.820766091346741e-10 
 01/13  22:00:00,6086544.595639936,4950000.0,1136544.5956399357,0.0,0.0,0.0,1350000.0,0.0,0.0,0.0,-2.0954757928848267e-9 
 01/13  23:00:00,6086544.595639936,4950000.0,1136544.5956399357,0.0,0.0,0.0,1350000.0,0.0,0.0,0.0,-2.9103830456733704e-9 
 01/13  24:00:00,6086544.595639936,4950000.0,1136544.5956399357,0.0,0.0,0.0,1350000.0,0.0,0.0,0.0,8.731149137020111e-10 
 01/14  01:00:00,2846544.5956399357,1710000.0,1136544.5956399357,0.0,0.0,0.0,1350000.0,0.0,0.0,0.0,1.8044374883174896e-9 
 01/14  02:00:00,2846544.5956399357,1710000.0,1136544.5956399357,0.0,0.0,0.0,1350000.0,0.0,0.0,0.0,-4.656612873077393e-10 
 01/14  03:00:00,2846544.5956399357,1710000.0,1136544.5956399357,0.0,0.0,0.0,1350000.0,0.0,0.0,0.0,2.3283064365386963e-10 
 01/14  04:00:00,2846544.5956399357,1710000.0,1136544.5956399357,0.0,0.0,0.0,1350000.0,0.0,0.0,0.0,2.8230715543031693e-9 
 01/14  05:00:00,2846544.5956399357,1710000.0,1136544.5956399357,0.0,0.0,0.0,1350000.0,0.0,0.0,0.0,8.731149137020111e-10 
 01/14  06:00:00,2846544.5956399357,1710000.0,1136544.5956399357,0.0,0.0,0.0,1350000.0,0.0,0.0,0.0,6.402842700481415e-10 
 01/14  07:00:00,9203081.594230687,1710000.0,1136544.5956399357,6356536.998590752,5674968.654454863,0.0,1350000.0,5076922.081930364,5076922.081930364,0.0,-3.550667315721512e-9 
 01/14  08:00:00,10356974.134947624,1710000.0,1136544.5956399357,7510429.539307688,6708728.923763204,0.0,1350000.0,3581104.369493152,3581104.369493152,2750606.827071711,3.863533493131399e-9 
 01/14  09:00:00,36009084.73556346,25732800.0,1136544.5956399357,9139740.139923524,8137023.12829921,0.0,18532800.0,5834356.492823491,5834356.492823491,16192655.035617698,-1.57160684466362e-9 
 01/14  10:00:00,46719511.88378324,34859520.0,1204903.7165357573,10655088.167247484,9487714.119587997,0.0,18659520.0,1832693.7880378452,1832693.7880378452,26872438.24073517,-4.307366907596588e-9 
 01/14  11:00:00,49840720.90651902,35841600.0,1427649.2709857463,12571471.635533268,11340904.380706528,0.0,19641600.0,0.0,0.0,27288290.274998114,-7.683411240577698e-9 
 01/14  12:00:00,46459944.69124616,31422420.0,1588080.5969906526,13449444.094255507,12283997.886088876,0.0,15222420.0,0.0,0.0,24135005.347173482,-2.3283064365386963e-9 
 01/14  13:00:00,38325385.956765234,24701760.0,1502986.6471373253,12120639.30962791,11096809.519039921,0.0,8501760.0,0.0,0.0,22226517.605215654,-7.2177499532699585e-9 
 01/14  14:00:00,39738445.5319141,25764480.0,1755198.5984305248,12218766.93348357,11317091.547861934,0.0,9564480.0,0.0,0.0,18778558.853224292,-2.561137080192566e-9 
 01/14  15:00:00,38747007.62581038,25027200.0,1813261.4001914542,11906546.225618925,11064514.294336895,0.0,10627200.0,0.0,0.0,18861978.637259133,-4.6566128730773926e-9 
 01/14  16:00:00,35890582.69251353,23227200.0,1618650.306606451,11044732.385907082,10194327.019750468,0.0,10627200.0,0.0,0.0,16792567.97655145,-3.259629011154175e-9 
 01/14  17:00:00,35269761.41727995,24073200.0,1360971.7936021616,9835589.623677788,8923864.436699405,0.0,15073200.0,0.0,0.0,11575357.524749542,-4.6566128730773926e-9 
 01/14  18:00:00,46161325.615969494,35524800.0,1276170.3417141042,9360355.274255384,8390748.191160463,0.0,26524800.0,0.0,0.0,1890233.1152723173,-4.6566128730773926e-9 
 01/14  19:00:00,31219714.07950598,21600000.0,1136544.5956399357,8483169.483866042,7431077.464975314,0.0,16200000.0,5563552.882449465,5563552.882449465,0.0,-2.561137080192566e-9 
 01/14  20:00:00,19820412.161181632,10800000.0,1136544.5956399357,7883867.565541698,6933590.6053809505,0.0,5400000.0,5290675.405548903,5290675.405548903,0.0,-1.7462298274040222e-9 
 01/14  21:00:00,6896544.595639936,5760000.0,1136544.5956399357,0.0,0.0,0.0,5400000.0,0.0,0.0,0.0,-2.3283064365386963e-9 
 01/14  22:00:00,2846544.5956399357,1710000.0,1136544.5956399357,0.0,0.0,0.0,1350000.0,0.0,0.0,0.0,-4.0745362639427185e-9 
 01/14  23:00:00,2846544.5956399357,1710000.0,1136544.5956399357,0.0,0.0,0.0,1350000.0,0.0,0.0,0.0,-1.3969838619232178e-9 
 01/14  24:00:00,2846544.5956399357,1710000.0,1136544.5956399357,0.0,0.0,0.0,1350000.0,0.0,0.0,0.0,-5.238689482212067e-10 
 01/15  01:00:00,2846544.5956399357,1710000.0,1136544.5956399357,0.0,0.0,0.0,1350000.0,0.0,0.0,0.0,-1.57160684466362e-9 
 01/15  02:00:00,2846544.5956399357,1710000.0,1136544.5956399357,0.0,0.0,0.0,1350000.0,0.0,0.0,0.0,-2.561137080192566e-9 
 01/15  03:00:00,2846544.5956399357,1710000.0,1136544.5956399357,0.0,0.0,0.0,1350000.0,0.0,0.0,0.0,-3.0850060284137726e-9 
 01/15  04:00:00,2846544.5956399357,1710000.0,1136544.5956399357,0.0,0.0,0.0,1350000.0,0.0,0.0,0.0,-1.8335413187742233e-9 
 01/15  05:00:00,2846544.5956399357,1710000.0,1136544.5956399357,0.0,0.0,0.0,1350000.0,0.0,0.0,0.0,5.820766091346741e-11 
 01/15  06:00:00,2846544.5956399357,1710000.0,1136544.5956399357,0.0,0.0,0.0,1350000.0,0.0,0.0,0.0,2.648448571562767e-9 
 01/15  07:00:00,8998117.424421867,1710000.0,1136544.5956399357,6151572.828781931,5499399.892192813,0.0,1350000.0,5162586.16541925,5162586.16541925,0.0,-4.001776687800884e-10 
 01/15  08:00:00,10021601.586927552,1686240.0,1136544.5956399357,7198816.991287617,6430052.700196326,0.0,1326240.0,3619534.6336887227,3619534.6336887227,3927610.528790866,6.984919309616089e-10 
 01/15  09:00:00,35618675.4716917,25732800.0,1141348.476541253,8744526.995150443,7789578.809314782,0.0,18532800.0,5593284.9188884795,5593284.9188884795,20012764.233805493,-2.5029294192790985e-9 
 01/15  10:00:00,43578536.9828371,32325300.0,1209475.7186058853,10043761.264231224,8948165.129059318,0.0,16125300.0,1558290.422359018,1558290.422359018,26564088.069623217,-5.122274160385132e-9 
 01/15  11:00:00,42771959.34327924,29556000.0,1368800.7821069725,11847158.561172267,10658731.21813856,0.0,13356000.0,0.0,0.0,26601728.25918782,-5.587935447692871e-9 
 01/15  12:00:00,40934538.984590665,26295840.0,1519665.8426698032,13119033.141920857,11929459.254697822,0.0,10095840.0,0.0,0.0,23553106.93615015,-4.423782229423523e-9 
 01/15  13:00:00,38448480.56365385,24701760.0,1421327.689408405,12325392.874245446,11197898.934286667,0.0,8501760.0,0.0,0.0,20287734.338741563,-4.6566128730773926e-9 
 01/15  14:00:00,40222436.872196466,25764480.0,1674240.8277774537,12783716.044419011,11750098.995837774,0.0,9564480.0,0.0,0.0,20337805.19289223,-5.587935447692871e-9 
 01/15  15:00:00,39310129.46707286,25027200.0,1765940.7025821514,12516988.764490701,11558331.020524986,0.0,10627200.0,0.0,0.0,21133178.394428376,-4.6566128730773926e-9 
 01/15  16:00:00,36061621.975224756,23227200.0,1605688.6696902288,11228733.305534523,10326255.5479493,0.0,10627200.0,0.0,0.0,18903307.49480193,-2.561137080192566e-9 
 01/15  17:00:00,37319701.21641441,26740800.0,1333755.7448939853,9245145.47152042,8360844.834205648,0.0,17740800.0,0.0,0.0,9098359.099682026,-5.820766091346741e-9 
 01/15  18:00:00,45652764.079933606,36000000.0,1258327.9221710907,8394436.157762516,7502162.638869595,0.0,27000000.0,0.0,0.0,1899455.137897658,-6.984919309616089e-9 
 01/15  19:00:00,30533809.610246778,21600000.0,1136544.5956399357,7797265.014606838,6824135.854925578,0.0,16200000.0,5631096.282202209,5631096.282202209,0.0,-5.122274160385132e-9 
 01/15  20:00:00,19749507.33992153,10800000.0,1136544.5956399357,7812962.744281596,6873290.034851458,0.0,5400000.0,5318045.605273172,5318045.605273172,0.0,-1.1641532182693481e-9 
 01/15  21:00:00,6896544.595639936,5760000.0,1136544.5956399357,0.0,0.0,0.0,5400000.0,0.0,0.0,0.0,-1.979060471057892e-9 
 01/15  22:00:00,2846544.5956399357,1710000.0,1136544.5956399357,0.0,0.0,0.0,1350000.0,0.0,0.0,0.0,-4.889443516731262e-9 
 01/15  23:00:00,2846544.5956399357,1710000.0,1136544.5956399357,0.0,0.0,0.0,1350000.0,0.0,0.0,0.0,-1.4551915228366852e-9 
 01/15  24:00:00,2846544.5956399357,1710000.0,1136544.5956399357,0.0,0.0,0.0,1350000.0,0.0,0.0,0.0,-1.0477378964424133e-9 
 01/16  01:00:00,2846544.5956399357,1710000.0,1136544.5956399357,0.0,0.0,0.0,1350000.0,0.0,0.0,0.0,-2.3865140974521637e-9 
 01/16  02:00:00,2846544.5956399357,1710000.0,1136544.5956399357,0.0,0.0,0.0,1350000.0,0.0,0.0,0.0,-2.3865140974521637e-9 
 01/16  03:00:00,2846544.5956399357,1710000.0,1136544.5956399357,0.0,0.0,0.0,1350000.0,0.0,0.0,0.0,1.979060471057892e-9 
 01/16  04:00:00,2846544.5956399357,1710000.0,1136544.5956399357,0.0,0.0,0.0,1350000.0,0.0,0.0,0.0,-9.604264050722122e-10 
 01/16  05:00:00,2846544.5956399357,1710000.0,1136544.5956399357,0.0,0.0,0.0,1350000.0,0.0,0.0,0.0,-4.831235855817795e-9 
 01/16  06:00:00,2846544.5956399357,1710000.0,1136544.5956399357,0.0,0.0,0.0,1350000.0,0.0,0.0,0.0,1.0477378964424133e-9 
 01/16  07:00:00,9387284.71091541,1710000.0,1136544.5956399357,6540740.115275475,5841803.988182536,0.0,1350000.0,5155883.309197274,5155883.309197274,40244.89095488642,2.582964953035116e-9 
 01/16  08:00:00,10587872.557831587,1686240.0,1136544.5956399357,7765087.962191652,6927395.501666448,0.0,1326240.0,5063878.956943993,5063878.956943993,3678406.2479988607,2.7212081477046013e-9 
 01/16  09:00:00,35381003.155245796,24504840.0,1137058.668033655,9739104.487212142,8659237.71268739,0.0,17304840.0,4980663.891711364,4980663.891711364,17392704.86888947,-2.3865140974521637e-9 
 01/16  10:00:00,43951764.29396112,31480560.0,1196204.3510583201,11274999.942902798,10025840.591781499,0.0,15280560.0,1966636.931361483,1966636.931361483,24476550.62986683,-3.026798367500305e-9 
 01/16  11:00:00,46226544.65471324,31809600.0,1369388.3596576066,13047556.29505564,11710277.764582073,0.0,15609600.0,0.0,0.0,26698472.60450019,-3.026798367500305e-9 
 01/16  12:00:00,42406467.33979627,27140580.0,1478457.5487186997,13787429.791077564,12485721.368355365,0.0,10940580.0,0.0,0.0,23710426.86350415,-7.450580596923828e-9 
 01/16  13:00:00,39226285.35453002,24701760.0,1404488.2343078332,13120037.120222192,11874818.412306815,0.0,8501760.0,0.0,0.0,20564434.796338588,-3.4924596548080444e-9 
 01/16  14:00:00,40757855.66047262,25764480.0,1627973.9491610494,13365401.711311566,12227393.797924625,0.0,9564480.0,0.0,0.0,19428181.386312038,-2.3283064365386963e-9 
 01/16  15:00:00,39582150.41832113,25027200.0,1656055.3584620107,12898895.059859127,11831416.249538604,0.0,10627200.0,0.0,0.0,18273663.82842108,-3.026798367500305e-9 
 01/16  16:00:00,37677761.06016772,25005600.0,1462584.0367895276,11209577.023378197,10211509.485252399,0.0,12405600.0,0.0,0.0,12991120.339556469,-2.0954757928848267e-9 
 01/16  17:00:00,31406943.44532099,20516400.0,1308025.376231259,9582518.069089727,8630725.641168607,0.0,11516400.0,0.0,0.0,16808682.051079407,-7.2177499532699585e-9 
 01/16  18:00:00,43494976.94079901,33685200.0,1252639.9957327456,8557136.945066262,7625327.228619259,0.0,24685200.0,0.0,0.0,5178323.85955088,-5.122274160385132e-9 
 01/16  19:00:00,30499320.18359582,21600000.0,1136544.5956399357,7762775.587955884,6802404.914293721,0.0,16200000.0,5319000.388238972,5319000.388238972,0.0,-2.561137080192566e-9 
 01/16  20:00:00,19401547.088632837,10800000.0,1136544.5956399357,7465002.4929929,6577758.385031567,0.0,5400000.0,5180748.995395585,5180748.995395585,0.0,-1.862645149230957e-9 
 01/16  21:00:00,6896544.595639936,5760000.0,1136544.5956399357,0.0,0.0,0.0,5400000.0,0.0,0.0,0.0,-3.14321368932724e-9 
 01/16  22:00:00,2846544.5956399357,1710000.0,1136544.5956399357,0.0,0.0,0.0,1350000.0,0.0,0.0,0.0,-6.984919309616089e-10 
 01/16  23:00:00,2846544.5956399357,1710000.0,1136544.5956399357,0.0,0.0,0.0,1350000.0,0.0,0.0,0.0,-5.238689482212067e-10 
 01/16  24:00:00,2846544.5956399357,1710000.0,1136544.5956399357,0.0,0.0,0.0,1350000.0,0.0,0.0,0.0,-1.862645149230957e-9 
 01/17  01:00:00,2846544.5956399357,1710000.0,1136544.5956399357,0.0,0.0,0.0,1350000.0,0.0,0.0,0.0,-2.270098775625229e-9 
 01/17  02:00:00,2846544.5956399357,1710000.0,1136544.5956399357,0.0,0.0,0.0,1350000.0,0.0,0.0,0.0,-5.3551048040390015e-9 
 01/17  03:00:00,2846544.5956399357,1710000.0,1136544.5956399357,0.0,0.0,0.0,1350000.0,0.0,0.0,0.0,1.6298145055770874e-9 
 01/17  04:00:00,2846544.5956399357,1710000.0,1136544.5956399357,0.0,0.0,0.0,1350000.0,0.0,0.0,0.0,3.1723175197839737e-9 
 01/17  05:00:00,2846544.5956399357,1710000.0,1136544.5956399357,0.0,0.0,0.0,1350000.0,0.0,0.0,0.0,-1.2223608791828156e-9 
 01/17  06:00:00,2846544.5956399357,1710000.0,1136544.5956399357,0.0,0.0,0.0,1350000.0,0.0,0.0,0.0,2.3865140974521637e-9 
 01/17  07:00:00,9950390.554723997,1710000.0,1136544.5956399357,7103845.95908406,6338884.732451636,0.0,1350000.0,5078322.319361548,5078322.319361548,40244.6300484214,-7.275957614183426e-10 
 01/17  08:00:00,10789000.56893293,1686240.0,1136544.5956399357,7966215.973292995,7107899.7194754975,0.0,1326240.0,5064368.34096513,5064368.34096513,3885318.898087523,-2.786691766232252e-9 
 01/17  09:00:00,35065001.303379074,24504840.0,1140033.0095722945,9420128.293806776,8385804.059304686,0.0,17304840.0,4868133.496856164,4868133.496856164,19033584.706696294,-2.3283064365386963e-9 
 01/17  10:00:00,42604503.97780774,31029120.0,1205248.442481115,10370135.53532663,9236273.423805274,0.0,14829120.0,1543171.1833053767,1543171.1833053767,25007124.42426607,-4.423782229423523e-9 
 01/17  11:00:00,41906759.100463495,28605600.0,1359147.0323459303,11942012.068117566,10732427.102098955,0.0,12405600.0,0.0,0.0,26073544.318367578,-5.587935447692871e-9 
 01/17  12:00:00,40523100.587916225,26295840.0,1474765.4844956573,12752495.10342057,11560805.464135911,0.0,10095840.0,0.0,0.0,23669838.849694975,-3.026798367500305e-9 
 01/17  13:00:00,38339479.7314657,24701760.0,1388034.37353137,12249685.357934326,11077441.590591911,0.0,8501760.0,0.0,0.0,21160209.21792777,-2.561137080192566e-9 
 01/17  14:00:00,40498830.51634809,25764480.0,1607554.1252441541,13126796.391103934,11986074.420502812,0.0,9564480.0,0.0,0.0,20636810.62318939,-5.3551048040390015e-9 
 01/17  15:00:00,39918833.48329454,25027200.0,1637886.2054401136,13253747.277854433,12121573.010387272,0.0,10627200.0,0.0,0.0,19431391.95932746,-5.587935447692871e-9 
 01/17  16:00:00,36503326.8547204,23227200.0,1477050.9744101726,11799075.880310228,10735941.316322297,0.0,10627200.0,0.0,0.0,16444317.578124631,-1.6298145055770874e-9 
 01/17  17:00:00,32000692.352922708,20516400.0,1331354.370655486,10152937.982267223,9159264.363569556,0.0,11516400.0,0.0,0.0,18727119.94938136,-4.423782229423523e-9 
 01/17  18:00:00,43717192.94574829,33685200.0,1271668.0740904738,8760324.87165782,7830446.893901141,0.0,24685200.0,0.0,0.0,5537731.202026858,-4.6566128730773926e-9 
 01/17  19:00:00,30155342.616704658,21600000.0,1136544.5956399357,7418798.021064723,6498842.247014539,0.0,16200000.0,5318934.781677578,5318934.781677578,0.0,-6.984919309616089e-10 
 01/17  20:00:00,18754876.714869604,10800000.0,1136544.5956399357,6818332.119229668,6003549.885601751,0.0,5400000.0,5179878.253428163,5179878.253428163,0.0,-2.3283064365386963e-9 
 01/17  21:00:00,6896544.595639936,5760000.0,1136544.5956399357,0.0,0.0,0.0,5400000.0,0.0,0.0,0.0,1.862645149230957e-9 
 01/17  22:00:00,2846544.5956399357,1710000.0,1136544.5956399357,0.0,0.0,0.0,1350000.0,0.0,0.0,0.0,-9.313225746154785e-10 
 01/17  23:00:00,2846544.5956399357,1710000.0,1136544.5956399357,0.0,0.0,0.0,1350000.0,0.0,0.0,0.0,-3.2014213502407074e-9 
 01/17  24:00:00,2846544.5956399357,1710000.0,1136544.5956399357,0.0,0.0,0.0,1350000.0,0.0,0.0,0.0,3.2014213502407074e-9 
 01/18  01:00:00,2846544.5956399357,1710000.0,1136544.5956399357,0.0,0.0,0.0,1350000.0,0.0,0.0,0.0,1.1641532182693481e-10 
 01/18  02:00:00,2846544.5956399357,1710000.0,1136544.5956399357,0.0,0.0,0.0,1350000.0,0.0,0.0,0.0,1.1641532182693481e-9 
 01/18  03:00:00,2846544.5956399357,1710000.0,1136544.5956399357,0.0,0.0,0.0,1350000.0,0.0,0.0,0.0,9.604264050722122e-10 
 01/18  04:00:00,2846544.5956399357,1710000.0,1136544.5956399357,0.0,0.0,0.0,1350000.0,0.0,0.0,0.0,8.731149137020111e-11 
 01/18  05:00:00,2846544.5956399357,1710000.0,1136544.5956399357,0.0,0.0,0.0,1350000.0,0.0,0.0,0.0,5.820766091346741e-10 
 01/18  06:00:00,2846544.5956399357,1710000.0,1136544.5956399357,0.0,0.0,0.0,1350000.0,0.0,0.0,0.0,2.5902409106492996e-9 
 01/18  07:00:00,9206848.460961338,1710000.0,1136544.5956399357,6360303.865321402,5677756.450838098,0.0,1350000.0,5085751.97113554,5085751.97113554,0.0,4.554749466478825e-9 
 01/18  08:00:00,10110909.007112943,1710000.0,1136544.5956399357,7264364.411473008,6480310.09581295,0.0,1350000.0,5040169.546351593,5040169.546351593,2475722.184535172,1.0913936421275139e-9 
 01/18  09:00:00,35556131.296160124,25732800.0,1136544.5956399357,8686786.700520184,7724549.07869523,0.0,18532800.0,5013142.4748427905,5013142.4748427905,14123243.83521063,-1.57160684466362e-9 
 01/18  10:00:00,41717733.602556,30577680.0,1178584.5931464448,9961469.009409554,8855016.597865168,0.0,14377680.0,2739682.8816760983,2739682.8816760983,23461069.670303497,-4.307366907596588e-9 
 01/18  11:00:00,39386618.511917815,26827200.0,1295360.1178525472,11264058.394065263,10068407.828737566,0.0,10627200.0,191971.41380571917,191971.41380571917,23028881.085427143,-3.026798367500305e-9 
 01/18  12:00:00,40055956.8342643,26295840.0,1418232.1859376316,12341884.648326665,11146557.101700258,0.0,10095840.0,0.0,0.0,23619523.32132462,-6.51925802230835e-9 
 01/18  13:00:00,37779444.2596561,24701760.0,1343167.7031768775,11734516.556479225,10591955.953558618,0.0,8501760.0,0.0,0.0,20673937.38320297,-2.561137080192566e-9 
 01/18  14:00:00,39835839.78136653,25764480.0,1578065.9023492225,12493293.8790173,11427180.872871945,0.0,9564480.0,0.0,0.0,18773473.870305836,-4.190951585769653e-9 
 01/18  15:00:00,39252962.60851572,25027200.0,1715796.2970025963,12509966.311513122,11520339.952739878,0.0,10627200.0,0.0,0.0,21774926.80406829,-4.6566128730773926e-9 
 01/18  16:00:00,36417782.73889758,23227200.0,1631090.3529727927,11559492.38592478,10634424.306152456,0.0,10627200.0,0.0,0.0,21642861.478187487,-5.820766091346741e-9 
 01/18  17:00:00,34794406.776815906,24073200.0,1352248.909547771,9368957.867268138,8491467.078432798,0.0,15073200.0,0.0,0.0,11959677.685443066,-1.862645149230957e-9 
 01/18  18:00:00,43799422.53717845,34099200.0,1293156.5241310322,8407066.013047418,7562456.775024928,0.0,25099200.0,0.0,0.0,6363538.124721203,-2.3283064365386963e-10 
 01/18  19:00:00,29933175.58771135,21600000.0,1136544.5956399357,7196630.992071414,6299375.787860812,0.0,16200000.0,5342466.091894117,5342466.091894117,0.0,-2.3283064365386963e-9 
 01/18  20:00:00,18717855.956789464,10800000.0,1136544.5956399357,6781311.361149529,5966156.733170221,0.0,5400000.0,5190311.068551232,5190311.068551232,0.0,-1.979060471057892e-9 
 01/18  21:00:00,6896544.595639936,5760000.0,1136544.5956399357,0.0,0.0,0.0,5400000.0,0.0,0.0,0.0,0.0 
 01/18  22:00:00,2846544.5956399357,1710000.0,1136544.5956399357,0.0,0.0,0.0,1350000.0,0.0,0.0,0.0,4.656612873077393e-10 
 01/18  23:00:00,2846544.5956399357,1710000.0,1136544.5956399357,0.0,0.0,0.0,1350000.0,0.0,0.0,0.0,-9.89530235528946e-10 
 01/18  24:00:00,2846544.5956399357,1710000.0,1136544.5956399357,0.0,0.0,0.0,1350000.0,0.0,0.0,0.0,-1.1641532182693481e-9 
 01/19  01:00:00,6086544.595639936,4950000.0,1136544.5956399357,0.0,0.0,0.0,1350000.0,0.0,0.0,0.0,1.57160684466362e-9 
 01/19  02:00:00,6086544.595639936,4950000.0,1136544.5956399357,0.0,0.0,0.0,1350000.0,0.0,0.0,0.0,-2.561137080192566e-9 
 01/19  03:00:00,6086544.595639936,4950000.0,1136544.5956399357,0.0,0.0,0.0,1350000.0,0.0,0.0,0.0,-1.2223608791828156e-9 
 01/19  04:00:00,6086544.595639936,4950000.0,1136544.5956399357,0.0,0.0,0.0,1350000.0,0.0,0.0,0.0,-2.852175384759903e-9 
 01/19  05:00:00,6086544.595639936,4950000.0,1136544.5956399357,0.0,0.0,0.0,1350000.0,0.0,0.0,0.0,-2.7939677238464355e-9 
 01/19  06:00:00,6086544.595639936,4950000.0,1136544.5956399357,0.0,0.0,0.0,1350000.0,0.0,0.0,0.0,-9.313225746154785e-10 
 01/19  07:00:00,6086544.595639936,4950000.0,1136544.5956399357,0.0,0.0,0.0,1350000.0,0.0,0.0,50340.33988627352,-1.280568540096283e-9 
 01/19  08:00:00,6086544.595639936,4950000.0,1136544.5956399357,0.0,0.0,0.0,1350000.0,0.0,0.0,2436989.8170219082,1.7462298274040222e-10 
 01/19  09:00:00,5766144.595639936,4629600.0,1136544.5956399357,0.0,0.0,0.0,1029600.0,0.0,0.0,14508712.396274598,-1.5425030142068863e-9 
 01/19  10:00:00,5718624.595639936,4582080.0,1136544.595639936,0.0,0.0,0.0,982080.0,0.0,0.0,26727452.08405307,-2.270098775625229e-9 
 01/19  11:00:00,5629704.595639936,4493160.0,1136544.5956399357,0.0,0.0,0.0,893160.0,0.0,0.0,27397109.977410145,-4.0745362639427185e-9 
 01/19  12:00:00,5356824.595639936,4220280.0,1136544.5956399357,0.0,0.0,0.0,620280.0,0.0,0.0,24101813.699498158,-1.862645149230957e-9 
 01/19  13:00:00,5267904.595639936,4131360.0,1136544.5956399357,0.0,0.0,0.0,531360.0,0.0,0.0,22453304.26994098,-3.6088749766349792e-9 
 01/19  14:00:00,5267904.595639936,4131360.0,1136544.5956399357,0.0,0.0,0.0,531360.0,0.0,0.0,21118483.283901792,-3.026798367500305e-9 
 01/19  15:00:00,5267904.595639936,4131360.0,1136544.5956399357,0.0,0.0,0.0,531360.0,0.0,0.0,21499498.62045444,-3.026798367500305e-9 
 01/19  16:00:00,5267904.595639936,4131360.0,1136544.5956399357,0.0,0.0,0.0,531360.0,0.0,0.0,17642667.45113453,-4.656612873077393e-10 
 01/19  17:00:00,5445744.595639936,4309200.0,1136544.5956399357,0.0,0.0,0.0,709200.0,0.0,0.0,13210543.477868052,-2.0954757928848267e-9 
 01/19  18:00:00,6015264.595639936,4878720.0,1136544.5956399357,0.0,0.0,0.0,1278720.0,0.0,0.0,5823289.684276253,-1.862645149230957e-9 
 01/19  19:00:00,6086544.595639936,4950000.0,1136544.5956399357,0.0,0.0,0.0,1350000.0,0.0,0.0,0.0,-4.540197551250458e-9 
 01/19  20:00:00,6086544.595639936,4950000.0,1136544.5956399357,0.0,0.0,0.0,1350000.0,0.0,0.0,0.0,1.1641532182693481e-9 
 01/19  21:00:00,6086544.595639936,4950000.0,1136544.5956399357,0.0,0.0,0.0,1350000.0,0.0,0.0,0.0,-3.4924596548080444e-10 
 01/19  22:00:00,6086544.595639936,4950000.0,1136544.5956399357,0.0,0.0,0.0,1350000.0,0.0,0.0,0.0,-5.820766091346741e-10 
 01/19  23:00:00,6086544.595639936,4950000.0,1136544.5956399357,0.0,0.0,0.0,1350000.0,0.0,0.0,0.0,-2.9103830456733704e-9 
 01/19  24:00:00,6086544.595639936,4950000.0,1136544.5956399357,0.0,0.0,0.0,1350000.0,0.0,0.0,0.0,-3.14321368932724e-9 
 01/20  01:00:00,6086544.595639936,4950000.0,1136544.5956399357,0.0,0.0,0.0,1350000.0,0.0,0.0,0.0,-2.3865140974521637e-9 
 01/20  02:00:00,6086544.595639936,4950000.0,1136544.5956399357,0.0,0.0,0.0,1350000.0,0.0,0.0,0.0,-9.313225746154785e-10 
 01/20  03:00:00,6086544.595639936,4950000.0,1136544.5956399357,0.0,0.0,0.0,1350000.0,0.0,0.0,0.0,-9.313225746154785e-10 
 01/20  04:00:00,6086544.595639936,4950000.0,1136544.5956399357,0.0,0.0,0.0,1350000.0,0.0,0.0,0.0,-3.434251993894577e-9 
 01/20  05:00:00,6086544.595639936,4950000.0,1136544.5956399357,0.0,0.0,0.0,1350000.0,0.0,0.0,0.0,-8.731149137020111e-10 
 01/20  06:00:00,6086544.595639936,4950000.0,1136544.5956399357,0.0,0.0,0.0,1350000.0,0.0,0.0,0.0,-4.0745362639427185e-10 
 01/20  07:00:00,6086544.595639936,4950000.0,1136544.5956399357,0.0,0.0,0.0,1350000.0,0.0,0.0,456466.6770302426,4.94765117764473e-10 
 01/20  08:00:00,6086544.595639936,4950000.0,1136544.5956399357,0.0,0.0,0.0,1350000.0,0.0,0.0,6992811.065647166,2.2992026060819626e-9 
 01/20  09:00:00,5858124.595639936,4721580.0,1136544.5956399357,0.0,0.0,0.0,1121580.0,0.0,0.0,24785160.03598144,-2.444721758365631e-9 
 01/20  10:00:00,5697924.595639936,4561380.0,1136544.5956399357,0.0,0.0,0.0,961380.0,0.0,0.0,26967874.74335042,-6.402842700481415e-10 
 01/20  11:00:00,5721684.595639936,4585140.0,1136544.5956399357,0.0,0.0,0.0,985140.0,0.0,0.0,28420107.26508133,-2.0954757928848267e-9 
 01/20  12:00:00,5357043.634798353,4220280.0,1136763.6347983521,0.0,0.0,0.0,620280.0,0.0,0.0,23737308.60551749,-2.7939677238464355e-9 
 01/20  13:00:00,5425044.595639936,4288500.0,1136544.5956399357,0.0,0.0,0.0,688500.0,0.0,0.0,18753076.82468556,-4.6566128730773926e-9 
 01/20  14:00:00,5267904.595639936,4131360.0,1136544.5956399357,0.0,0.0,0.0,531360.0,0.0,0.0,18742853.579799157,-5.3551048040390015e-9 
 01/20  15:00:00,5267904.595639936,4131360.0,1136544.5956399357,0.0,0.0,0.0,531360.0,0.0,0.0,21659513.583526786,-5.122274160385132e-9 
 01/20  16:00:00,5267904.595639936,4131360.0,1136544.5956399357,0.0,0.0,0.0,531360.0,0.0,0.0,21727344.79035526,-3.259629011154175e-9 
 01/20  17:00:00,5312364.595639936,4175820.0,1136544.5956399357,0.0,0.0,0.0,575820.0,0.0,0.0,17733157.117835134,-4.6566128730773926e-9 
 01/20  18:00:00,6015264.595639936,4878720.0,1136544.5956399357,0.0,0.0,0.0,1278720.0,0.0,0.0,3684269.497222205,-5.122274160385132e-9 
 01/20  19:00:00,6086544.595639936,4950000.0,1136544.5956399357,0.0,0.0,0.0,1350000.0,0.0,0.0,0.0,-1.3969838619232178e-9 
 01/20  20:00:00,6086544.595639936,4950000.0,1136544.5956399357,0.0,0.0,0.0,1350000.0,0.0,0.0,0.0,-2.2118911147117615e-9 
 01/20  21:00:00,6086544.595639936,4950000.0,1136544.5956399357,0.0,0.0,0.0,1350000.0,0.0,0.0,0.0,-3.725290298461914e-9 
 01/20  22:00:00,6086544.595639936,4950000.0,1136544.5956399357,0.0,0.0,0.0,1350000.0,0.0,0.0,0.0,2.6775524020195007e-9 
 01/20  23:00:00,6086544.595639936,4950000.0,1136544.5956399357,0.0,0.0,0.0,1350000.0,0.0,0.0,0.0,-3.259629011154175e-9 
 01/20  24:00:00,6086544.595639936,4950000.0,1136544.5956399357,0.0,0.0,0.0,1350000.0,0.0,0.0,0.0,3.4924596548080444e-9 
 01/21  01:00:00,2846544.5956399357,1710000.0,1136544.5956399357,0.0,0.0,0.0,1350000.0,0.0,0.0,0.0,-1.4551915228366852e-9 
 01/21  02:00:00,2846544.5956399357,1710000.0,1136544.5956399357,0.0,0.0,0.0,1350000.0,0.0,0.0,0.0,-3.259629011154175e-9 
 01/21  03:00:00,2846544.5956399357,1710000.0,1136544.5956399357,0.0,0.0,0.0,1350000.0,0.0,0.0,0.0,-5.820766091346741e-10 
 01/21  04:00:00,2846544.5956399357,1710000.0,1136544.5956399357,0.0,0.0,0.0,1350000.0,0.0,0.0,0.0,-3.521563485264778e-9 
 01/21  05:00:00,2846544.5956399357,1710000.0,1136544.5956399357,0.0,0.0,0.0,1350000.0,0.0,0.0,0.0,-1.076841726899147e-9 
 01/21  06:00:00,2846544.5956399357,1710000.0,1136544.5956399357,0.0,0.0,0.0,1350000.0,0.0,0.0,0.0,-1.0477378964424133e-9 
 01/21  07:00:00,8837669.63371615,1710000.0,1136544.5956399357,5991125.038076214,5363073.644146584,0.0,1350000.0,5142804.465495044,5142804.465495044,499392.63749582204,1.1204974725842476e-9 
 01/21  08:00:00,9668033.755166255,1710000.0,1136544.5956399357,6821489.15952632,6106521.447028324,0.0,1350000.0,5116085.373452431,5116085.373452431,7209885.282815628,-2.852175384759903e-9 
 01/21  09:00:00,37279408.192113444,28188720.0,1159169.1971719484,7931518.994941494,7086735.109520257,0.0,20988720.0,3925810.021846758,3925810.021846758,25509200.142844714,-1.979060471057892e-9 
 01/21  10:00:00,48267570.419421345,38354760.0,1253278.6551776219,8659531.764243722,7765462.583546653,0.0,22154760.0,611171.0980758464,611171.0980758464,29984159.06220563,-4.423782229423523e-9 
 01/21  11:00:00,49899477.6140735,37742400.0,1571561.2500164574,10585516.364057038,9699568.164851032,0.0,21542400.0,0.0,0.0,27668525.96134776,-9.313225746154785e-10 
 01/21  12:00:00,46064539.84688306,33170040.0,1712685.3790658112,11181814.467817247,10360876.940801669,0.0,16970040.0,0.0,0.0,23472775.397468638,-6.752088665962219e-9 
 01/21  13:00:00,37371955.27125874,25413120.0,1554863.3705216215,10403971.900737125,9613718.258379862,0.0,9213120.0,0.0,0.0,19855861.896914408,-2.0954757928848267e-9 
 01/21  14:00:00,39397055.80924716,25764480.0,1904457.6176714704,11728118.19157569,10946783.668428745,0.0,9564480.0,0.0,0.0,20692894.664201617,-5.3551048040390015e-9 
 01/21  15:00:00,39168291.28116101,25027200.0,1962494.0638266215,12178597.217334382,11375912.39673935,0.0,10627200.0,0.0,0.0,21337937.153688353,-3.725290298461914e-9 
 01/21  16:00:00,36242707.55468561,23227200.0,1737766.0460051836,11277741.508680424,10466080.058654709,0.0,10627200.0,0.0,0.0,20251244.862488817,-5.3551048040390015e-9 
 01/21  17:00:00,34130205.40086851,23184000.0,1403649.352459408,9542556.048409106,8707518.228270615,0.0,14184000.0,0.0,0.0,12356398.424851732,-3.259629011154175e-9 
 01/21  18:00:00,43196080.538507245,33210000.0,1322107.956057047,8663972.582450194,7829910.174634851,0.0,24210000.0,0.0,0.0,6572901.390671874,-3.725290298461914e-9 
 01/21  19:00:00,29969217.961859196,21600000.0,1136544.5956399357,7232673.366219257,6345273.955726402,0.0,16200000.0,5306355.12892415,5306355.12892415,0.0,-3.4924596548080444e-9 
 01/21  20:00:00,18751473.941831473,10800000.0,1136544.5956399357,6814929.346191537,5995448.866531125,0.0,5400000.0,5176132.821844429,5176132.821844429,0.0,-5.238689482212067e-9 
 01/21  21:00:00,6896544.595639936,5760000.0,1136544.5956399357,0.0,0.0,0.0,5400000.0,0.0,0.0,0.0,-2.3283064365386963e-10 
 01/21  22:00:00,2846544.5956399357,1710000.0,1136544.5956399357,0.0,0.0,0.0,1350000.0,0.0,0.0,0.0,-3.6088749766349792e-9 
 01/21  23:00:00,2846544.5956399357,1710000.0,1136544.5956399357,0.0,0.0,0.0,1350000.0,0.0,0.0,0.0,-6.984919309616089e-10 
 01/21  24:00:00,2846544.5956399357,1710000.0,1136544.5956399357,0.0,0.0,0.0,1350000.0,0.0,0.0,0.0,1.9208528101444244e-9 
 01/22  01:00:00,2846544.5956399357,1710000.0,1136544.5956399357,0.0,0.0,0.0,1350000.0,0.0,0.0,0.0,-2.6775524020195007e-9 
 01/22  02:00:00,2846544.5956399357,1710000.0,1136544.5956399357,0.0,0.0,0.0,1350000.0,0.0,0.0,0.0,-2.852175384759903e-9 
 01/22  03:00:00,2846544.5956399357,1710000.0,1136544.5956399357,0.0,0.0,0.0,1350000.0,0.0,0.0,0.0,-2.3283064365386963e-9 
 01/22  04:00:00,2846544.5956399357,1710000.0,1136544.5956399357,0.0,0.0,0.0,1350000.0,0.0,0.0,0.0,-1.2514647096395493e-9 
 01/22  05:00:00,2846544.5956399357,1710000.0,1136544.5956399357,0.0,0.0,0.0,1350000.0,0.0,0.0,0.0,-9.89530235528946e-10 
 01/22  06:00:00,2846544.5956399357,1710000.0,1136544.5956399357,0.0,0.0,0.0,1350000.0,0.0,0.0,0.0,9.022187441587448e-10 
 01/22  07:00:00,9773160.825445406,1710000.0,1136544.5956399357,6926616.229805468,6183113.481521556,0.0,1350000.0,5115288.207712302,5115288.207712302,298543.21942574414,1.076841726899147e-9 
 01/22  08:00:00,10920207.037058257,1686240.0,1136544.5956399357,8097422.441418321,7225958.048453147,0.0,1326240.0,5089808.803904093,5089808.803904093,5233607.462176252,1.3387762010097504e-9 
 01/22  09:00:00,35704429.453312635,24932520.0,1138606.2077525342,9633303.245560097,8577038.75501291,0.0,17732520.0,4963853.453610776,4963853.453610776,18131570.484771624,2.852175384759903e-9 
 01/22  10:00:00,42513075.32027071,30577680.0,1186882.668396924,10748512.651873786,9575474.611891955,0.0,14377680.0,2294767.0962094967,2294767.0962094967,20290152.52620693,5.820766091346741e-10 
 01/22  11:00:00,43514143.033880025,29494800.0,1382448.3041366667,12636894.729743358,11376258.705317985,0.0,13294800.0,0.0,0.0,25559050.764909506,-3.958120942115784e-9 
 01/22  12:00:00,41563843.72438033,26295840.0,1495075.3978974684,13772928.326482859,12496460.923339842,0.0,10095840.0,0.0,0.0,23682137.06846127,-5.587935447692871e-9 
 01/22  13:00:00,39790116.94293139,24701760.0,1424160.5033436366,13664196.439587759,12381554.563046439,0.0,8501760.0,0.0,0.0,20958372.89447884,2.3283064365386963e-10 
 01/22  14:00:00,42264963.02406372,25764480.0,1646335.352088594,14854147.671975136,13570512.80214095,0.0,9564480.0,0.0,0.0,18960977.992979072,-7.2177499532699585e-9 
 01/22  15:00:00,44105348.85718922,27694800.0,1624591.5505075837,14785957.30668164,13501099.761340085,0.0,13294800.0,0.0,0.0,14042888.016659187,-3.4924596548080444e-9 
 01/22  16:00:00,45002916.45526502,29988000.0,1473211.577970386,13541704.877294637,12297584.590944618,0.0,17388000.0,0.0,0.0,10659352.505492862,-3.958120942115784e-9 
 01/22  17:00:00,40798618.754251525,27691200.0,1289250.8155858326,11818167.93866569,10571248.84843037,0.0,18691200.0,0.0,0.0,7800819.338333671,-5.587935447692871e-9 
 01/22  18:00:00,43136016.92045067,30895200.0,1283362.3114148588,10957454.60903582,9779149.394282866,0.0,21895200.0,0.0,0.0,12475820.141263064,-1.862645149230957e-9 
 01/22  19:00:00,32325876.730500594,21600000.0,1136544.5956399357,9589332.134860655,8422597.760272076,0.0,16200000.0,5313417.631999278,5313417.631999278,0.0,-1.6298145055770874e-9 
 01/22  20:00:00,20905490.81007506,10800000.0,1136544.5956399357,8968946.214435121,7918944.050129684,0.0,5400000.0,5178231.906819588,5178231.906819588,0.0,8.149072527885437e-10 
 01/22  21:00:00,6896544.595639936,5760000.0,1136544.5956399357,0.0,0.0,0.0,5400000.0,0.0,0.0,0.0,-1.3969838619232178e-9 
 01/22  22:00:00,2846544.5956399357,1710000.0,1136544.5956399357,0.0,0.0,0.0,1350000.0,0.0,0.0,0.0,-3.026798367500305e-9 
 01/22  23:00:00,2846544.5956399357,1710000.0,1136544.5956399357,0.0,0.0,0.0,1350000.0,0.0,0.0,0.0,-2.2118911147117615e-9 
 01/22  24:00:00,2846544.5956399357,1710000.0,1136544.5956399357,0.0,0.0,0.0,1350000.0,0.0,0.0,0.0,-5.820766091346741e-11 
 01/23  01:00:00,2846544.5956399357,1710000.0,1136544.5956399357,0.0,0.0,0.0,1350000.0,0.0,0.0,0.0,-1.4551915228366852e-9 
 01/23  02:00:00,2846544.5956399357,1710000.0,1136544.5956399357,0.0,0.0,0.0,1350000.0,0.0,0.0,0.0,-1.979060471057892e-9 
 01/23  03:00:00,2846544.5956399357,1710000.0,1136544.5956399357,0.0,0.0,0.0,1350000.0,0.0,0.0,0.0,-7.566995918750763e-10 
 01/23  04:00:00,2846544.5956399357,1710000.0,1136544.5956399357,0.0,0.0,0.0,1350000.0,0.0,0.0,0.0,-5.209585651755333e-9 
 01/23  05:00:00,2846544.5956399357,1710000.0,1136544.5956399357,0.0,0.0,0.0,1350000.0,0.0,0.0,0.0,2.240994945168495e-9 
 01/23  06:00:00,2846544.5956399357,1710000.0,1136544.5956399357,0.0,0.0,0.0,1350000.0,0.0,0.0,0.0,-3.1723175197839737e-9 
 01/23  07:00:00,11745373.085988723,1710000.0,1136544.5956399357,8898828.490348788,7923046.839479698,0.0,1350000.0,5017758.509660443,5017758.509660443,40244.03439340385,-8.149072527885437e-10 
 01/23  08:00:00,12982366.795867149,1686240.0,1136544.5956399357,10159582.200227214,9040276.576124482,0.0,1326240.0,4974994.851849895,4974994.851849895,3829699.031214169,-8.585629984736443e-10 
 01/23  09:00:00,38211947.5424679,25305120.0,1140407.8887921148,11766419.653675787,10455629.626193926,0.0,18105120.0,4733887.324115786,4733887.324115786,18441794.590813056,-1.0477378964424133e-9 
 01/23  10:00:00,44613554.31066833,31029120.0,1213451.289974614,12370983.020693718,11007363.695847157,0.0,14829120.0,1234330.9808161366,1234330.9808161366,24994842.24631482,-2.444721758365631e-9 
 01/23  11:00:00,42630440.40445343,27716400.0,1401330.128353331,13512710.276100092,12163199.061238557,0.0,11516400.0,0.0,0.0,24758717.380138,-2.561137080192566e-9 
 01/23  12:00:00,41001244.10983334,26295840.0,1508644.4134856197,13196759.696347715,11991672.76011501,0.0,10095840.0,0.0,0.0,23804948.45965188,-5.587935447692871e-9 
 01/23  13:00:00,38095698.20582023,24701760.0,1425241.0400765669,11968697.165743664,10875196.10085108,0.0,8501760.0,0.0,0.0,21650071.494377244,-5.820766091346741e-9 
 01/23  14:00:00,39433454.359739855,25764480.0,1606873.0800215106,12062101.279718343,11061062.933055786,0.0,9564480.0,0.0,0.0,18097742.69306933,-3.4924596548080444e-9 
 01/23  15:00:00,38828269.53986645,25027200.0,1676608.6958532373,12124460.844013216,11157526.92102312,0.0,10627200.0,0.0,0.0,19891803.098008934,-5.587935447692871e-9 
 01/23  16:00:00,35914755.35693385,23227200.0,1544454.8967488613,11143100.460184988,10213762.901611835,0.0,10627200.0,0.0,0.0,18536209.49711907,-4.656612873077393e-10 
 01/23  17:00:00,31614584.18797003,20516400.0,1362633.3246289107,9735550.863341121,8830402.469817298,0.0,11516400.0,0.0,0.0,17253442.186095897,-2.3283064365386963e-9 
 01/23  18:00:00,43363516.676661775,33685200.0,1266928.5793294846,8411388.097332291,7547870.442123886,0.0,24685200.0,0.0,0.0,1935375.6980833705,1.3969838619232178e-9 
 01/23  19:00:00,30320947.241715044,21600000.0,1136544.5956399357,7584402.64607511,6653219.81569366,0.0,16200000.0,5309060.642948969,5309060.642948969,0.0,-2.3283064365386963e-9 
 01/23  20:00:00,19174484.423117023,10800000.0,1136544.5956399357,7237939.827477087,6376533.273335633,0.0,5400000.0,5177585.789944978,5177585.789944978,0.0,1.5133991837501526e-9 
 01/23  21:00:00,6896544.595639936,5760000.0,1136544.5956399357,0.0,0.0,0.0,5400000.0,0.0,0.0,0.0,-1.1641532182693481e-10 
 01/23  22:00:00,2846544.5956399357,1710000.0,1136544.5956399357,0.0,0.0,0.0,1350000.0,0.0,0.0,0.0,-3.958120942115784e-9 
 01/23  23:00:00,2846544.5956399357,1710000.0,1136544.5956399357,0.0,0.0,0.0,1350000.0,0.0,0.0,0.0,8.149072527885437e-10 
 01/23  24:00:00,2846544.5956399357,1710000.0,1136544.5956399357,0.0,0.0,0.0,1350000.0,0.0,0.0,0.0,4.656612873077393e-10 
 01/24  01:00:00,2846544.5956399357,1710000.0,1136544.5956399357,0.0,0.0,0.0,1350000.0,0.0,0.0,0.0,-1.9208528101444244e-9 
 01/24  02:00:00,2846544.5956399357,1710000.0,1136544.5956399357,0.0,0.0,0.0,1350000.0,0.0,0.0,0.0,-5.6461431086063385e-9 
 01/24  03:00:00,2846544.5956399357,1710000.0,1136544.5956399357,0.0,0.0,0.0,1350000.0,0.0,0.0,0.0,-1.979060471057892e-9 
 01/24  04:00:00,2846544.5956399357,1710000.0,1136544.5956399357,0.0,0.0,0.0,1350000.0,0.0,0.0,0.0,-1.2223608791828156e-9 
 01/24  05:00:00,2846544.5956399357,1710000.0,1136544.5956399357,0.0,0.0,0.0,1350000.0,0.0,0.0,0.0,-9.604264050722122e-10 
 01/24  06:00:00,2846544.5956399357,1710000.0,1136544.5956399357,0.0,0.0,0.0,1350000.0,0.0,0.0,0.0,-2.561137080192566e-9 
 01/24  07:00:00,10392484.661091167,1710000.0,1136544.5956399357,7545940.065451233,6724507.468910032,0.0,1350000.0,5086429.966664584,5086429.966664584,180197.865345235,-1.4115357771515846e-9 
 01/24  08:00:00,11527073.607457602,1686240.0,1136544.5956399357,8704289.011817668,7755196.198640402,0.0,1326240.0,5059466.455809454,5059466.455809454,3236237.474455353,-1.8189894035458565e-9 
 01/24  09:00:00,36998958.87664957,25732800.0,1136544.5956399357,10129614.28100964,9007835.028866421,0.0,18532800.0,5056787.15107557,5056787.15107557,14201972.469996918,-5.820766091346741e-11 
 01/24  10:00:00,42943448.44398531,30577680.0,1187544.8243319266,11178223.61965339,9945670.287346765,0.0,14377680.0,2252227.423515835,2252227.423515835,23005143.38095911,-5.005858838558197e-9 
 01/24  11:00:00,40995752.46359632,26827200.0,1355829.2095715683,12812723.254024755,11500943.386834405,0.0,10627200.0,0.0,0.0,24423453.023179114,-2.3283064365386963e-10 
 01/24  12:00:00,41676139.50108097,26295840.0,1485178.8476493906,13895120.653431576,12585192.97632126,0.0,10095840.0,0.0,0.0,23701432.090795934,-3.259629011154175e-9 
 01/24  13:00:00,39374347.86515528,24701760.0,1406515.9165716101,13266071.94858367,12003299.427245582,0.0,8501760.0,0.0,0.0,21439060.202076565,-2.7939677238464355e-9 
 01/24  14:00:00,41448983.26325107,25764480.0,1642693.3933510876,14041809.869899988,12834826.077099904,0.0,9564480.0,0.0,0.0,20216263.353011776,-4.6566128730773926e-9 
 01/24  15:00:00,40467561.47968649,25027200.0,1663064.4603548655,13777297.019331628,12612777.932973372,0.0,10627200.0,0.0,0.0,18436544.070850495,-6.51925802230835e-9 
 01/24  16:00:00,37185423.35105802,23227200.0,1480758.945573291,12477464.405484725,11346137.347172238,0.0,10627200.0,0.0,0.0,15829537.730197065,-5.587935447692871e-9 
 01/24  17:00:00,33594277.58748844,21405600.0,1305033.217630327,10883644.369858112,9767327.572938912,0.0,12405600.0,0.0,0.0,15107802.78801608,-4.889443516731262e-9 
 01/24  18:00:00,43842216.920726955,32259600.0,1278757.1533051075,10303859.767421847,9193197.535148192,0.0,23259600.0,0.0,0.0,9778695.6211205,-3.4924596548080444e-9 
 01/24  19:00:00,31982286.810409367,21600000.0,1136544.5956399357,9245742.21476943,8107041.55217582,0.0,16200000.0,5293870.755098625,5293870.755098625,0.0,-4.190951585769653e-9 
 01/24  20:00:00,20776251.187505975,10800000.0,1136544.5956399357,8839706.591866039,7792075.874955589,0.0,5400000.0,5172156.511004325,5172156.511004325,0.0,0.0 
 01/24  21:00:00,6896544.595639936,5760000.0,1136544.5956399357,0.0,0.0,0.0,5400000.0,0.0,0.0,0.0,-3.6088749766349792e-9 
 01/24  22:00:00,2846544.5956399357,1710000.0,1136544.5956399357,0.0,0.0,0.0,1350000.0,0.0,0.0,0.0,3.3760443329811096e-9 
 01/24  23:00:00,2846544.5956399357,1710000.0,1136544.5956399357,0.0,0.0,0.0,1350000.0,0.0,0.0,0.0,-2.6775524020195007e-9 
 01/24  24:00:00,2846544.5956399357,1710000.0,1136544.5956399357,0.0,0.0,0.0,1350000.0,0.0,0.0,0.0,-2.7939677238464355e-9 
 01/25  01:00:00,2846544.5956399357,1710000.0,1136544.5956399357,0.0,0.0,0.0,1350000.0,0.0,0.0,0.0,-1.57160684466362e-9 
 01/25  02:00:00,2846544.5956399357,1710000.0,1136544.5956399357,0.0,0.0,0.0,1350000.0,0.0,0.0,0.0,-1.3969838619232178e-9 
 01/25  03:00:00,2846544.5956399357,1710000.0,1136544.5956399357,0.0,0.0,0.0,1350000.0,0.0,0.0,0.0,8.731149137020111e-10 
 01/25  04:00:00,2846544.5956399357,1710000.0,1136544.5956399357,0.0,0.0,0.0,1350000.0,0.0,0.0,0.0,4.0745362639427185e-10 
 01/25  05:00:00,2846544.5956399357,1710000.0,1136544.5956399357,0.0,0.0,0.0,1350000.0,0.0,0.0,0.0,-5.180481821298599e-9 
 01/25  06:00:00,2846544.5956399357,1710000.0,1136544.5956399357,0.0,0.0,0.0,1350000.0,0.0,0.0,0.0,2.3283064365386963e-10 
 01/25  07:00:00,11015329.187295344,1710000.0,1136544.5956399357,8168784.591655407,7275028.090471064,0.0,1350000.0,5042607.059945983,5042607.059945983,0.0,2.2118911147117615e-9 
 01/25  08:00:00,12139601.920179524,1710000.0,1136544.5956399357,9293057.324539587,8273220.038263206,0.0,1350000.0,5006205.540550016,5006205.540550016,2049725.6039937064,-1.5279510989785194e-9 
 01/25  09:00:00,38839667.10544967,26960760.0,1136544.5956399357,10742362.509809738,9547018.651186487,0.0,19760760.0,5003165.828205107,5003165.828205107,12565289.377508022,-3.3760443329811096e-9 
 01/25  10:00:00,44146086.82924162,31029120.0,1187032.3841012726,11929934.445140341,10611982.390172685,0.0,14829120.0,2315338.7921351744,2315338.7921351744,23748493.592137497,-6.6356733441352844e-9 
 01/25  11:00:00,45708810.95580794,30445200.0,1396109.5318513277,13867501.423956616,12484026.682497595,0.0,14245200.0,0.0,0.0,26339523.614954993,-3.958120942115784e-9 
 01/25  12:00:00,42790790.65728283,26295840.0,1524839.2955206705,14970111.36176216,13589774.920067651,0.0,10095840.0,0.0,0.0,23962012.976831585,-3.259629011154175e-9 
 01/25  13:00:00,40808124.80159663,24701760.0,1467367.7507836996,14638997.050812924,13293936.554082714,0.0,8501760.0,0.0,0.0,22312454.21748736,-2.7939677238464355e-9 
 01/25  14:00:00,42899838.39360622,25764480.0,1709352.176692525,15426006.2169137,14132874.262551613,0.0,9564480.0,0.0,0.0,19466581.148587026,-3.725290298461914e-9 
 01/25  15:00:00,41683857.55801405,25027200.0,1705329.9285631212,14951327.629450928,13706217.523522938,0.0,10627200.0,0.0,0.0,17121227.783176582,-2.561137080192566e-9 
 01/25  16:00:00,38026472.02922355,23227200.0,1521601.6693127868,13277670.359910756,12101413.854167053,0.0,10627200.0,0.0,0.0,15571229.849655855,-5.122274160385132e-9 
 01/25  17:00:00,36676287.17595029,24073200.0,1314708.3707840224,11288378.80516627,10137503.428185947,0.0,15073200.0,0.0,0.0,11653915.431109311,-5.820766091346741e-9 
 01/25  18:00:00,46559743.292051055,35049600.0,1250917.3778919035,10259225.91415915,9122327.990183815,0.0,26049600.0,0.0,0.0,3091712.4085083744,-3.725290298461914e-9 
 01/25  19:00:00,32059199.2327263,21600000.0,1136544.5956399357,9322654.637086362,8173728.819366107,0.0,16200000.0,5278984.982482133,5278984.982482133,0.0,-2.3283064365386963e-9 
 01/25  20:00:00,20838309.893160388,10800000.0,1136544.5956399357,8901765.297520451,7848442.3104285095,0.0,5400000.0,5165122.57356894,5165122.57356894,0.0,-6.984919309616089e-10 
 01/25  21:00:00,6896544.595639936,5760000.0,1136544.5956399357,0.0,0.0,0.0,5400000.0,0.0,0.0,0.0,-9.313225746154785e-10 
 01/25  22:00:00,2846544.5956399357,1710000.0,1136544.5956399357,0.0,0.0,0.0,1350000.0,0.0,0.0,0.0,-1.1641532182693481e-9 
 01/25  23:00:00,2846544.5956399357,1710000.0,1136544.5956399357,0.0,0.0,0.0,1350000.0,0.0,0.0,0.0,1.3969838619232178e-9 
 01/25  24:00:00,2846544.5956399357,1710000.0,1136544.5956399357,0.0,0.0,0.0,1350000.0,0.0,0.0,0.0,-1.1059455573558807e-9 
 01/26  01:00:00,6086544.595639936,4950000.0,1136544.5956399357,0.0,0.0,0.0,1350000.0,0.0,0.0,0.0,-1.1641532182693481e-10 
 01/26  02:00:00,6086544.595639936,4950000.0,1136544.5956399357,0.0,0.0,0.0,1350000.0,0.0,0.0,0.0,1.6880221664905548e-9 
 01/26  03:00:00,6086544.595639936,4950000.0,1136544.5956399357,0.0,0.0,0.0,1350000.0,0.0,0.0,0.0,4.656612873077393e-10 
 01/26  04:00:00,6086544.595639936,4950000.0,1136544.5956399357,0.0,0.0,0.0,1350000.0,0.0,0.0,0.0,7.566995918750763e-10 
 01/26  05:00:00,6086544.595639936,4950000.0,1136544.5956399357,0.0,0.0,0.0,1350000.0,0.0,0.0,0.0,-2.735760062932968e-9 
 01/26  06:00:00,6086544.595639936,4950000.0,1136544.5956399357,0.0,0.0,0.0,1350000.0,0.0,0.0,0.0,-1.979060471057892e-9 
 01/26  07:00:00,6086544.595639936,4950000.0,1136544.5956399357,0.0,0.0,0.0,1350000.0,0.0,0.0,75362.60240003075,-8.731149137020111e-10 
 01/26  08:00:00,6086544.595639936,4950000.0,1136544.5956399357,0.0,0.0,0.0,1350000.0,0.0,0.0,3219565.846516018,-6.402842700481415e-10 
 01/26  09:00:00,5721684.595639936,4585140.0,1136544.5956399357,0.0,0.0,0.0,985140.0,0.0,0.0,15674002.926195256,1.8044374883174896e-9 
 01/26  10:00:00,5469504.595639936,4332960.0,1136544.5956399357,0.0,0.0,0.0,732960.0,0.0,0.0,22975693.587767206,-2.0372681319713593e-9 
 01/26  11:00:00,5312364.595639936,4175820.0,1136544.5956399357,0.0,0.0,0.0,575820.0,0.0,0.0,25466679.11522483,-2.153683453798294e-9 
 01/26  12:00:00,5267904.595639936,4131360.0,1136544.5956399357,0.0,0.0,0.0,531360.0,0.0,0.0,23570296.39629055,-5.820766091346741e-9 
 01/26  13:00:00,5267904.595639936,4131360.0,1136544.5956399357,0.0,0.0,0.0,531360.0,0.0,0.0,21291204.833474442,-8.149072527885437e-10 
 01/26  14:00:00,5267904.595639936,4131360.0,1136544.5956399357,0.0,0.0,0.0,531360.0,0.0,0.0,19760200.89019311,-3.4924596548080444e-9 
 01/26  15:00:00,5267904.595639936,4131360.0,1136544.5956399357,0.0,0.0,0.0,531360.0,0.0,0.0,17312997.82103694,2.3283064365386963e-10 
 01/26  16:00:00,5267904.595639936,4131360.0,1136544.5956399357,0.0,0.0,0.0,531360.0,0.0,0.0,20641379.05813813,-1.862645149230957e-9 
 01/26  17:00:00,5445744.595639936,4309200.0,1136544.5956399357,0.0,0.0,0.0,709200.0,0.0,0.0,13145686.767120417,-9.313225746154785e-10 
 01/26  18:00:00,5855064.595639936,4718520.0,1136544.5956399357,0.0,0.0,0.0,1118520.0,0.0,0.0,10169671.890706483,-6.51925802230835e-9 
 01/26  19:00:00,6086544.595639936,4950000.0,1136544.5956399357,0.0,0.0,0.0,1350000.0,0.0,0.0,0.0,-2.444721758365631e-9 
 01/26  20:00:00,6086544.595639936,4950000.0,1136544.5956399357,0.0,0.0,0.0,1350000.0,0.0,0.0,0.0,-1.5133991837501526e-9 
 01/26  21:00:00,6086544.595639936,4950000.0,1136544.5956399357,0.0,0.0,0.0,1350000.0,0.0,0.0,0.0,-1.5133991837501526e-9 
 01/26  22:00:00,6086544.595639936,4950000.0,1136544.5956399357,0.0,0.0,0.0,1350000.0,0.0,0.0,0.0,-9.313225746154785e-10 
 01/26  23:00:00,6086544.595639936,4950000.0,1136544.5956399357,0.0,0.0,0.0,1350000.0,0.0,0.0,0.0,-2.0954757928848267e-9 
 01/26  24:00:00,6086544.595639936,4950000.0,1136544.5956399357,0.0,0.0,0.0,1350000.0,0.0,0.0,0.0,1.6298145055770874e-9 
 01/27  01:00:00,6086544.595639936,4950000.0,1136544.5956399357,0.0,0.0,0.0,1350000.0,0.0,0.0,0.0,1.9208528101444244e-9 
 01/27  02:00:00,6086544.595639936,4950000.0,1136544.5956399357,0.0,0.0,0.0,1350000.0,0.0,0.0,0.0,-1.8044374883174896e-9 
 01/27  03:00:00,6086544.595639936,4950000.0,1136544.5956399357,0.0,0.0,0.0,1350000.0,0.0,0.0,0.0,9.313225746154785e-10 
 01/27  04:00:00,6086544.595639936,4950000.0,1136544.5956399357,0.0,0.0,0.0,1350000.0,0.0,0.0,0.0,-2.153683453798294e-9 
 01/27  05:00:00,6086544.595639936,4950000.0,1136544.5956399357,0.0,0.0,0.0,1350000.0,0.0,0.0,0.0,-6.402842700481415e-10 
 01/27  06:00:00,6086544.595639936,4950000.0,1136544.5956399357,0.0,0.0,0.0,1350000.0,0.0,0.0,0.0,-5.820766091346741e-10 
 01/27  07:00:00,6086544.595639936,4950000.0,1136544.5956399357,0.0,0.0,0.0,1350000.0,0.0,0.0,1808374.7250891158,-4.656612873077393e-10 
 01/27  08:00:00,6062784.595639936,4926240.0,1136544.5956399357,0.0,0.0,0.0,1326240.0,0.0,0.0,11115356.278658653,2.852175384759903e-9 
 01/27  09:00:00,5789904.595639936,4653360.0,1136544.595639936,0.0,0.0,0.0,1053360.0,0.0,0.0,23827343.7305776,-4.656612873077393e-10 
 01/27  10:00:00,5517024.595639936,4380480.0,1136544.5956399357,0.0,0.0,0.0,780480.0,0.0,0.0,25005318.78911174,-1.1641532182693481e-9 
 01/27  11:00:00,5312364.595639936,4175820.0,1136544.5956399357,0.0,0.0,0.0,575820.0,0.0,0.0,25459183.2451836,-2.7939677238464355e-9 
 01/27  12:00:00,5267904.595639936,4131360.0,1136544.5956399357,0.0,0.0,0.0,531360.0,0.0,0.0,23477000.15418134,1.862645149230957e-9 
 01/27  13:00:00,5267904.595639936,4131360.0,1136544.5956399357,0.0,0.0,0.0,531360.0,0.0,0.0,21146474.248032726,-2.7939677238464355e-9 
 01/27  14:00:00,5267904.595639936,4131360.0,1136544.5956399357,0.0,0.0,0.0,531360.0,0.0,0.0,20654423.083819594,-2.3283064365386963e-9 
 01/27  15:00:00,5267904.595639936,4131360.0,1136544.5956399357,0.0,0.0,0.0,531360.0,0.0,0.0,20524544.552811474,-5.3551048040390015e-9 
 01/27  16:00:00,5267904.595639936,4131360.0,1136544.5956399357,0.0,0.0,0.0,531360.0,0.0,0.0,23860402.350191265,-3.4924596548080444e-9 
 01/27  17:00:00,5267904.595639936,4131360.0,1136544.5956399357,0.0,0.0,0.0,531360.0,0.0,0.0,19650942.250001237,-3.259629011154175e-9 
 01/27  18:00:00,5786844.595639936,4650300.0,1136544.5956399357,0.0,0.0,0.0,1050300.0,0.0,0.0,12618309.839413844,-2.7939677238464355e-9 
 01/27  19:00:00,6086544.595639936,4950000.0,1136544.5956399357,0.0,0.0,0.0,1350000.0,0.0,0.0,0.0,-2.7939677238464355e-9 
 01/27  20:00:00,6086544.595639936,4950000.0,1136544.5956399357,0.0,0.0,0.0,1350000.0,0.0,0.0,0.0,-2.0954757928848267e-9 
 01/27  21:00:00,6086544.595639936,4950000.0,1136544.5956399357,0.0,0.0,0.0,1350000.0,0.0,0.0,0.0,-4.6566128730773926e-9 
 01/27  22:00:00,6086544.595639936,4950000.0,1136544.5956399357,0.0,0.0,0.0,1350000.0,0.0,0.0,0.0,1.1641532182693481e-9 
 01/27  23:00:00,6086544.595639936,4950000.0,1136544.5956399357,0.0,0.0,0.0,1350000.0,0.0,0.0,0.0,-3.259629011154175e-9 
 01/27  24:00:00,6086544.595639936,4950000.0,1136544.5956399357,0.0,0.0,0.0,1350000.0,0.0,0.0,0.0,-5.820766091346741e-10 
 01/28  01:00:00,2846544.5956399357,1710000.0,1136544.5956399357,0.0,0.0,0.0,1350000.0,0.0,0.0,0.0,-1.862645149230957e-9 
 01/28  02:00:00,2846544.5956399357,1710000.0,1136544.5956399357,0.0,0.0,0.0,1350000.0,0.0,0.0,0.0,2.6193447411060333e-9 
 01/28  03:00:00,2846544.5956399357,1710000.0,1136544.5956399357,0.0,0.0,0.0,1350000.0,0.0,0.0,0.0,6.402842700481415e-10 
 01/28  04:00:00,2846544.5956399357,1710000.0,1136544.5956399357,0.0,0.0,0.0,1350000.0,0.0,0.0,0.0,-2.0954757928848267e-9 
 01/28  05:00:00,2846544.5956399357,1710000.0,1136544.5956399357,0.0,0.0,0.0,1350000.0,0.0,0.0,0.0,-2.6193447411060333e-9 
 01/28  06:00:00,2846544.5956399357,1710000.0,1136544.5956399357,0.0,0.0,0.0,1350000.0,0.0,0.0,0.0,1.775333657860756e-9 
 01/28  07:00:00,10500792.581787769,1710000.0,1136544.5956399357,7654247.986147834,6780133.14538358,0.0,1350000.0,5114563.104250031,5114563.104250031,135770.66957440402,-2.4301698431372643e-9 
 01/28  08:00:00,11271758.677253224,1686240.0,1136544.5956399357,8448974.081613287,7536064.716546752,0.0,1326240.0,5106169.066611871,5106169.066611871,4806662.1898951065,-1.0331859812140465e-9 
 01/28  09:00:00,36350014.412288055,25732800.0,1144296.7220845744,9472917.690203479,8441399.393283378,0.0,18532800.0,4636196.103224243,4636196.103224243,20379997.522450514,-2.2118911147117615e-9 
 01/28  10:00:00,42737448.728906594,31480560.0,1219135.7535240115,10037752.975382583,8951915.93092254,0.0,15280560.0,1055656.4895250453,1055656.4895250453,26004916.579665806,-3.725290298461914e-9 
 01/28  11:00:00,44313205.650087945,31334400.0,1431329.4397929767,11547476.210294975,10438541.559112804,0.0,15134400.0,0.0,0.0,26761552.054616906,-5.3551048040390015e-9 
 01/28  12:00:00,40800997.63141904,27140580.0,1526625.5896138204,12133792.041805223,11056059.042133106,0.0,10940580.0,0.0,0.0,23818992.483616613,-4.423782229423523e-9 
 01/28  13:00:00,37623638.96085726,24701760.0,1415303.7306092912,11506575.230247963,10450785.106277272,0.0,8501760.0,0.0,0.0,20505910.827614646,-3.259629011154175e-9 
 01/28  14:00:00,39907990.88869719,25764480.0,1633832.4537491228,12509678.434948072,11469270.814996893,0.0,9564480.0,0.0,0.0,19835081.337195903,-1.3969838619232178e-9 
 01/28  15:00:00,39644160.208511174,25027200.0,1707536.9121919326,12909423.296319243,11867439.924660811,0.0,10627200.0,0.0,0.0,20859445.783951964,-5.820766091346741e-9 
 01/28  16:00:00,36774027.13591865,23227200.0,1550486.9135132257,11996340.222405415,10971205.022221263,0.0,10627200.0,0.0,0.0,18268468.45104577,-3.026798367500305e-9 
 01/28  17:00:00,35843809.10133432,24073200.0,1329923.892593156,10440685.20874117,9420043.825400988,0.0,15073200.0,0.0,0.0,11891611.273965959,-1.1641532182693481e-9 
 01/28  18:00:00,42367830.477776766,31370400.0,1301504.783974573,9695925.693802187,8712305.519536745,0.0,22370400.0,0.0,0.0,10801225.334194949,-3.958120942115784e-9 
 01/28  19:00:00,31045008.35271563,21600000.0,1136544.5956399357,8308463.757075695,7291901.453884023,0.0,16200000.0,5312239.962389058,5312239.962389058,0.0,-2.561137080192566e-9 
 01/28  20:00:00,19963461.16509817,10800000.0,1136544.5956399357,8026916.569458232,7077731.2579274755,0.0,5400000.0,5178391.9544193875,5178391.9544193875,0.0,-3.6088749766349792e-9 
 01/28  21:00:00,6896544.595639936,5760000.0,1136544.5956399357,0.0,0.0,0.0,5400000.0,0.0,0.0,0.0,-3.14321368932724e-9 
 01/28  22:00:00,2846544.5956399357,1710000.0,1136544.5956399357,0.0,0.0,0.0,1350000.0,0.0,0.0,0.0,-1.1641532182693481e-9 
 01/28  23:00:00,2846544.5956399357,1710000.0,1136544.5956399357,0.0,0.0,0.0,1350000.0,0.0,0.0,0.0,-3.2014213502407074e-9 
 01/28  24:00:00,2846544.5956399357,1710000.0,1136544.5956399357,0.0,0.0,0.0,1350000.0,0.0,0.0,0.0,-9.313225746154785e-10 
 01/29  01:00:00,2846544.5956399357,1710000.0,1136544.5956399357,0.0,0.0,0.0,1350000.0,0.0,0.0,0.0,-4.0745362639427185e-9 
 01/29  02:00:00,2846544.5956399357,1710000.0,1136544.5956399357,0.0,0.0,0.0,1350000.0,0.0,0.0,0.0,-8.731149137020111e-10 
 01/29  03:00:00,2846544.5956399357,1710000.0,1136544.5956399357,0.0,0.0,0.0,1350000.0,0.0,0.0,0.0,2.9103830456733704e-10 
 01/29  04:00:00,2846544.5956399357,1710000.0,1136544.5956399357,0.0,0.0,0.0,1350000.0,0.0,0.0,0.0,4.0745362639427185e-10 
 01/29  05:00:00,2846544.5956399357,1710000.0,1136544.5956399357,0.0,0.0,0.0,1350000.0,0.0,0.0,0.0,-1.862645149230957e-9 
 01/29  06:00:00,2846544.5956399357,1710000.0,1136544.5956399357,0.0,0.0,0.0,1350000.0,0.0,0.0,0.0,-2.764863893389702e-9 
 01/29  07:00:00,10988524.289789725,1710000.0,1136544.5956399357,8141979.69414979,7250702.377169111,0.0,1350000.0,5057929.387596592,5057929.387596592,0.0,2.6193447411060333e-10 
 01/29  08:00:00,11974523.188446432,1686240.0,1136544.5956399357,9151738.592806498,8149369.432592705,0.0,1326240.0,5030107.19932811,5030107.19932811,3345366.305964187,-2.6338966563344e-9 
 01/29  09:00:00,35905340.06526688,24504840.0,1137181.466896188,10263318.598370688,9124320.755748192,0.0,17304840.0,5005562.965828797,5005562.965828797,16883877.189301267,8.149072527885437e-10 
 01/29  10:00:00,42393622.66440962,30126240.0,1192210.470743053,11075172.193666574,9854293.018772598,0.0,13926240.0,1979166.3677305747,1979166.3677305747,22252581.718523268,-5.9371814131736755e-9 
 01/29  11:00:00,40401762.27225776,26827200.0,1371958.1949984916,12202604.077259274,10972499.527655516,0.0,10627200.0,0.0,0.0,24402734.620439842,-2.7939677238464355e-9 
 01/29  12:00:00,40633140.38974996,26295840.0,1489554.3363454854,12847746.053404476,11658051.95551586,0.0,10095840.0,0.0,0.0,23766328.431648813,-3.958120942115784e-9 
 01/29  13:00:00,38286149.19158596,24701760.0,1379801.5097632888,12204587.681822672,11040104.138593055,0.0,8501760.0,0.0,0.0,21348977.98266442,-1.1641532182693481e-9 
 01/29  14:00:00,40811358.26420969,25764480.0,1633768.477802595,13413109.786407093,12269231.911889318,0.0,9564480.0,0.0,0.0,21586996.339939088,-2.0954757928848267e-9 
 01/29  15:00:00,40560974.7967294,25027200.0,1726493.6465804398,13807281.150148958,12676179.333138628,0.0,10627200.0,0.0,0.0,21537716.465420984,-3.259629011154175e-9 
 01/29  16:00:00,37837175.97637128,23227200.0,1616590.6079176962,12993385.368453583,11901203.285325706,0.0,10627200.0,0.0,0.0,21507846.89971712,-4.889443516731262e-9 
 01/29  17:00:00,33357430.966834314,20516400.0,1399151.9464152083,11441879.020419108,10375422.328017807,0.0,11516400.0,0.0,0.0,18669663.727863796,-6.752088665962219e-9 
 01/29  18:00:00,45219418.04557162,33685200.0,1306581.6163573074,10227636.429214314,9190346.552290637,0.0,24685200.0,0.0,0.0,4939795.525534268,-7.916241884231567e-9 
 01/29  19:00:00,31455485.10935266,21600000.0,1136544.5956399357,8718940.513712723,7649475.715995074,0.0,16200000.0,5309048.648138805,5309048.648138805,0.0,-9.313225746154785e-10 
 01/29  20:00:00,20212327.706975847,10800000.0,1136544.5956399357,8275783.111335913,7292701.356760081,0.0,5400000.0,5177557.300571455,5177557.300571455,0.0,-5.3551048040390015e-9 
 01/29  21:00:00,6896544.595639936,5760000.0,1136544.5956399357,0.0,0.0,0.0,5400000.0,0.0,0.0,0.0,-1.6298145055770874e-9 
 01/29  22:00:00,2846544.5956399357,1710000.0,1136544.5956399357,0.0,0.0,0.0,1350000.0,0.0,0.0,0.0,1.1641532182693481e-10 
 01/29  23:00:00,2846544.5956399357,1710000.0,1136544.5956399357,0.0,0.0,0.0,1350000.0,0.0,0.0,0.0,-2.3865140974521637e-9 
 01/29  24:00:00,2846544.5956399357,1710000.0,1136544.5956399357,0.0,0.0,0.0,1350000.0,0.0,0.0,0.0,-2.6775524020195007e-9 
 01/30  01:00:00,2846544.5956399357,1710000.0,1136544.5956399357,0.0,0.0,0.0,1350000.0,0.0,0.0,0.0,-4.307366907596588e-9 
 01/30  02:00:00,2846544.5956399357,1710000.0,1136544.5956399357,0.0,0.0,0.0,1350000.0,0.0,0.0,0.0,4.0745362639427185e-10 
 01/30  03:00:00,2846544.5956399357,1710000.0,1136544.5956399357,0.0,0.0,0.0,1350000.0,0.0,0.0,0.0,1.1059455573558807e-9 
 01/30  04:00:00,2846544.5956399357,1710000.0,1136544.5956399357,0.0,0.0,0.0,1350000.0,0.0,0.0,0.0,-7.566995918750763e-10 
 01/30  05:00:00,2846544.5956399357,1710000.0,1136544.5956399357,0.0,0.0,0.0,1350000.0,0.0,0.0,0.0,2.4156179279088974e-9 
 01/30  06:00:00,2846544.5956399357,1710000.0,1136544.5956399357,0.0,0.0,0.0,1350000.0,0.0,0.0,0.0,1.8335413187742233e-9 
 01/30  07:00:00,11078581.764515892,1710000.0,1136544.5956399357,8232037.168875956,7330495.936512246,0.0,1350000.0,5058160.42819947,5058160.42819947,175422.17266911874,4.511093720793724e-10 
 01/30  08:00:00,12198252.061734183,1686240.0,1136544.5956399357,9375467.466094246,8347395.881140593,0.0,1326240.0,5034148.35545304,5034148.35545304,4341925.988189135,-7.275957614183426e-10 
 01/30  09:00:00,37185329.41781455,25305120.0,1141048.3989773546,10739161.018837195,9546070.18457826,0.0,18105120.0,4768254.706371997,4768254.706371997,18697853.652143076,2.3283064365386963e-10 
 01/30  10:00:00,44492987.62546851,31480560.0,1219758.5969436043,11792669.028524905,10497314.284268744,0.0,15280560.0,1083653.5996617575,1083653.5996617575,25979219.10052097,-3.725290298461914e-9 
 01/30  11:00:00,44692748.86441088,29556000.0,1442034.5512655417,13694714.313145332,12352635.829783272,0.0,13356000.0,0.0,0.0,26671155.525800154,-5.3551048040390015e-9 
 01/30  12:00:00,42725920.03851046,26295840.0,1588922.761162687,14841157.277347777,13504482.29384735,0.0,10095840.0,0.0,0.0,23898096.206198033,-1.1641532182693481e-9 
 01/30  13:00:00,40403692.98110998,24701760.0,1456834.6465387165,14245098.334571257,12926694.842021622,0.0,8501760.0,0.0,0.0,21224045.345485512,-8.847564458847046e-9 
 01/30  14:00:00,42559560.731281415,25764480.0,1660994.6345984288,15134086.096682986,13835705.67347803,0.0,9564480.0,0.0,0.0,19477298.171624567,-5.820766091346741e-9 
 01/30  15:00:00,41957346.94839191,25027200.0,1689026.6752732745,15241120.273118634,13948370.579571169,0.0,10627200.0,0.0,0.0,18562634.26350765,6.984919309616089e-10 
 01/30  16:00:00,39082957.32244772,23227200.0,1576485.680042926,14279271.64240479,13021152.336392583,0.0,10627200.0,0.0,0.0,20453800.333056647,-4.889443516731262e-9 
 01/30  17:00:00,34458191.23203076,20516400.0,1372325.2341489368,12569465.997881822,11323594.34627804,0.0,11516400.0,0.0,0.0,18300841.10269967,-5.122274160385132e-9 
 01/30  18:00:00,44264206.643258244,31370400.0,1319493.5056808186,11574313.137577418,10371920.735270435,0.0,22370400.0,0.0,0.0,10303893.045406187,-7.2177499532699585e-9 
 01/30  19:00:00,32542769.166943047,21600000.0,1136544.5956399357,9806224.57130311,8606515.807544068,0.0,16200000.0,5297846.847190516,5297846.847190516,0.0,6.984919309616089e-10 
 01/30  20:00:00,20969770.77025841,10800000.0,1136544.5956399357,9033226.174618475,7966250.609307361,0.0,5400000.0,5172188.609690544,5172188.609690544,0.0,-3.6088749766349792e-9 
 01/30  21:00:00,6896544.595639936,5760000.0,1136544.5956399357,0.0,0.0,0.0,5400000.0,0.0,0.0,0.0,-2.561137080192566e-9 
 01/30  22:00:00,2846544.5956399357,1710000.0,1136544.5956399357,0.0,0.0,0.0,1350000.0,0.0,0.0,0.0,-3.4924596548080444e-9 
 01/30  23:00:00,2846544.5956399357,1710000.0,1136544.5956399357,0.0,0.0,0.0,1350000.0,0.0,0.0,0.0,-1.1641532182693481e-10 
 01/30  24:00:00,2846544.5956399357,1710000.0,1136544.5956399357,0.0,0.0,0.0,1350000.0,0.0,0.0,0.0,2.3283064365386963e-10 
 01/31  01:00:00,2846544.5956399357,1710000.0,1136544.5956399357,0.0,0.0,0.0,1350000.0,0.0,0.0,0.0,-3.026798367500305e-9 
 01/31  02:00:00,2846544.5956399357,1710000.0,1136544.5956399357,0.0,0.0,0.0,1350000.0,0.0,0.0,0.0,-9.313225746154785e-10 
 01/31  03:00:00,2846544.5956399357,1710000.0,1136544.5956399357,0.0,0.0,0.0,1350000.0,0.0,0.0,0.0,1.1641532182693481e-10 
 01/31  04:00:00,2846544.5956399357,1710000.0,1136544.5956399357,0.0,0.0,0.0,1350000.0,0.0,0.0,0.0,8.731149137020111e-11 
 01/31  05:00:00,2846544.5956399357,1710000.0,1136544.5956399357,0.0,0.0,0.0,1350000.0,0.0,0.0,0.0,4.540197551250458e-9 
 01/31  06:00:00,2846544.5956399357,1710000.0,1136544.5956399357,0.0,0.0,0.0,1350000.0,0.0,0.0,0.0,-3.841705620288849e-9 
 01/31  07:00:00,10882082.599580256,1710000.0,1136544.5956399357,8035538.003940321,7158461.656506161,0.0,1350000.0,5043818.123941238,5043818.123941238,40245.69196711804,-1.0913936421275139e-9 
 01/31  08:00:00,11811864.436217116,1710000.0,1136544.5956399357,8965319.840577181,7985801.817190213,0.0,1350000.0,5025238.120694886,5025238.120694886,3063613.5087814564,1.0186340659856796e-9 
 01/31  09:00:00,36265813.108203314,24932520.0,1136544.5956399357,10196748.512563381,9064336.780229354,0.0,17732520.0,5024340.503091014,5024340.503091014,15821877.51627166,-1.5133991837501526e-9 
 01/31  10:00:00,43006764.30681619,30577680.0,1194354.601937965,11234729.704878222,9990598.671568919,0.0,14377680.0,1952033.0720717167,1952033.0720717167,23906932.65534441,0.0 
 01/31  11:00:00,41781004.4385255,27716400.0,1355877.2963393242,12708727.142186172,11402500.586634051,0.0,11516400.0,0.0,0.0,25668429.56940023,-4.423782229423523e-9 
 01/31  12:00:00,41731635.59656521,26295840.0,1489046.8591714583,13946748.737393748,12628887.314255333,0.0,10095840.0,0.0,0.0,23954540.377275907,-3.958120942115784e-9 
 01/31  13:00:00,39668017.31384565,24701760.0,1408050.3026604343,13558207.011185225,12263741.590014493,0.0,8501760.0,0.0,0.0,21454004.047609657,-5.122274160385132e-9 
 01/31  14:00:00,41968862.361176744,25764480.0,1658417.2595733572,14545965.101603393,13297660.716795702,0.0,9564480.0,0.0,0.0,20677198.13849102,-2.0954757928848267e-9 
 01/31  15:00:00,41031984.410064235,25027200.0,1686743.8350637248,14318040.575000511,13116024.92724948,0.0,10627200.0,0.0,0.0,18364290.610985033,-3.026798367500305e-9 
 01/31  16:00:00,37458914.77159852,23227200.0,1508760.9355275608,12722953.836070957,11591054.637558537,0.0,10627200.0,0.0,0.0,16208992.801970376,-9.313225746154785e-10 
 01/31  17:00:00,37109667.676950336,24962400.0,1306075.3873001896,10841192.289650142,9734721.327066712,0.0,15962400.0,0.0,0.0,11166940.154899836,-6.984919309616089e-9 
 01/31  18:00:00,46146309.723905504,35049600.0,1247244.2393893981,9849465.484516101,8752536.103124121,0.0,26049600.0,0.0,0.0,3321717.441661559,-2.7939677238464355e-9 
 01/31  19:00:00,31628849.763939742,21600000.0,1136544.5956399357,8892305.168299805,7791802.0489674825,0.0,16200000.0,5296684.704174923,5296684.704174923,0.0,-9.313225746154785e-10 
 01/31  20:00:00,20427401.514118828,10800000.0,1136544.5956399357,8490856.918478888,7481657.420764489,0.0,5400000.0,5172611.937881995,5172611.937881995,0.0,-3.958120942115784e-9 
 01/31  21:00:00,6896544.595639936,5760000.0,1136544.5956399357,0.0,0.0,0.0,5400000.0,0.0,0.0,0.0,1.5133991837501526e-9 
 01/31  22:00:00,2846544.5956399357,1710000.0,1136544.5956399357,0.0,0.0,0.0,1350000.0,0.0,0.0,0.0,2.7939677238464355e-9 
 01/31  23:00:00,2846544.5956399357,1710000.0,1136544.5956399357,0.0,0.0,0.0,1350000.0,0.0,0.0,0.0,-1.3969838619232178e-9 
 01/31  24:00:00,2846544.5956399357,1710000.0,1136544.5956399357,0.0,0.0,0.0,1350000.0,0.0,0.0,0.0,8.731149137020111e-10 
 07/01  01:00:00,1710000.0,1710000.0,0.0,0.0,0.0,0.0,1350000.0,0.0,0.0,0.0,1.2223608791828156e-9 
 07/01  02:00:00,1710000.0,1710000.0,0.0,0.0,0.0,0.0,1350000.0,0.0,0.0,0.0,-4.016328603029251e-9 
 07/01  03:00:00,1710000.0,1710000.0,0.0,0.0,0.0,0.0,1350000.0,0.0,0.0,0.0,-3.14321368932724e-9 
 07/01  04:00:00,1710000.0,1710000.0,0.0,0.0,0.0,0.0,1350000.0,0.0,0.0,0.0,-3.4924596548080444e-9 
 07/01  05:00:00,1710000.0,1710000.0,0.0,0.0,0.0,0.0,1350000.0,0.0,0.0,0.0,4.656612873077393e-10 
 07/01  06:00:00,1710000.0,1710000.0,0.0,0.0,0.0,0.0,1350000.0,0.0,0.0,0.0,2.0372681319713593e-9 
 07/01  07:00:00,18043418.277870048,1710000.0,1136544.5956399357,15196873.682230115,13374296.973413792,0.0,1350000.0,0.0,0.0,3533221.508329469,-1.1059455573558807e-9 
 07/01  08:00:00,18227326.6670431,1481580.0,1136544.5956399357,15609202.071403163,13827537.341556227,0.0,1121580.0,0.0,0.0,19740343.773817573,5.820766091346741e-11 
 07/01  09:00:00,40173553.90166835,22476600.0,1149353.539519892,16547600.362148445,14725099.234804623,0.0,15276600.0,0.0,0.0,29728209.82999305,-9.313225746154785e-10 
 07/01  10:00:00,54931594.4897321,33170040.0,1353969.267273884,20407585.22245822,18540888.153858185,0.0,16970040.0,0.0,0.0,23827174.47693853,-2.561137080192566e-9 
 07/01  11:00:00,52897524.59812318,27716400.0,1537814.1098869336,23643310.488236252,21727800.832955286,0.0,11516400.0,0.0,0.0,29446580.996219713,-1.0477378964424133e-9 
 07/01  12:00:00,51647347.089510396,26295840.0,1520498.612995988,23831008.476514403,21903687.412204657,0.0,10095840.0,0.0,0.0,27368572.283586916,-4.889443516731262e-9 
 07/01  13:00:00,49011075.63671276,24701760.0,1392288.8737585656,22917026.76295419,20989705.698644444,0.0,8501760.0,0.0,0.0,26506435.669782497,-5.587935447692871e-9 
 07/01  14:00:00,52495017.15311183,25764480.0,1548649.4793146928,25181887.67379714,23254566.609487392,0.0,9564480.0,0.0,0.0,26020268.63349122,-2.561137080192566e-9 
 07/01  15:00:00,53046315.776066065,25027200.0,1602338.5180750338,26416777.257991042,24489456.193681292,0.0,10627200.0,0.0,0.0,26875637.980080865,-9.080395102500916e-9 
 07/01  16:00:00,49897690.88511176,23227200.0,1525827.1030725124,25144663.782039247,23217342.717729498,0.0,10627200.0,0.0,0.0,23286464.604591206,-4.6566128730773926e-9 
 07/01  17:00:00,42913800.85718104,19627200.0,1383587.261478868,21903013.59570218,19975692.531392433,0.0,10627200.0,0.0,0.0,21427854.57986333,-3.026798367500305e-9 
 07/01  18:00:00,40775372.814103976,21052800.0,1293873.4416383675,18428699.37246561,16501378.308155864,0.0,12052800.0,0.0,0.0,11362746.896043435,-6.984919309616089e-9 
 07/01  19:00:00,36382328.396184385,21600000.0,1138754.3778133607,13643574.01837103,11738407.710966412,0.0,16200000.0,364445.0312339408,364445.0312339408,1021323.786352561,-6.51925802230835e-9 
 07/01  20:00:00,24514422.214439884,10800000.0,1136544.5956399357,12577877.618799947,10759581.814338893,0.0,5400000.0,499035.40406869876,499035.40406869876,0.0,-1.1641532182693481e-10 
 07/01  21:00:00,5760000.0,5760000.0,0.0,0.0,0.0,0.0,5400000.0,0.0,0.0,0.0,-2.444721758365631e-9 
 07/01  22:00:00,1710000.0,1710000.0,0.0,0.0,0.0,0.0,1350000.0,0.0,0.0,0.0,-2.561137080192566e-9 
 07/01  23:00:00,1710000.0,1710000.0,0.0,0.0,0.0,0.0,1350000.0,0.0,0.0,0.0,-2.9103830456733704e-9 
 07/01  24:00:00,1710000.0,1710000.0,0.0,0.0,0.0,0.0,1350000.0,0.0,0.0,0.0,-1.862645149230957e-9 
 07/02  01:00:00,1710000.0,1710000.0,0.0,0.0,0.0,0.0,1350000.0,0.0,0.0,0.0,-2.735760062932968e-9 
 07/02  02:00:00,1710000.0,1710000.0,0.0,0.0,0.0,0.0,1350000.0,0.0,0.0,0.0,-1.280568540096283e-9 
 07/02  03:00:00,1710000.0,1710000.0,0.0,0.0,0.0,0.0,1350000.0,0.0,0.0,0.0,1.3387762010097504e-9 
 07/02  04:00:00,1710000.0,1710000.0,0.0,0.0,0.0,0.0,1350000.0,0.0,0.0,0.0,-2.3283064365386963e-10 
 07/02  05:00:00,1710000.0,1710000.0,0.0,0.0,0.0,0.0,1350000.0,0.0,0.0,0.0,5.820766091346741e-10 
 07/02  06:00:00,1710000.0,1710000.0,0.0,0.0,0.0,0.0,1350000.0,0.0,0.0,53576.53520387532,2.852175384759903e-9 
 07/02  07:00:00,16052080.908291077,1710000.0,1136544.5956399357,13205536.31265114,11444983.608477253,0.0,1350000.0,460289.21266237594,460289.21266237594,5821760.496883737,-6.402842700481415e-10 
 07/02  08:00:00,16838393.001071937,1437120.0,1136544.5956399357,14264728.405431999,12538780.063092645,0.0,1077120.0,116766.46561318831,116766.46561318831,27777235.563029222,-8.731149137020111e-10 
 07/02  09:00:00,39663283.96660209,22476600.0,1182661.950625381,16004022.015976705,14234643.115934813,0.0,15276600.0,0.0,0.0,36387792.31124741,-2.561137080192566e-9 
 07/02  10:00:00,54064883.697853036,30126240.0,1505022.0950292847,22433621.602823757,20597024.805057015,0.0,13926240.0,0.0,0.0,34393792.38098291,-5.704350769519806e-9 
 07/02  11:00:00,54339474.78672158,26827200.0,1656240.391575456,25856034.39514612,23952140.75614129,0.0,10627200.0,0.0,0.0,29734637.743672863,-7.450580596923828e-9 
 07/02  12:00:00,54655940.307896346,26295840.0,1582244.1386052782,26777856.169291064,24850535.10498131,0.0,10095840.0,0.0,0.0,25097733.42803788,-3.725290298461914e-9 
 07/02  13:00:00,50902461.12020997,24701760.0,1419065.7736274102,24781635.34658257,22854314.282272816,0.0,8501760.0,0.0,0.0,23681696.977903873,-3.4924596548080444e-9 
 07/02  14:00:00,53441614.257238396,25764480.0,1594399.2353519422,26082735.021886457,24155413.95757671,0.0,9564480.0,0.0,0.0,24895657.505436003,-5.587935447692871e-9 
 07/02  15:00:00,51594481.83813874,25027200.0,1639110.8886125856,24928170.949526154,23000849.885216407,0.0,10627200.0,0.0,0.0,23994459.615018312,-3.725290298461914e-9 
 07/02  16:00:00,47170740.69393921,23227200.0,1493723.026792498,22449817.66714672,20522496.60283697,0.0,10627200.0,0.0,0.0,17905038.91598004,-4.6566128730773926e-9 
 07/02  17:00:00,47460676.387618735,26863200.0,1323915.247511418,19273561.14010731,17346240.075797565,0.0,17863200.0,0.0,0.0,10642986.280698612,-4.423782229423523e-9 
 07/02  18:00:00,45250339.178589,25682400.0,1256316.4758098368,18311622.70277917,16384301.63846942,0.0,16682400.0,0.0,0.0,7106662.7793619875,1.1641532182693481e-9 
 07/02  19:00:00,37945010.84146947,21600000.0,1136962.860792819,15208047.980676651,13280726.916366903,0.0,16200000.0,0.0,0.0,840628.7010327373,-4.423782229423523e-9 
 07/02  20:00:00,27476157.42365335,10800000.0,1136544.5956399357,15539612.828013409,13612291.763703663,0.0,5400000.0,0.0,0.0,0.0,-2.6775524020195007e-9 
 07/02  21:00:00,5760000.0,5760000.0,0.0,0.0,0.0,0.0,5400000.0,0.0,0.0,0.0,-5.820766091346741e-9 
 07/02  22:00:00,1710000.0,1710000.0,0.0,0.0,0.0,0.0,1350000.0,0.0,0.0,0.0,-4.773028194904327e-9 
 07/02  23:00:00,1710000.0,1710000.0,0.0,0.0,0.0,0.0,1350000.0,0.0,0.0,0.0,-8.149072527885437e-10 
 07/02  24:00:00,1710000.0,1710000.0,0.0,0.0,0.0,0.0,1350000.0,0.0,0.0,0.0,-3.6088749766349792e-9 
 07/03  01:00:00,1710000.0,1710000.0,0.0,0.0,0.0,0.0,1350000.0,0.0,0.0,0.0,8.731149137020111e-10 
 07/03  02:00:00,1710000.0,1710000.0,0.0,0.0,0.0,0.0,1350000.0,0.0,0.0,0.0,-1.6298145055770874e-9 
 07/03  03:00:00,1710000.0,1710000.0,0.0,0.0,0.0,0.0,1350000.0,0.0,0.0,0.0,1.0477378964424133e-9 
 07/03  04:00:00,1710000.0,1710000.0,0.0,0.0,0.0,0.0,1350000.0,0.0,0.0,0.0,-2.9103830456733704e-9 
 07/03  05:00:00,1710000.0,1710000.0,0.0,0.0,0.0,0.0,1350000.0,0.0,0.0,0.0,-2.0954757928848267e-9 
 07/03  06:00:00,1710000.0,1710000.0,0.0,0.0,0.0,0.0,1350000.0,0.0,0.0,0.0,-9.313225746154785e-10 
 07/03  07:00:00,18485925.716231268,1710000.0,1136544.5956399357,15639381.120591331,13784127.84760375,0.0,1350000.0,0.0,0.0,476771.8837513148,-1.367880031466484e-9 
 07/03  08:00:00,19484537.38762059,1710000.0,1136544.5956399357,16637992.79198065,14822272.991262529,0.0,1350000.0,0.0,0.0,5084189.074655968,-1.57160684466362e-9 
 07/03  09:00:00,43737686.15382622,24932520.0,1136544.5956399357,17668621.558186278,15822053.918018121,0.0,17732520.0,0.0,0.0,20071717.77425388,-2.0954757928848267e-9 
 07/03  10:00:00,52172415.62070627,30126240.0,1298265.2131334445,20747910.40757282,18856931.078242708,0.0,13926240.0,0.0,0.0,32383524.794797536,-6.51925802230835e-9 
 07/03  11:00:00,56046764.2062545,30384000.0,1522155.126384226,24140609.079870272,22219739.583825115,0.0,14184000.0,0.0,0.0,29360170.08845883,-2.3283064365386963e-9 
 07/03  12:00:00,55126621.22921312,29732940.0,1504145.2726666876,23889535.956546433,21962214.892236687,0.0,13532940.0,0.0,0.0,24577607.646989547,-1.862645149230957e-9 
 07/03  13:00:00,48211420.807890534,24701760.0,1352668.8038406447,22156992.004049893,20229670.939740144,0.0,8501760.0,0.0,0.0,23389841.71754165,-4.6566128730773926e-9 
 07/03  14:00:00,52062973.42222413,25764480.0,1512380.6645447686,24786112.757679358,22858791.693369612,0.0,9564480.0,0.0,0.0,24804776.96037086,-6.28642737865448e-9 
 07/03  15:00:00,53100826.246257745,25027200.0,1575344.3642567226,26498281.882001024,24570960.817691274,0.0,10627200.0,0.0,0.0,23426950.702141527,-3.4924596548080444e-9 
 07/03  16:00:00,51255052.63108966,23227200.0,1556148.252922085,26471704.378167577,24544383.31385783,0.0,10627200.0,0.0,0.0,26287888.047638338,-4.190951585769653e-9 
 07/03  17:00:00,44818939.450892,19627200.0,1403110.50682848,23788628.944063522,21861307.879753776,0.0,10627200.0,0.0,0.0,20974422.723711148,-5.587935447692871e-9 
 07/03  18:00:00,43968156.32001004,21052800.0,1317904.6764375665,21597451.64357248,19670130.579262733,0.0,12052800.0,0.0,0.0,12142766.041376812,-7.916241884231567e-9 
 07/03  19:00:00,39346785.46648361,21600000.0,1142546.3564865515,16604239.109997058,14676918.045687307,0.0,16200000.0,0.0,0.0,1423723.2077196343,-2.0954757928848267e-9 
 07/03  20:00:00,27841815.715129703,10800000.0,1136544.5956399357,15905271.119489767,13977950.055180019,0.0,5400000.0,0.0,0.0,0.0,-1.3969838619232178e-9 
 07/03  21:00:00,5760000.0,5760000.0,0.0,0.0,0.0,0.0,5400000.0,0.0,0.0,0.0,-9.313225746154785e-10 
 07/03  22:00:00,1710000.0,1710000.0,0.0,0.0,0.0,0.0,1350000.0,0.0,0.0,0.0,-1.280568540096283e-9 
 07/03  23:00:00,1710000.0,1710000.0,0.0,0.0,0.0,0.0,1350000.0,0.0,0.0,0.0,-2.3283064365386963e-9 
 07/03  24:00:00,1710000.0,1710000.0,0.0,0.0,0.0,0.0,1350000.0,0.0,0.0,0.0,8.149072527885437e-10 
 07/04  01:00:00,1710000.0,1710000.0,0.0,0.0,0.0,0.0,1350000.0,0.0,0.0,0.0,7.566995918750763e-10 
 07/04  02:00:00,1710000.0,1710000.0,0.0,0.0,0.0,0.0,1350000.0,0.0,0.0,0.0,1.1641532182693481e-10 
 07/04  03:00:00,1710000.0,1710000.0,0.0,0.0,0.0,0.0,1350000.0,0.0,0.0,0.0,-1.280568540096283e-9 
 07/04  04:00:00,1710000.0,1710000.0,0.0,0.0,0.0,0.0,1350000.0,0.0,0.0,0.0,-1.3969838619232178e-9 
 07/04  05:00:00,1710000.0,1710000.0,0.0,0.0,0.0,0.0,1350000.0,0.0,0.0,0.0,-8.149072527885437e-10 
 07/04  06:00:00,1710000.0,1710000.0,0.0,0.0,0.0,0.0,1350000.0,0.0,0.0,0.0,-9.89530235528946e-10 
 07/04  07:00:00,16612492.765198074,1710000.0,1136544.5956399357,13765948.169558138,11956645.692997264,0.0,1350000.0,57180.67614544623,57180.67614544623,1980227.4215457444,4.0745362639427185e-9 
 07/04  08:00:00,16622149.182439305,1618020.0,1136544.5956399357,13867584.586799368,12107794.738694867,0.0,1258020.0,6517.3954606805955,6517.3954606805955,11168150.67982211,1.3387762010097504e-9 
 07/04  09:00:00,41648849.18384595,26160480.0,1136544.5956399357,14351824.588206016,12564833.156407893,0.0,18960480.0,0.0,0.0,19024865.726702455,-3.6088749766349792e-9 
 07/04  10:00:00,50672532.70874744,32325300.0,1256451.2462212252,17090781.462526213,15249015.68420622,0.0,16125300.0,0.0,0.0,25727614.583025876,-4.889443516731262e-9 
 07/04  11:00:00,54303669.744119704,32284800.0,1442056.1950191222,20576813.54910059,18683652.493427686,0.0,16084800.0,0.0,0.0,26547947.572971005,-5.238689482212067e-9 
 07/04  12:00:00,53757992.24572256,31480560.0,1428808.941878091,20848623.303844467,18922739.904543616,0.0,15280560.0,0.0,0.0,23607128.122322887,-6.752088665962219e-9 
 07/04  13:00:00,49220625.86800042,28687680.0,1318040.2170608228,19214905.650939595,17287584.58662985,0.0,12487680.0,0.0,0.0,23006045.152195837,-1.1641532182693481e-9 
 07/04  14:00:00,48098412.341929056,25764480.0,1449537.1136727137,20884395.228256345,18957682.157945663,0.0,9564480.0,0.0,0.0,25350358.950276,-3.958120942115784e-9 
 07/04  15:00:00,48130089.45671871,25027200.0,1471319.4669278557,21631569.989790857,19704248.92548111,0.0,10627200.0,0.0,0.0,22796759.177476376,-2.7939677238464355e-9 
 07/04  16:00:00,48089831.67387045,25894800.0,1371671.3171181874,20823360.356752273,18896039.292442527,0.0,13294800.0,0.0,0.0,15288479.092907373,-2.7939677238464355e-9 
 07/04  17:00:00,44159829.770855874,23659200.0,1267493.078185362,19233136.69267051,17305815.62836076,0.0,14659200.0,0.0,0.0,13128631.158337887,-4.6566128730773926e-9 
 07/04  18:00:00,43116561.32689567,23842800.0,1218192.1358243916,18055569.19107128,16128248.126761533,0.0,14842800.0,0.0,0.0,7801123.622830821,-5.3551048040390015e-9 
 07/04  19:00:00,38525714.94087568,21600000.0,1136544.5956399357,15789170.345235744,13861849.280925998,0.0,16200000.0,0.0,0.0,721472.3945923713,-1.862645149230957e-9 
 07/04  20:00:00,27655985.569946278,10800000.0,1136544.5956399357,15719440.974306341,13792119.909996593,0.0,5400000.0,0.0,0.0,0.0,-2.9103830456733704e-9 
 07/04  21:00:00,5760000.0,5760000.0,0.0,0.0,0.0,0.0,5400000.0,0.0,0.0,0.0,-3.3760443329811096e-9 
 07/04  22:00:00,1710000.0,1710000.0,0.0,0.0,0.0,0.0,1350000.0,0.0,0.0,0.0,9.313225746154785e-10 
 07/04  23:00:00,1710000.0,1710000.0,0.0,0.0,0.0,0.0,1350000.0,0.0,0.0,0.0,-1.3969838619232178e-9 
 07/04  24:00:00,1710000.0,1710000.0,0.0,0.0,0.0,0.0,1350000.0,0.0,0.0,0.0,-1.2223608791828156e-9 
 07/05  01:00:00,4950000.0,4950000.0,0.0,0.0,0.0,0.0,1350000.0,0.0,0.0,0.0,1.0477378964424133e-9 
 07/05  02:00:00,4950000.0,4950000.0,0.0,0.0,0.0,0.0,1350000.0,0.0,0.0,0.0,-2.9103830456733704e-10 
 07/05  03:00:00,4950000.0,4950000.0,0.0,0.0,0.0,0.0,1350000.0,0.0,0.0,0.0,-1.1641532182693481e-9 
 07/05  04:00:00,4950000.0,4950000.0,0.0,0.0,0.0,0.0,1350000.0,0.0,0.0,0.0,-3.958120942115784e-9 
 07/05  05:00:00,4950000.0,4950000.0,0.0,0.0,0.0,0.0,1350000.0,0.0,0.0,0.0,1.0477378964424133e-9 
 07/05  06:00:00,4950000.0,4950000.0,0.0,0.0,0.0,0.0,1350000.0,0.0,0.0,0.0,-1.57160684466362e-9 
 07/05  07:00:00,4950000.0,4950000.0,0.0,0.0,0.0,0.0,1350000.0,0.0,0.0,3810541.8246723474,-9.313225746154785e-10 
 07/05  08:00:00,4721580.0,4721580.0,0.0,0.0,0.0,0.0,1121580.0,0.0,0.0,20960510.561658874,2.9103830456733704e-10 
 07/05  09:00:00,4448700.0,4448700.0,0.0,0.0,0.0,0.0,848700.0,0.0,0.0,32035715.29144997,-3.3178366720676422e-9 
 07/05  10:00:00,4332960.0,4332960.0,0.0,0.0,0.0,0.0,732960.0,0.0,0.0,34237415.3907011,-4.0745362639427185e-9 
 07/05  11:00:00,4332960.0,4332960.0,0.0,0.0,0.0,0.0,732960.0,0.0,0.0,28135405.036401056,-1.5133991837501526e-9 
 07/05  12:00:00,4288500.0,4288500.0,0.0,0.0,0.0,0.0,688500.0,0.0,0.0,26243342.610685226,-5.9371814131736755e-9 
 07/05  13:00:00,4312260.0,4312260.0,0.0,0.0,0.0,0.0,712260.0,0.0,0.0,23139508.39801824,-2.3283064365386963e-9 
 07/05  14:00:00,4131360.0,4131360.0,0.0,0.0,0.0,0.0,531360.0,0.0,0.0,25369314.592635702,-6.984919309616089e-10 
 07/05  15:00:00,4131360.0,4131360.0,0.0,0.0,0.0,0.0,531360.0,0.0,0.0,19497710.895561337,-3.259629011154175e-9 
 07/05  16:00:00,4131360.0,4131360.0,0.0,0.0,0.0,0.0,531360.0,0.0,0.0,16700092.876062792,-5.587935447692871e-9 
 07/05  17:00:00,4380480.0,4380480.0,0.0,0.0,0.0,0.0,780480.0,0.0,0.0,12164361.221560374,-5.587935447692871e-9 
 07/05  18:00:00,4273920.0,4273920.0,0.0,0.0,0.0,0.0,673920.0,0.0,0.0,9474649.205987338,-7.683411240577698e-9 
 07/05  19:00:00,4905540.0,4905540.0,0.0,0.0,0.0,0.0,1305540.0,0.0,0.0,2087740.7933610377,-1.1641532182693481e-9 
 07/05  20:00:00,4950000.0,4950000.0,0.0,0.0,0.0,0.0,1350000.0,0.0,0.0,0.0,-1.6298145055770874e-9 
 07/05  21:00:00,4950000.0,4950000.0,0.0,0.0,0.0,0.0,1350000.0,0.0,0.0,0.0,2.0954757928848267e-9 
 07/05  22:00:00,4950000.0,4950000.0,0.0,0.0,0.0,0.0,1350000.0,0.0,0.0,0.0,1.1641532182693481e-10 
 07/05  23:00:00,4950000.0,4950000.0,0.0,0.0,0.0,0.0,1350000.0,0.0,0.0,0.0,1.5133991837501526e-9 
 07/05  24:00:00,4950000.0,4950000.0,0.0,0.0,0.0,0.0,1350000.0,0.0,0.0,0.0,-3.3760443329811096e-9 
 07/06  01:00:00,4950000.0,4950000.0,0.0,0.0,0.0,0.0,1350000.0,0.0,0.0,0.0,-5.9371814131736755e-9 
 07/06  02:00:00,4950000.0,4950000.0,0.0,0.0,0.0,0.0,1350000.0,0.0,0.0,0.0,-1.979060471057892e-9 
 07/06  03:00:00,4950000.0,4950000.0,0.0,0.0,0.0,0.0,1350000.0,0.0,0.0,0.0,-1.7462298274040222e-9 
 07/06  04:00:00,4950000.0,4950000.0,0.0,0.0,0.0,0.0,1350000.0,0.0,0.0,0.0,-2.9685907065868378e-9 
 07/06  05:00:00,4950000.0,4950000.0,0.0,0.0,0.0,0.0,1350000.0,0.0,0.0,0.0,1.979060471057892e-9 
 07/06  06:00:00,4950000.0,4950000.0,0.0,0.0,0.0,0.0,1350000.0,0.0,0.0,0.0,-2.0954757928848267e-9 
 07/06  07:00:00,4950000.0,4950000.0,0.0,0.0,0.0,0.0,1350000.0,0.0,0.0,1936731.4625544725,-1.3387762010097504e-9 
 07/06  08:00:00,4902480.0,4902480.0,0.0,0.0,0.0,0.0,1302480.0,0.0,0.0,10295124.200438295,-1.6880221664905548e-9 
 07/06  09:00:00,4721580.0,4721580.0,0.0,0.0,0.0,0.0,1121580.0,0.0,0.0,15856534.875260152,-2.3283064365386963e-9 
 07/06  10:00:00,4493160.0,4493160.0,0.0,0.0,0.0,0.0,893160.0,0.0,0.0,23599343.721776567,-2.7939677238464355e-9 
 07/06  11:00:00,4605840.0,4605840.0,0.0,0.0,0.0,0.0,1005840.0,0.0,0.0,19928950.579199683,-5.471520125865936e-9 
 07/06  12:00:00,4404240.0,4404240.0,0.0,0.0,0.0,0.0,804240.0,0.0,0.0,24890874.069102794,-2.7939677238464355e-9 
 07/06  13:00:00,4175820.0,4175820.0,0.0,0.0,0.0,0.0,575820.0,0.0,0.0,25677096.60517764,-1.3969838619232178e-9 
 07/06  14:00:00,4175820.0,4175820.0,0.0,0.0,0.0,0.0,575820.0,0.0,0.0,22054814.483029805,-4.190951585769653e-9 
 07/06  15:00:00,4131360.0,4131360.0,0.0,0.0,0.0,0.0,531360.0,0.0,0.0,24749342.477760833,-4.6566128730773926e-9 
 07/06  16:00:00,4131360.0,4131360.0,0.0,0.0,0.0,0.0,531360.0,0.0,0.0,21479983.244672127,-4.190951585769653e-9 
 07/06  17:00:00,4653360.0,4653360.0,0.0,0.0,0.0,0.0,1053360.0,0.0,0.0,7382225.197567647,-3.259629011154175e-9 
 07/06  18:00:00,4881780.0,4881780.0,0.0,0.0,0.0,0.0,1281780.0,0.0,0.0,3665620.170382545,-4.190951585769653e-9 
 07/06  19:00:00,4950000.0,4950000.0,0.0,0.0,0.0,0.0,1350000.0,0.0,0.0,263743.48220086226,-5.820766091346741e-10 
 07/06  20:00:00,4950000.0,4950000.0,0.0,0.0,0.0,0.0,1350000.0,0.0,0.0,0.0,-1.1641532182693481e-9 
 07/06  21:00:00,4950000.0,4950000.0,0.0,0.0,0.0,0.0,1350000.0,0.0,0.0,0.0,-2.561137080192566e-9 
 07/06  22:00:00,4950000.0,4950000.0,0.0,0.0,0.0,0.0,1350000.0,0.0,0.0,0.0,-1.0477378964424133e-9 
 07/06  23:00:00,4950000.0,4950000.0,0.0,0.0,0.0,0.0,1350000.0,0.0,0.0,0.0,-3.4924596548080444e-10 
 07/06  24:00:00,4950000.0,4950000.0,0.0,0.0,0.0,0.0,1350000.0,0.0,0.0,0.0,-1.1641532182693481e-10 
 07/07  01:00:00,1710000.0,1710000.0,0.0,0.0,0.0,0.0,1350000.0,0.0,0.0,0.0,8.149072527885437e-10 
 07/07  02:00:00,1710000.0,1710000.0,0.0,0.0,0.0,0.0,1350000.0,0.0,0.0,0.0,6.402842700481415e-10 
 07/07  03:00:00,1710000.0,1710000.0,0.0,0.0,0.0,0.0,1350000.0,0.0,0.0,0.0,-3.4924596548080444e-10 
 07/07  04:00:00,1710000.0,1710000.0,0.0,0.0,0.0,0.0,1350000.0,0.0,0.0,0.0,-2.561137080192566e-9 
 07/07  05:00:00,1710000.0,1710000.0,0.0,0.0,0.0,0.0,1350000.0,0.0,0.0,0.0,2.270098775625229e-9 
 07/07  06:00:00,1710000.0,1710000.0,0.0,0.0,0.0,0.0,1350000.0,0.0,0.0,0.0,-3.434251993894577e-9 
 07/07  07:00:00,15625682.018921627,1710000.0,1136544.5956399357,12779137.423281692,11001865.775934413,0.0,1350000.0,494926.6473710273,494926.6473710273,3159197.4891127995,1.5133991837501526e-9 
 07/07  08:00:00,15748151.05311771,1505340.0,1136544.5956399357,13106266.457477773,11364185.11914869,0.0,1145340.0,447317.6656407735,447317.6656407735,18708608.985929847,-6.402842700481415e-10 
 07/07  09:00:00,37656750.93291809,22476600.0,1147962.503010996,14032188.429907093,12262283.617440738,0.0,15276600.0,146362.63466893398,146362.63466893398,31143981.96300063,-6.752088665962219e-9 
 07/07  10:00:00,50748625.21220189,31480560.0,1349567.5836310792,17918497.62857081,16094737.046436336,0.0,15280560.0,0.0,0.0,28785293.96083647,-3.4924596548080444e-9 
 07/07  11:00:00,54623432.50202645,32284800.0,1494063.2995995658,20844569.2024269,18954663.836660728,0.0,16084800.0,0.0,0.0,24704410.327568337,-2.0954757928848267e-9 
 07/07  12:00:00,54630766.08723771,32325300.0,1458910.8844185509,20846555.20281916,18922497.36833582,0.0,16125300.0,0.0,0.0,23099575.741153076,-6.984919309616089e-9 
 07/07  13:00:00,50450133.203516275,29779200.0,1323407.3173810854,19347525.88613519,17420204.821825445,0.0,13579200.0,0.0,0.0,21144305.65489108,-3.725290298461914e-9 
 07/07  14:00:00,49271321.52890577,27365040.0,1411556.5355069977,20494724.993398774,18567403.929089025,0.0,11165040.0,0.0,0.0,20437295.213082634,-6.28642737865448e-9 
 07/07  15:00:00,47970265.83129409,25027200.0,1447454.645938031,21495611.18535606,19568290.121046312,0.0,10627200.0,0.0,0.0,23238888.604139753,-4.423782229423523e-9 
 07/07  16:00:00,45147428.04154618,23227200.0,1352694.4650646853,20567533.57648149,18640212.512171745,0.0,10627200.0,0.0,0.0,16614609.844569279,-1.1641532182693481e-9 
 07/07  17:00:00,40426345.09055343,20516400.0,1250168.1034431737,18659776.987110257,16732455.922800504,0.0,11516400.0,0.0,0.0,14271144.49537353,-9.080395102500916e-9 
 07/07  18:00:00,40648403.14146295,22478400.0,1210900.0566875977,16959103.08477536,15031782.020465612,0.0,13478400.0,0.0,0.0,9060728.56338176,-3.4924596548080444e-9 
 07/07  19:00:00,36848424.41752131,21600000.0,1136544.5956399357,14111879.821881384,12184420.26593824,0.0,16200000.0,94611.18039981087,94611.18039981087,744076.348748026,-3.725290298461914e-9 
 07/07  20:00:00,25502963.470739342,10800000.0,1136544.5956399357,13566418.875099411,11638697.272463467,0.0,5400000.0,276991.9821780954,276991.9821780954,0.0,-1.7462298274040222e-9 
 07/07  21:00:00,5760000.0,5760000.0,0.0,0.0,0.0,0.0,5400000.0,0.0,0.0,0.0,-6.984919309616089e-10 
 07/07  22:00:00,1710000.0,1710000.0,0.0,0.0,0.0,0.0,1350000.0,0.0,0.0,0.0,-1.7462298274040222e-9 
 07/07  23:00:00,1710000.0,1710000.0,0.0,0.0,0.0,0.0,1350000.0,0.0,0.0,0.0,1.57160684466362e-9 
 07/07  24:00:00,1710000.0,1710000.0,0.0,0.0,0.0,0.0,1350000.0,0.0,0.0,0.0,-1.1059455573558807e-9 
 07/08  01:00:00,1710000.0,1710000.0,0.0,0.0,0.0,0.0,1350000.0,0.0,0.0,0.0,-2.0954757928848267e-9 
 07/08  02:00:00,1710000.0,1710000.0,0.0,0.0,0.0,0.0,1350000.0,0.0,0.0,0.0,-3.3178366720676422e-9 
 07/08  03:00:00,1710000.0,1710000.0,0.0,0.0,0.0,0.0,1350000.0,0.0,0.0,0.0,-1.2223608791828156e-9 
 07/08  04:00:00,1710000.0,1710000.0,0.0,0.0,0.0,0.0,1350000.0,0.0,0.0,0.0,-1.1641532182693481e-9 
 07/08  05:00:00,1710000.0,1710000.0,0.0,0.0,0.0,0.0,1350000.0,0.0,0.0,0.0,3.3178366720676422e-9 
 07/08  06:00:00,1710000.0,1710000.0,0.0,0.0,0.0,0.0,1350000.0,0.0,0.0,0.0,-5.820766091346741e-10 
 07/08  07:00:00,15842859.671990052,1710000.0,1136544.5956399357,12996315.076350115,11215318.242275232,0.0,1350000.0,400081.53209973883,400081.53209973883,2226331.729594823,-1.775333657860756e-9 
 07/08  08:00:00,15978736.890397811,1573560.0,1136544.5956399357,13268632.294757877,11537350.691024711,0.0,1213560.0,246415.53532142538,246415.53532142538,13505134.246982358,-1.6880221664905548e-9 
 07/08  09:00:00,39636652.19550537,24504840.0,1136544.5956399357,13995267.599865438,12224040.939397492,0.0,17304840.0,28432.07532005876,28432.07532005876,24633221.75813419,-2.9103830456733704e-9 
 07/08  10:00:00,49581536.27014003,31029120.0,1283704.0968531459,17268712.173286885,15435517.096750338,0.0,14829120.0,0.0,0.0,28754851.85856667,-7.566995918750763e-9 
 07/08  11:00:00,52708681.33991622,30384000.0,1483992.2195196035,20840689.120396618,18948567.252281666,0.0,14184000.0,0.0,0.0,29656672.81012747,-1.3969838619232178e-9 
 07/08  12:00:00,52111863.234989844,29674800.0,1485508.8797607427,20951554.355229102,19034347.591681246,0.0,13474800.0,0.0,0.0,27226292.559803564,-6.05359673500061e-9 
 07/08  13:00:00,45250463.75738266,24701760.0,1355974.1319184992,19192729.625464164,17266705.36016988,0.0,8501760.0,0.0,0.0,26636994.748431005,-7.916241884231567e-9 
 07/08  14:00:00,47765792.729418114,25764480.0,1491882.855004707,20509429.8744134,18590866.995286133,0.0,9564480.0,0.0,0.0,26192694.76558531,-1.862645149230957e-9 
 07/08  15:00:00,47803640.94198557,25027200.0,1522061.8353320397,21254379.106653534,19327339.287904378,0.0,10627200.0,0.0,0.0,25025335.762574352,-3.958120942115784e-9 
 07/08  16:00:00,44995994.16072962,23227200.0,1412288.5044822714,20356505.656247348,18429184.591937598,0.0,10627200.0,0.0,0.0,19683468.52179953,-6.752088665962219e-9 
 07/08  17:00:00,39272214.69928115,19627200.0,1276846.2593762213,18368168.43990493,16440847.37559518,0.0,10627200.0,0.0,0.0,15406402.338251576,-5.122274160385132e-9 
 07/08  18:00:00,40976200.76864149,22478400.0,1227975.037294484,17269825.73134701,15342504.66703726,0.0,13478400.0,0.0,0.0,9791854.424167326,-1.862645149230957e-9 
 07/08  19:00:00,37449758.27846898,21600000.0,1136544.5956399357,14713213.682829047,12785892.618519299,0.0,16200000.0,0.0,0.0,1642964.9403896583,1.1641532182693481e-9 
 07/08  20:00:00,26318953.347745683,10800000.0,1136544.5956399357,14382408.75210575,12455087.687796002,0.0,5400000.0,0.0,0.0,0.0,-1.1641532182693481e-9 
 07/08  21:00:00,5760000.0,5760000.0,0.0,0.0,0.0,0.0,5400000.0,0.0,0.0,0.0,1.0477378964424133e-9 
 07/08  22:00:00,1710000.0,1710000.0,0.0,0.0,0.0,0.0,1350000.0,0.0,0.0,0.0,-3.3760443329811096e-9 
 07/08  23:00:00,1710000.0,1710000.0,0.0,0.0,0.0,0.0,1350000.0,0.0,0.0,0.0,1.1641532182693481e-9 
 07/08  24:00:00,1710000.0,1710000.0,0.0,0.0,0.0,0.0,1350000.0,0.0,0.0,0.0,-3.3760443329811096e-9 
 07/09  01:00:00,1710000.0,1710000.0,0.0,0.0,0.0,0.0,1350000.0,0.0,0.0,0.0,-2.9103830456733704e-9 
 07/09  02:00:00,1710000.0,1710000.0,0.0,0.0,0.0,0.0,1350000.0,0.0,0.0,0.0,-2.0372681319713593e-9 
 07/09  03:00:00,1710000.0,1710000.0,0.0,0.0,0.0,0.0,1350000.0,0.0,0.0,0.0,-2.3283064365386963e-10 
 07/09  04:00:00,1710000.0,1710000.0,0.0,0.0,0.0,0.0,1350000.0,0.0,0.0,0.0,-2.9685907065868378e-9 
 07/09  05:00:00,1710000.0,1710000.0,0.0,0.0,0.0,0.0,1350000.0,0.0,0.0,0.0,1.2223608791828156e-9 
 07/09  06:00:00,1710000.0,1710000.0,0.0,0.0,0.0,0.0,1350000.0,0.0,0.0,0.0,-4.0745362639427185e-10 
 07/09  07:00:00,15593230.365876641,1710000.0,1136544.5956399357,12746685.770236706,10976632.94127483,0.0,1350000.0,530374.1597475274,530374.1597475274,3515792.3739642976,-2.561137080192566e-9 
 07/09  08:00:00,15742078.407591064,1505340.0,1136544.5956399357,13100193.81195113,11368679.979750961,0.0,1145340.0,412002.2911409934,412002.2911409934,18449434.56813007,-1.3387762010097504e-9 
 07/09  09:00:00,37991238.69993777,23276880.0,1138918.0054475733,13575440.694490192,11816637.182906508,0.0,16076880.0,234762.04683115057,234762.04683115057,27120316.110321,-1.6298145055770874e-9 
 07/09  10:00:00,49556617.425429195,31029120.0,1308628.4539550503,17218868.97147415,15401572.840142282,0.0,14829120.0,0.0,0.0,29292542.83668951,-3.026798367500305e-9 
 07/09  11:00:00,51748767.81277763,29494800.0,1488186.3877169117,20765781.42506071,18882488.53671964,0.0,13294800.0,0.0,0.0,29004275.054955,-3.259629011154175e-9 
 07/09  12:00:00,54024820.183508076,30577680.0,1490134.8480361763,21957005.335471902,20035701.143114086,0.0,14377680.0,0.0,0.0,25669266.025236316,-5.122274160385132e-9 
 07/09  13:00:00,46666451.14711021,24701760.0,1364829.1916112665,20599861.955498938,18672540.89118919,0.0,8501760.0,0.0,0.0,26122798.452431887,-4.190951585769653e-9 
 07/09  14:00:00,49461864.36954925,25764480.0,1510647.0524679439,22186737.31708131,20261814.223709043,0.0,9564480.0,0.0,0.0,25941647.449131586,-1.862645149230957e-9 
 07/09  15:00:00,49225822.568978816,25027200.0,1581699.9135388294,22616922.655439988,20689601.59113024,0.0,10627200.0,0.0,0.0,26558589.99775473,-6.51925802230835e-9 
 07/09  16:00:00,45819396.4149117,23227200.0,1470272.7652306021,21121923.649681106,19194602.58537136,0.0,10627200.0,0.0,0.0,20036281.11221594,-5.3551048040390015e-9 
 07/09  17:00:00,39635677.330707245,19627200.0,1325019.1180029372,18683458.21270431,16756137.148394562,0.0,10627200.0,0.0,0.0,17396129.018378563,-3.259629011154175e-9 
 07/09  18:00:00,39889149.71702553,21052800.0,1267242.8290716114,17569106.887953922,15641785.823644172,0.0,12052800.0,0.0,0.0,11967266.83123372,-4.889443516731262e-9 
 07/09  19:00:00,36433447.64425655,21066480.0,1138834.340562053,14228133.303694496,12300461.39984292,0.0,15666480.0,265418.4227832234,265418.4227832234,2902365.1068059746,-4.423782229423523e-9 
 07/09  20:00:00,25799737.527566027,10800000.0,1136544.5956399357,13863192.931926094,11935108.147057356,0.0,5400000.0,584326.8923516341,584326.8923516341,0.0,-1.1641532182693481e-9 
 07/09  21:00:00,5760000.0,5760000.0,0.0,0.0,0.0,0.0,5400000.0,0.0,0.0,0.0,-4.190951585769653e-9 
 07/09  22:00:00,1710000.0,1710000.0,0.0,0.0,0.0,0.0,1350000.0,0.0,0.0,0.0,-1.5133991837501526e-9 
 07/09  23:00:00,1710000.0,1710000.0,0.0,0.0,0.0,0.0,1350000.0,0.0,0.0,0.0,-4.540197551250458e-9 
 07/09  24:00:00,1710000.0,1710000.0,0.0,0.0,0.0,0.0,1350000.0,0.0,0.0,0.0,-3.725290298461914e-9 
 07/10  01:00:00,1710000.0,1710000.0,0.0,0.0,0.0,0.0,1350000.0,0.0,0.0,0.0,-4.598405212163925e-9 
 07/10  02:00:00,1710000.0,1710000.0,0.0,0.0,0.0,0.0,1350000.0,0.0,0.0,0.0,-4.656612873077393e-10 
 07/10  03:00:00,1710000.0,1710000.0,0.0,0.0,0.0,0.0,1350000.0,0.0,0.0,0.0,-1.6298145055770874e-9 
 07/10  04:00:00,1710000.0,1710000.0,0.0,0.0,0.0,0.0,1350000.0,0.0,0.0,0.0,-3.14321368932724e-9 
 07/10  05:00:00,1710000.0,1710000.0,0.0,0.0,0.0,0.0,1350000.0,0.0,0.0,0.0,-1.6298145055770874e-9 
 07/10  06:00:00,1710000.0,1710000.0,0.0,0.0,0.0,0.0,1350000.0,0.0,0.0,13391.084269269693,2.6193447411060333e-9 
 07/10  07:00:00,15617315.98417797,1710000.0,1136544.5956399357,12770771.388538033,11040185.221232535,0.0,1350000.0,639575.1847610143,639575.1847610143,4141755.3265018417,-1.6298145055770874e-9 
 07/10  08:00:00,16221444.040628435,1481580.0,1136544.5956399357,13603319.444988498,11874865.665754667,0.0,1121580.0,413929.5078404548,413929.5078404548,20769906.155986734,-1.7462298274040222e-10 
 07/10  09:00:00,39185294.28268017,23276880.0,1150938.0279550294,14757476.254725138,12978843.09208911,0.0,16076880.0,83896.99603770103,83896.99603770103,28326411.09153434,-4.307366907596588e-9 
 07/10  10:00:00,50785628.204934984,30126240.0,1413617.2201338636,19245770.984801117,17423605.72251995,0.0,13926240.0,0.0,0.0,32849159.69133307,-3.026798367500305e-9 
 07/10  11:00:00,52161540.01301968,28605600.0,1599806.326761973,21956133.6862577,20077363.900773045,0.0,12405600.0,0.0,0.0,30192466.306081183,-3.026798367500305e-9 
 07/10  12:00:00,53461602.37493406,30126240.0,1578545.1029033703,21756817.27203069,19858635.000915345,0.0,13926240.0,0.0,0.0,26655134.672278605,-4.889443516731262e-9 
 07/10  13:00:00,47027180.07333328,25413120.0,1414744.4445837373,20199315.62874954,18278660.671602387,0.0,9213120.0,0.0,0.0,25924787.363597304,-3.259629011154175e-9 
 07/10  14:00:00,49265496.78787975,25764480.0,1548837.0493144777,21952179.73856527,20038691.555475973,0.0,9564480.0,0.0,0.0,25731552.592666153,-7.450580596923828e-9 
 07/10  15:00:00,50273296.314923644,25027200.0,1615066.6213991456,23631029.693524495,21705043.391125813,0.0,10627200.0,0.0,0.0,27798989.670821186,-1.862645149230957e-9 
 07/10  16:00:00,48082734.302126735,23227200.0,1558966.1088683347,23296568.193258394,21369247.128948648,0.0,10627200.0,0.0,0.0,26641379.93099408,-5.122274160385132e-9 
 07/10  17:00:00,41397107.01352276,19627200.0,1387258.3668457004,20382648.646677062,18455327.582367312,0.0,10627200.0,0.0,0.0,18965416.15914675,-3.4924596548080444e-9 
 07/10  18:00:00,40781063.9744596,22003200.0,1294825.4033028902,17483038.571156714,15576381.531052392,0.0,13003200.0,0.0,0.0,10316148.378144434,-3.026798367500305e-9 
 07/10  19:00:00,35890698.27521021,21600000.0,1138651.3691743824,13152046.906035826,11288627.812872626,0.0,16200000.0,522090.6402593361,522090.6402593361,1418306.1537506678,-3.4924596548080444e-9 
 07/10  20:00:00,24430729.744787306,10800000.0,1136544.5956399357,12494185.149147369,10663767.059695762,0.0,5400000.0,678244.5905567642,678244.5905567642,0.0,-3.14321368932724e-9 
 07/10  21:00:00,5760000.0,5760000.0,0.0,0.0,0.0,0.0,5400000.0,0.0,0.0,0.0,3.4924596548080444e-10 
 07/10  22:00:00,1710000.0,1710000.0,0.0,0.0,0.0,0.0,1350000.0,0.0,0.0,0.0,-1.862645149230957e-9 
 07/10  23:00:00,1710000.0,1710000.0,0.0,0.0,0.0,0.0,1350000.0,0.0,0.0,0.0,1.862645149230957e-9 
 07/10  24:00:00,1710000.0,1710000.0,0.0,0.0,0.0,0.0,1350000.0,0.0,0.0,0.0,-5.238689482212067e-10 
 07/11  01:00:00,1710000.0,1710000.0,0.0,0.0,0.0,0.0,1350000.0,0.0,0.0,0.0,6.984919309616089e-10 
 07/11  02:00:00,1710000.0,1710000.0,0.0,0.0,0.0,0.0,1350000.0,0.0,0.0,0.0,1.1059455573558807e-9 
 07/11  03:00:00,1710000.0,1710000.0,0.0,0.0,0.0,0.0,1350000.0,0.0,0.0,0.0,-3.259629011154175e-9 
 07/11  04:00:00,1710000.0,1710000.0,0.0,0.0,0.0,0.0,1350000.0,0.0,0.0,0.0,1.3969838619232178e-9 
 07/11  05:00:00,1710000.0,1710000.0,0.0,0.0,0.0,0.0,1350000.0,0.0,0.0,0.0,-3.14321368932724e-9 
 07/11  06:00:00,1710000.0,1710000.0,0.0,0.0,0.0,0.0,1350000.0,0.0,0.0,6686.5888988218885,-2.153683453798294e-9 
 07/11  07:00:00,15866864.570603378,1710000.0,1136544.5956399357,13020319.974963441,11279549.437242126,0.0,1350000.0,689516.829953847,689516.829953847,2370525.6000807593,8.731149137020111e-11 
 07/11  08:00:00,15672759.422675759,1573560.0,1136544.5956399357,12962654.827035822,11281879.49318305,0.0,1213560.0,692883.0782372146,692883.0782372146,14307210.115140025,-8.149072527885437e-10 
 07/11  09:00:00,39685481.04603919,24504840.0,1140007.1155819604,14040633.930457225,12275643.236757873,0.0,17304840.0,348479.80161265295,348479.80161265295,24836093.79092311,-4.190951585769653e-9 
 07/11  10:00:00,51163487.84242625,31029120.0,1353837.4668689547,18780530.37555729,16958099.30595645,0.0,14829120.0,0.0,0.0,27607631.84283746,-4.423782229423523e-9 
 07/11  11:00:00,52979506.40812609,27716400.0,1557343.5220930916,23705762.886033006,21798336.386464994,0.0,11516400.0,0.0,0.0,29782335.59585561,-7.2177499532699585e-9 
 07/11  12:00:00,52823514.790995665,26295840.0,1550411.5575754747,24977263.233420193,23049942.16911044,0.0,10095840.0,0.0,0.0,26259354.997933626,-2.3283064365386963e-9 
 07/11  13:00:00,49647037.45974561,24701760.0,1395729.5063617346,23549547.953383878,21622226.889074124,0.0,8501760.0,0.0,0.0,23255337.767957855,-6.51925802230835e-9 
 07/11  14:00:00,52793613.00997319,25764480.0,1609395.1973779097,25419737.812595274,23492416.74828553,0.0,9564480.0,0.0,0.0,27309623.795968853,-5.820766091346741e-9 
 07/11  15:00:00,52347121.415177494,25027200.0,1667920.6287317611,25652000.786445737,23724679.722135987,0.0,10627200.0,0.0,0.0,24953021.85077527,-6.752088665962219e-9 
 07/11  16:00:00,47749502.33321289,23227200.0,1506260.6304293748,23016041.70278351,21088720.638473764,0.0,10627200.0,0.0,0.0,17310226.160116572,-3.725290298461914e-9 
 07/11  17:00:00,43208599.1512603,21880800.0,1340864.9955322728,19986934.155728027,18059613.09141828,0.0,12880800.0,0.0,0.0,14292119.276004972,-4.889443516731262e-9 
 07/11  18:00:00,48173445.3340801,28764000.0,1275254.073170419,18134191.26090968,16206870.196599932,0.0,19764000.0,0.0,0.0,5848990.410742304,-9.313225746154785e-10 
 07/11  19:00:00,37417552.19086004,21600000.0,1137905.909696685,14679646.28116336,12752088.942169713,0.0,16200000.0,195091.3362496449,195091.3362496449,480682.1692658556,-5.122274160385132e-9 
 07/11  20:00:00,26503995.338738218,10800000.0,1136544.5956399357,14567450.743098281,12639834.015833154,0.0,5400000.0,245528.2712400072,245528.2712400072,0.0,-6.868503987789154e-9 
 07/11  21:00:00,5760000.0,5760000.0,0.0,0.0,0.0,0.0,5400000.0,0.0,0.0,0.0,-2.3283064365386963e-10 
 07/11  22:00:00,1710000.0,1710000.0,0.0,0.0,0.0,0.0,1350000.0,0.0,0.0,0.0,-1.0477378964424133e-9 
 07/11  23:00:00,1710000.0,1710000.0,0.0,0.0,0.0,0.0,1350000.0,0.0,0.0,0.0,1.3969838619232178e-9 
 07/11  24:00:00,1710000.0,1710000.0,0.0,0.0,0.0,0.0,1350000.0,0.0,0.0,0.0,-3.4924596548080444e-10 
 07/12  01:00:00,4950000.0,4950000.0,0.0,0.0,0.0,0.0,1350000.0,0.0,0.0,0.0,-1.0477378964424133e-9 
 07/12  02:00:00,4950000.0,4950000.0,0.0,0.0,0.0,0.0,1350000.0,0.0,0.0,0.0,2.561137080192566e-9 
 07/12  03:00:00,4950000.0,4950000.0,0.0,0.0,0.0,0.0,1350000.0,0.0,0.0,0.0,0.0 
 07/12  04:00:00,4950000.0,4950000.0,0.0,0.0,0.0,0.0,1350000.0,0.0,0.0,0.0,1.5133991837501526e-9 
 07/12  05:00:00,4950000.0,4950000.0,0.0,0.0,0.0,0.0,1350000.0,0.0,0.0,0.0,-3.434251993894577e-9 
 07/12  06:00:00,4950000.0,4950000.0,0.0,0.0,0.0,0.0,1350000.0,0.0,0.0,0.0,-2.2118911147117615e-9 
 07/12  07:00:00,4950000.0,4950000.0,0.0,0.0,0.0,0.0,1350000.0,0.0,0.0,3403553.8237892836,2.0954757928848267e-9 
 07/12  08:00:00,4745340.0,4745340.0,0.0,0.0,0.0,0.0,1145340.0,0.0,0.0,20045908.714566544,-2.561137080192566e-9 
 07/12  09:00:00,4493160.0,4493160.0,0.0,0.0,0.0,0.0,893160.0,0.0,0.0,33583869.26124706,-5.529727786779404e-9 
 07/12  10:00:00,4380480.0,4380480.0,0.0,0.0,0.0,0.0,780480.0,0.0,0.0,30350366.05444631,-2.444721758365631e-9 
 07/12  11:00:00,4175820.0,4175820.0,0.0,0.0,0.0,0.0,575820.0,0.0,0.0,29775977.159296174,-7.101334631443024e-9 
 07/12  12:00:00,4264740.0,4264740.0,0.0,0.0,0.0,0.0,664740.0,0.0,0.0,26676133.893149234,-5.820766091346741e-9 
 07/12  13:00:00,4131360.0,4131360.0,0.0,0.0,0.0,0.0,531360.0,0.0,0.0,26145448.279483918,-3.259629011154175e-9 
 07/12  14:00:00,4131360.0,4131360.0,0.0,0.0,0.0,0.0,531360.0,0.0,0.0,26261880.11784851,-2.0954757928848267e-9 
 07/12  15:00:00,4131360.0,4131360.0,0.0,0.0,0.0,0.0,531360.0,0.0,0.0,21886793.216970168,-3.259629011154175e-9 
 07/12  16:00:00,4131360.0,4131360.0,0.0,0.0,0.0,0.0,531360.0,0.0,0.0,23059299.995698582,-5.122274160385132e-9 
 07/12  17:00:00,4336020.0,4336020.0,0.0,0.0,0.0,0.0,736020.0,0.0,0.0,12340718.686400494,-4.6566128730773926e-9 
 07/12  18:00:00,4410360.0,4410360.0,0.0,0.0,0.0,0.0,810360.0,0.0,0.0,7179289.745640584,-1.3969838619232178e-9 
 07/12  19:00:00,4950000.0,4950000.0,0.0,0.0,0.0,0.0,1350000.0,0.0,0.0,573572.606609831,-6.28642737865448e-9 
 07/12  20:00:00,4950000.0,4950000.0,0.0,0.0,0.0,0.0,1350000.0,0.0,0.0,0.0,-3.4924596548080444e-10 
 07/12  21:00:00,4950000.0,4950000.0,0.0,0.0,0.0,0.0,1350000.0,0.0,0.0,0.0,-2.3283064365386963e-9 
 07/12  22:00:00,4950000.0,4950000.0,0.0,0.0,0.0,0.0,1350000.0,0.0,0.0,0.0,-2.0954757928848267e-9 
 07/12  23:00:00,4950000.0,4950000.0,0.0,0.0,0.0,0.0,1350000.0,0.0,0.0,0.0,-2.0954757928848267e-9 
 07/12  24:00:00,4950000.0,4950000.0,0.0,0.0,0.0,0.0,1350000.0,0.0,0.0,0.0,-2.6775524020195007e-9 
 07/13  01:00:00,4950000.0,4950000.0,0.0,0.0,0.0,0.0,1350000.0,0.0,0.0,0.0,-5.587935447692871e-9 
 07/13  02:00:00,4950000.0,4950000.0,0.0,0.0,0.0,0.0,1350000.0,0.0,0.0,0.0,1.7462298274040222e-9 
 07/13  03:00:00,4950000.0,4950000.0,0.0,0.0,0.0,0.0,1350000.0,0.0,0.0,0.0,-1.0477378964424133e-9 
 07/13  04:00:00,4950000.0,4950000.0,0.0,0.0,0.0,0.0,1350000.0,0.0,0.0,0.0,-2.7939677238464355e-9 
 07/13  05:00:00,4950000.0,4950000.0,0.0,0.0,0.0,0.0,1350000.0,0.0,0.0,0.0,-2.444721758365631e-9 
 07/13  06:00:00,4950000.0,4950000.0,0.0,0.0,0.0,0.0,1350000.0,0.0,0.0,0.0,1.280568540096283e-9 
 07/13  07:00:00,4950000.0,4950000.0,0.0,0.0,0.0,0.0,1350000.0,0.0,0.0,1972900.1779891336,-5.820766091346741e-11 
 07/13  08:00:00,4858020.0,4858020.0,0.0,0.0,0.0,0.0,1258020.0,0.0,0.0,12776205.280845176,-2.852175384759903e-9 
 07/13  09:00:00,4561380.0,4561380.0,0.0,0.0,0.0,0.0,961380.0,0.0,0.0,26004974.68168337,-2.3283064365386963e-9 
 07/13  10:00:00,4356720.0,4356720.0,0.0,0.0,0.0,0.0,756720.0,0.0,0.0,31198464.027831964,9.313225746154785e-10 
 07/13  11:00:00,4220280.0,4220280.0,0.0,0.0,0.0,0.0,620280.0,0.0,0.0,29662754.466630954,-3.958120942115784e-9 
 07/13  12:00:00,4264740.0,4264740.0,0.0,0.0,0.0,0.0,664740.0,0.0,0.0,23195755.753034122,0.0 
 07/13  13:00:00,4131360.0,4131360.0,0.0,0.0,0.0,0.0,531360.0,0.0,0.0,21065037.569431655,-2.7939677238464355e-9 
 07/13  14:00:00,4131360.0,4131360.0,0.0,0.0,0.0,0.0,531360.0,0.0,0.0,24914622.59560557,-1.1641532182693481e-9 
 07/13  15:00:00,4131360.0,4131360.0,0.0,0.0,0.0,0.0,531360.0,0.0,0.0,27063895.49047848,-6.51925802230835e-9 
 07/13  16:00:00,4131360.0,4131360.0,0.0,0.0,0.0,0.0,531360.0,0.0,0.0,24556528.945233326,-4.190951585769653e-9 
 07/13  17:00:00,4131360.0,4131360.0,0.0,0.0,0.0,0.0,531360.0,0.0,0.0,22291780.598812707,-6.05359673500061e-9 
 07/13  18:00:00,4202640.0,4202640.0,0.0,0.0,0.0,0.0,602640.0,0.0,0.0,14201714.33796883,-2.3283064365386963e-9 
 07/13  19:00:00,4905540.0,4905540.0,0.0,0.0,0.0,0.0,1305540.0,0.0,0.0,3024138.2064043405,-4.6566128730773926e-9 
 07/13  20:00:00,4950000.0,4950000.0,0.0,0.0,0.0,0.0,1350000.0,0.0,0.0,0.0,-3.259629011154175e-9 
 07/13  21:00:00,4950000.0,4950000.0,0.0,0.0,0.0,0.0,1350000.0,0.0,0.0,0.0,-3.725290298461914e-9 
 07/13  22:00:00,4950000.0,4950000.0,0.0,0.0,0.0,0.0,1350000.0,0.0,0.0,0.0,-6.170012056827545e-9 
 07/13  23:00:00,4950000.0,4950000.0,0.0,0.0,0.0,0.0,1350000.0,0.0,0.0,0.0,-3.6088749766349792e-9 
 07/13  24:00:00,4950000.0,4950000.0,0.0,0.0,0.0,0.0,1350000.0,0.0,0.0,0.0,-2.3283064365386963e-9 
 07/14  01:00:00,1710000.0,1710000.0,0.0,0.0,0.0,0.0,1350000.0,0.0,0.0,0.0,-4.0745362639427185e-9 
 07/14  02:00:00,1710000.0,1710000.0,0.0,0.0,0.0,0.0,1350000.0,0.0,0.0,0.0,-1.1641532182693481e-9 
 07/14  03:00:00,1710000.0,1710000.0,0.0,0.0,0.0,0.0,1350000.0,0.0,0.0,0.0,-2.0954757928848267e-9 
 07/14  04:00:00,1710000.0,1710000.0,0.0,0.0,0.0,0.0,1350000.0,0.0,0.0,0.0,1.280568540096283e-9 
 07/14  05:00:00,1710000.0,1710000.0,0.0,0.0,0.0,0.0,1350000.0,0.0,0.0,0.0,1.5133991837501526e-9 
 07/14  06:00:00,1710000.0,1710000.0,0.0,0.0,0.0,0.0,1350000.0,0.0,0.0,20114.49046444328,-8.731149137020111e-10 
 07/14  07:00:00,15295513.882675454,1710000.0,1136544.5956399357,12448969.287035517,10733771.445847558,0.0,1350000.0,712565.9362237686,712565.9362237686,1851145.694452493,-2.852175384759903e-9 
 07/14  08:00:00,15904700.118912404,1618020.0,1136544.5956399357,13150135.52327247,11429854.188844893,0.0,1258020.0,716214.0359724681,716214.0359724681,11174443.572904067,-3.2014213502407074e-9 
 07/14  09:00:00,40199438.0792125,24932520.0,1140933.9228128358,14125984.156399671,12346766.339569487,0.0,17732520.0,403783.9936244401,403783.9936244401,23751039.845038,-5.005858838558197e-9 
 07/14  10:00:00,51069248.422816485,30577680.0,1430752.3453959203,19060816.077420566,17248190.027730845,0.0,14377680.0,0.0,0.0,34123893.00657595,-5.238689482212067e-9 
 07/14  11:00:00,54083210.60331774,29494800.0,1644507.1582172466,22943903.445100494,21067974.360125028,0.0,13294800.0,0.0,0.0,30354097.963087637,-1.3969838619232178e-9 
 07/14  12:00:00,51116383.56008209,26295840.0,1568458.157937362,23252085.402144726,21346144.370346364,0.0,10095840.0,0.0,0.0,23760700.080960438,-5.122274160385132e-9 
 07/14  13:00:00,48493984.381136075,24701760.0,1404147.5721666622,22388076.80896941,20461940.29976734,0.0,8501760.0,0.0,0.0,21655044.211938187,-7.2177499532699585e-9 
 07/14  14:00:00,52606356.775637664,25764480.0,1600159.2672621482,25241717.508375514,23314396.44406577,0.0,9564480.0,0.0,0.0,25253727.867827266,-6.05359673500061e-9 
 07/14  15:00:00,53447496.7455678,25027200.0,1702189.6556306775,26718107.089937128,24790786.025627382,0.0,10627200.0,0.0,0.0,27862283.11632606,-3.026798367500305e-9 
 07/14  16:00:00,50026612.632653475,23227200.0,1631258.734771593,25168153.897881888,23240832.833572138,0.0,10627200.0,0.0,0.0,27872329.593460366,-9.313225746154785e-10 
 07/14  17:00:00,42425501.13653171,19627200.0,1436531.785350669,21361769.351181045,19434448.286871295,0.0,10627200.0,0.0,0.0,21175416.36734884,-3.259629011154175e-9 
 07/14  18:00:00,42409743.134367965,22892400.0,1318729.4738171906,18198613.660550773,16296174.89823028,0.0,13892400.0,0.0,0.0,9292136.720827745,-2.561137080192566e-9 
 07/14  19:00:00,36801389.331774175,21600000.0,1141442.4767150208,14059946.85505915,12146291.00158823,0.0,16200000.0,304620.31745297875,304620.31745297875,711856.0340263288,-2.3283064365386963e-9 
 07/14  20:00:00,26009896.783393018,10800000.0,1136544.5956399357,14073352.187753085,12145383.578289252,0.0,5400000.0,550172.8839242501,550172.8839242501,0.0,-1.5133991837501526e-9 
 07/14  21:00:00,5760000.0,5760000.0,0.0,0.0,0.0,0.0,5400000.0,0.0,0.0,0.0,-4.773028194904327e-9 
 07/14  22:00:00,1710000.0,1710000.0,0.0,0.0,0.0,0.0,1350000.0,0.0,0.0,0.0,-2.561137080192566e-9 
 07/14  23:00:00,1710000.0,1710000.0,0.0,0.0,0.0,0.0,1350000.0,0.0,0.0,0.0,-3.026798367500305e-9 
 07/14  24:00:00,1710000.0,1710000.0,0.0,0.0,0.0,0.0,1350000.0,0.0,0.0,0.0,-2.3283064365386963e-9 
 07/15  01:00:00,1710000.0,1710000.0,0.0,0.0,0.0,0.0,1350000.0,0.0,0.0,0.0,-1.280568540096283e-9 
 07/15  02:00:00,1710000.0,1710000.0,0.0,0.0,0.0,0.0,1350000.0,0.0,0.0,0.0,-4.190951585769653e-9 
 07/15  03:00:00,1710000.0,1710000.0,0.0,0.0,0.0,0.0,1350000.0,0.0,0.0,0.0,-1.6880221664905548e-9 
 07/15  04:00:00,1710000.0,1710000.0,0.0,0.0,0.0,0.0,1350000.0,0.0,0.0,0.0,4.0745362639427185e-10 
 07/15  05:00:00,1710000.0,1710000.0,0.0,0.0,0.0,0.0,1350000.0,0.0,0.0,0.0,-1.3969838619232178e-9 
 07/15  06:00:00,1710000.0,1710000.0,0.0,0.0,0.0,0.0,1350000.0,0.0,0.0,0.0,-2.2118911147117615e-9 
 07/15  07:00:00,15296413.949988365,1710000.0,1136544.5956399357,12449869.354348429,10748431.375821833,0.0,1350000.0,727896.4590538043,727896.4590538043,5463798.369101001,1.979060471057892e-9 
 07/15  08:00:00,16119742.350344425,1481580.0,1136544.5956399357,13501617.754704488,11766319.886107191,0.0,1121580.0,558820.3281981975,558820.3281981975,27345605.01885982,-3.899913281202316e-9 
 07/15  09:00:00,40186666.211269855,24077160.0,1192470.6558555984,14917035.55541426,13150373.403204225,0.0,16877160.0,83027.21421849533,83027.21421849533,38177418.42149472,-6.752088665962219e-9 
 07/15  10:00:00,53131199.46724191,30577680.0,1564391.7488393208,20989127.718402594,19161560.673658732,0.0,14377680.0,0.0,0.0,37221646.11664169,-2.7939677238464355e-9 
 07/15  11:00:00,55383611.945692055,30859200.0,1667288.5252329311,22857123.42045912,20977428.088113256,0.0,14659200.0,0.0,0.0,27354531.517049063,-2.7939677238464355e-9 
 07/15  12:00:00,51149604.9579236,27140580.0,1560460.8840094928,22448564.073914103,20541948.384821713,0.0,10940580.0,0.0,0.0,24793117.332776897,-5.587935447692871e-9 
 07/15  13:00:00,49151903.20990978,27596160.0,1394944.3585127017,20160798.851397075,18240917.932996914,0.0,11396160.0,0.0,0.0,23544648.049992695,-2.3283064365386963e-10 
 07/15  14:00:00,48627549.901249066,25764480.0,1525595.5702449125,21337474.331004143,19423203.607003357,0.0,9564480.0,0.0,0.0,25177790.73722998,-3.4924596548080444e-9 
 07/15  15:00:00,47296837.14922582,25027200.0,1504238.9323027334,20765398.216923088,18841346.811079443,0.0,10627200.0,0.0,0.0,21214262.386263147,-4.889443516731262e-9 
 07/15  16:00:00,45056127.15817906,23227200.0,1405899.4238586975,20423027.734320365,18495706.670010615,0.0,10627200.0,0.0,0.0,18565581.888528034,-3.026798367500305e-9 
 07/15  17:00:00,40080985.463784724,19627200.0,1294192.7648871266,19159592.698897604,17232271.634587858,0.0,10627200.0,0.0,0.0,17671992.79379972,-5.3551048040390015e-9 
 07/15  18:00:00,40822326.27326551,20102400.0,1268554.259117817,19451372.014147695,17524050.949837945,0.0,11102400.0,0.0,0.0,16400973.627925646,-3.259629011154175e-9 
 07/15  19:00:00,36983950.855050884,20247840.0,1141418.2782277358,15594692.576823149,13667336.366184855,0.0,14847840.0,30208.612266706892,30208.612266706892,5032382.672039201,-1.1641532182693481e-9 
 07/15  20:00:00,26568028.55079323,10800000.0,1136544.5956399357,14631483.955153294,12703882.790130392,0.0,5400000.0,241407.3808061357,241407.3808061357,0.0,-3.725290298461914e-9 
 07/15  21:00:00,5760000.0,5760000.0,0.0,0.0,0.0,0.0,5400000.0,0.0,0.0,0.0,-2.3283064365386963e-10 
 07/15  22:00:00,1710000.0,1710000.0,0.0,0.0,0.0,0.0,1350000.0,0.0,0.0,0.0,-1.0477378964424133e-9 
 07/15  23:00:00,1710000.0,1710000.0,0.0,0.0,0.0,0.0,1350000.0,0.0,0.0,0.0,-1.7462298274040222e-9 
 07/15  24:00:00,1710000.0,1710000.0,0.0,0.0,0.0,0.0,1350000.0,0.0,0.0,0.0,-3.725290298461914e-9 
 07/16  01:00:00,1710000.0,1710000.0,0.0,0.0,0.0,0.0,1350000.0,0.0,0.0,0.0,-8.149072527885437e-10 
 07/16  02:00:00,1710000.0,1710000.0,0.0,0.0,0.0,0.0,1350000.0,0.0,0.0,0.0,1.1641532182693481e-10 
 07/16  03:00:00,1710000.0,1710000.0,0.0,0.0,0.0,0.0,1350000.0,0.0,0.0,0.0,-2.0372681319713593e-9 
 07/16  04:00:00,1710000.0,1710000.0,0.0,0.0,0.0,0.0,1350000.0,0.0,0.0,0.0,-2.0954757928848267e-9 
 07/16  05:00:00,1710000.0,1710000.0,0.0,0.0,0.0,0.0,1350000.0,0.0,0.0,0.0,-1.6298145055770874e-9 
 07/16  06:00:00,1710000.0,1710000.0,0.0,0.0,0.0,0.0,1350000.0,0.0,0.0,0.0,-3.259629011154175e-9 
 07/16  07:00:00,16582108.724454263,1710000.0,1136544.5956399357,13735564.128814328,11906536.819089318,0.0,1350000.0,318345.7423630376,318345.7423630376,2987472.8463704465,-1.6880221664905548e-9 
 07/16  08:00:00,16645534.071505513,1549800.0,1136544.5956399357,13959189.475865576,12188452.05175782,0.0,1189800.0,259674.29645960196,259674.29645960196,18960566.494283956,-8.731149137020111e-10 
 07/16  09:00:00,39420825.77193598,23276880.0,1160645.9041329967,14983299.86780298,13193382.220377106,0.0,16076880.0,59009.056248416266,59009.056248416266,33699167.832372665,-3.259629011154175e-9 
 07/16  10:00:00,51741323.68111691,30126240.0,1450057.7607426806,20165025.920374226,18338754.01624179,0.0,13926240.0,0.0,0.0,32598684.32568818,-3.4924596548080444e-9 
 07/16  11:00:00,52546385.23889337,27716400.0,1619283.9155562026,23210701.32333716,21327088.82237622,0.0,11516400.0,0.0,0.0,29819086.16852631,-2.7939677238464355e-9 
 07/16  12:00:00,50997429.71624136,26295840.0,1539533.2580671918,23162056.458174173,21251159.386603177,0.0,10095840.0,0.0,0.0,23961575.838364854,-1.3969838619232178e-9 
 07/16  13:00:00,49026433.0353436,25413120.0,1410248.4185071504,22203064.61683645,20275876.785687294,0.0,9213120.0,0.0,0.0,24232465.70743788,2.3283064365386963e-10 
 07/16  14:00:00,51608804.30504717,25764480.0,1576892.6211996223,24267431.683847554,22340110.619537804,0.0,9564480.0,0.0,0.0,25692579.88876652,-1.1641532182693481e-9 
 07/16  15:00:00,52019252.617049575,25027200.0,1657019.6132293635,25335033.00382022,23407711.93951047,0.0,10627200.0,0.0,0.0,27455078.7852654,-2.3283064365386963e-9 
 07/16  16:00:00,48754826.123192355,23227200.0,1515221.5268779264,24012404.596314434,22085083.532004688,0.0,10627200.0,0.0,0.0,18791594.650863387,-4.889443516731262e-9 
 07/16  17:00:00,50851753.919079795,28227600.0,1342081.4069403738,21282072.512139417,19354751.44782967,0.0,19227600.0,0.0,0.0,9704735.764072035,-1.3969838619232178e-9 
 07/16  18:00:00,47579347.74134484,26571600.0,1276216.2286264882,19731531.51271835,17804210.448408604,0.0,17571600.0,0.0,0.0,6945568.110648332,-2.7939677238464355e-9 
 07/16  19:00:00,38390513.88460286,21600000.0,1138090.2268151795,15652423.657787684,13725102.593477936,0.0,16200000.0,0.0,0.0,1257342.4238166297,-3.259629011154175e-9 
 07/16  20:00:00,27064541.133090407,10800000.0,1136544.5956399357,15127996.53745047,13200675.47314072,0.0,5400000.0,0.0,0.0,0.0,9.313225746154785e-10 
 07/16  21:00:00,5760000.0,5760000.0,0.0,0.0,0.0,0.0,5400000.0,0.0,0.0,0.0,-2.0954757928848267e-9 
 07/16  22:00:00,1710000.0,1710000.0,0.0,0.0,0.0,0.0,1350000.0,0.0,0.0,0.0,1.5133991837501526e-9 
 07/16  23:00:00,1710000.0,1710000.0,0.0,0.0,0.0,0.0,1350000.0,0.0,0.0,0.0,-1.979060471057892e-9 
 07/16  24:00:00,1710000.0,1710000.0,0.0,0.0,0.0,0.0,1350000.0,0.0,0.0,0.0,-1.979060471057892e-9 
 07/17  01:00:00,1710000.0,1710000.0,0.0,0.0,0.0,0.0,1350000.0,0.0,0.0,0.0,-1.5133991837501526e-9 
 07/17  02:00:00,1710000.0,1710000.0,0.0,0.0,0.0,0.0,1350000.0,0.0,0.0,0.0,-3.4924596548080444e-9 
 07/17  03:00:00,1710000.0,1710000.0,0.0,0.0,0.0,0.0,1350000.0,0.0,0.0,0.0,-1.7462298274040222e-9 
 07/17  04:00:00,1710000.0,1710000.0,0.0,0.0,0.0,0.0,1350000.0,0.0,0.0,0.0,-4.656612873077393e-10 
 07/17  05:00:00,1710000.0,1710000.0,0.0,0.0,0.0,0.0,1350000.0,0.0,0.0,0.0,-2.270098775625229e-9 
 07/17  06:00:00,1710000.0,1710000.0,0.0,0.0,0.0,0.0,1350000.0,0.0,0.0,0.0,5.820766091346741e-10 
 07/17  07:00:00,15851434.223760722,1710000.0,1136544.5956399357,13004889.628120786,11224624.412154688,0.0,1350000.0,713310.3216735179,713310.3216735179,2734154.023415741,-7.566995918750763e-10 
 07/17  08:00:00,16234001.156368937,1549800.0,1136544.5956399357,13547656.560729003,11787528.810852729,0.0,1189800.0,522162.3604302722,522162.3604302722,16812923.05153066,-8.731149137020111e-10 
 07/17  09:00:00,40930383.164953135,25305120.0,1141415.89714272,14483847.267810414,12690916.390562568,0.0,18105120.0,125955.19873509224,125955.19873509224,25477015.473135814,-4.656612873077393e-10 
 07/17  10:00:00,53563326.006785914,33170040.0,1356640.838140758,19036645.16864516,17195957.91136592,0.0,16970040.0,0.0,0.0,23954236.536353488,-4.307366907596588e-9 
 07/17  11:00:00,51966679.846048005,27716400.0,1541688.413777163,22708591.43227084,20808013.107699513,0.0,11516400.0,0.0,0.0,29352680.868799377,-1.862645149230957e-9 
 07/17  12:00:00,51716976.21922661,27140580.0,1530822.3277615793,23045573.89146503,21126313.325210143,0.0,10940580.0,0.0,0.0,26705180.190177362,-5.3551048040390015e-9 
 07/17  13:00:00,47800665.88645509,24701760.0,1391657.4929669593,21707248.39348813,19779927.32917838,0.0,8501760.0,0.0,0.0,26073290.859505896,-1.3969838619232178e-9 
 07/17  14:00:00,51052305.010470316,25764480.0,1544989.705495663,23742835.30497465,21815514.240664903,0.0,9564480.0,0.0,0.0,26129971.30497096,-5.3551048040390015e-9 
 07/17  15:00:00,50781731.313331686,25027200.0,1543550.9819519045,24210980.33137978,22283659.267070033,0.0,10627200.0,0.0,0.0,22218064.872477468,-3.958120942115784e-9 
 07/17  16:00:00,48112848.951456636,23227200.0,1455987.1906067003,23429661.760849938,21502340.696540188,0.0,10627200.0,0.0,0.0,20738262.23754789,-6.984919309616089e-10 
 07/17  17:00:00,43875509.02512846,21880800.0,1300583.1431885879,20694125.88193988,18766804.81763013,0.0,12880800.0,0.0,0.0,12939191.12217255,6.984919309616089e-10 
 07/17  18:00:00,41084375.36778475,21052800.0,1254107.212518151,18777468.15526661,16850147.09095686,0.0,12052800.0,0.0,0.0,11925362.478388641,-3.026798367500305e-9 
 07/17  19:00:00,37059072.64950891,21066480.0,1137443.349445906,14855149.300063005,12927767.761872223,0.0,15666480.0,53132.45793947588,53132.45793947588,2994512.41345081,1.862645149230957e-9 
 07/17  20:00:00,26256544.840298966,10800000.0,1136544.5956399357,14320000.244659029,12392390.286428198,0.0,5400000.0,254486.8745776496,254486.8745776496,0.0,-6.984919309616089e-10 
 07/17  21:00:00,5760000.0,5760000.0,0.0,0.0,0.0,0.0,5400000.0,0.0,0.0,0.0,-1.7462298274040222e-9 
 07/17  22:00:00,1710000.0,1710000.0,0.0,0.0,0.0,0.0,1350000.0,0.0,0.0,0.0,-6.05359673500061e-9 
 07/17  23:00:00,1710000.0,1710000.0,0.0,0.0,0.0,0.0,1350000.0,0.0,0.0,0.0,-6.984919309616089e-10 
 07/17  24:00:00,1710000.0,1710000.0,0.0,0.0,0.0,0.0,1350000.0,0.0,0.0,0.0,-2.444721758365631e-9 
 07/18  01:00:00,1710000.0,1710000.0,0.0,0.0,0.0,0.0,1350000.0,0.0,0.0,0.0,1.280568540096283e-9 
 07/18  02:00:00,1710000.0,1710000.0,0.0,0.0,0.0,0.0,1350000.0,0.0,0.0,0.0,-2.3283064365386963e-10 
 07/18  03:00:00,1710000.0,1710000.0,0.0,0.0,0.0,0.0,1350000.0,0.0,0.0,0.0,1.1641532182693481e-9 
 07/18  04:00:00,1710000.0,1710000.0,0.0,0.0,0.0,0.0,1350000.0,0.0,0.0,0.0,2.7939677238464355e-9 
 07/18  05:00:00,1710000.0,1710000.0,0.0,0.0,0.0,0.0,1350000.0,0.0,0.0,0.0,-2.735760062932968e-9 
 07/18  06:00:00,1710000.0,1710000.0,0.0,0.0,0.0,0.0,1350000.0,0.0,0.0,0.0,-1.4551915228366852e-9 
 07/18  07:00:00,16104798.66675718,1710000.0,1136544.5956399357,13258254.071117245,11461756.474608935,0.0,1350000.0,751572.7581923433,751572.7581923433,4018542.1931632357,-3.550667315721512e-9 
 07/18  08:00:00,16154163.65158904,1481580.0,1136544.5956399357,13536039.055949103,11792691.052220346,0.0,1121580.0,608944.8155597493,608944.8155597493,20396950.42946095,1.6298145055770874e-9 
 07/18  09:00:00,40217911.6736225,24504840.0,1148170.6718829768,14564901.001739522,12776828.86290657,0.0,17304840.0,168849.69604910215,168849.69604910215,25997347.85643243,-5.820766091346741e-9 
 07/18  10:00:00,52795022.50535958,30577680.0,1437233.0464989352,20780109.458860643,18938031.876745198,0.0,14377680.0,0.0,0.0,33179610.02763543,-4.889443516731262e-9 
 07/18  11:00:00,57695390.24675495,30859200.0,1620179.8576588319,25216010.38909612,23300412.596830297,0.0,14659200.0,0.0,0.0,27202814.664268114,-4.190951585769653e-9 
 07/18  12:00:00,54010973.13644585,26295840.0,1566988.9449146928,26148144.19153116,24220823.12722141,0.0,10095840.0,0.0,0.0,24778585.78478644,-2.0954757928848267e-9 
 07/18  13:00:00,50969528.19843739,24701760.0,1408607.3598007988,24859160.8386366,22931839.774326853,0.0,8501760.0,0.0,0.0,23135218.294400405,1.6298145055770874e-9 
 07/18  14:00:00,54205312.81669643,25764480.0,1599681.6610623605,26841151.155634068,24913830.091324322,0.0,9564480.0,0.0,0.0,25703573.44851958,-3.725290298461914e-9 
 07/18  15:00:00,53713030.564400986,25027200.0,1685484.794874629,27000345.76952636,25073024.70521661,0.0,10627200.0,0.0,0.0,26840135.114537742,-6.28642737865448e-9 
 07/18  16:00:00,49136643.90565044,23227200.0,1547760.475831461,24361683.42981898,22434362.365509234,0.0,10627200.0,0.0,0.0,21251184.7954915,-1.862645149230957e-9 
 07/18  17:00:00,43731214.60086571,21880800.0,1341287.807611328,20509126.79325438,18581805.728944633,0.0,12880800.0,0.0,0.0,13848570.40898091,-4.6566128730773926e-9 
 07/18  18:00:00,46177221.04032117,26096400.0,1262835.520215081,18817985.520106092,16890664.455796346,0.0,17096400.0,0.0,0.0,7132369.806488153,-3.958120942115784e-9 
 07/18  19:00:00,38398822.123897284,21600000.0,1136972.6407134926,15661849.483183797,13734528.418874048,0.0,16200000.0,0.0,0.0,1026003.2943762781,-3.4924596548080444e-9 
 07/18  20:00:00,28024488.707164347,10800000.0,1136544.5956399357,16087944.111524414,14160623.047214666,0.0,5400000.0,0.0,0.0,0.0,-2.561137080192566e-9 
 07/18  21:00:00,5760000.0,5760000.0,0.0,0.0,0.0,0.0,5400000.0,0.0,0.0,0.0,6.984919309616089e-10 
 07/18  22:00:00,1710000.0,1710000.0,0.0,0.0,0.0,0.0,1350000.0,0.0,0.0,0.0,-1.0477378964424133e-9 
 07/18  23:00:00,1710000.0,1710000.0,0.0,0.0,0.0,0.0,1350000.0,0.0,0.0,0.0,-1.7462298274040222e-9 
 07/18  24:00:00,1710000.0,1710000.0,0.0,0.0,0.0,0.0,1350000.0,0.0,0.0,0.0,2.3283064365386963e-10 
 07/19  01:00:00,4950000.0,4950000.0,0.0,0.0,0.0,0.0,1350000.0,0.0,0.0,0.0,-1.6298145055770874e-9 
 07/19  02:00:00,4950000.0,4950000.0,0.0,0.0,0.0,0.0,1350000.0,0.0,0.0,0.0,-8.149072527885437e-10 
 07/19  03:00:00,4950000.0,4950000.0,0.0,0.0,0.0,0.0,1350000.0,0.0,0.0,0.0,4.656612873077393e-10 
 07/19  04:00:00,4950000.0,4950000.0,0.0,0.0,0.0,0.0,1350000.0,0.0,0.0,0.0,3.4924596548080444e-10 
 07/19  05:00:00,4950000.0,4950000.0,0.0,0.0,0.0,0.0,1350000.0,0.0,0.0,0.0,-2.5029294192790985e-9 
 07/19  06:00:00,4950000.0,4950000.0,0.0,0.0,0.0,0.0,1350000.0,0.0,0.0,0.0,1.280568540096283e-9 
 07/19  07:00:00,4950000.0,4950000.0,0.0,0.0,0.0,0.0,1350000.0,0.0,0.0,4918297.012635616,-3.0850060284137726e-9 
 07/19  08:00:00,4721580.0,4721580.0,0.0,0.0,0.0,0.0,1121580.0,0.0,0.0,23382970.12142796,-3.3760443329811096e-9 
 07/19  09:00:00,4516920.0,4516920.0,0.0,0.0,0.0,0.0,916920.0,0.0,0.0,28180852.31228398,-1.5133991837501526e-9 
 07/19  10:00:00,4356720.0,4356720.0,0.0,0.0,0.0,0.0,756720.0,0.0,0.0,35533741.18475036,-3.4924596548080444e-10 
 07/19  11:00:00,4220280.0,4220280.0,0.0,0.0,0.0,0.0,620280.0,0.0,0.0,30127002.390127182,-1.1641532182693481e-9 
 07/19  12:00:00,4131360.0,4131360.0,0.0,0.0,0.0,0.0,531360.0,0.0,0.0,24088094.254423723,-6.51925802230835e-9 
 07/19  13:00:00,4131360.0,4131360.0,0.0,0.0,0.0,0.0,531360.0,0.0,0.0,25087215.846115753,-4.6566128730773926e-9 
 07/19  14:00:00,4131360.0,4131360.0,0.0,0.0,0.0,0.0,531360.0,0.0,0.0,23998652.112095337,-4.889443516731262e-9 
 07/19  15:00:00,4175820.0,4175820.0,0.0,0.0,0.0,0.0,575820.0,0.0,0.0,18791870.5757954,-4.423782229423523e-9 
 07/19  16:00:00,4131360.0,4131360.0,0.0,0.0,0.0,0.0,531360.0,0.0,0.0,16992247.488994695,-6.752088665962219e-9 
 07/19  17:00:00,4424940.0,4424940.0,0.0,0.0,0.0,0.0,824940.0,0.0,0.0,11635498.942912659,-8.614733815193176e-9 
 07/19  18:00:00,4523040.0,4523040.0,0.0,0.0,0.0,0.0,923040.0,0.0,0.0,6323338.903062242,-6.05359673500061e-9 
 07/19  19:00:00,4950000.0,4950000.0,0.0,0.0,0.0,0.0,1350000.0,0.0,0.0,698970.9749710216,4.656612873077393e-10 
 07/19  20:00:00,4950000.0,4950000.0,0.0,0.0,0.0,0.0,1350000.0,0.0,0.0,0.0,-3.026798367500305e-9 
 07/19  21:00:00,4950000.0,4950000.0,0.0,0.0,0.0,0.0,1350000.0,0.0,0.0,0.0,-3.6088749766349792e-9 
 07/19  22:00:00,4950000.0,4950000.0,0.0,0.0,0.0,0.0,1350000.0,0.0,0.0,0.0,-2.7939677238464355e-9 
 07/19  23:00:00,4950000.0,4950000.0,0.0,0.0,0.0,0.0,1350000.0,0.0,0.0,0.0,-8.149072527885437e-10 
 07/19  24:00:00,4950000.0,4950000.0,0.0,0.0,0.0,0.0,1350000.0,0.0,0.0,0.0,-2.7939677238464355e-9 
 07/20  01:00:00,4950000.0,4950000.0,0.0,0.0,0.0,0.0,1350000.0,0.0,0.0,0.0,-3.6088749766349792e-9 
 07/20  02:00:00,4950000.0,4950000.0,0.0,0.0,0.0,0.0,1350000.0,0.0,0.0,0.0,-3.026798367500305e-9 
 07/20  03:00:00,4950000.0,4950000.0,0.0,0.0,0.0,0.0,1350000.0,0.0,0.0,0.0,-5.3551048040390015e-9 
 07/20  04:00:00,4950000.0,4950000.0,0.0,0.0,0.0,0.0,1350000.0,0.0,0.0,0.0,-3.14321368932724e-9 
 07/20  05:00:00,4950000.0,4950000.0,0.0,0.0,0.0,0.0,1350000.0,0.0,0.0,0.0,-1.5133991837501526e-9 
 07/20  06:00:00,4950000.0,4950000.0,0.0,0.0,0.0,0.0,1350000.0,0.0,0.0,0.0,-1.3387762010097504e-9 
 07/20  07:00:00,4950000.0,4950000.0,0.0,0.0,0.0,0.0,1350000.0,0.0,0.0,2664834.2841804,-2.9103830456733704e-9 
 07/20  08:00:00,4789800.0,4789800.0,0.0,0.0,0.0,0.0,1189800.0,0.0,0.0,16606247.559681706,-1.3969838619232178e-9 
 07/20  09:00:00,4516920.0,4516920.0,0.0,0.0,0.0,0.0,916920.0,0.0,0.0,29204729.10498881,5.3551048040390015e-9 
 07/20  10:00:00,4356720.0,4356720.0,0.0,0.0,0.0,0.0,756720.0,0.0,0.0,35360967.09337145,-2.9103830456733704e-9 
 07/20  11:00:00,4175820.0,4175820.0,0.0,0.0,0.0,0.0,575820.0,0.0,0.0,29903001.231354166,-6.402842700481415e-9 
 07/20  12:00:00,4175820.0,4175820.0,0.0,0.0,0.0,0.0,575820.0,0.0,0.0,23742509.152976487,-4.6566128730773926e-9 
 07/20  13:00:00,4175820.0,4175820.0,0.0,0.0,0.0,0.0,575820.0,0.0,0.0,25342599.80971472,-4.423782229423523e-9 
 07/20  14:00:00,4131360.0,4131360.0,0.0,0.0,0.0,0.0,531360.0,0.0,0.0,26986375.012826815,-3.725290298461914e-9 
 07/20  15:00:00,4131360.0,4131360.0,0.0,0.0,0.0,0.0,531360.0,0.0,0.0,22833859.261523347,-7.2177499532699585e-9 
 07/20  16:00:00,4516920.0,4516920.0,0.0,0.0,0.0,0.0,916920.0,0.0,0.0,10588934.091926172,-2.7939677238464355e-9 
 07/20  17:00:00,4950000.0,4950000.0,0.0,0.0,0.0,0.0,1350000.0,0.0,0.0,1998939.09532951,-1.1641532182693481e-9 
 07/20  18:00:00,4950000.0,4950000.0,0.0,0.0,0.0,0.0,1350000.0,0.0,0.0,1837142.7781859757,-4.889443516731262e-9 
 07/20  19:00:00,4950000.0,4950000.0,0.0,0.0,0.0,0.0,1350000.0,0.0,0.0,145651.15647463893,-2.7939677238464355e-9 
 07/20  20:00:00,4950000.0,4950000.0,0.0,0.0,0.0,0.0,1350000.0,0.0,0.0,0.0,-3.14321368932724e-9 
 07/20  21:00:00,4950000.0,4950000.0,0.0,0.0,0.0,0.0,1350000.0,0.0,0.0,0.0,-2.3283064365386963e-9 
 07/20  22:00:00,4950000.0,4950000.0,0.0,0.0,0.0,0.0,1350000.0,0.0,0.0,0.0,-1.0477378964424133e-9 
 07/20  23:00:00,4950000.0,4950000.0,0.0,0.0,0.0,0.0,1350000.0,0.0,0.0,0.0,-2.0954757928848267e-9 
 07/20  24:00:00,4950000.0,4950000.0,0.0,0.0,0.0,0.0,1350000.0,0.0,0.0,0.0,-1.979060471057892e-9 
 07/21  01:00:00,1710000.0,1710000.0,0.0,0.0,0.0,0.0,1350000.0,0.0,0.0,0.0,-2.6775524020195007e-9 
 07/21  02:00:00,1710000.0,1710000.0,0.0,0.0,0.0,0.0,1350000.0,0.0,0.0,0.0,3.4924596548080444e-10 
 07/21  03:00:00,1710000.0,1710000.0,0.0,0.0,0.0,0.0,1350000.0,0.0,0.0,0.0,-3.958120942115784e-9 
 07/21  04:00:00,1710000.0,1710000.0,0.0,0.0,0.0,0.0,1350000.0,0.0,0.0,0.0,1.7462298274040222e-10 
 07/21  05:00:00,1710000.0,1710000.0,0.0,0.0,0.0,0.0,1350000.0,0.0,0.0,0.0,1.6298145055770874e-9 
 07/21  06:00:00,1710000.0,1710000.0,0.0,0.0,0.0,0.0,1350000.0,0.0,0.0,0.0,2.444721758365631e-9 
 07/21  07:00:00,17002181.596953128,1710000.0,1136544.5956399357,14155637.001313195,12306422.192851808,0.0,1350000.0,370408.02743985143,370408.02743985143,1909227.4549290577,-7.566995918750763e-10 
 07/21  08:00:00,17190855.282454014,1573560.0,1136544.5956399357,14480750.686814077,12686029.463914797,0.0,1213560.0,152782.78154310922,152782.78154310922,13650163.78657177,-6.984919309616089e-10 
 07/21  09:00:00,38936177.61346645,22476600.0,1150526.6390987716,15309050.974367674,13493590.305098074,0.0,15276600.0,2360.6300472214275,2360.6300472214275,28792088.67711334,-1.0477378964424133e-9 
 07/21  10:00:00,54916742.36250536,32325300.0,1414146.1668611201,21177296.195644245,19310393.5636662,0.0,16125300.0,0.0,0.0,25506585.36890077,-2.2118911147117615e-9 
 07/21  11:00:00,55518336.040536545,28605600.0,1610520.0643502322,25302215.97618632,23376809.420581255,0.0,12405600.0,0.0,0.0,29156801.679713152,0.0 
 07/21  12:00:00,53748230.945406385,26295840.0,1536236.0111778097,25916154.934228577,23988833.869918827,0.0,10095840.0,0.0,0.0,23196207.020479754,-6.984919309616089e-10 
 07/21  13:00:00,50217427.46755974,24701760.0,1384531.7749426733,24131135.692617074,22203814.62830732,0.0,8501760.0,0.0,0.0,21943734.282623135,-1.3969838619232178e-9 
 07/21  14:00:00,53723902.00399148,25764480.0,1604750.0931617927,26354671.910829686,24427350.846519936,0.0,9564480.0,0.0,0.0,26538150.114793733,-3.725290298461914e-9 
 07/21  15:00:00,52041496.9731799,25027200.0,1632018.48690909,25382278.486270815,23454957.42196107,0.0,10627200.0,0.0,0.0,23089632.785051756,-6.51925802230835e-9 
 07/21  16:00:00,48452640.065417856,24116400.0,1473274.759110092,22862965.30630776,20935644.241998013,0.0,11516400.0,0.0,0.0,16077733.347633528,-4.6566128730773926e-9 
 07/21  17:00:00,45808789.58860543,24609600.0,1315935.1323982566,19883254.456207186,17955933.391897433,0.0,15609600.0,0.0,0.0,11577271.31331132,-2.561137080192566e-9 
 07/21  18:00:00,46044972.109230116,26096400.0,1248523.1298509357,18700048.979379185,16772727.915069435,0.0,17096400.0,0.0,0.0,6743676.356236266,-2.3283064365386963e-9 
 07/21  19:00:00,38535795.0006905,21600000.0,1136659.220213056,15799135.780477438,13871814.71616769,0.0,16200000.0,0.0,0.0,879958.3540461613,-2.7939677238464355e-9 
 07/21  20:00:00,28359400.960807256,10800000.0,1136544.5956399357,16422856.36516732,14495535.300857572,0.0,5400000.0,0.0,0.0,0.0,-5.122274160385132e-9 
 07/21  21:00:00,5760000.0,5760000.0,0.0,0.0,0.0,0.0,5400000.0,0.0,0.0,0.0,-6.984919309616089e-10 
 07/21  22:00:00,1710000.0,1710000.0,0.0,0.0,0.0,0.0,1350000.0,0.0,0.0,0.0,-2.3283064365386963e-9 
 07/21  23:00:00,1710000.0,1710000.0,0.0,0.0,0.0,0.0,1350000.0,0.0,0.0,0.0,6.984919309616089e-10 
 07/21  24:00:00,1710000.0,1710000.0,0.0,0.0,0.0,0.0,1350000.0,0.0,0.0,0.0,1.280568540096283e-9 
 07/22  01:00:00,1710000.0,1710000.0,0.0,0.0,0.0,0.0,1350000.0,0.0,0.0,0.0,-1.3969838619232178e-9 
 07/22  02:00:00,1710000.0,1710000.0,0.0,0.0,0.0,0.0,1350000.0,0.0,0.0,0.0,0.0 
 07/22  03:00:00,1710000.0,1710000.0,0.0,0.0,0.0,0.0,1350000.0,0.0,0.0,0.0,2.5029294192790985e-9 
 07/22  04:00:00,1710000.0,1710000.0,0.0,0.0,0.0,0.0,1350000.0,0.0,0.0,0.0,-1.1059455573558807e-9 
 07/22  05:00:00,1710000.0,1710000.0,0.0,0.0,0.0,0.0,1350000.0,0.0,0.0,0.0,6.984919309616089e-10 
 07/22  06:00:00,1710000.0,1710000.0,0.0,0.0,0.0,0.0,1350000.0,0.0,0.0,0.0,-6.402842700481415e-10 
 07/22  07:00:00,16860709.709733143,1710000.0,1136544.5956399357,14014165.114093205,12177754.415645575,0.0,1350000.0,398356.0881886244,398356.0881886244,2581714.0611373708,-3.841705620288849e-9 
 07/22  08:00:00,17130792.707359456,1549800.0,1136544.5956399357,14444448.11171952,12659358.96546599,0.0,1189800.0,123104.19225824506,123104.19225824506,16677027.529445983,-5.3551048040390015e-9 
 07/22  09:00:00,39251632.67684452,22476600.0,1156662.2640705095,15618370.412774017,13807338.020994857,0.0,15276600.0,0.0,0.0,30925079.395989683,-3.14321368932724e-9 
 07/22  10:00:00,53097241.25227689,30126240.0,1463027.095519552,21507974.156757332,19652796.806244362,0.0,13926240.0,0.0,0.0,32389464.032999333,-3.841705620288849e-9 
 07/22  11:00:00,56562226.280989796,29970000.0,1630263.152845448,24961963.12814435,23051499.763577804,0.0,13770000.0,0.0,0.0,26511031.697097093,6.984919309616089e-10 
 07/22  12:00:00,53133115.25187729,26295840.0,1554737.4438647162,25282537.808012575,23355216.743702825,0.0,10095840.0,0.0,0.0,23294077.9007069,-7.2177499532699585e-9 
 07/22  13:00:00,50884600.171397336,24701760.0,1445053.8633919954,24737786.30800534,22810465.243695594,0.0,8501760.0,0.0,0.0,26004322.20419278,-4.423782229423523e-9 
 07/22  14:00:00,55198435.23083774,25764480.0,1673223.8306156837,27760731.400222056,25833410.33591231,0.0,9564480.0,0.0,0.0,27121064.245265283,-5.820766091346741e-9 
 07/22  15:00:00,55231921.742231384,25027200.0,1739734.3331142832,28464987.409117103,26537666.344807353,0.0,10627200.0,0.0,0.0,26804531.092253007,-2.0954757928848267e-9 
 07/22  16:00:00,52104433.611592695,23227200.0,1634895.1008878641,27242338.510704838,25315017.44639509,0.0,10627200.0,0.0,0.0,25676639.30074937,-4.190951585769653e-9 
 07/22  17:00:00,47795112.89175284,22770000.0,1406820.5399756222,23618292.35177722,21690971.28746747,0.0,13770000.0,0.0,0.0,13689329.228139838,-4.656612873077393e-10 
 07/22  18:00:00,46277231.660530105,23367600.0,1318145.0509821377,21591486.60954797,19664165.54523822,0.0,14367600.0,0.0,0.0,7893239.319533961,-1.3969838619232178e-9 
 07/22  19:00:00,39420469.43459796,21600000.0,1144968.491037649,16675500.943560317,14748179.879250567,0.0,16200000.0,0.0,0.0,1010016.9077615718,0.0 
 07/22  20:00:00,27928708.423906766,10800000.0,1136544.5956399357,15992163.82826683,14064842.763957081,0.0,5400000.0,0.0,0.0,0.0,-3.3760443329811096e-9 
 07/22  21:00:00,5760000.0,5760000.0,0.0,0.0,0.0,0.0,5400000.0,0.0,0.0,0.0,-4.190951585769653e-9 
 07/22  22:00:00,1710000.0,1710000.0,0.0,0.0,0.0,0.0,1350000.0,0.0,0.0,0.0,-2.9103830456733704e-9 
 07/22  23:00:00,1710000.0,1710000.0,0.0,0.0,0.0,0.0,1350000.0,0.0,0.0,0.0,-3.4924596548080444e-10 
 07/22  24:00:00,1710000.0,1710000.0,0.0,0.0,0.0,0.0,1350000.0,0.0,0.0,0.0,-3.6088749766349792e-9 
 07/23  01:00:00,1710000.0,1710000.0,0.0,0.0,0.0,0.0,1350000.0,0.0,0.0,0.0,-3.958120942115784e-9 
 07/23  02:00:00,1710000.0,1710000.0,0.0,0.0,0.0,0.0,1350000.0,0.0,0.0,0.0,-1.5133991837501526e-9 
 07/23  03:00:00,1710000.0,1710000.0,0.0,0.0,0.0,0.0,1350000.0,0.0,0.0,0.0,1.7462298274040222e-9 
 07/23  04:00:00,1710000.0,1710000.0,0.0,0.0,0.0,0.0,1350000.0,0.0,0.0,0.0,-4.48198989033699e-9 
 07/23  05:00:00,1710000.0,1710000.0,0.0,0.0,0.0,0.0,1350000.0,0.0,0.0,0.0,3.4924596548080444e-10 
 07/23  06:00:00,1710000.0,1710000.0,0.0,0.0,0.0,0.0,1350000.0,0.0,0.0,0.0,-2.6775524020195007e-9 
 07/23  07:00:00,17290128.865931507,1710000.0,1136544.5956399357,14443584.270291572,12592654.648627382,0.0,1350000.0,157128.62394357845,157128.62394357845,5213471.927327524,-3.3178366720676422e-9 
 07/23  08:00:00,17509706.66784419,1481580.0,1136544.5956399357,14891582.072204258,13096720.113559578,0.0,1121580.0,0.0,0.0,26345699.686620273,-2.2118911147117615e-9 
 07/23  09:00:00,41497330.18036243,23276880.0,1198346.3163459608,17022103.864016466,15206709.24345268,0.0,16076880.0,0.0,0.0,37466534.203256354,-3.841705620288849e-9 
 07/23  10:00:00,55515444.49726542,30577680.0,1602906.6499582531,23334857.847307168,21480318.724163525,0.0,14377680.0,0.0,0.0,35643642.63490749,-2.9103830456733704e-9 
 07/23  11:00:00,55235294.43541963,27716400.0,1704418.7524653336,25814475.682954296,23905671.41494625,0.0,11516400.0,0.0,0.0,28885985.12554655,-9.313225746154785e-10 
 07/23  12:00:00,56647580.25395357,29281500.0,1627494.3307463625,25738585.92320721,23812042.557033513,0.0,13081500.0,0.0,0.0,24160192.026796095,-6.05359673500061e-9 
 07/23  13:00:00,49667932.88688298,24701760.0,1407223.4451494163,23558949.44173357,21631628.37742382,0.0,8501760.0,0.0,0.0,21167002.94086802,-2.3283064365386963e-9 
 07/23  14:00:00,53158009.195378415,25764480.0,1570966.3294819465,25822562.865896467,23895241.80158672,0.0,9564480.0,0.0,0.0,24137560.074033946,-5.3551048040390015e-9 
 07/23  15:00:00,54184984.86655179,25027200.0,1671956.5297620648,27485828.336789727,25558507.27247998,0.0,10627200.0,0.0,0.0,27744579.24970423,-3.725290298461914e-9 
 07/23  16:00:00,51409691.338961184,23227200.0,1640364.2447436748,26542127.094217516,24614806.029907767,0.0,10627200.0,0.0,0.0,28202121.107828487,-9.313225746154785e-10 
 07/23  17:00:00,44724573.087506026,19627200.0,1467521.7668121157,23629851.32069391,21702530.256384164,0.0,10627200.0,0.0,0.0,22762315.913650133,-5.820766091346741e-9 
 07/23  18:00:00,43429947.6881942,21052800.0,1349797.242245859,21027350.445948344,19100029.381638594,0.0,12052800.0,0.0,0.0,11661862.165248122,-9.546056389808655e-9 
 07/23  19:00:00,38450960.21112466,21066480.0,1146194.1475789733,16238286.063545685,14310964.999235937,0.0,15666480.0,0.0,0.0,1307181.1700041802,-3.958120942115784e-9 
 07/23  20:00:00,28043149.813658565,10800000.0,1136544.5956399357,16106605.218018629,14179284.15370888,0.0,5400000.0,0.0,0.0,0.0,3.4924596548080444e-10 
 07/23  21:00:00,5760000.0,5760000.0,0.0,0.0,0.0,0.0,5400000.0,0.0,0.0,0.0,-2.0954757928848267e-9 
 07/23  22:00:00,1710000.0,1710000.0,0.0,0.0,0.0,0.0,1350000.0,0.0,0.0,0.0,-3.026798367500305e-9 
 07/23  23:00:00,1710000.0,1710000.0,0.0,0.0,0.0,0.0,1350000.0,0.0,0.0,0.0,-5.704350769519806e-9 
 07/23  24:00:00,1710000.0,1710000.0,0.0,0.0,0.0,0.0,1350000.0,0.0,0.0,0.0,2.3283064365386963e-10 
 07/24  01:00:00,1710000.0,1710000.0,0.0,0.0,0.0,0.0,1350000.0,0.0,0.0,0.0,-1.7462298274040222e-9 
 07/24  02:00:00,1710000.0,1710000.0,0.0,0.0,0.0,0.0,1350000.0,0.0,0.0,0.0,-4.307366907596588e-9 
 07/24  03:00:00,1710000.0,1710000.0,0.0,0.0,0.0,0.0,1350000.0,0.0,0.0,0.0,-4.307366907596588e-9 
 07/24  04:00:00,1710000.0,1710000.0,0.0,0.0,0.0,0.0,1350000.0,0.0,0.0,0.0,-2.9685907065868378e-9 
 07/24  05:00:00,1710000.0,1710000.0,0.0,0.0,0.0,0.0,1350000.0,0.0,0.0,0.0,-3.0850060284137726e-9 
 07/24  06:00:00,1710000.0,1710000.0,0.0,0.0,0.0,0.0,1350000.0,0.0,0.0,0.0,-1.2223608791828156e-9 
 07/24  07:00:00,16583462.11188899,1710000.0,1136544.5956399357,13736917.516249053,11900033.722212924,0.0,1350000.0,554597.2969299873,554597.2969299873,3363616.005087453,1.1641532182693481e-10 
 07/24  08:00:00,17005618.903719645,1505340.0,1136544.5956399357,14363734.30807971,12576566.558038063,0.0,1145340.0,157774.72660617845,157774.72660617845,18555640.41763537,5.820766091346741e-11 
 07/24  09:00:00,39639897.68009369,22476600.0,1160831.0820870386,16002466.59800665,14184317.715166092,0.0,15276600.0,0.0,0.0,31220186.33865193,-4.307366907596588e-9 
 07/24  10:00:00,54984250.876915805,30577680.0,1505148.4550795653,22901422.421836242,21031718.419711653,0.0,14377680.0,0.0,0.0,35338489.42753083,-1.1641532182693481e-9 
 07/24  11:00:00,57290017.83154442,29080800.0,1678682.4592265838,26530535.372317836,24607034.553714074,0.0,12880800.0,0.0,0.0,29630988.623886872,-2.0954757928848267e-9 
 07/24  12:00:00,54429350.66011471,26295840.0,1588210.1993248134,26545300.460789897,24617979.39648015,0.0,10095840.0,0.0,0.0,24433912.651368536,4.656612873077393e-10 
 07/24  13:00:00,51086782.122421995,24701760.0,1441917.610466266,24943104.511955727,23015783.447645977,0.0,8501760.0,0.0,0.0,25444254.123790715,-3.259629011154175e-9 
 07/24  14:00:00,53938800.29700343,25764480.0,1622340.2664084192,26551980.030595012,24624658.96628526,0.0,9564480.0,0.0,0.0,26360251.30651352,-3.259629011154175e-9 
 07/24  15:00:00,53422165.59280518,25027200.0,1671676.971997717,26723288.62080746,24795967.556497715,0.0,10627200.0,0.0,0.0,26188128.84908693,-4.6566128730773926e-9 
 07/24  16:00:00,50484616.43470287,23227200.0,1565959.2856128262,25691457.14909006,23764136.08478031,0.0,10627200.0,0.0,0.0,22668128.937340003,-1.862645149230957e-9 
 07/24  17:00:00,44969843.49533204,20516400.0,1370852.4111886066,23082591.084143434,21155270.019833684,0.0,11516400.0,0.0,0.0,15126996.370734312,-3.725290298461914e-9 
 07/24  18:00:00,46993950.79652063,23842800.0,1295507.8293227763,21855642.967197858,19928321.902888108,0.0,14842800.0,0.0,0.0,8110781.339498738,-4.889443516731262e-9 
 07/24  19:00:00,39891673.538047805,21600000.0,1140122.7163621136,17151550.82168569,15224229.757375944,0.0,16200000.0,0.0,0.0,657950.0002327516,-3.958120942115784e-9 
 07/24  20:00:00,28221296.157070916,10800000.0,1136544.5956399357,16284751.561430978,14357430.497121232,0.0,5400000.0,0.0,0.0,0.0,-3.6088749766349792e-9 
 07/24  21:00:00,5760000.0,5760000.0,0.0,0.0,0.0,0.0,5400000.0,0.0,0.0,0.0,-9.313225746154785e-10 
 07/24  22:00:00,1710000.0,1710000.0,0.0,0.0,0.0,0.0,1350000.0,0.0,0.0,0.0,-1.6298145055770874e-9 
 07/24  23:00:00,1710000.0,1710000.0,0.0,0.0,0.0,0.0,1350000.0,0.0,0.0,0.0,-1.280568540096283e-9 
 07/24  24:00:00,1710000.0,1710000.0,0.0,0.0,0.0,0.0,1350000.0,0.0,0.0,0.0,2.3283064365386963e-10 
 07/25  01:00:00,1710000.0,1710000.0,0.0,0.0,0.0,0.0,1350000.0,0.0,0.0,0.0,1.979060471057892e-9 
 07/25  02:00:00,1710000.0,1710000.0,0.0,0.0,0.0,0.0,1350000.0,0.0,0.0,0.0,-2.270098775625229e-9 
 07/25  03:00:00,1710000.0,1710000.0,0.0,0.0,0.0,0.0,1350000.0,0.0,0.0,0.0,-2.153683453798294e-9 
 07/25  04:00:00,1710000.0,1710000.0,0.0,0.0,0.0,0.0,1350000.0,0.0,0.0,0.0,-4.132743924856186e-9 
 07/25  05:00:00,1710000.0,1710000.0,0.0,0.0,0.0,0.0,1350000.0,0.0,0.0,0.0,-2.3283064365386963e-10 
 07/25  06:00:00,1710000.0,1710000.0,0.0,0.0,0.0,0.0,1350000.0,0.0,0.0,0.0,1.1641532182693481e-9 
 07/25  07:00:00,16920919.254725434,1710000.0,1136544.5956399357,14074374.659085497,12232302.249869106,0.0,1350000.0,331003.2017406319,331003.2017406319,3487854.105682062,-2.153683453798294e-9 
 07/25  08:00:00,17582156.25331834,1505340.0,1136544.5956399357,14940271.657678401,13144747.279924136,0.0,1145340.0,15701.534627764237,15701.534627764237,20800044.552811142,9.313225746154785e-10 
 07/25  09:00:00,41568701.93674908,23276880.0,1176114.8893724065,17115707.04737667,15292725.406812381,0.0,16076880.0,0.0,0.0,35549784.594605014,-2.9103830456733704e-9 
 07/25  10:00:00,56635657.88074933,31480560.0,1489683.2716432419,23665414.609106094,21793053.986994483,0.0,15280560.0,0.0,0.0,28327351.515433412,-1.862645149230957e-9 
 07/25  11:00:00,61094419.243732005,32284800.0,1644627.3764636647,27164991.86726834,25239633.10766447,0.0,16084800.0,0.0,0.0,25874614.119379517,-1.6298145055770874e-9 
 07/25  12:00:00,59075618.33800343,30126240.0,1619694.6826881,27329683.655315332,25402362.591005586,0.0,13926240.0,0.0,0.0,26341721.83652388,-3.4924596548080444e-9 
 07/25  13:00:00,50625166.85791367,24701760.0,1434652.2374133086,24488754.620500363,22561433.556190617,0.0,8501760.0,0.0,0.0,25434576.01566972,-7.916241884231567e-9 
 07/25  14:00:00,53023667.81520561,25764480.0,1629429.138855369,25629758.676350243,23705600.04551778,0.0,9564480.0,0.0,0.0,26661776.551524237,-3.4924596548080444e-9 
 07/25  15:00:00,52332258.373697355,25027200.0,1702493.434079723,25602564.939617638,23675891.8319316,0.0,10627200.0,0.0,0.0,27471855.890378952,-4.190951585769653e-9 
 07/25  16:00:00,49943420.37445124,23227200.0,1634754.3749192823,25081465.999531962,23154144.93522221,0.0,10627200.0,0.0,0.0,25504022.123818647,-5.122274160385132e-9 
 07/25  17:00:00,43953155.41445702,19627200.0,1426785.2832528276,22899170.1312042,20971849.06689445,0.0,10627200.0,0.0,0.0,17294161.570485845,-3.4924596548080444e-9 
 07/25  18:00:00,46090760.10807296,22892400.0,1327111.3292928159,21871248.778780147,19943927.7144704,0.0,13892400.0,0.0,0.0,9234051.363302022,-8.847564458847046e-9 
 07/25  19:00:00,40154304.04672078,21600000.0,1144669.6988479407,17409634.347872846,15482313.2835631,0.0,16200000.0,0.0,0.0,1303891.750739132,-4.889443516731262e-9 
 07/25  20:00:00,29014597.098228883,10800000.0,1136544.5956399357,17078052.50258895,15150731.438279202,0.0,5400000.0,0.0,0.0,0.0,-2.7939677238464355e-9 
 07/25  21:00:00,5760000.0,5760000.0,0.0,0.0,0.0,0.0,5400000.0,0.0,0.0,0.0,1.5133991837501526e-9 
 07/25  22:00:00,1710000.0,1710000.0,0.0,0.0,0.0,0.0,1350000.0,0.0,0.0,0.0,-4.773028194904327e-9 
 07/25  23:00:00,1710000.0,1710000.0,0.0,0.0,0.0,0.0,1350000.0,0.0,0.0,0.0,-3.14321368932724e-9 
 07/25  24:00:00,1710000.0,1710000.0,0.0,0.0,0.0,0.0,1350000.0,0.0,0.0,0.0,-2.444721758365631e-9 
 07/26  01:00:00,4950000.0,4950000.0,0.0,0.0,0.0,0.0,1350000.0,0.0,0.0,0.0,-8.149072527885437e-10 
 07/26  02:00:00,4950000.0,4950000.0,0.0,0.0,0.0,0.0,1350000.0,0.0,0.0,0.0,-5.471520125865936e-9 
 07/26  03:00:00,4950000.0,4950000.0,0.0,0.0,0.0,0.0,1350000.0,0.0,0.0,0.0,1.6298145055770874e-9 
 07/26  04:00:00,4950000.0,4950000.0,0.0,0.0,0.0,0.0,1350000.0,0.0,0.0,0.0,2.7939677238464355e-9 
 07/26  05:00:00,4950000.0,4950000.0,0.0,0.0,0.0,0.0,1350000.0,0.0,0.0,0.0,-1.3969838619232178e-9 
 07/26  06:00:00,4950000.0,4950000.0,0.0,0.0,0.0,0.0,1350000.0,0.0,0.0,0.0,-2.3865140974521637e-9 
 07/26  07:00:00,4950000.0,4950000.0,0.0,0.0,0.0,0.0,1350000.0,0.0,0.0,875023.7141918156,-2.0954757928848267e-9 
 07/26  08:00:00,4926240.0,4926240.0,0.0,0.0,0.0,0.0,1326240.0,0.0,0.0,6921653.394058049,-2.6775524020195007e-9 
 07/26  09:00:00,4585140.0,4585140.0,0.0,0.0,0.0,0.0,985140.0,0.0,0.0,21053814.54207182,-2.561137080192566e-9 
 07/26  10:00:00,4356720.0,4356720.0,0.0,0.0,0.0,0.0,756720.0,0.0,0.0,34853554.50331912,-9.080395102500916e-9 
 07/26  11:00:00,4131360.0,4131360.0,0.0,0.0,0.0,0.0,531360.0,0.0,0.0,28870910.074063122,-2.9103830456733704e-9 
 07/26  12:00:00,4131360.0,4131360.0,0.0,0.0,0.0,0.0,531360.0,0.0,0.0,22665606.660674058,-2.444721758365631e-9 
 07/26  13:00:00,4131360.0,4131360.0,0.0,0.0,0.0,0.0,531360.0,0.0,0.0,21900694.933408175,-5.3551048040390015e-9 
 07/26  14:00:00,4131360.0,4131360.0,0.0,0.0,0.0,0.0,531360.0,0.0,0.0,27538412.956445873,-2.561137080192566e-9 
 07/26  15:00:00,4131360.0,4131360.0,0.0,0.0,0.0,0.0,531360.0,0.0,0.0,28509709.480776496,-9.313225746154785e-10 
 07/26  16:00:00,4131360.0,4131360.0,0.0,0.0,0.0,0.0,531360.0,0.0,0.0,25387803.428516313,-3.4924596548080444e-9 
 07/26  17:00:00,4131360.0,4131360.0,0.0,0.0,0.0,0.0,531360.0,0.0,0.0,22587727.002020877,-3.958120942115784e-9 
 07/26  18:00:00,4155120.0,4155120.0,0.0,0.0,0.0,0.0,555120.0,0.0,0.0,15796482.156704953,-3.259629011154175e-9 
 07/26  19:00:00,4881780.0,4881780.0,0.0,0.0,0.0,0.0,1281780.0,0.0,0.0,4045900.455712226,-4.423782229423523e-9 
 07/26  20:00:00,4950000.0,4950000.0,0.0,0.0,0.0,0.0,1350000.0,0.0,0.0,0.0,-3.958120942115784e-9 
 07/26  21:00:00,4950000.0,4950000.0,0.0,0.0,0.0,0.0,1350000.0,0.0,0.0,0.0,-3.725290298461914e-9 
 07/26  22:00:00,4950000.0,4950000.0,0.0,0.0,0.0,0.0,1350000.0,0.0,0.0,0.0,-8.149072527885437e-10 
 07/26  23:00:00,4950000.0,4950000.0,0.0,0.0,0.0,0.0,1350000.0,0.0,0.0,0.0,-2.561137080192566e-9 
 07/26  24:00:00,4950000.0,4950000.0,0.0,0.0,0.0,0.0,1350000.0,0.0,0.0,0.0,-2.9103830456733704e-9 
 07/27  01:00:00,4950000.0,4950000.0,0.0,0.0,0.0,0.0,1350000.0,0.0,0.0,0.0,-1.7462298274040222e-9 
 07/27  02:00:00,4950000.0,4950000.0,0.0,0.0,0.0,0.0,1350000.0,0.0,0.0,0.0,-3.841705620288849e-9 
 07/27  03:00:00,4950000.0,4950000.0,0.0,0.0,0.0,0.0,1350000.0,0.0,0.0,0.0,-4.0745362639427185e-9 
 07/27  04:00:00,4950000.0,4950000.0,0.0,0.0,0.0,0.0,1350000.0,0.0,0.0,0.0,-4.423782229423523e-9 
 07/27  05:00:00,4950000.0,4950000.0,0.0,0.0,0.0,0.0,1350000.0,0.0,0.0,0.0,1.3969838619232178e-9 
 07/27  06:00:00,4950000.0,4950000.0,0.0,0.0,0.0,0.0,1350000.0,0.0,0.0,0.0,1.1641532182693481e-10 
 07/27  07:00:00,4950000.0,4950000.0,0.0,0.0,0.0,0.0,1350000.0,0.0,0.0,2122793.9090608517,-3.4924596548080444e-10 
 07/27  08:00:00,4813560.0,4813560.0,0.0,0.0,0.0,0.0,1213560.0,0.0,0.0,15165147.268836686,3.4924596548080444e-9 
 07/27  09:00:00,4448700.0,4448700.0,0.0,0.0,0.0,0.0,848700.0,0.0,0.0,33176807.1953934,-8.149072527885437e-10 
 07/27  10:00:00,4356720.0,4356720.0,0.0,0.0,0.0,0.0,756720.0,0.0,0.0,34933000.88845981,-2.6775524020195007e-9 
 07/27  11:00:00,4264740.0,4264740.0,0.0,0.0,0.0,0.0,664740.0,0.0,0.0,28039065.14696627,-4.307366907596588e-9 
 07/27  12:00:00,4131360.0,4131360.0,0.0,0.0,0.0,0.0,531360.0,0.0,0.0,22605293.051244076,-3.259629011154175e-9 
 07/27  13:00:00,4131360.0,4131360.0,0.0,0.0,0.0,0.0,531360.0,0.0,0.0,21095533.056368344,6.984919309616089e-10 
 07/27  14:00:00,4131360.0,4131360.0,0.0,0.0,0.0,0.0,531360.0,0.0,0.0,24257089.025301345,-3.4924596548080444e-9 
 07/27  15:00:00,4131360.0,4131360.0,0.0,0.0,0.0,0.0,531360.0,0.0,0.0,25887205.357813172,-2.3283064365386963e-9 
 07/27  16:00:00,4131360.0,4131360.0,0.0,0.0,0.0,0.0,531360.0,0.0,0.0,23184566.105389502,-4.423782229423523e-9 
 07/27  17:00:00,4131360.0,4131360.0,0.0,0.0,0.0,0.0,531360.0,0.0,0.0,17893238.56370517,-6.28642737865448e-9 
 07/27  18:00:00,4410360.0,4410360.0,0.0,0.0,0.0,0.0,810360.0,0.0,0.0,7665583.456152673,-1.862645149230957e-9 
 07/27  19:00:00,4950000.0,4950000.0,0.0,0.0,0.0,0.0,1350000.0,0.0,0.0,1283660.4505666872,-4.190951585769653e-9 
 07/27  20:00:00,4950000.0,4950000.0,0.0,0.0,0.0,0.0,1350000.0,0.0,0.0,0.0,1.862645149230957e-9 
 07/27  21:00:00,4950000.0,4950000.0,0.0,0.0,0.0,0.0,1350000.0,0.0,0.0,0.0,-1.6298145055770874e-9 
 07/27  22:00:00,4950000.0,4950000.0,0.0,0.0,0.0,0.0,1350000.0,0.0,0.0,0.0,-1.7462298274040222e-9 
 07/27  23:00:00,4950000.0,4950000.0,0.0,0.0,0.0,0.0,1350000.0,0.0,0.0,0.0,-3.6088749766349792e-9 
 07/27  24:00:00,4950000.0,4950000.0,0.0,0.0,0.0,0.0,1350000.0,0.0,0.0,0.0,5.820766091346741e-10 
 07/28  01:00:00,1710000.0,1710000.0,0.0,0.0,0.0,0.0,1350000.0,0.0,0.0,0.0,-1.6298145055770874e-9 
 07/28  02:00:00,1710000.0,1710000.0,0.0,0.0,0.0,0.0,1350000.0,0.0,0.0,0.0,5.820766091346741e-10 
 07/28  03:00:00,1710000.0,1710000.0,0.0,0.0,0.0,0.0,1350000.0,0.0,0.0,0.0,-2.5029294192790985e-9 
 07/28  04:00:00,1710000.0,1710000.0,0.0,0.0,0.0,0.0,1350000.0,0.0,0.0,0.0,-2.0954757928848267e-9 
 07/28  05:00:00,1710000.0,1710000.0,0.0,0.0,0.0,0.0,1350000.0,0.0,0.0,0.0,-2.5029294192790985e-9 
 07/28  06:00:00,1710000.0,1710000.0,0.0,0.0,0.0,0.0,1350000.0,0.0,0.0,0.0,1.1641532182693481e-10 
 07/28  07:00:00,17395945.831375588,1710000.0,1136544.5956399357,14549401.235735651,12694031.494831497,0.0,1350000.0,106684.01490533065,106684.01490533065,4040689.3181397635,-9.313225746154785e-10 
 07/28  08:00:00,17983413.421480924,1481580.0,1136544.5956399357,15365288.825840984,13553940.989379013,0.0,1121580.0,0.0,0.0,22016697.23716589,-2.735760062932968e-9 
 07/28  09:00:00,41601952.43585122,23276880.0,1159496.774302365,17165575.661548845,15314046.828901973,0.0,16076880.0,0.0,0.0,27335615.446724646,-9.313225746154785e-10 
 07/28  10:00:00,55453644.737038955,31029120.0,1442532.0977293707,22981992.639309585,21090668.07449441,0.0,14829120.0,0.0,0.0,26697756.547647607,-4.0745362639427185e-9 
 07/28  11:00:00,55603845.31229197,27716400.0,1603322.9697279136,26284122.34256406,24356801.278254315,0.0,11516400.0,0.0,0.0,28948456.89669338,-4.889443516731262e-9 
 07/28  12:00:00,56509085.31722367,28436760.0,1560317.2371568808,26512008.080066793,24584687.01575704,0.0,12236760.0,0.0,0.0,24434036.635943633,-2.3283064365386963e-9 
 07/28  13:00:00,50873794.09839555,24701760.0,1372750.2122106378,24799283.88618491,22871962.821875162,0.0,8501760.0,0.0,0.0,21684761.224287197,-4.6566128730773926e-9 
 07/28  14:00:00,54699925.368223,25764480.0,1556482.8296657125,27378962.538557287,25451641.474247538,0.0,9564480.0,0.0,0.0,25949864.296915643,2.0954757928848267e-9 
 07/28  15:00:00,54611102.79589477,25027200.0,1608687.0360462088,27975215.759848557,26047894.69553881,0.0,10627200.0,0.0,0.0,25742855.030913264,-4.423782229423523e-9 
 07/28  16:00:00,50112263.48791514,23227200.0,1461095.79518413,25423967.69273102,23496646.628421273,0.0,10627200.0,0.0,0.0,16811250.780046813,-4.889443516731262e-9 
 07/28  17:00:00,47210385.007928416,24134400.0,1316174.0562552079,21759810.951673213,19832489.887363464,0.0,15134400.0,0.0,0.0,12709481.776307777,-6.752088665962219e-9 
 07/28  18:00:00,43214425.19070434,23367600.0,1246562.8623038176,18600262.328400522,16672941.26409077,0.0,14367600.0,0.0,0.0,8413609.999670897,-7.2177499532699585e-9 
 07/28  19:00:00,37158755.76206733,21600000.0,1136568.987798182,14422186.774269149,12494566.278953299,0.0,16200000.0,270915.679141794,270915.679141794,1147195.712683308,-3.958120942115784e-9 
 07/28  20:00:00,25771431.76322821,10800000.0,1136544.5956399357,13834887.167588275,11907144.191051098,0.0,5400000.0,382660.9035560209,382660.9035560209,0.0,-2.6775524020195007e-9 
 07/28  21:00:00,5760000.0,5760000.0,0.0,0.0,0.0,0.0,5400000.0,0.0,0.0,0.0,-3.4924596548080444e-10 
 07/28  22:00:00,1710000.0,1710000.0,0.0,0.0,0.0,0.0,1350000.0,0.0,0.0,0.0,-8.149072527885437e-10 
 07/28  23:00:00,1710000.0,1710000.0,0.0,0.0,0.0,0.0,1350000.0,0.0,0.0,0.0,-4.656612873077393e-10 
 07/28  24:00:00,1710000.0,1710000.0,0.0,0.0,0.0,0.0,1350000.0,0.0,0.0,0.0,-2.153683453798294e-9 
 07/29  01:00:00,1710000.0,1710000.0,0.0,0.0,0.0,0.0,1350000.0,0.0,0.0,0.0,-1.5133991837501526e-9 
 07/29  02:00:00,1710000.0,1710000.0,0.0,0.0,0.0,0.0,1350000.0,0.0,0.0,0.0,2.270098775625229e-9 
 07/29  03:00:00,1710000.0,1710000.0,0.0,0.0,0.0,0.0,1350000.0,0.0,0.0,0.0,-2.3865140974521637e-9 
 07/29  04:00:00,1710000.0,1710000.0,0.0,0.0,0.0,0.0,1350000.0,0.0,0.0,0.0,-1.1641532182693481e-10 
 07/29  05:00:00,1710000.0,1710000.0,0.0,0.0,0.0,0.0,1350000.0,0.0,0.0,0.0,-2.0954757928848267e-9 
 07/29  06:00:00,1710000.0,1710000.0,0.0,0.0,0.0,0.0,1350000.0,0.0,0.0,0.0,4.656612873077393e-10 
 07/29  07:00:00,17021456.37385738,1710000.0,1136544.5956399357,14174911.778217442,12343224.762298577,0.0,1350000.0,29043.76029210515,29043.76029210515,3203395.3241751185,-1.6880221664905548e-9 
 07/29  08:00:00,17346701.2206882,1549800.0,1136544.5956399357,14660356.625048265,12875432.123213481,0.0,1189800.0,0.0,0.0,18253052.32951619,2.3283064365386963e-10 
 07/29  09:00:00,39709080.70723079,22476600.0,1154354.0505811742,16078126.656649612,14256711.681619218,0.0,15276600.0,0.0,0.0,30994739.584601454,-3.3760443329811096e-9 
 07/29  10:00:00,53565711.715772904,30577680.0,1414823.6074816585,21573208.108291242,19704344.25205183,0.0,14377680.0,0.0,0.0,30360546.969068266,-1.280568540096283e-9 
 07/29  11:00:00,54191388.35341123,26827200.0,1586122.5074929425,25778065.84591829,23856908.07643462,0.0,10627200.0,0.0,0.0,28854955.08992965,-1.862645149230957e-9 
 07/29  12:00:00,55465670.002978586,27140580.0,1524731.6615914835,26800358.3413871,24873037.277077354,0.0,10940580.0,0.0,0.0,22389278.79651205,-4.6566128730773926e-9 
 07/29  13:00:00,52149765.56178364,24701760.0,1378344.0399263385,26069661.52185732,24142340.457547568,0.0,8501760.0,0.0,0.0,21450356.003702976,-4.190951585769653e-9 
 07/29  14:00:00,56558233.97450773,25764480.0,1553655.4186918687,29240098.555815868,27312777.49150612,0.0,9564480.0,0.0,0.0,23828238.17236924,-5.122274160385132e-9 
 07/29  15:00:00,57594319.70276609,25027200.0,1640901.051097506,30926218.651668593,28998897.587358847,0.0,10627200.0,0.0,0.0,24243565.121239386,-4.656612873077393e-10 
 07/29  16:00:00,54676219.83530325,23227200.0,1591127.0939015537,29857892.741401684,27930571.677091938,0.0,10627200.0,0.0,0.0,24594902.96492757,-2.7939677238464355e-9 
 07/29  17:00:00,47237091.568473235,19627200.0,1409559.4296275615,26200332.13884568,24273011.074535932,0.0,10627200.0,0.0,0.0,18299898.244499553,-3.259629011154175e-9 
 07/29  18:00:00,56174321.96330858,31017600.0,1331122.1649183515,23825599.79839023,21898278.734080482,0.0,22017600.0,0.0,0.0,5447226.04668598,-3.4924596548080444e-9 
 07/29  19:00:00,41081859.86344024,21600000.0,1147537.2817477267,18334322.58169251,16407001.517382763,0.0,16200000.0,0.0,0.0,1351559.0341781653,-1.1641532182693481e-9 
 07/29  20:00:00,29289700.99308709,10800000.0,1136544.5956399357,17353156.397447154,15425835.33313741,0.0,5400000.0,0.0,0.0,0.0,-2.9103830456733704e-9 
 07/29  21:00:00,5760000.0,5760000.0,0.0,0.0,0.0,0.0,5400000.0,0.0,0.0,0.0,-6.984919309616089e-10 
 07/29  22:00:00,1710000.0,1710000.0,0.0,0.0,0.0,0.0,1350000.0,0.0,0.0,0.0,-5.704350769519806e-9 
 07/29  23:00:00,1710000.0,1710000.0,0.0,0.0,0.0,0.0,1350000.0,0.0,0.0,0.0,-1.0477378964424133e-9 
 07/29  24:00:00,1710000.0,1710000.0,0.0,0.0,0.0,0.0,1350000.0,0.0,0.0,0.0,-6.984919309616089e-10 
 07/30  01:00:00,1710000.0,1710000.0,0.0,0.0,0.0,0.0,1350000.0,0.0,0.0,0.0,-1.1641532182693481e-9 
 07/30  02:00:00,1710000.0,1710000.0,0.0,0.0,0.0,0.0,1350000.0,0.0,0.0,0.0,-1.862645149230957e-9 
 07/30  03:00:00,1710000.0,1710000.0,0.0,0.0,0.0,0.0,1350000.0,0.0,0.0,0.0,6.402842700481415e-10 
 07/30  04:00:00,1710000.0,1710000.0,0.0,0.0,0.0,0.0,1350000.0,0.0,0.0,0.0,4.0745362639427185e-10 
 07/30  05:00:00,1710000.0,1710000.0,0.0,0.0,0.0,0.0,1350000.0,0.0,0.0,0.0,5.820766091346741e-10 
 07/30  06:00:00,1710000.0,1710000.0,0.0,0.0,0.0,0.0,1350000.0,0.0,0.0,0.0,8.731149137020111e-10 
 07/30  07:00:00,17107414.122461863,1710000.0,1136544.5956399357,14260869.526821926,12425815.803222379,0.0,1350000.0,175494.72352246405,175494.72352246405,5134577.023120543,2.3283064365386963e-10 
 07/30  08:00:00,18278334.37696904,1481580.0,1136544.5956399357,15660209.781329105,13861225.012164906,0.0,1121580.0,0.0,0.0,25028992.504160717,3.6088749766349792e-9 
 07/30  09:00:00,41538550.54227947,22476600.0,1177078.9511201472,17884871.59115932,16050338.607314292,0.0,15276600.0,0.0,0.0,32223287.745988376,-3.4924596548080444e-9 
 07/30  10:00:00,56631389.20326274,30126240.0,1526788.9851142464,24978360.2181485,23090360.738005668,0.0,13926240.0,0.0,0.0,32787868.51107602,-8.149072527885437e-10 
 07/30  11:00:00,57747374.755391315,27716400.0,1689410.5248785336,28341564.230512787,26414243.166203037,0.0,11516400.0,0.0,0.0,29263441.398408495,-3.4924596548080444e-9 
 07/30  12:00:00,57155319.22201749,26295840.0,1609780.710818945,29249698.511198543,27322377.446888793,0.0,10095840.0,0.0,0.0,24058556.350017935,-3.4924596548080444e-9 
 07/30  13:00:00,53482192.67744146,24701760.0,1431670.6165871774,27348762.06085429,25421440.99654454,0.0,8501760.0,0.0,0.0,22575041.883236382,-4.6566128730773926e-9 
 07/30  14:00:00,57100980.77986048,25764480.0,1650248.2854397497,29686252.494420737,27758931.430110987,0.0,9564480.0,0.0,0.0,27090435.551296853,-3.259629011154175e-9 
 07/30  15:00:00,55655577.06479536,25027200.0,1692160.5445333882,28936216.52026198,27008895.455952235,0.0,10627200.0,0.0,0.0,25406707.355459254,-3.4924596548080444e-9 
 07/30  16:00:00,51328790.27660496,24116400.0,1518670.9365134505,25693719.340091508,23766398.27578176,0.0,11516400.0,0.0,0.0,17970894.93905026,-3.958120942115784e-9 
 07/30  17:00:00,53142017.77239175,30067200.0,1326084.7947424073,21748732.977649346,19821411.913339596,0.0,21067200.0,0.0,0.0,7701059.948262281,-4.6566128730773926e-9 
 07/30  18:00:00,46787074.904108696,25207200.0,1255486.5846385476,20324388.319470152,18397067.255160406,0.0,16207200.0,0.0,0.0,7093479.152345713,-1.3969838619232178e-9 
 07/30  19:00:00,39616517.87512359,21600000.0,1136897.7159172762,16879620.159206316,14952299.094896566,0.0,16200000.0,0.0,0.0,1344142.1152731343,-5.587935447692871e-9 
 07/30  20:00:00,29041567.816038925,10800000.0,1136544.5956399357,17105023.22039899,15177702.15608924,0.0,5400000.0,0.0,0.0,0.0,-1.3969838619232178e-9 
 07/30  21:00:00,5760000.0,5760000.0,0.0,0.0,0.0,0.0,5400000.0,0.0,0.0,0.0,-7.334165275096893e-9 
 07/30  22:00:00,1710000.0,1710000.0,0.0,0.0,0.0,0.0,1350000.0,0.0,0.0,0.0,1.6298145055770874e-9 
 07/30  23:00:00,1710000.0,1710000.0,0.0,0.0,0.0,0.0,1350000.0,0.0,0.0,0.0,-9.313225746154785e-10 
 07/30  24:00:00,1710000.0,1710000.0,0.0,0.0,0.0,0.0,1350000.0,0.0,0.0,0.0,-6.984919309616089e-10 
 07/31  01:00:00,1710000.0,1710000.0,0.0,0.0,0.0,0.0,1350000.0,0.0,0.0,0.0,2.735760062932968e-9 
 07/31  02:00:00,1710000.0,1710000.0,0.0,0.0,0.0,0.0,1350000.0,0.0,0.0,0.0,-8.149072527885437e-10 
 07/31  03:00:00,1710000.0,1710000.0,0.0,0.0,0.0,0.0,1350000.0,0.0,0.0,0.0,-4.598405212163925e-9 
 07/31  04:00:00,1710000.0,1710000.0,0.0,0.0,0.0,0.0,1350000.0,0.0,0.0,0.0,8.149072527885437e-10 
 07/31  05:00:00,1710000.0,1710000.0,0.0,0.0,0.0,0.0,1350000.0,0.0,0.0,0.0,-1.3387762010097504e-9 
 07/31  06:00:00,1710000.0,1710000.0,0.0,0.0,0.0,0.0,1350000.0,0.0,0.0,0.0,1.0477378964424133e-9 
 07/31  07:00:00,18606014.65851509,1710000.0,1136544.5956399357,15759470.062875152,13896970.784809573,0.0,1350000.0,0.0,0.0,1609922.5314105684,6.402842700481415e-10 
 07/31  08:00:00,19794111.366092145,1573560.0,1136544.5956399357,17084006.770452213,15259183.668567648,0.0,1213560.0,0.0,0.0,12751622.703259686,6.402842700481415e-10 
 07/31  09:00:00,42608373.51629218,22476600.0,1156843.2484172871,18974930.267874893,17121660.20546043,0.0,15276600.0,0.0,0.0,31234672.273328796,0.0 
 07/31  10:00:00,57503502.718163416,30577680.0,1514906.8175203004,25410915.900643118,23534467.484848775,0.0,14377680.0,0.0,0.0,34713323.56421776,-1.5133991837501526e-9 
 07/31  11:00:00,57101015.577103674,26827200.0,1700726.1439557248,28573089.433147945,26649264.54138092,0.0,10627200.0,0.0,0.0,29178524.96353043,-1.0477378964424133e-9 
 07/31  12:00:00,58797174.791337535,28888200.0,1650680.4082330717,28258294.383104466,26330973.318794716,0.0,12688200.0,0.0,0.0,25392226.76280293,-3.259629011154175e-9 
 07/31  13:00:00,56222814.877787784,28687680.0,1447428.5660484817,26087706.311739303,24160385.247429557,0.0,12487680.0,0.0,0.0,21745994.01190382,-4.6566128730773926e-9 
 07/31  14:00:00,54893309.581429064,25764480.0,1577083.4207902534,27551746.160638817,25624425.096329063,0.0,9564480.0,0.0,0.0,24189923.843412604,-7.2177499532699585e-9 
 07/31  15:00:00,55002609.367973015,25027200.0,1591543.7455920728,28383865.62238095,26456544.5580712,0.0,10627200.0,0.0,0.0,24062926.919182334,-4.6566128730773926e-9 
 07/31  16:00:00,51934370.79689126,23227200.0,1484542.1660130443,27222628.630878218,25295307.566568468,0.0,10627200.0,0.0,0.0,21213787.62489383,-3.958120942115784e-9 
 07/31  17:00:00,45543301.368351705,19627200.0,1341102.3722762016,24574998.996075504,22647677.931765754,0.0,10627200.0,0.0,0.0,18357935.320600506,-4.423782229423523e-9 
 07/31  18:00:00,45172730.46617949,22003200.0,1268578.0452525853,21900952.420926906,19973631.35661716,0.0,13003200.0,0.0,0.0,9847064.393339831,-1.3969838619232178e-9 
 07/31  19:00:00,39935776.80648374,21600000.0,1137453.191760397,17198323.61472334,15271002.550413592,0.0,16200000.0,0.0,0.0,928425.1330065401,-3.958120942115784e-9 
 07/31  20:00:00,28388836.89106312,10800000.0,1136544.5956399357,16452292.295423185,14524971.231113438,0.0,5400000.0,0.0,0.0,0.0,-4.656612873077393e-10 
 07/31  21:00:00,5760000.0,5760000.0,0.0,0.0,0.0,0.0,5400000.0,0.0,0.0,0.0,-1.280568540096283e-9 
 07/31  22:00:00,1710000.0,1710000.0,0.0,0.0,0.0,0.0,1350000.0,0.0,0.0,0.0,-3.4924596548080444e-9 
 07/31  23:00:00,1710000.0,1710000.0,0.0,0.0,0.0,0.0,1350000.0,0.0,0.0,0.0,-2.7939677238464355e-9 
 07/31  24:00:00,1710000.0,1710000.0,0.0,0.0,0.0,0.0,1350000.0,0.0,0.0,0.0,1.280568540096283e-9 
